fold_sensitivity_rank,network,method_count,mean_method_performance,best_method_performance,worst_method_performance,mean_fold_std,median_fold_std,max_fold_std,mean_fold_range,median_fold_range,max_fold_range,mean_fold_cv,median_fold_cv
1,power-grid,19,0.695017046573596,0.7794252168459442,0.5305355671518813,0.010108520801625226,0.010003344496013476,0.01958483476595677,0.02474324214321123,0.024169184290030232,0.040285720347936205,0.014606691742001687,0.014526453679250617
2,email-Eu-core,19,0.9200247298653936,0.9558735101550703,0.7705780236239825,0.005608173145155597,0.0054492751718719515,0.008974706265582924,0.013628591682854949,0.013101185339736254,0.023974288364954632,0.006151588267917912,0.0058116126221056845
3,ca-GrQc,19,0.9582778661120658,0.9830800654985229,0.8432241530212222,0.0035186965176426804,0.002879242937800513,0.010085914267134306,0.008943749761850967,0.007189205205694882,0.026379521508509862,0.003760757331800441,0.0029696571019275334
4,ca-HepTh,19,0.9280912322294276,0.9705663685553445,0.7413756896258117,0.003197982005247825,0.0033278956501670864,0.004311029127183266,0.0071596171142101865,0.007217362730268073,0.009323031806625526,0.0034787484621236282,0.003539331489134453
5,ego-Facebook,19,0.9771257241828369,0.9952459932979121,0.8401621123918469,0.0006562296610841878,0.00031955113980051156,0.0031133488075838784,0.0016248116666865169,0.0007097267330610224,0.007849265860751742,0.000708798036612437,0.00032141997294113194
