benchmark,network_id,network,domain,fold,family,method_id,method,parameter,parameter_value,is_primary,configuration_scoring_seconds,average_precision,roc_auc,precision,recall,f1,ndcg,cutoff,positive_count,negative_count,candidate_count
revision,ego_facebook,ego-Facebook,social,1,quasi_local_path,lpi,LPI-beta-0.001,beta,0.1,False,0.5993684250861406,0.9861388059492766,0.9883465080737525,0.9479809976247031,0.9479809976247031,0.9479809976247031,0.9531645277653592,16840,16840,16840,33680
revision,ego_facebook,ego-Facebook,social,1,quasi_local_path,lpi,LPI-beta-0.001,beta,0.01,False,0.48467993503436446,0.9905359081455567,0.9923078622468839,0.9677553444180522,0.9677553444180522,0.9677553444180522,0.9708778857041257,16840,16840,16840,33680
revision,ego_facebook,ego-Facebook,social,1,quasi_local_path,lpi,LPI-beta-0.001,beta,0.001,True,0.46130587812513113,0.9918949110529702,0.9933290406847174,0.9684085510688836,0.9684085510688836,0.9684085510688836,0.9715799817416534,16840,16840,16840,33680
revision,ego_facebook,ego-Facebook,social,1,quasi_local_walk,lrw,LRW-l3,steps,3.0,True,32.89189394097775,0.9944506141526925,0.995198816512545,0.973396674584323,0.973396674584323,0.973396674584323,0.9761667961388251,16840,16840,16840,33680
revision,ego_facebook,ego-Facebook,social,1,quasi_local_walk,srw,SRW-l3,steps,3.0,True,32.89189394097775,0.995554220858211,0.9961823043906319,0.9761282660332542,0.9761282660332542,0.9761282660332542,0.9786493077936171,16840,16840,16840,33680
revision,ego_facebook,ego-Facebook,social,1,quasi_local_walk,pfp,PFP-l3,steps,3.0,True,32.89189394097775,0.9848031114865106,0.9898938662611922,0.9614608076009501,0.9614608076009501,0.9614608076009501,0.9646170226403127,16840,16840,16840,33680
revision,ego_facebook,ego-Facebook,social,1,quasi_local_walk,lrw,LRW-l3,steps,5.0,False,124.66164423990995,0.9929737416967324,0.9940351184968488,0.9673396674584323,0.9673396674584323,0.9673396674584323,0.9707058768509723,16840,16840,16840,33680
revision,ego_facebook,ego-Facebook,social,1,quasi_local_walk,srw,SRW-l3,steps,5.0,False,124.66164423990995,0.994907023063542,0.9956888308151048,0.9741686460807601,0.9741686460807601,0.9741686460807601,0.9768648410534833,16840,16840,16840,33680
revision,ego_facebook,ego-Facebook,social,1,quasi_local_walk,pfp,PFP-l3,steps,5.0,False,124.66164423990995,0.9839966279152123,0.9893995446172161,0.9600950118764846,0.9600950118764846,0.9600950118764846,0.963333116101153,16840,16840,16840,33680
revision,ego_facebook,ego-Facebook,social,1,quasi_local_walk,lrw,LRW-l3,steps,7.0,False,189.33085227990523,0.9914072037437733,0.9925887192438544,0.9608669833729216,0.9608669833729216,0.9608669833729216,0.9649076888436442,16840,16840,16840,33680
revision,ego_facebook,ego-Facebook,social,1,quasi_local_walk,srw,SRW-l3,steps,7.0,False,189.33085227990523,0.9942977078355149,0.9951796970650131,0.9721496437054632,0.9721496437054632,0.9721496437054632,0.9750404085723974,16840,16840,16840,33680
revision,ego_facebook,ego-Facebook,social,1,quasi_local_walk,pfp,PFP-l3,steps,7.0,False,189.33085227990523,0.983996917800979,0.9894002428190994,0.9600950118764846,0.9600950118764846,0.9600950118764846,0.963333116101153,16840,16840,16840,33680
revision,ego_facebook,ego-Facebook,social,2,quasi_local_path,lpi,LPI-beta-0.001,beta,0.1,False,0.46080004796385765,0.9871249889190663,0.9889210307977422,0.9482154522240038,0.9482154522240038,0.9482154522240038,0.9534665989242274,16839,16839,16839,33678
revision,ego_facebook,ego-Facebook,social,2,quasi_local_path,lpi,LPI-beta-0.001,beta,0.01,False,0.4517844459041953,0.9916679656180367,0.9930118777082806,0.9671595700457272,0.9671595700457272,0.9671595700457272,0.9704609171974224,16839,16839,16839,33678
revision,ego_facebook,ego-Facebook,social,2,quasi_local_path,lpi,LPI-beta-0.001,beta,0.001,True,0.4596114079467952,0.993063208796743,0.9940807383914708,0.9686442187778371,0.9686442187778371,0.9686442187778371,0.9718952160771063,16839,16839,16839,33678
revision,ego_facebook,ego-Facebook,social,2,quasi_local_walk,lrw,LRW-l3,steps,3.0,True,33.33831953397021,0.995014678143835,0.9956767670778713,0.9739889542134331,0.9739889542134331,0.9739889542134331,0.9767290278984254,16839,16839,16839,33678
revision,ego_facebook,ego-Facebook,social,2,quasi_local_walk,srw,SRW-l3,steps,3.0,True,33.33831953397021,0.9960675178161966,0.9965986388080228,0.9768988657283687,0.9768988657283687,0.9768988657283687,0.9793717931643768,16839,16839,16839,33678
revision,ego_facebook,ego-Facebook,social,2,quasi_local_walk,pfp,PFP-l3,steps,3.0,True,33.33831953397021,0.9858571773622331,0.9905321378513954,0.9637745709365164,0.9637745709365164,0.9637745709365164,0.9667592613584669,16839,16839,16839,33678
revision,ego_facebook,ego-Facebook,social,2,quasi_local_walk,lrw,LRW-l3,steps,5.0,False,145.96597682219,0.9933776287731131,0.9942918355330064,0.9664469386543144,0.9664469386543144,0.9664469386543144,0.9699626865576204,16839,16839,16839,33678
revision,ego_facebook,ego-Facebook,social,2,quasi_local_walk,srw,SRW-l3,steps,5.0,False,145.96597682219,0.9953841066473575,0.9960395471981303,0.9755329888948275,0.9755329888948275,0.9755329888948275,0.9781112272074821,16839,16839,16839,33678
revision,ego_facebook,ego-Facebook,social,2,quasi_local_walk,pfp,PFP-l3,steps,5.0,False,145.96597682219,0.9849970477295107,0.9899533743592589,0.9625868519508284,0.9625868519508284,0.9625868519508284,0.9656334707562897,16839,16839,16839,33678
revision,ego_facebook,ego-Facebook,social,2,quasi_local_walk,lrw,LRW-l3,steps,7.0,False,189.36325690196827,0.9917262033660574,0.992736547180719,0.9597957123344617,0.9597957123344617,0.9597957123344617,0.9640047124620416,16839,16839,16839,33678
revision,ego_facebook,ego-Facebook,social,2,quasi_local_walk,srw,SRW-l3,steps,7.0,False,189.36325690196827,0.994752283750543,0.9954934602611987,0.9722073757349011,0.9722073757349011,0.9722073757349011,0.9751372784514851,16839,16839,16839,33678
revision,ego_facebook,ego-Facebook,social,2,quasi_local_walk,pfp,PFP-l3,steps,7.0,False,189.36325690196827,0.9849968890668931,0.9899531557044186,0.9625868519508284,0.9625868519508284,0.9625868519508284,0.9656334707562897,16839,16839,16839,33678
revision,ego_facebook,ego-Facebook,social,3,quasi_local_path,lpi,LPI-beta-0.001,beta,0.1,False,0.46545956609770656,0.9875711907499866,0.98920111706808,0.9473246629847378,0.9473246629847378,0.9473246629847378,0.9527397522780761,16839,16839,16839,33678
revision,ego_facebook,ego-Facebook,social,3,quasi_local_path,lpi,LPI-beta-0.001,beta,0.01,False,0.45389442099258304,0.9920357261450637,0.993290787827179,0.9670407981471584,0.9670407981471584,0.9670407981471584,0.9703982120625002,16839,16839,16839,33678
revision,ego_facebook,ego-Facebook,social,3,quasi_local_path,lpi,LPI-beta-0.001,beta,0.001,True,0.4605032899416983,0.9932478139181329,0.9942294042860673,0.9694162361185343,0.9694162361185343,0.9694162361185343,0.9725971028376967,16839,16839,16839,33678
revision,ego_facebook,ego-Facebook,social,3,quasi_local_walk,lrw,LRW-l3,steps,3.0,True,33.36555948667228,0.9953170667558764,0.9958846496405855,0.9747609715541303,0.9747609715541303,0.9747609715541303,0.9774430245842712,16839,16839,16839,33678
revision,ego_facebook,ego-Facebook,social,3,quasi_local_walk,srw,SRW-l3,steps,3.0,True,33.36555948667228,0.9962117854055104,0.9966779276378098,0.9777302690183503,0.9777302690183503,0.9777302690183503,0.9801208764738425,16839,16839,16839,33678
revision,ego_facebook,ego-Facebook,social,3,quasi_local_walk,pfp,PFP-l3,steps,3.0,True,33.36555948667228,0.9847867325120107,0.9904094442724652,0.9630025535958192,0.9630025535958192,0.9630025535958192,0.965888393620671,16839,16839,16839,33678
revision,ego_facebook,ego-Facebook,social,3,quasi_local_walk,lrw,LRW-l3,steps,5.0,False,137.5785943157971,0.9938302604633303,0.9946246176198538,0.9682285171328464,0.9682285171328464,0.9682285171328464,0.9715786276135352,16839,16839,16839,33678
revision,ego_facebook,ego-Facebook,social,3,quasi_local_walk,srw,SRW-l3,steps,5.0,False,137.5785943157971,0.9956374873803373,0.9962231432034628,0.9757705326919651,0.9757705326919651,0.9757705326919651,0.9783467850156087,16839,16839,16839,33678
revision,ego_facebook,ego-Facebook,social,3,quasi_local_walk,pfp,PFP-l3,steps,5.0,False,137.5785943157971,0.9840600432859193,0.9898992907898515,0.9614585189144248,0.9614585189144248,0.9614585189144248,0.9644652669621409,16839,16839,16839,33678
revision,ego_facebook,ego-Facebook,social,3,quasi_local_walk,lrw,LRW-l3,steps,7.0,False,190.6613959032111,0.9922729425282254,0.9931420954824001,0.9620523784072689,0.9620523784072689,0.9620523784072689,0.9660487726363484,16839,16839,16839,33678
revision,ego_facebook,ego-Facebook,social,3,quasi_local_walk,srw,SRW-l3,steps,7.0,False,190.6613959032111,0.9950814867081714,0.9957405437574165,0.9732169368727359,0.9732169368727359,0.9732169368727359,0.9760589853617675,16839,16839,16839,33678
revision,ego_facebook,ego-Facebook,social,3,quasi_local_walk,pfp,PFP-l3,steps,7.0,False,190.6613959032111,0.9840597266117487,0.9898988852203896,0.9614585189144248,0.9614585189144248,0.9614585189144248,0.9644652669621409,16839,16839,16839,33678
revision,ego_facebook,ego-Facebook,social,4,quasi_local_path,lpi,LPI-beta-0.001,beta,0.1,False,0.45003368705511093,0.9874247337551124,0.9892921568321874,0.9487499257675633,0.9487499257675633,0.9487499257675633,0.9539490262955368,16839,16839,16839,33678
revision,ego_facebook,ego-Facebook,social,4,quasi_local_path,lpi,LPI-beta-0.001,beta,0.01,False,0.4582911659963429,0.9917078102692245,0.9931769497692805,0.9683472890314152,0.9683472890314152,0.9683472890314152,0.9714935228992645,16839,16839,16839,33678
revision,ego_facebook,ego-Facebook,social,4,quasi_local_path,lpi,LPI-beta-0.001,beta,0.001,True,0.4481726158410311,0.9929449967196976,0.9941180719421048,0.9692974642199655,0.9692974642199655,0.9692974642199655,0.972442608311458,16839,16839,16839,33678
revision,ego_facebook,ego-Facebook,social,4,quasi_local_walk,lrw,LRW-l3,steps,3.0,True,33.06247930414975,0.9951347797607372,0.9959599392028099,0.9754736029455431,0.9754736029455431,0.9754736029455431,0.9780272582982525,16839,16839,16839,33678
revision,ego_facebook,ego-Facebook,social,4,quasi_local_walk,srw,SRW-l3,steps,3.0,True,33.06247930414975,0.9959924379060716,0.9966845331300013,0.9780271987647723,0.9780271987647723,0.9780271987647723,0.9803423044143245,16839,16839,16839,33678
revision,ego_facebook,ego-Facebook,social,4,quasi_local_walk,pfp,PFP-l3,steps,3.0,True,33.06247930414975,0.984785129132222,0.990266019040654,0.9644872023279292,0.9644872023279292,0.9644872023279292,0.9672468776762719,16839,16839,16839,33678
revision,ego_facebook,ego-Facebook,social,4,quasi_local_walk,lrw,LRW-l3,steps,5.0,False,139.69012816995382,0.9936459010750349,0.994657752644885,0.9695350080171031,0.9695350080171031,0.9695350080171031,0.9726910236586443,16839,16839,16839,33678
revision,ego_facebook,ego-Facebook,social,4,quasi_local_walk,srw,SRW-l3,steps,5.0,False,139.69012816995382,0.9953767774362136,0.9961781373366184,0.9766613219312311,0.9766613219312311,0.9766613219312311,0.9790897480625126,16839,16839,16839,33678
revision,ego_facebook,ego-Facebook,social,4,quasi_local_walk,pfp,PFP-l3,steps,5.0,False,139.69012816995382,0.9838967231565041,0.9897168603558852,0.9627650097986816,0.9627650097986816,0.9627650097986816,0.9656461956817136,16839,16839,16839,33678
revision,ego_facebook,ego-Facebook,social,4,quasi_local_walk,lrw,LRW-l3,steps,7.0,False,185.4678600137122,0.9921508542528801,0.9932475206189839,0.9626462379001128,0.9626462379001128,0.9626462379001128,0.9665389101354414,16839,16839,16839,33678
revision,ego_facebook,ego-Facebook,social,4,quasi_local_walk,srw,SRW-l3,steps,7.0,False,185.4678600137122,0.9948302651972227,0.9957042064969821,0.9744640418077083,0.9744640418077083,0.9744640418077083,0.9771154849629181,16839,16839,16839,33678
revision,ego_facebook,ego-Facebook,social,4,quasi_local_walk,pfp,PFP-l3,steps,7.0,False,185.4678600137122,0.9838959061737322,0.9897160562703433,0.9627650097986816,0.9627650097986816,0.9627650097986816,0.9656461288469801,16839,16839,16839,33678
revision,ego_facebook,ego-Facebook,social,5,quasi_local_path,lpi,LPI-beta-0.001,beta,0.1,False,0.45681007765233517,0.9856945486800961,0.9877125713424456,0.9444147514698022,0.9444147514698022,0.9444147514698022,0.95001220238636,16839,16839,16839,33678
revision,ego_facebook,ego-Facebook,social,5,quasi_local_path,lpi,LPI-beta-0.001,beta,0.01,False,0.4520047572441399,0.9905830418554944,0.9921157966692103,0.9644278163786448,0.9644278163786448,0.9644278163786448,0.9679713468791197,16839,16839,16839,33678
revision,ego_facebook,ego-Facebook,social,5,quasi_local_path,lpi,LPI-beta-0.001,beta,0.001,True,0.4515249659307301,0.9921520547938112,0.9933319213873356,0.9657343072629015,0.9657343072629015,0.9657343072629017,0.9692627851396168,16839,16839,16839,33678
revision,ego_facebook,ego-Facebook,social,5,quasi_local_walk,lrw,LRW-l3,steps,3.0,True,32.66538735991344,0.9942603227147259,0.9950342639364451,0.9717916740899103,0.9717916740899103,0.9717916740899103,0.974739249286229,16839,16839,16839,33678
revision,ego_facebook,ego-Facebook,social,5,quasi_local_walk,srw,SRW-l3,steps,3.0,True,32.66538735991344,0.9954464271538837,0.9960633505988484,0.974404655858424,0.974404655858424,0.974404655858424,0.9771281198217195,16839,16839,16839,33678
revision,ego_facebook,ego-Facebook,social,5,quasi_local_walk,pfp,PFP-l3,steps,3.0,True,32.66538735991344,0.9838689597826238,0.9895852477754858,0.9612803610665717,0.9612803610665717,0.9612803610665717,0.9643284852505912,16839,16839,16839,33678
revision,ego_facebook,ego-Facebook,social,5,quasi_local_walk,lrw,LRW-l3,steps,5.0,False,143.042305492796,0.9924687481923133,0.993533196694513,0.965496763465764,0.965496763465764,0.965496763465764,0.9690570038424431,16839,16839,16839,33678
revision,ego_facebook,ego-Facebook,social,5,quasi_local_walk,srw,SRW-l3,steps,5.0,False,143.042305492796,0.9946524840514013,0.9954181319053733,0.9728606211770295,0.9728606211770295,0.9728606211770295,0.9757007999303583,16839,16839,16839,33678
revision,ego_facebook,ego-Facebook,social,5,quasi_local_walk,pfp,PFP-l3,steps,5.0,False,143.042305492796,0.9830953530697136,0.9890521901983518,0.9597363263851773,0.9597363263851773,0.9597363263851773,0.9629002155937914,16839,16839,16839,33678
revision,ego_facebook,ego-Facebook,social,5,quasi_local_walk,lrw,LRW-l3,steps,7.0,False,190.38919142028317,0.9907669113731327,0.9919493209852032,0.9593206247401864,0.9593206247401864,0.9593206247401864,0.9635142555489167,16839,16839,16839,33678
revision,ego_facebook,ego-Facebook,social,5,quasi_local_walk,srw,SRW-l3,steps,7.0,False,190.38919142028317,0.9939732526626872,0.9948537872892774,0.9709008848506443,0.9709008848506443,0.9709008848506443,0.9739234287611794,16839,16839,16839,33678
revision,ego_facebook,ego-Facebook,social,5,quasi_local_walk,pfp,PFP-l3,steps,7.0,False,190.38919142028317,0.9830972824434993,0.9890549145671279,0.9597363263851773,0.9597363263851773,0.9597363263851773,0.9629002155937914,16839,16839,16839,33678
revision,socfb_middlebury45,socfb-Middlebury45,social,1,quasi_local_path,lpi,LPI-beta-0.001,beta,0.1,False,1.476972980890423,0.9096004283277688,0.9184920574515593,0.8400115188415337,0.8400115188415337,0.8400115188415337,0.8516226082400266,24308,24308,24308,48616
revision,socfb_middlebury45,socfb-Middlebury45,social,1,quasi_local_path,lpi,LPI-beta-0.001,beta,0.01,False,1.4734169780276716,0.9348398053342524,0.9406861877530281,0.8679858482804015,0.8679858482804015,0.8679858482804015,0.8784443515835201,24308,24308,24308,48616
revision,socfb_middlebury45,socfb-Middlebury45,social,1,quasi_local_path,lpi,LPI-beta-0.001,beta,0.001,True,1.4698297162540257,0.9460570791121634,0.9495244654748727,0.8796692446931051,0.8796692446931051,0.8796692446931051,0.8897614502923281,24308,24308,24308,48616
revision,socfb_middlebury45,socfb-Middlebury45,social,1,quasi_local_walk,lrw,LRW-l3,steps,3.0,True,122.10827897908166,0.9304066010635507,0.9376045552714167,0.8645713345400691,0.8645713345400691,0.8645713345400691,0.8749731315989346,24308,24308,24308,48616
revision,socfb_middlebury45,socfb-Middlebury45,social,1,quasi_local_walk,srw,SRW-l3,steps,3.0,True,122.10827897908166,0.9504193520918426,0.9543010705828869,0.8880204048050024,0.8880204048050024,0.8880204048050024,0.8974059527423389,24308,24308,24308,48616
revision,socfb_middlebury45,socfb-Middlebury45,social,1,quasi_local_walk,pfp,PFP-l3,steps,3.0,True,122.10827897908166,0.916354474018338,0.9336333038983096,0.8617739015961823,0.8617739015961823,0.8617739015961824,0.870108726547821,24308,24308,24308,48616
revision,socfb_middlebury45,socfb-Middlebury45,social,1,quasi_local_walk,lrw,LRW-l3,steps,5.0,False,205.4807611340657,0.877222612520748,0.8916655969606657,0.8094454500575942,0.8094454500575942,0.8094454500575943,0.821586091451374,24308,24308,24308,48616
revision,socfb_middlebury45,socfb-Middlebury45,social,1,quasi_local_walk,srw,SRW-l3,steps,5.0,False,205.4807611340657,0.9356836980665256,0.9421571846915818,0.871523778180023,0.871523778180023,0.871523778180023,0.8815545797536356,24308,24308,24308,48616
revision,socfb_middlebury45,socfb-Middlebury45,social,1,quasi_local_walk,pfp,PFP-l3,steps,5.0,False,205.4807611340657,0.906534987498892,0.9250011936456741,0.8520240250123416,0.8520240250123416,0.8520240250123415,0.8606120410710454,24308,24308,24308,48616
revision,socfb_middlebury45,socfb-Middlebury45,social,1,quasi_local_walk,lrw,LRW-l3,steps,7.0,False,207.65202971175313,0.8404292345902671,0.8587535854049435,0.7743129833799572,0.7743129833799572,0.7743129833799572,0.7871534294490128,24308,24308,24308,48616
revision,socfb_middlebury45,socfb-Middlebury45,social,1,quasi_local_walk,srw,SRW-l3,steps,7.0,False,207.65202971175313,0.9216058397632292,0.9303564410454188,0.8567549777850914,0.8567549777850914,0.8567549777850914,0.8672878240541136,24308,24308,24308,48616
revision,socfb_middlebury45,socfb-Middlebury45,social,1,quasi_local_walk,pfp,PFP-l3,steps,7.0,False,207.65202971175313,0.9065337094488416,0.9249994657111309,0.8520240250123416,0.8520240250123416,0.8520240250123415,0.8606120044688983,24308,24308,24308,48616
revision,socfb_middlebury45,socfb-Middlebury45,social,2,quasi_local_path,lpi,LPI-beta-0.001,beta,0.1,False,1.4447832312434912,0.910966671037486,0.919464524119448,0.8419450386703966,0.8419450386703966,0.8419450386703966,0.8534686171077637,24308,24308,24308,48616
revision,socfb_middlebury45,socfb-Middlebury45,social,2,quasi_local_path,lpi,LPI-beta-0.001,beta,0.01,False,1.424142207019031,0.9358799414712249,0.941791522602169,0.8723054138555209,0.8723054138555209,0.8723054138555209,0.8823408324208685,24308,24308,24308,48616
revision,socfb_middlebury45,socfb-Middlebury45,social,2,quasi_local_path,lpi,LPI-beta-0.001,beta,0.001,True,1.4134512492455542,0.94672458341459,0.9505042289006296,0.8836597005101201,0.8836597005101201,0.8836597005101201,0.893323127652973,24308,24308,24308,48616
revision,socfb_middlebury45,socfb-Middlebury45,social,2,quasi_local_walk,lrw,LRW-l3,steps,3.0,True,124.57540848106146,0.931753570211876,0.9389550071975498,0.8682738193187428,0.8682738193187428,0.8682738193187428,0.8783345669640023,24308,24308,24308,48616
revision,socfb_middlebury45,socfb-Middlebury45,social,2,quasi_local_walk,srw,SRW-l3,steps,3.0,True,124.57540848106146,0.9514356840327405,0.9556655118400037,0.8921342767813065,0.8921342767813065,0.8921342767813064,0.9010943388567664,24308,24308,24308,48616
revision,socfb_middlebury45,socfb-Middlebury45,social,2,quasi_local_walk,pfp,PFP-l3,steps,3.0,True,124.57540848106146,0.9171367787758797,0.9346774739263647,0.8640365311831496,0.8640365311831496,0.8640365311831496,0.8722169765495743,24308,24308,24308,48616
revision,socfb_middlebury45,socfb-Middlebury45,social,2,quasi_local_walk,lrw,LRW-l3,steps,5.0,False,207.5826663118787,0.8780363443038665,0.8918067663357816,0.8105561954911963,0.8105561954911963,0.8105561954911963,0.8226490658554605,24308,24308,24308,48616
revision,socfb_middlebury45,socfb-Middlebury45,social,2,quasi_local_walk,srw,SRW-l3,steps,5.0,False,207.5826663118787,0.9369371903643371,0.9435184772491709,0.8749382919203554,0.8749382919203554,0.8749382919203554,0.8846520788382426,24308,24308,24308,48616
revision,socfb_middlebury45,socfb-Middlebury45,social,2,quasi_local_walk,pfp,PFP-l3,steps,5.0,False,207.5826663118787,0.9074022173647932,0.9261502548854073,0.8541632384400197,0.8541632384400197,0.8541632384400197,0.8626145844439674,24308,24308,24308,48616
revision,socfb_middlebury45,socfb-Middlebury45,social,2,quasi_local_walk,lrw,LRW-l3,steps,7.0,False,208.72373466892168,0.8401503043765772,0.8577757166145649,0.775094619055455,0.775094619055455,0.775094619055455,0.7878614573903863,24308,24308,24308,48616
revision,socfb_middlebury45,socfb-Middlebury45,social,2,quasi_local_walk,srw,SRW-l3,steps,7.0,False,208.72373466892168,0.9227589667409034,0.9314258226708207,0.8575366134605891,0.8575366134605891,0.8575366134605891,0.8680458721294531,24308,24308,24308,48616
revision,socfb_middlebury45,socfb-Middlebury45,social,2,quasi_local_walk,pfp,PFP-l3,steps,7.0,False,208.72373466892168,0.9074010341293732,0.9261477078320406,0.8541632384400197,0.8541632384400197,0.8541632384400197,0.8626145786344911,24308,24308,24308,48616
revision,socfb_middlebury45,socfb-Middlebury45,social,3,quasi_local_path,lpi,LPI-beta-0.001,beta,0.1,False,1.4376091747544706,0.911180765903725,0.918792429508868,0.8409165706763205,0.8409165706763205,0.8409165706763206,0.8526452216317889,24308,24308,24308,48616
revision,socfb_middlebury45,socfb-Middlebury45,social,3,quasi_local_path,lpi,LPI-beta-0.001,beta,0.01,False,1.4188251169398427,0.9357694274645049,0.9408675159516282,0.8688909001151884,0.8688909001151884,0.8688909001151884,0.8793720189346753,24308,24308,24308,48616
revision,socfb_middlebury45,socfb-Middlebury45,social,3,quasi_local_path,lpi,LPI-beta-0.001,beta,0.001,True,1.407283941283822,0.9463929316830674,0.9495115499680488,0.8792167187757117,0.8792167187757117,0.8792167187757117,0.8894175935926848,24308,24308,24308,48616
revision,socfb_middlebury45,socfb-Middlebury45,social,3,quasi_local_walk,lrw,LRW-l3,steps,3.0,True,123.80299202306196,0.9314157382334295,0.9379893524165724,0.8650238604574626,0.8650238604574626,0.8650238604574626,0.8754969994452286,24308,24308,24308,48616
revision,socfb_middlebury45,socfb-Middlebury45,social,3,quasi_local_walk,srw,SRW-l3,steps,3.0,True,123.80299202306196,0.950588893699126,0.954545528472313,0.8888431792002632,0.8888431792002632,0.8888431792002632,0.8981418701410538,24308,24308,24308,48616
revision,socfb_middlebury45,socfb-Middlebury45,social,3,quasi_local_walk,pfp,PFP-l3,steps,3.0,True,123.80299202306196,0.9169811300850251,0.9333616771575705,0.8616916241566562,0.8616916241566562,0.8616916241566562,0.870416958243342,24308,24308,24308,48616
revision,socfb_middlebury45,socfb-Middlebury45,social,3,quasi_local_walk,lrw,LRW-l3,steps,5.0,False,207.24806182691827,0.878018047347068,0.8916641973506095,0.8084992595030442,0.8084992595030442,0.8084992595030442,0.8208988123918837,24308,24308,24308,48616
revision,socfb_middlebury45,socfb-Middlebury45,social,3,quasi_local_walk,srw,SRW-l3,steps,5.0,False,207.24806182691827,0.9362899210143184,0.942554633330056,0.8708655586638144,0.8708655586638144,0.8708655586638143,0.8810420574204405,24308,24308,24308,48616
revision,socfb_middlebury45,socfb-Middlebury45,social,3,quasi_local_walk,pfp,PFP-l3,steps,5.0,False,207.24806182691827,0.9069863948630029,0.9247367908898498,0.8516537765344743,0.8516537765344743,0.8516537765344744,0.8606379332727612,24308,24308,24308,48616
revision,socfb_middlebury45,socfb-Middlebury45,social,3,quasi_local_walk,lrw,LRW-l3,steps,7.0,False,211.34169976832345,0.8405148599691146,0.8582894784336033,0.7734902089846964,0.7734902089846964,0.7734902089846964,0.7865130431029477,24308,24308,24308,48616
revision,socfb_middlebury45,socfb-Middlebury45,social,3,quasi_local_walk,srw,SRW-l3,steps,7.0,False,211.34169976832345,0.9223380686109768,0.9306883703323664,0.8566315616258022,0.8566315616258022,0.8566315616258022,0.8672820188217683,24308,24308,24308,48616
revision,socfb_middlebury45,socfb-Middlebury45,social,3,quasi_local_walk,pfp,PFP-l3,steps,7.0,False,211.34169976832345,0.9069834497791537,0.9247335567244117,0.8516537765344743,0.8516537765344743,0.8516537765344744,0.860637753860146,24308,24308,24308,48616
revision,socfb_middlebury45,socfb-Middlebury45,social,4,quasi_local_path,lpi,LPI-beta-0.001,beta,0.1,False,1.4184206570498645,0.9112649852541639,0.9199830246424249,0.8426032581866052,0.8426032581866052,0.8426032581866053,0.8540423768562116,24308,24308,24308,48616
revision,socfb_middlebury45,socfb-Middlebury45,social,4,quasi_local_path,lpi,LPI-beta-0.001,beta,0.01,False,1.4189204727299511,0.9362891488665788,0.9423369990435129,0.8709889748231036,0.8709889748231036,0.8709889748231036,0.8811829109537281,24308,24308,24308,48616
revision,socfb_middlebury45,socfb-Middlebury45,social,4,quasi_local_path,lpi,LPI-beta-0.001,beta,0.001,True,1.5012354790233076,0.9472276548153528,0.9511171802550716,0.8832483133124898,0.8832483133124898,0.8832483133124899,0.8929784695505864,24308,24308,24308,48616
revision,socfb_middlebury45,socfb-Middlebury45,social,4,quasi_local_walk,lrw,LRW-l3,steps,3.0,True,122.18946403916925,0.9324329187490897,0.939354900499538,0.8673276287641929,0.8673276287641929,0.8673276287641929,0.8775870014558028,24308,24308,24308,48616
revision,socfb_middlebury45,socfb-Middlebury45,social,4,quasi_local_walk,srw,SRW-l3,steps,3.0,True,122.18946403916925,0.9517961498077983,0.9561519448764714,0.8922576929405956,0.8922576929405956,0.8922576929405956,0.9012253213554254,24308,24308,24308,48616
revision,socfb_middlebury45,socfb-Middlebury45,social,4,quasi_local_walk,pfp,PFP-l3,steps,3.0,True,122.18946403916925,0.9177710384566016,0.9352688032516933,0.86539410893533,0.86539410893533,0.86539410893533,0.8734715111423468,24308,24308,24308,48616
revision,socfb_middlebury45,socfb-Middlebury45,social,4,quasi_local_walk,lrw,LRW-l3,steps,5.0,False,205.42500652279705,0.8791743201864058,0.8929317219578191,0.8114201086062202,0.8114201086062202,0.8114201086062202,0.8234971499604563,24308,24308,24308,48616
revision,socfb_middlebury45,socfb-Middlebury45,social,4,quasi_local_walk,srw,SRW-l3,steps,5.0,False,205.42500652279705,0.9373675320062196,0.9440302902762147,0.8744446272831989,0.8744446272831989,0.8744446272831988,0.8842478836359801,24308,24308,24308,48616
revision,socfb_middlebury45,socfb-Middlebury45,social,4,quasi_local_walk,pfp,PFP-l3,steps,5.0,False,205.42500652279705,0.9077883683992138,0.9265172099640375,0.8549860128352805,0.8549860128352805,0.8549860128352805,0.8633705888736493,24308,24308,24308,48616
revision,socfb_middlebury45,socfb-Middlebury45,social,4,quasi_local_walk,lrw,LRW-l3,steps,7.0,False,208.6732195573859,0.8416382336156248,0.8595834128532984,0.777110416323844,0.777110416323844,0.777110416323844,0.7896901568562107,24308,24308,24308,48616
revision,socfb_middlebury45,socfb-Middlebury45,social,4,quasi_local_walk,srw,SRW-l3,steps,7.0,False,208.6732195573859,0.9233448933442893,0.9320671800167827,0.8577011683396413,0.8577011683396413,0.8577011683396413,0.8682411051273532,24308,24308,24308,48616
revision,socfb_middlebury45,socfb-Middlebury45,social,4,quasi_local_walk,pfp,PFP-l3,steps,7.0,False,208.6732195573859,0.9077864783833822,0.9265136982459403,0.8549860128352805,0.8549860128352805,0.8549860128352805,0.8633705546001245,24308,24308,24308,48616
revision,socfb_middlebury45,socfb-Middlebury45,social,5,quasi_local_path,lpi,LPI-beta-0.001,beta,0.1,False,1.4558193879202008,0.9097797957349532,0.9181777708879628,0.8395935327271979,0.8395935327271979,0.8395935327271979,0.8513170653470374,24307,24307,24307,48614
revision,socfb_middlebury45,socfb-Middlebury45,social,5,quasi_local_path,lpi,LPI-beta-0.001,beta,0.01,False,1.4504069671966136,0.9357080373011181,0.9412827329698891,0.869173489118361,0.869173489118361,0.869173489118361,0.8795881797584284,24307,24307,24307,48614
revision,socfb_middlebury45,socfb-Middlebury45,social,5,quasi_local_path,lpi,LPI-beta-0.001,beta,0.001,True,1.415412020869553,0.9472340515603086,0.9505027433014859,0.8805282428929938,0.8805282428929938,0.8805282428929938,0.8906389872155402,24307,24307,24307,48614
revision,socfb_middlebury45,socfb-Middlebury45,social,5,quasi_local_walk,lrw,LRW-l3,steps,3.0,True,122.07274620421231,0.9330922453799496,0.9393876878162342,0.8664170814991566,0.8664170814991566,0.8664170814991566,0.876901537061979,24307,24307,24307,48614
revision,socfb_middlebury45,socfb-Middlebury45,social,5,quasi_local_walk,srw,SRW-l3,steps,3.0,True,122.07274620421231,0.9528339679603965,0.9563696373981692,0.8912658904842227,0.8912658904842227,0.8912658904842227,0.9004948921945618,24307,24307,24307,48614
revision,socfb_middlebury45,socfb-Middlebury45,social,5,quasi_local_walk,pfp,PFP-l3,steps,3.0,True,122.07274620421231,0.9224589364109408,0.9371761295857416,0.8668696260336528,0.8668696260336528,0.8668696260336528,0.8756656194840479,24307,24307,24307,48614
revision,socfb_middlebury45,socfb-Middlebury45,social,5,quasi_local_walk,lrw,LRW-l3,steps,5.0,False,203.7099697883241,0.8791998373627703,0.8927988587124623,0.8098078742749002,0.8098078742749002,0.8098078742749003,0.8221511115099648,24307,24307,24307,48614
revision,socfb_middlebury45,socfb-Middlebury45,social,5,quasi_local_walk,srw,SRW-l3,steps,5.0,False,203.7099697883241,0.9382115870180393,0.9441466816300396,0.8743571810589542,0.8743571810589542,0.8743571810589542,0.8843135854891381,24307,24307,24307,48614
revision,socfb_middlebury45,socfb-Middlebury45,social,5,quasi_local_walk,pfp,PFP-l3,steps,5.0,False,203.7099697883241,0.9129128016197834,0.9289084884007014,0.8575718928703666,0.8575718928703666,0.8575718928703666,0.866611383250946,24307,24307,24307,48614
revision,socfb_middlebury45,socfb-Middlebury45,social,5,quasi_local_walk,lrw,LRW-l3,steps,7.0,False,206.5072833369486,0.8410245641938083,0.8589801941572562,0.7754144896531864,0.7754144896531864,0.7754144896531864,0.7882153397351046,24307,24307,24307,48614
revision,socfb_middlebury45,socfb-Middlebury45,social,5,quasi_local_walk,srw,SRW-l3,steps,7.0,False,206.5072833369486,0.923960403474376,0.9321182081183523,0.8576130332825935,0.8576130332825935,0.8576130332825935,0.8682937685520572,24307,24307,24307,48614
revision,socfb_middlebury45,socfb-Middlebury45,social,5,quasi_local_walk,pfp,PFP-l3,steps,7.0,False,206.5072833369486,0.912910481174614,0.9289044686335958,0.8575718928703666,0.8575718928703666,0.8575718928703666,0.8666113050624895,24307,24307,24307,48614
revision,ca_grqc,ca-GrQc,scientific_collaboration,1,quasi_local_path,lpi,LPI-beta-0.001,beta,0.1,False,0.027240571100264788,0.9819701496244864,0.9820409079775828,0.9681597409606044,0.9681597409606044,0.9681597409606044,0.9731671348135406,1853,1853,1853,3706
revision,ca_grqc,ca-GrQc,scientific_collaboration,1,quasi_local_path,lpi,LPI-beta-0.001,beta,0.01,False,0.027335023041814566,0.9825042429310552,0.9823783080717694,0.9681597409606044,0.9681597409606044,0.9681597409606044,0.9732351077916478,1853,1853,1853,3706
revision,ca_grqc,ca-GrQc,scientific_collaboration,1,quasi_local_path,lpi,LPI-beta-0.001,beta,0.001,True,0.027341207955032587,0.9825042429310553,0.9823783080717694,0.9681597409606044,0.9681597409606044,0.9681597409606044,0.9732351077916478,1853,1853,1853,3706
revision,ca_grqc,ca-GrQc,scientific_collaboration,1,quasi_local_walk,lrw,LRW-l3,steps,3.0,True,0.593743528239429,0.9511676215190323,0.950026488164494,0.9125742039935241,0.9125742039935241,0.9125742039935241,0.926457063215057,1853,1853,1853,3706
revision,ca_grqc,ca-GrQc,scientific_collaboration,1,quasi_local_walk,srw,SRW-l3,steps,3.0,True,0.593743528239429,0.9835198941765215,0.9831024732286059,0.9681597409606044,0.9681597409606044,0.9681597409606044,0.9733327195787719,1853,1853,1853,3706
revision,ca_grqc,ca-GrQc,scientific_collaboration,1,quasi_local_walk,pfp,PFP-l3,steps,3.0,True,0.593743528239429,0.9826593777567698,0.9824419437390803,0.9681597409606044,0.9681597409606044,0.9681597409606044,0.9732291492532076,1853,1853,1853,3706
revision,ca_grqc,ca-GrQc,scientific_collaboration,1,quasi_local_walk,lrw,LRW-l3,steps,5.0,False,6.104137469083071,0.9876317411992583,0.9853196738475464,0.9568267674042094,0.9568267674042094,0.9568267674042094,0.9636687028663877,1853,1853,1853,3706
revision,ca_grqc,ca-GrQc,scientific_collaboration,1,quasi_local_walk,srw,SRW-l3,steps,5.0,False,6.104137469083071,0.9929534458182534,0.9915127202893516,0.9686994063680519,0.9686994063680519,0.9686994063680519,0.9737710363617865,1853,1853,1853,3706
revision,ca_grqc,ca-GrQc,scientific_collaboration,1,quasi_local_walk,pfp,PFP-l3,steps,5.0,False,6.104137469083071,0.9913766863099738,0.9901390927155654,0.9660010793308149,0.9660010793308149,0.9660010793308149,0.9713788811092301,1853,1853,1853,3706
revision,ca_grqc,ca-GrQc,scientific_collaboration,1,quasi_local_walk,lrw,LRW-l3,steps,7.0,False,20.83211578289047,0.9907157881612568,0.988292202169787,0.9584457636265515,0.9584457636265515,0.9584457636265515,0.965000861767222,1853,1853,1853,3706
revision,ca_grqc,ca-GrQc,scientific_collaboration,1,quasi_local_walk,srw,SRW-l3,steps,7.0,False,20.83211578289047,0.9944011159322306,0.9929234808040169,0.9686994063680519,0.9686994063680519,0.9686994063680519,0.9737579706335547,1853,1853,1853,3706
revision,ca_grqc,ca-GrQc,scientific_collaboration,1,quasi_local_walk,pfp,PFP-l3,steps,7.0,False,20.83211578289047,0.9929071507794838,0.9916364967589495,0.9665407447382622,0.9665407447382622,0.9665407447382622,0.9718274470863957,1853,1853,1853,3706
revision,ca_grqc,ca-GrQc,scientific_collaboration,2,quasi_local_path,lpi,LPI-beta-0.001,beta,0.1,False,0.02839792612940073,0.9822364583213046,0.982089107991038,0.9670804101457097,0.9670804101457097,0.9670804101457097,0.9723806757786667,1853,1853,1853,3706
revision,ca_grqc,ca-GrQc,scientific_collaboration,2,quasi_local_path,lpi,LPI-beta-0.001,beta,0.01,False,0.029254585970193148,0.9822361036775518,0.9820869237003981,0.9670804101457097,0.9670804101457097,0.9670804101457097,0.9723803093347447,1853,1853,1853,3706
revision,ca_grqc,ca-GrQc,scientific_collaboration,2,quasi_local_path,lpi,LPI-beta-0.001,beta,0.001,True,0.028227309230715036,0.9822361050407562,0.9820869237003981,0.9670804101457097,0.9670804101457097,0.9670804101457097,0.9723803093347447,1853,1853,1853,3706
revision,ca_grqc,ca-GrQc,scientific_collaboration,2,quasi_local_walk,lrw,LRW-l3,steps,3.0,True,0.6451631062664092,0.9573550632980099,0.9566444519454603,0.9190501888828926,0.9190501888828926,0.9190501888828926,0.9319624387050628,1853,1853,1853,3706
revision,ca_grqc,ca-GrQc,scientific_collaboration,2,quasi_local_walk,srw,SRW-l3,steps,3.0,True,0.6451631062664092,0.9827043533035479,0.9823739394904895,0.9670804101457097,0.9670804101457097,0.9670804101457097,0.9724256855917317,1853,1853,1853,3706
revision,ca_grqc,ca-GrQc,scientific_collaboration,2,quasi_local_walk,pfp,PFP-l3,steps,3.0,True,0.6451631062664092,0.9812420816206702,0.9813052388900425,0.9670804101457097,0.9670804101457097,0.9670804101457097,0.9722471927474021,1853,1853,1853,3706
revision,ca_grqc,ca-GrQc,scientific_collaboration,2,quasi_local_walk,lrw,LRW-l3,steps,5.0,False,5.818360181059688,0.988144094673918,0.9859721942713919,0.963302752293578,0.963302752293578,0.963302752293578,0.9691242543629919,1853,1853,1853,3706
revision,ca_grqc,ca-GrQc,scientific_collaboration,2,quasi_local_walk,srw,SRW-l3,steps,5.0,False,5.818360181059688,0.9921449035272516,0.9905830861929824,0.9697787371829466,0.9697787371829466,0.9697787371829466,0.9746723884477662,1853,1853,1853,3706
revision,ca_grqc,ca-GrQc,scientific_collaboration,2,quasi_local_walk,pfp,PFP-l3,steps,5.0,False,5.818360181059688,0.989683958894178,0.9886612016685651,0.9670804101457097,0.9670804101457097,0.9670804101457097,0.9721709605045848,1853,1853,1853,3706
revision,ca_grqc,ca-GrQc,scientific_collaboration,2,quasi_local_walk,lrw,LRW-l3,steps,7.0,False,20.840143258683383,0.9925113621692015,0.9906436638533974,0.9643820831084727,0.9643820831084727,0.9643820831084727,0.9700216697067869,1853,1853,1853,3706
revision,ca_grqc,ca-GrQc,scientific_collaboration,2,quasi_local_walk,srw,SRW-l3,steps,7.0,False,20.840143258683383,0.9944558537212204,0.9928835810949936,0.9697787371829466,0.9697787371829466,0.9697787371829466,0.974663869408339,1853,1853,1853,3706
revision,ca_grqc,ca-GrQc,scientific_collaboration,2,quasi_local_walk,pfp,PFP-l3,steps,7.0,False,20.840143258683383,0.9916365753049072,0.9903474740426182,0.9670804101457097,0.9670804101457097,0.9670804101457097,0.9721692128952822,1853,1853,1853,3706
revision,ca_grqc,ca-GrQc,scientific_collaboration,3,quasi_local_path,lpi,LPI-beta-0.001,beta,0.1,False,0.027154413051903248,0.9867321771956816,0.9867592669986596,0.9757150566648678,0.9757150566648678,0.9757150566648678,0.979578927203752,1853,1853,1853,3706
revision,ca_grqc,ca-GrQc,scientific_collaboration,3,quasi_local_path,lpi,LPI-beta-0.001,beta,0.01,False,0.027235882356762886,0.986896076291411,0.9868651322850098,0.9757150566648678,0.9757150566648678,0.9757150566648678,0.9795990939605281,1853,1853,1853,3706
revision,ca_grqc,ca-GrQc,scientific_collaboration,3,quasi_local_path,lpi,LPI-beta-0.001,beta,0.001,True,0.02732250327244401,0.9868960762914111,0.9868651322850098,0.9757150566648678,0.9757150566648678,0.9757150566648678,0.9795990939605281,1853,1853,1853,3706
revision,ca_grqc,ca-GrQc,scientific_collaboration,3,quasi_local_walk,lrw,LRW-l3,steps,3.0,True,0.6075574522837996,0.9585698443693752,0.9576850480063397,0.922288181327577,0.922288181327577,0.922288181327577,0.9347313072497219,1853,1853,1853,3706
revision,ca_grqc,ca-GrQc,scientific_collaboration,3,quasi_local_walk,srw,SRW-l3,steps,3.0,True,0.6075574522837996,0.9875438827639411,0.9872824774166192,0.9762547220723151,0.9762547220723151,0.9762547220723151,0.9801045396131535,1853,1853,1853,3706
revision,ca_grqc,ca-GrQc,scientific_collaboration,3,quasi_local_walk,pfp,PFP-l3,steps,3.0,True,0.6075574522837996,0.985925863163323,0.9863235738256745,0.9751753912574204,0.9751753912574204,0.9751753912574204,0.9789879186974125,1853,1853,1853,3706
revision,ca_grqc,ca-GrQc,scientific_collaboration,3,quasi_local_walk,lrw,LRW-l3,steps,5.0,False,5.976699251215905,0.9911271419996659,0.9893309051787784,0.9692390717754992,0.9692390717754992,0.9692390717754992,0.9741313447044908,1853,1853,1853,3706
revision,ca_grqc,ca-GrQc,scientific_collaboration,3,quasi_local_walk,srw,SRW-l3,steps,5.0,False,5.976699251215905,0.9946091864185336,0.9934672235539923,0.9762547220723151,0.9762547220723151,0.9762547220723151,0.9801002825370674,1853,1853,1853,3706
revision,ca_grqc,ca-GrQc,scientific_collaboration,3,quasi_local_walk,pfp,PFP-l3,steps,5.0,False,5.976699251215905,0.9925245823673186,0.9919677808393441,0.9708580679978414,0.9708580679978414,0.9708580679978414,0.9753759316523944,1853,1853,1853,3706
revision,ca_grqc,ca-GrQc,scientific_collaboration,3,quasi_local_walk,lrw,LRW-l3,steps,7.0,False,20.5871174861677,0.9941291732806894,0.9928302844033785,0.9697787371829466,0.9697787371829466,0.9697787371829466,0.9745715151793706,1853,1853,1853,3706
revision,ca_grqc,ca-GrQc,scientific_collaboration,3,quasi_local_walk,srw,SRW-l3,steps,7.0,False,20.5871174861677,0.9959079313686089,0.9948072130519229,0.9762547220723151,0.9762547220723151,0.9762547220723151,0.9800943083240244,1853,1853,1853,3706
revision,ca_grqc,ca-GrQc,scientific_collaboration,3,quasi_local_walk,pfp,PFP-l3,steps,7.0,False,20.5871174861677,0.9936104594251354,0.9929939605819998,0.9708580679978414,0.9708580679978414,0.9708580679978414,0.9753740059007571,1853,1853,1853,3706
revision,ca_grqc,ca-GrQc,scientific_collaboration,4,quasi_local_path,lpi,LPI-beta-0.001,beta,0.1,False,0.02687865123152733,0.978182329131138,0.9784119275083447,0.9627630868861305,0.9627630868861305,0.9627630868861305,0.9685177447407914,1853,1853,1853,3706
revision,ca_grqc,ca-GrQc,scientific_collaboration,4,quasi_local_path,lpi,LPI-beta-0.001,beta,0.01,False,0.028053938876837492,0.9786252500823723,0.9786811777345644,0.9627630868861305,0.9627630868861305,0.9627630868861305,0.9685753509342292,1853,1853,1853,3706
revision,ca_grqc,ca-GrQc,scientific_collaboration,4,quasi_local_path,lpi,LPI-beta-0.001,beta,0.001,True,0.02796195074915886,0.978656571367458,0.9786944290977801,0.9627630868861305,0.9627630868861305,0.9627630868861305,0.9685797600719002,1853,1853,1853,3706
revision,ca_grqc,ca-GrQc,scientific_collaboration,4,quasi_local_walk,lrw,LRW-l3,steps,3.0,True,0.6101425066590309,0.9462390352737606,0.9449593707379029,0.9007015650296816,0.9007015650296816,0.9007015650296816,0.9163757990929574,1853,1853,1853,3706
revision,ca_grqc,ca-GrQc,scientific_collaboration,4,quasi_local_walk,srw,SRW-l3,steps,3.0,True,0.6101425066590309,0.9799015561095394,0.9794925688976235,0.9627630868861305,0.9627630868861305,0.9627630868861305,0.9687040253926907,1853,1853,1853,3706
revision,ca_grqc,ca-GrQc,scientific_collaboration,4,quasi_local_walk,pfp,PFP-l3,steps,3.0,True,0.6101425066590309,0.9751098846587521,0.9773771562225052,0.9627630868861305,0.9627630868861305,0.9627630868861305,0.9679724543956194,1853,1853,1853,3706
revision,ca_grqc,ca-GrQc,scientific_collaboration,4,quasi_local_walk,lrw,LRW-l3,steps,5.0,False,5.785471187904477,0.9861098788974841,0.9838675574300977,0.9557474365893146,0.9557474365893146,0.9557474365893146,0.9626536949857363,1853,1853,1853,3706
revision,ca_grqc,ca-GrQc,scientific_collaboration,4,quasi_local_walk,srw,SRW-l3,steps,5.0,False,5.785471187904477,0.990827728992597,0.9893016356842029,0.9638424177010254,0.9638424177010254,0.9638424177010254,0.9695956247113255,1853,1853,1853,3706
revision,ca_grqc,ca-GrQc,scientific_collaboration,4,quasi_local_walk,pfp,PFP-l3,steps,5.0,False,5.785471187904477,0.9852056938854412,0.98659005728375,0.9600647598488937,0.9600647598488937,0.9600647598488937,0.9655935503241106,1853,1853,1853,3706
revision,ca_grqc,ca-GrQc,scientific_collaboration,4,quasi_local_walk,lrw,LRW-l3,steps,7.0,False,20.456847838591784,0.9900466972778525,0.9881493495619332,0.9546681057744199,0.9546681057744199,0.9546681057744199,0.9617510921254424,1853,1853,1853,3706
revision,ca_grqc,ca-GrQc,scientific_collaboration,4,quasi_local_walk,srw,SRW-l3,steps,7.0,False,20.456847838591784,0.9924399690023764,0.9906139575006939,0.9649217485159202,0.9649217485159202,0.9649217485159202,0.9704847217389299,1853,1853,1853,3706
revision,ca_grqc,ca-GrQc,scientific_collaboration,4,quasi_local_walk,pfp,PFP-l3,steps,7.0,False,20.456847838591784,0.9865221004763751,0.9873803336372895,0.9600647598488937,0.9600647598488937,0.9600647598488937,0.9655892678540055,1853,1853,1853,3706
revision,ca_grqc,ca-GrQc,scientific_collaboration,5,quasi_local_path,lpi,LPI-beta-0.001,beta,0.1,False,0.03382546501234174,0.9793301424163394,0.9795949393189497,0.9643820831084727,0.9643820831084727,0.9643820831084727,0.9699020670093146,1853,1853,1853,3706
revision,ca_grqc,ca-GrQc,scientific_collaboration,5,quasi_local_path,lpi,LPI-beta-0.001,beta,0.01,False,0.027566616889089346,0.9798350309364267,0.979891565987857,0.9643820831084727,0.9643820831084727,0.9643820831084727,0.9699669204003574,1853,1853,1853,3706
revision,ca_grqc,ca-GrQc,scientific_collaboration,5,quasi_local_path,lpi,LPI-beta-0.001,beta,0.001,True,0.027192750945687294,0.9798599734742535,0.9799033611573128,0.9643820831084727,0.9643820831084727,0.9643820831084727,0.9699702353534086,1853,1853,1853,3706
revision,ca_grqc,ca-GrQc,scientific_collaboration,5,quasi_local_walk,lrw,LRW-l3,steps,3.0,True,0.6294965432025492,0.9537869610737677,0.9528143711179695,0.9141932002158661,0.9141932002158661,0.9141932002158661,0.9278746218216825,1853,1853,1853,3706
revision,ca_grqc,ca-GrQc,scientific_collaboration,5,quasi_local_walk,srw,SRW-l3,steps,3.0,True,0.6294965432025492,0.9814835825990207,0.9810920521235819,0.9643820831084727,0.9643820831084727,0.9643820831084727,0.9701509746681309,1853,1853,1853,3706
revision,ca_grqc,ca-GrQc,scientific_collaboration,5,quasi_local_walk,pfp,PFP-l3,steps,3.0,True,0.6294965432025492,0.9805138403500606,0.9804079322951448,0.9643820831084727,0.9643820831084727,0.9643820831084727,0.9700315802117366,1853,1853,1853,3706
revision,ca_grqc,ca-GrQc,scientific_collaboration,5,quasi_local_walk,lrw,LRW-l3,steps,5.0,False,6.180289050098509,0.9872164908570513,0.9846661340880689,0.9638424177010254,0.9638424177010254,0.9638424177010254,0.9695586323206488,1853,1853,1853,3706
revision,ca_grqc,ca-GrQc,scientific_collaboration,5,quasi_local_walk,srw,SRW-l3,steps,5.0,False,6.180289050098509,0.9904909831744153,0.9884306861963608,0.9686994063680519,0.9686994063680519,0.9686994063680519,0.9737429107049319,1853,1853,1853,3706
revision,ca_grqc,ca-GrQc,scientific_collaboration,5,quasi_local_walk,pfp,PFP-l3,steps,5.0,False,6.180289050098509,0.9891282780764794,0.9872840792297551,0.9670804101457097,0.9670804101457097,0.9670804101457097,0.9722622362228099,1853,1853,1853,3706
revision,ca_grqc,ca-GrQc,scientific_collaboration,5,quasi_local_walk,lrw,LRW-l3,steps,7.0,False,20.5135559970513,0.9917552708357805,0.9899310026272647,0.963302752293578,0.963302752293578,0.963302752293578,0.9690951536754913,1853,1853,1853,3706
revision,ca_grqc,ca-GrQc,scientific_collaboration,5,quasi_local_walk,srw,SRW-l3,steps,7.0,False,20.5135559970513,0.9933865158693805,0.9916152363300539,0.9686994063680519,0.9686994063680519,0.9686994063680519,0.9737318701706861,1853,1853,1853,3706
revision,ca_grqc,ca-GrQc,scientific_collaboration,5,quasi_local_walk,pfp,PFP-l3,steps,7.0,False,20.5135559970513,0.9916710174830761,0.9897202913901961,0.9670804101457097,0.9670804101457097,0.9670804101457097,0.9722580101938691,1853,1853,1853,3706
revision,ca_hepth,ca-HepTh,scientific_collaboration,1,quasi_local_path,lpi,LPI-beta-0.001,beta,0.1,False,0.07289496809244156,0.9676959598362024,0.9677061975630754,0.9418676561533704,0.9418676561533704,0.9418676561533704,0.9502714230829037,3234,3234,3234,6468
revision,ca_hepth,ca-HepTh,scientific_collaboration,1,quasi_local_path,lpi,LPI-beta-0.001,beta,0.01,False,0.07356214709579945,0.9676946770369845,0.9677060541425767,0.9418676561533704,0.9418676561533704,0.9418676561533704,0.9502682109448669,3234,3234,3234,6468
revision,ca_hepth,ca-HepTh,scientific_collaboration,1,quasi_local_path,lpi,LPI-beta-0.001,beta,0.001,True,0.07230507209897041,0.9676946770369845,0.9677060541425768,0.9418676561533704,0.9418676561533704,0.9418676561533704,0.9502682109448669,3234,3234,3234,6468
revision,ca_hepth,ca-HepTh,scientific_collaboration,1,quasi_local_walk,lrw,LRW-l3,steps,3.0,True,1.7437992729246616,0.9267235078580254,0.9253655979736022,0.873222016079159,0.873222016079159,0.873222016079159,0.8912222618675326,3234,3234,3234,6468
revision,ca_hepth,ca-HepTh,scientific_collaboration,1,quasi_local_walk,srw,SRW-l3,steps,3.0,True,1.7437992729246616,0.9688390067054711,0.9683014404389967,0.9418676561533704,0.9418676561533704,0.9418676561533704,0.9503757046589691,3234,3234,3234,6468
revision,ca_hepth,ca-HepTh,scientific_collaboration,1,quasi_local_walk,pfp,PFP-l3,steps,3.0,True,1.7437992729246616,0.9679949369452936,0.9677701631054401,0.9418676561533704,0.9418676561533704,0.9418676561533704,0.9502684702231587,3234,3234,3234,6468
revision,ca_hepth,ca-HepTh,scientific_collaboration,1,quasi_local_walk,lrw,LRW-l3,steps,5.0,False,30.17859778692946,0.9814162825239894,0.9774837466329647,0.9458874458874459,0.9458874458874459,0.945887445887446,0.9536522575624095,3234,3234,3234,6468
revision,ca_hepth,ca-HepTh,scientific_collaboration,1,quasi_local_walk,srw,SRW-l3,steps,5.0,False,30.17859778692946,0.985632936626226,0.9824300327878381,0.9517625231910947,0.9517625231910947,0.9517625231910947,0.9588047322264523,3234,3234,3234,6468
revision,ca_hepth,ca-HepTh,scientific_collaboration,1,quasi_local_walk,pfp,PFP-l3,steps,5.0,False,30.17859778692946,0.9840495343015742,0.9810629964022489,0.9486703772418058,0.9486703772418058,0.9486703772418058,0.9560360121248541,3234,3234,3234,6468
revision,ca_hepth,ca-HepTh,scientific_collaboration,1,quasi_local_walk,lrw,LRW-l3,steps,7.0,False,98.78094522608444,0.987297704686495,0.9840533616043818,0.9468150896722325,0.9468150896722325,0.9468150896722325,0.9544404477446164,3234,3234,3234,6468
revision,ca_hepth,ca-HepTh,scientific_collaboration,1,quasi_local_walk,srw,SRW-l3,steps,7.0,False,98.78094522608444,0.9894562111049364,0.9864225726271844,0.9520717377860235,0.9520717377860235,0.9520717377860235,0.9590681310690926,3234,3234,3234,6468
revision,ca_hepth,ca-HepTh,scientific_collaboration,1,quasi_local_walk,pfp,PFP-l3,steps,7.0,False,98.78094522608444,0.9872473220627223,0.9840537918658776,0.9471243042671614,0.9471243042671614,0.9471243042671614,0.954716294890359,3234,3234,3234,6468
revision,ca_hepth,ca-HepTh,scientific_collaboration,2,quasi_local_path,lpi,LPI-beta-0.001,beta,0.1,False,0.0754378940910101,0.9697139593338394,0.9694812174602793,0.9443413729128015,0.9443413729128015,0.9443413729128015,0.9524602733837181,3234,3234,3234,6468
revision,ca_hepth,ca-HepTh,scientific_collaboration,2,quasi_local_path,lpi,LPI-beta-0.001,beta,0.01,False,0.0788967739790678,0.9697541182878551,0.9694989537952697,0.9443413729128015,0.9443413729128015,0.9443413729128015,0.9524639324117659,3234,3234,3234,6468
revision,ca_hepth,ca-HepTh,scientific_collaboration,2,quasi_local_path,lpi,LPI-beta-0.001,beta,0.001,True,0.07431087316945195,0.9697541182878551,0.9694989537952697,0.9443413729128015,0.9443413729128015,0.9443413729128015,0.9524639324117659,3234,3234,3234,6468
revision,ca_hepth,ca-HepTh,scientific_collaboration,2,quasi_local_walk,lrw,LRW-l3,steps,3.0,True,1.7722010491415858,0.929777366026417,0.9284744285075588,0.878169449598021,0.878169449598021,0.878169449598021,0.8954852960419284,3234,3234,3234,6468
revision,ca_hepth,ca-HepTh,scientific_collaboration,2,quasi_local_walk,srw,SRW-l3,steps,3.0,True,1.7722010491415858,0.9705254055467031,0.969879974253152,0.9443413729128015,0.9443413729128015,0.9443413729128015,0.9525244888231705,3234,3234,3234,6468
revision,ca_hepth,ca-HepTh,scientific_collaboration,2,quasi_local_walk,pfp,PFP-l3,steps,3.0,True,1.7722010491415858,0.9689731493106148,0.9690113241001129,0.9443413729128015,0.9443413729128015,0.9443413729128015,0.9523181918326119,3234,3234,3234,6468
revision,ca_hepth,ca-HepTh,scientific_collaboration,2,quasi_local_walk,lrw,LRW-l3,steps,5.0,False,29.702622058801353,0.9827074454905782,0.9792367275802207,0.9505256648113791,0.9505256648113791,0.9505256648113791,0.9575587208559099,3234,3234,3234,6468
revision,ca_hepth,ca-HepTh,scientific_collaboration,2,quasi_local_walk,srw,SRW-l3,steps,5.0,False,29.702622058801353,0.9870834391446281,0.9840683729498996,0.9570191713048856,0.9570191713048856,0.9570191713048856,0.9632960816416599,3234,3234,3234,6468
revision,ca_hepth,ca-HepTh,scientific_collaboration,2,quasi_local_walk,pfp,PFP-l3,steps,5.0,False,29.702622058801353,0.9845916128802549,0.9822780070593482,0.9517625231910947,0.9517625231910947,0.9517625231910947,0.9585620570603763,3234,3234,3234,6468
revision,ca_hepth,ca-HepTh,scientific_collaboration,2,quasi_local_walk,lrw,LRW-l3,steps,7.0,False,96.2476369892247,0.9871067772751729,0.9836893125721643,0.950834879406308,0.950834879406308,0.950834879406308,0.9577879596307137,3234,3234,3234,6468
revision,ca_hepth,ca-HepTh,scientific_collaboration,2,quasi_local_walk,srw,SRW-l3,steps,7.0,False,96.2476369892247,0.9898902397331522,0.9863478505474267,0.9564007421150278,0.9564007421150278,0.9564007421150278,0.9627598182749788,3234,3234,3234,6468
revision,ca_hepth,ca-HepTh,scientific_collaboration,2,quasi_local_walk,pfp,PFP-l3,steps,7.0,False,96.2476369892247,0.9870652836564959,0.9839115665381236,0.9505256648113791,0.9505256648113791,0.9505256648113791,0.9575053268682849,3234,3234,3234,6468
revision,ca_hepth,ca-HepTh,scientific_collaboration,3,quasi_local_path,lpi,LPI-beta-0.001,beta,0.1,False,0.07382271299138665,0.9698359346902526,0.9697730303680476,0.9455782312925171,0.9455782312925171,0.9455782312925171,0.9534843851367533,3234,3234,3234,6468
revision,ca_hepth,ca-HepTh,scientific_collaboration,3,quasi_local_path,lpi,LPI-beta-0.001,beta,0.01,False,0.07237929431721568,0.9698572295471337,0.9697816355979622,0.9455782312925171,0.9455782312925171,0.9455782312925171,0.9534865948098737,3234,3234,3234,6468
revision,ca_hepth,ca-HepTh,scientific_collaboration,3,quasi_local_path,lpi,LPI-beta-0.001,beta,0.001,True,0.07429624302312732,0.9698572295471337,0.9697816355979622,0.9455782312925171,0.9455782312925171,0.9455782312925171,0.9534865948098737,3234,3234,3234,6468
revision,ca_hepth,ca-HepTh,scientific_collaboration,3,quasi_local_walk,lrw,LRW-l3,steps,3.0,True,1.7703161500394344,0.9250914530947142,0.9239685388969777,0.8710575139146568,0.8710575139146568,0.8710575139146568,0.8893534835658022,3234,3234,3234,6468
revision,ca_hepth,ca-HepTh,scientific_collaboration,3,quasi_local_walk,srw,SRW-l3,steps,3.0,True,1.7703161500394344,0.9707289038444228,0.9702673052129718,0.9455782312925171,0.9455782312925171,0.9455782312925171,0.9535655461080431,3234,3234,3234,6468
revision,ca_hepth,ca-HepTh,scientific_collaboration,3,quasi_local_walk,pfp,PFP-l3,steps,3.0,True,1.7703161500394344,0.9698725962771784,0.9698295858513193,0.9455782312925171,0.9455782312925171,0.9455782312925171,0.9534531993877503,3234,3234,3234,6468
revision,ca_hepth,ca-HepTh,scientific_collaboration,3,quasi_local_walk,lrw,LRW-l3,steps,5.0,False,28.068933848291636,0.9843678766529582,0.9815045881173631,0.9523809523809523,0.9523809523809523,0.9523809523809523,0.9591638828650161,3234,3234,3234,6468
revision,ca_hepth,ca-HepTh,scientific_collaboration,3,quasi_local_walk,srw,SRW-l3,steps,5.0,False,28.068933848291636,0.9889880542312317,0.9867705107567286,0.9582560296846011,0.9582560296846011,0.9582560296846011,0.964341560295953,3234,3234,3234,6468
revision,ca_hepth,ca-HepTh,scientific_collaboration,3,quasi_local_walk,pfp,PFP-l3,steps,5.0,False,28.068933848291636,0.9870661402848898,0.9852557034507736,0.9539270253555968,0.9539270253555968,0.9539270253555969,0.960495835550962,3234,3234,3234,6468
revision,ca_hepth,ca-HepTh,scientific_collaboration,3,quasi_local_walk,lrw,LRW-l3,steps,7.0,False,94.92961215833202,0.9887551355821612,0.9861781840976116,0.9545454545454546,0.9545454545454546,0.9545454545454546,0.9609912447476354,3234,3234,3234,6468
revision,ca_hepth,ca-HepTh,scientific_collaboration,3,quasi_local_walk,srw,SRW-l3,steps,7.0,False,94.92961215833202,0.9910282094147695,0.9883482318547254,0.9579468150896723,0.9579468150896723,0.9579468150896723,0.9640726714545717,3234,3234,3234,6468
revision,ca_hepth,ca-HepTh,scientific_collaboration,3,quasi_local_walk,pfp,PFP-l3,steps,7.0,False,94.92961215833202,0.988734415081308,0.9862497987332336,0.9529993815708101,0.9529993815708101,0.9529993815708101,0.9596975871050126,3234,3234,3234,6468
revision,ca_hepth,ca-HepTh,scientific_collaboration,4,quasi_local_path,lpi,LPI-beta-0.001,beta,0.1,False,0.07090549217537045,0.9658141300096748,0.9656012627123151,0.9381570810142239,0.9381570810142239,0.9381570810142239,0.9471808528099348,3234,3234,3234,6468
revision,ca_hepth,ca-HepTh,scientific_collaboration,4,quasi_local_path,lpi,LPI-beta-0.001,beta,0.01,False,0.07038324885070324,0.9658110871759796,0.9655991592116693,0.9381570810142239,0.9381570810142239,0.9381570810142239,0.9471805310757742,3234,3234,3234,6468
revision,ca_hepth,ca-HepTh,scientific_collaboration,4,quasi_local_path,lpi,LPI-beta-0.001,beta,0.001,True,0.07373765204101801,0.9658110871759796,0.9655991592116692,0.9381570810142239,0.9381570810142239,0.9381570810142239,0.9471805310757742,3234,3234,3234,6468
revision,ca_hepth,ca-HepTh,scientific_collaboration,4,quasi_local_walk,lrw,LRW-l3,steps,3.0,True,1.7245104648172855,0.9256687568666091,0.9246427108539486,0.8701298701298701,0.8701298701298701,0.8701298701298701,0.888594459152571,3234,3234,3234,6468
revision,ca_hepth,ca-HepTh,scientific_collaboration,4,quasi_local_walk,srw,SRW-l3,steps,3.0,True,1.7245104648172855,0.9664953773155858,0.9660080510531082,0.9381570810142239,0.9381570810142239,0.9381570810142239,0.9472261989851968,3234,3234,3234,6468
revision,ca_hepth,ca-HepTh,scientific_collaboration,4,quasi_local_walk,pfp,PFP-l3,steps,3.0,True,1.7245104648172855,0.9658124508866269,0.9655928965165648,0.9381570810142239,0.9381570810142239,0.9381570810142239,0.9471410910410734,3234,3234,3234,6468
revision,ca_hepth,ca-HepTh,scientific_collaboration,4,quasi_local_walk,lrw,LRW-l3,steps,5.0,False,28.057026574853808,0.98324483662766,0.9799777334895278,0.9486703772418058,0.9486703772418058,0.9486703772418058,0.9560178524327833,3234,3234,3234,6468
revision,ca_hepth,ca-HepTh,scientific_collaboration,4,quasi_local_walk,srw,SRW-l3,steps,5.0,False,28.057026574853808,0.987166540574848,0.9844080883041921,0.9551638837353124,0.9551638837353124,0.9551638837353124,0.9617032232278694,3234,3234,3234,6468
revision,ca_hepth,ca-HepTh,scientific_collaboration,4,quasi_local_walk,pfp,PFP-l3,steps,5.0,False,28.057026574853808,0.9856697997756412,0.9830574974691062,0.9514533085961657,0.9514533085961657,0.9514533085961657,0.958428255626893,3234,3234,3234,6468
revision,ca_hepth,ca-HepTh,scientific_collaboration,4,quasi_local_walk,lrw,LRW-l3,steps,7.0,False,93.67217362299562,0.9870833749634633,0.9835646801589022,0.948361162646877,0.948361162646877,0.948361162646877,0.9557413382026483,3234,3234,3234,6468
revision,ca_hepth,ca-HepTh,scientific_collaboration,4,quasi_local_walk,srw,SRW-l3,steps,7.0,False,93.67217362299562,0.989661877172832,0.9865486870522651,0.9545454545454546,0.9545454545454546,0.9545454545454546,0.9611703279724122,3234,3234,3234,6468
revision,ca_hepth,ca-HepTh,scientific_collaboration,4,quasi_local_walk,pfp,PFP-l3,steps,7.0,False,93.67217362299562,0.9876983551620695,0.9845159883259539,0.9502164502164502,0.9502164502164502,0.9502164502164502,0.9573731649155461,3234,3234,3234,6468
revision,ca_hepth,ca-HepTh,scientific_collaboration,5,quasi_local_path,lpi,LPI-beta-0.001,beta,0.1,False,0.07003173790872097,0.9660771695164528,0.9660225143028479,0.9381379523662233,0.9381379523662233,0.9381379523662233,0.9471205110338944,3233,3233,3233,6466
revision,ca_hepth,ca-HepTh,scientific_collaboration,5,quasi_local_path,lpi,LPI-beta-0.001,beta,0.01,False,0.0714324009604752,0.9661152728619248,0.9660382046458915,0.9381379523662233,0.9381379523662233,0.9381379523662233,0.9471228988599075,3233,3233,3233,6466
revision,ca_hepth,ca-HepTh,scientific_collaboration,5,quasi_local_path,lpi,LPI-beta-0.001,beta,0.001,True,0.07325535593554378,0.9661152728619248,0.9660382046458915,0.9381379523662233,0.9381379523662233,0.9381379523662233,0.9471228988599075,3233,3233,3233,6466
revision,ca_hepth,ca-HepTh,scientific_collaboration,5,quasi_local_walk,lrw,LRW-l3,steps,3.0,True,1.6998090888373554,0.9227326223191933,0.9213831056527425,0.8666872873492113,0.8666872873492113,0.8666872873492113,0.8855952793354198,3233,3233,3233,6466
revision,ca_hepth,ca-HepTh,scientific_collaboration,5,quasi_local_walk,srw,SRW-l3,steps,3.0,True,1.6998090888373554,0.9670621725725173,0.9664685888421188,0.9381379523662233,0.9381379523662233,0.9381379523662233,0.9472116734629458,3233,3233,3233,6466
revision,ca_hepth,ca-HepTh,scientific_collaboration,5,quasi_local_walk,pfp,PFP-l3,steps,3.0,True,1.6998090888373554,0.9660481227659738,0.9657964872574802,0.9381379523662233,0.9381379523662233,0.9381379523662233,0.9470909579377249,3233,3233,3233,6466
revision,ca_hepth,ca-HepTh,scientific_collaboration,5,quasi_local_walk,lrw,LRW-l3,steps,5.0,False,28.89881631033495,0.9825015510811295,0.9791762837786058,0.9474172595112899,0.9474172595112899,0.9474172595112899,0.9549227892021208,3233,3233,3233,6466
revision,ca_hepth,ca-HepTh,scientific_collaboration,5,quasi_local_walk,srw,SRW-l3,steps,5.0,False,28.89881631033495,0.9866333660018457,0.9837602557678993,0.9536034642746675,0.9536034642746675,0.9536034642746675,0.9603733626474528,3233,3233,3233,6466
revision,ca_hepth,ca-HepTh,scientific_collaboration,5,quasi_local_walk,pfp,PFP-l3,steps,5.0,False,28.89881631033495,0.9846807828977164,0.9821892601706669,0.9480358799876276,0.9480358799876276,0.9480358799876276,0.9554645725701236,3233,3233,3233,6466
revision,ca_hepth,ca-HepTh,scientific_collaboration,5,quasi_local_walk,lrw,LRW-l3,steps,7.0,False,95.44639800628647,0.9872924604876815,0.9843318530515182,0.9486545004639654,0.9486545004639654,0.9486545004639654,0.9559427445490835,3233,3233,3233,6466
revision,ca_hepth,ca-HepTh,scientific_collaboration,5,quasi_local_walk,srw,SRW-l3,steps,7.0,False,95.44639800628647,0.9899504793836434,0.9869363543239189,0.9536034642746675,0.9536034642746675,0.9536034642746675,0.9603674294420633,3233,3233,3233,6466
revision,ca_hepth,ca-HepTh,scientific_collaboration,5,quasi_local_walk,pfp,PFP-l3,steps,7.0,False,95.44639800628647,0.9877036518702813,0.9849161269842425,0.9477265697494587,0.9477265697494587,0.9477265697494587,0.9551959128625904,3233,3233,3233,6466
revision,email_eu_core,email-Eu-core,communication,1,quasi_local_path,lpi,LPI-beta-0.001,beta,0.1,False,0.0813672081567347,0.9240202504837864,0.9329720381660322,0.8610742705570292,0.8610742705570292,0.8610742705570292,0.875178962002591,3016,3016,3016,6032
revision,email_eu_core,email-Eu-core,communication,1,quasi_local_path,lpi,LPI-beta-0.001,beta,0.01,False,0.08162499498575926,0.9384350246887418,0.9448216387049794,0.8756631299734748,0.8756631299734748,0.8756631299734748,0.8889765313192735,3016,3016,3016,6032
revision,email_eu_core,email-Eu-core,communication,1,quasi_local_path,lpi,LPI-beta-0.001,beta,0.001,True,0.08091579983010888,0.9417281311900096,0.946773540674317,0.8769893899204244,0.8769893899204244,0.8769893899204244,0.8904092740232471,3016,3016,3016,6032
revision,email_eu_core,email-Eu-core,communication,1,quasi_local_walk,lrw,LRW-l3,steps,3.0,True,5.380506976041943,0.9493322454010683,0.9545494322059538,0.8879310344827587,0.8879310344827587,0.8879310344827587,0.898122705028219,3016,3016,3016,6032
revision,email_eu_core,email-Eu-core,communication,1,quasi_local_walk,srw,SRW-l3,steps,3.0,True,5.380506976041943,0.9553281655838237,0.9595528094196117,0.8958885941644562,0.8958885941644562,0.8958885941644562,0.9065231158297434,3016,3016,3016,6032
revision,email_eu_core,email-Eu-core,communication,1,quasi_local_walk,pfp,PFP-l3,steps,3.0,True,5.380506976041943,0.9208893926808875,0.9336398403914754,0.8610742705570292,0.8610742705570292,0.8610742705570292,0.8739402007875787,3016,3016,3016,6032
revision,email_eu_core,email-Eu-core,communication,1,quasi_local_walk,lrw,LRW-l3,steps,5.0,False,8.371822711080313,0.9287159090771616,0.936471115148914,0.8620689655172413,0.8620689655172413,0.8620689655172413,0.8741856711275128,3016,3016,3016,6032
revision,email_eu_core,email-Eu-core,communication,1,quasi_local_walk,srw,SRW-l3,steps,5.0,False,8.371822711080313,0.949821577059322,0.9550129196012074,0.8892572944297082,0.8892572944297082,0.8892572944297082,0.900368578299642,3016,3016,3016,6032
revision,email_eu_core,email-Eu-core,communication,1,quasi_local_walk,pfp,PFP-l3,steps,5.0,False,8.371822711080313,0.9128158346034414,0.9267957608053248,0.8570954907161804,0.8570954907161804,0.8570954907161804,0.8693735214653822,3016,3016,3016,6032
revision,email_eu_core,email-Eu-core,communication,1,quasi_local_walk,lrw,LRW-l3,steps,7.0,False,8.199504065327346,0.9086972899489815,0.9179097422060242,0.8408488063660478,0.8408488063660478,0.8408488063660478,0.8542886838548173,3016,3016,3016,6032
revision,email_eu_core,email-Eu-core,communication,1,quasi_local_walk,srw,SRW-l3,steps,7.0,False,8.199504065327346,0.9434672103307662,0.9494986728605703,0.8809681697612732,0.8809681697612732,0.8809681697612732,0.8927700326530179,3016,3016,3016,6032
revision,email_eu_core,email-Eu-core,communication,1,quasi_local_walk,pfp,PFP-l3,steps,7.0,False,8.199504065327346,0.9128113188348803,0.9267867461074095,0.8570954907161804,0.8570954907161804,0.8570954907161804,0.8693735214653822,3016,3016,3016,6032
revision,email_eu_core,email-Eu-core,communication,2,quasi_local_path,lpi,LPI-beta-0.001,beta,0.1,False,0.08018281497061253,0.9185457705871533,0.926914161166968,0.8521220159151194,0.8521220159151194,0.8521220159151194,0.8673830536298741,3016,3016,3016,6032
revision,email_eu_core,email-Eu-core,communication,2,quasi_local_path,lpi,LPI-beta-0.001,beta,0.01,False,0.0787967350333929,0.9365153480964513,0.941969256362178,0.871684350132626,0.871684350132626,0.8716843501326259,0.8857828040781186,3016,3016,3016,6032
revision,email_eu_core,email-Eu-core,communication,2,quasi_local_path,lpi,LPI-beta-0.001,beta,0.001,True,0.0788925220258534,0.9409778770278494,0.944799321830872,0.8743368700265252,0.8743368700265252,0.8743368700265252,0.8886005249385425,3016,3016,3016,6032
revision,email_eu_core,email-Eu-core,communication,2,quasi_local_walk,lrw,LRW-l3,steps,3.0,True,5.075842284131795,0.9457841930347337,0.9493325605611804,0.879973474801061,0.879973474801061,0.879973474801061,0.8937603975847679,3016,3016,3016,6032
revision,email_eu_core,email-Eu-core,communication,2,quasi_local_walk,srw,SRW-l3,steps,3.0,True,5.075842284131795,0.9537679033266595,0.9560002488936107,0.8875994694960212,0.8875994694960212,0.8875994694960212,0.9010611027811912,3016,3016,3016,6032
revision,email_eu_core,email-Eu-core,communication,2,quasi_local_walk,pfp,PFP-l3,steps,3.0,True,5.075842284131795,0.9119556074898807,0.9266018898324762,0.8524535809018567,0.8524535809018567,0.8524535809018567,0.8631581686135817,3016,3016,3016,6032
revision,email_eu_core,email-Eu-core,communication,2,quasi_local_walk,lrw,LRW-l3,steps,5.0,False,7.931666700635105,0.9196407656076859,0.926787130881101,0.8444960212201591,0.8444960212201591,0.8444960212201591,0.8610758081026808,3016,3016,3016,6032
revision,email_eu_core,email-Eu-core,communication,2,quasi_local_walk,srw,SRW-l3,steps,5.0,False,7.931666700635105,0.9455437785387575,0.9493791731455228,0.8806366047745358,0.8806366047745358,0.8806366047745358,0.8942769301263244,3016,3016,3016,6032
revision,email_eu_core,email-Eu-core,communication,2,quasi_local_walk,pfp,PFP-l3,steps,5.0,False,7.931666700635105,0.9022018782548129,0.9183348621674676,0.8464854111405835,0.8464854111405835,0.8464854111405835,0.857028216918496,3016,3016,3016,6032
revision,email_eu_core,email-Eu-core,communication,2,quasi_local_walk,lrw,LRW-l3,steps,7.0,False,8.032136573921889,0.8968164907460376,0.9058586301880686,0.8226127320954907,0.8226127320954907,0.8226127320954907,0.8402180967598126,3016,3016,3016,6032
revision,email_eu_core,email-Eu-core,communication,2,quasi_local_walk,srw,SRW-l3,steps,7.0,False,8.032136573921889,0.937180029684064,0.9423594718530348,0.868368700265252,0.868368700265252,0.868368700265252,0.8830223593189878,3016,3016,3016,6032
revision,email_eu_core,email-Eu-core,communication,2,quasi_local_walk,pfp,PFP-l3,steps,7.0,False,8.032136573921889,0.9021988413685982,0.9183277163703396,0.8464854111405835,0.8464854111405835,0.8464854111405835,0.857028216918496,3016,3016,3016,6032
revision,email_eu_core,email-Eu-core,communication,3,quasi_local_path,lpi,LPI-beta-0.001,beta,0.1,False,0.07797931600362062,0.9224851753084959,0.9306299207058378,0.8544429708222812,0.8544429708222812,0.8544429708222812,0.8697269543041884,3016,3016,3016,6032
revision,email_eu_core,email-Eu-core,communication,3,quasi_local_path,lpi,LPI-beta-0.001,beta,0.01,False,0.07814432540908456,0.9383912069849067,0.9442135313693898,0.871684350132626,0.871684350132626,0.8716843501326259,0.8859667354623048,3016,3016,3016,6032
revision,email_eu_core,email-Eu-core,communication,3,quasi_local_path,lpi,LPI-beta-0.001,beta,0.001,True,0.077842575032264,0.9420986699649032,0.9465436658774774,0.8726790450928382,0.8726790450928382,0.8726790450928382,0.8872881359477289,3016,3016,3016,6032
revision,email_eu_core,email-Eu-core,communication,3,quasi_local_walk,lrw,LRW-l3,steps,3.0,True,5.093817895743996,0.9500786167365034,0.9525337677391665,0.8826259946949602,0.8826259946949602,0.8826259946949603,0.8965520191305015,3016,3016,3016,6032
revision,email_eu_core,email-Eu-core,communication,3,quasi_local_walk,srw,SRW-l3,steps,3.0,True,5.093817895743996,0.9564793411875098,0.9588159678003785,0.8942307692307693,0.8942307692307693,0.8942307692307693,0.9069028773322811,3016,3016,3016,6032
revision,email_eu_core,email-Eu-core,communication,3,quasi_local_walk,pfp,PFP-l3,steps,3.0,True,5.093817895743996,0.91826406204562,0.9310904398468997,0.8570954907161804,0.8570954907161804,0.8570954907161804,0.8706920699498661,3016,3016,3016,6032
revision,email_eu_core,email-Eu-core,communication,3,quasi_local_walk,lrw,LRW-l3,steps,5.0,False,8.016586853191257,0.9259567487772395,0.9308098848581217,0.8521220159151194,0.8521220159151194,0.8521220159151194,0.8683808049339046,3016,3016,3016,6032
revision,email_eu_core,email-Eu-core,communication,3,quasi_local_walk,srw,SRW-l3,steps,5.0,False,8.016586853191257,0.9496009567803367,0.9526462315924265,0.8829575596816976,0.8829575596816976,0.8829575596816976,0.896710172219428,3016,3016,3016,6032
revision,email_eu_core,email-Eu-core,communication,3,quasi_local_walk,pfp,PFP-l3,steps,5.0,False,8.016586853191257,0.9087533744887635,0.9223682798725102,0.846816976127321,0.846816976127321,0.846816976127321,0.8610670198300642,3016,3016,3016,6032
revision,email_eu_core,email-Eu-core,communication,3,quasi_local_walk,lrw,LRW-l3,steps,7.0,False,8.455417349934578,0.9038653784870082,0.9101287386810573,0.830238726790451,0.830238726790451,0.8302387267904511,0.8476871478029758,3016,3016,3016,6032
revision,email_eu_core,email-Eu-core,communication,3,quasi_local_walk,srw,SRW-l3,steps,7.0,False,8.455417349934578,0.9420833272836633,0.9459428142743564,0.875,0.875,0.875,0.8892458966463472,3016,3016,3016,6032
revision,email_eu_core,email-Eu-core,communication,3,quasi_local_walk,pfp,PFP-l3,steps,7.0,False,8.455417349934578,0.9087524119430834,0.9223660811657016,0.846816976127321,0.846816976127321,0.846816976127321,0.8610670198300642,3016,3016,3016,6032
revision,email_eu_core,email-Eu-core,communication,4,quasi_local_path,lpi,LPI-beta-0.001,beta,0.1,False,0.07963931933045387,0.9254832906653752,0.9331590381801039,0.8587533156498673,0.8587533156498673,0.8587533156498673,0.8736906887054418,3016,3016,3016,6032
revision,email_eu_core,email-Eu-core,communication,4,quasi_local_path,lpi,LPI-beta-0.001,beta,0.01,False,0.07978969579562545,0.9418268059342997,0.9467978363845521,0.8829575596816976,0.8829575596816976,0.8829575596816976,0.895851443035508,3016,3016,3016,6032
revision,email_eu_core,email-Eu-core,communication,4,quasi_local_path,lpi,LPI-beta-0.001,beta,0.001,True,0.08028324181213975,0.9456499328928991,0.9490634938154775,0.8809681697612732,0.8809681697612732,0.8809681697612732,0.8946677763014977,3016,3016,3016,6032
revision,email_eu_core,email-Eu-core,communication,4,quasi_local_walk,lrw,LRW-l3,steps,3.0,True,5.110394773073494,0.9509048613974754,0.9546991641396195,0.8895888594164456,0.8895888594164456,0.8895888594164456,0.9023740676184024,3016,3016,3016,6032
revision,email_eu_core,email-Eu-core,communication,4,quasi_local_walk,srw,SRW-l3,steps,3.0,True,5.110394773073494,0.9575068858983056,0.9600163517825355,0.8968832891246684,0.8968832891246684,0.8968832891246684,0.9092313483368973,3016,3016,3016,6032
revision,email_eu_core,email-Eu-core,communication,4,quasi_local_walk,pfp,PFP-l3,steps,3.0,True,5.110394773073494,0.9236469614900286,0.9312473725453637,0.8544429708222812,0.8544429708222812,0.8544429708222812,0.8697927499191591,3016,3016,3016,6032
revision,email_eu_core,email-Eu-core,communication,4,quasi_local_walk,lrw,LRW-l3,steps,5.0,False,8.19660115474835,0.9253429717595554,0.9325850108000479,0.855106100795756,0.855106100795756,0.855106100795756,0.8705995438473106,3016,3016,3016,6032
revision,email_eu_core,email-Eu-core,communication,4,quasi_local_walk,srw,SRW-l3,steps,5.0,False,8.19660115474835,0.9500197665597891,0.954117606188744,0.8879310344827587,0.8879310344827587,0.8879310344827587,0.9008643407989015,3016,3016,3016,6032
revision,email_eu_core,email-Eu-core,communication,4,quasi_local_walk,pfp,PFP-l3,steps,5.0,False,8.19660115474835,0.9130096463315478,0.9218555414447438,0.8458222811671088,0.8458222811671088,0.8458222811671088,0.8613716080239439,3016,3016,3016,6032
revision,email_eu_core,email-Eu-core,communication,4,quasi_local_walk,lrw,LRW-l3,steps,7.0,False,8.57127483189106,0.9029888086544141,0.9118826471022804,0.8272546419098143,0.8272546419098143,0.8272546419098143,0.844774879121559,3016,3016,3016,6032
revision,email_eu_core,email-Eu-core,communication,4,quasi_local_walk,srw,SRW-l3,steps,7.0,False,8.57127483189106,0.9421015419338382,0.9475848085190215,0.8793103448275862,0.8793103448275862,0.8793103448275863,0.8927492035479926,3016,3016,3016,6032
revision,email_eu_core,email-Eu-core,communication,4,quasi_local_walk,pfp,PFP-l3,steps,7.0,False,8.57127483189106,0.9130220214881337,0.9218771987068086,0.8458222811671088,0.8458222811671088,0.8458222811671088,0.8613716080239439,3016,3016,3016,6032
revision,email_eu_core,email-Eu-core,communication,5,quasi_local_path,lpi,LPI-beta-0.001,beta,0.1,False,0.08196646394208074,0.925445382327005,0.931557579707873,0.8580431177446103,0.8580431177446103,0.8580431177446103,0.8732001769504867,3015,3015,3015,6030
revision,email_eu_core,email-Eu-core,communication,5,quasi_local_path,lpi,LPI-beta-0.001,beta,0.01,False,0.08074207091704011,0.9416672846460514,0.9454559155576456,0.8766169154228856,0.8766169154228856,0.8766169154228854,0.8905786295510538,3015,3015,3015,6030
revision,email_eu_core,email-Eu-core,communication,5,quasi_local_path,lpi,LPI-beta-0.001,beta,0.001,True,0.08078347472473979,0.9454567455655885,0.9478846783220436,0.8776119402985074,0.8776119402985074,0.8776119402985074,0.891904176747308,3015,3015,3015,6030
revision,email_eu_core,email-Eu-core,communication,5,quasi_local_walk,lrw,LRW-l3,steps,3.0,True,5.153056042268872,0.9514582253722554,0.9540775943389739,0.8849087893864013,0.8849087893864013,0.8849087893864013,0.898554123112588,3015,3015,3015,6030
revision,email_eu_core,email-Eu-core,communication,5,quasi_local_walk,srw,SRW-l3,steps,3.0,True,5.153056042268872,0.9591029218005587,0.9605893693500438,0.8965174129353234,0.8965174129353234,0.8965174129353234,0.9091347404696062,3015,3015,3015,6030
revision,email_eu_core,email-Eu-core,communication,5,quasi_local_walk,pfp,PFP-l3,steps,3.0,True,5.153056042268872,0.9204171498422745,0.9326997956596235,0.8623548922056384,0.8623548922056384,0.8623548922056384,0.87549987930514,3015,3015,3015,6030
revision,email_eu_core,email-Eu-core,communication,5,quasi_local_walk,lrw,LRW-l3,steps,5.0,False,8.302824039943516,0.9287296403822415,0.9336150645336061,0.8633499170812604,0.8633499170812604,0.8633499170812604,0.8781242799261212,3015,3015,3015,6030
revision,email_eu_core,email-Eu-core,communication,5,quasi_local_walk,srw,SRW-l3,steps,5.0,False,8.302824039943516,0.9520603861273428,0.9546297258868729,0.8882255389718077,0.8882255389718077,0.8882255389718077,0.901424076304476,3015,3015,3015,6030
revision,email_eu_core,email-Eu-core,communication,5,quasi_local_walk,pfp,PFP-l3,steps,5.0,False,8.302824039943516,0.9110994337140351,0.9245276657068445,0.8530679933665009,0.8530679933665009,0.8530679933665009,0.8666557313260961,3015,3015,3015,6030
revision,email_eu_core,email-Eu-core,communication,5,quasi_local_walk,lrw,LRW-l3,steps,7.0,False,8.355112225282937,0.9085070459525286,0.9144549227329356,0.8384742951907131,0.8384742951907131,0.8384742951907131,0.8551273725243452,3015,3015,3015,6030
revision,email_eu_core,email-Eu-core,communication,5,quasi_local_walk,srw,SRW-l3,steps,7.0,False,8.355112225282937,0.9448809920690249,0.9483734451017438,0.87893864013267,0.87893864013267,0.87893864013267,0.8928644278852815,3015,3015,3015,6030
revision,email_eu_core,email-Eu-core,communication,5,quasi_local_walk,pfp,PFP-l3,steps,7.0,False,8.355112225282937,0.9110964816592881,0.9245213952349914,0.8530679933665009,0.8530679933665009,0.8530679933665009,0.8666557313260961,3015,3015,3015,6030
revision,email_univ,email-univ,communication,1,quasi_local_path,lpi,LPI-beta-0.001,beta,0.1,False,0.01970305573195219,0.9274326735582851,0.9278850790895061,0.8657407407407407,0.8657407407407407,0.8657407407407407,0.8859972868314273,864,864,864,1728
revision,email_univ,email-univ,communication,1,quasi_local_path,lpi,LPI-beta-0.001,beta,0.01,False,0.01964905997738242,0.9285110457222219,0.9279339741941016,0.8657407407407407,0.8657407407407407,0.8657407407407407,0.8861864982499208,864,864,864,1728
revision,email_univ,email-univ,communication,1,quasi_local_path,lpi,LPI-beta-0.001,beta,0.001,True,0.01964414119720459,0.9285110457222219,0.9279339741941016,0.8657407407407407,0.8657407407407407,0.8657407407407407,0.8861864982499208,864,864,864,1728
revision,email_univ,email-univ,communication,1,quasi_local_walk,lrw,LRW-l3,steps,3.0,True,0.6630488950759172,0.9285409033029908,0.9233673053840876,0.8553240740740741,0.8553240740740741,0.8553240740740741,0.8778455186474652,864,864,864,1728
revision,email_univ,email-univ,communication,1,quasi_local_walk,srw,SRW-l3,steps,3.0,True,0.6630488950759172,0.9382599643186673,0.9336413055126886,0.8703703703703703,0.8703703703703703,0.8703703703703703,0.8907919994872888,864,864,864,1728
revision,email_univ,email-univ,communication,1,quasi_local_walk,pfp,PFP-l3,steps,3.0,True,0.6630488950759172,0.9265069794476403,0.9247377079046639,0.8611111111111112,0.8611111111111112,0.8611111111111112,0.8817003109892765,864,864,864,1728
revision,email_univ,email-univ,communication,1,quasi_local_walk,lrw,LRW-l3,steps,5.0,False,3.1951634800061584,0.9366524399949743,0.9350123778292183,0.8576388888888888,0.8576388888888888,0.8576388888888888,0.8790328845297597,864,864,864,1728
revision,email_univ,email-univ,communication,1,quasi_local_walk,srw,SRW-l3,steps,5.0,False,3.1951634800061584,0.9486351535143949,0.9446547603737997,0.8703703703703703,0.8703703703703703,0.8703703703703703,0.8908999118719308,864,864,864,1728
revision,email_univ,email-univ,communication,1,quasi_local_walk,pfp,PFP-l3,steps,5.0,False,3.1951634800061584,0.9287672471738142,0.926002282664609,0.8530092592592593,0.8530092592592593,0.8530092592592593,0.8745850995219802,864,864,864,1728
revision,email_univ,email-univ,communication,1,quasi_local_walk,lrw,LRW-l3,steps,7.0,False,3.741379924118519,0.9260518621874926,0.9263251243141288,0.8541666666666666,0.8541666666666666,0.8541666666666666,0.8749290662356535,864,864,864,1728
revision,email_univ,email-univ,communication,1,quasi_local_walk,srw,SRW-l3,steps,7.0,False,3.741379924118519,0.9477345653560794,0.9442863725994514,0.8738425925925926,0.8738425925925926,0.8738425925925926,0.8935360894808233,864,864,864,1728
revision,email_univ,email-univ,communication,1,quasi_local_walk,pfp,PFP-l3,steps,7.0,False,3.741379924118519,0.9279772693401565,0.9244992605452673,0.8541666666666666,0.8541666666666666,0.8541666666666666,0.8755072728495029,864,864,864,1728
revision,email_univ,email-univ,communication,2,quasi_local_path,lpi,LPI-beta-0.001,beta,0.1,False,0.02387575339525938,0.925102803697875,0.9236024037637174,0.8645833333333334,0.8645833333333334,0.8645833333333333,0.8849195221468078,864,864,864,1728
revision,email_univ,email-univ,communication,2,quasi_local_path,lpi,LPI-beta-0.001,beta,0.01,False,0.04013172397390008,0.9266156671472677,0.9240129886831275,0.8645833333333334,0.8645833333333334,0.8645833333333333,0.8851853886312154,864,864,864,1728
revision,email_univ,email-univ,communication,2,quasi_local_path,lpi,LPI-beta-0.001,beta,0.001,True,0.019567294977605343,0.9266156671472677,0.9240129886831275,0.8645833333333334,0.8645833333333334,0.8645833333333333,0.8851853886312154,864,864,864,1728
revision,email_univ,email-univ,communication,2,quasi_local_walk,lrw,LRW-l3,steps,3.0,True,0.6788861230015755,0.9310370946571269,0.9232574588477366,0.8668981481481481,0.8668981481481481,0.8668981481481481,0.8876875382289,864,864,864,1728
revision,email_univ,email-univ,communication,2,quasi_local_walk,srw,SRW-l3,steps,3.0,True,0.6788861230015755,0.9359464132694195,0.9306787980109739,0.875,0.875,0.875,0.894252912775633,864,864,864,1728
revision,email_univ,email-univ,communication,2,quasi_local_walk,pfp,PFP-l3,steps,3.0,True,0.6788861230015755,0.9095010536123938,0.916652600951646,0.8611111111111112,0.8611111111111112,0.8611111111111112,0.872042704126541,864,864,864,1728
revision,email_univ,email-univ,communication,2,quasi_local_walk,lrw,LRW-l3,steps,5.0,False,3.1819482832215726,0.9430144246655116,0.9412026320301785,0.8657407407407407,0.8657407407407407,0.8657407407407407,0.8863945355241728,864,864,864,1728
revision,email_univ,email-univ,communication,2,quasi_local_walk,srw,SRW-l3,steps,5.0,False,3.1819482832215726,0.9485836385945601,0.9463788151577502,0.8761574074074074,0.8761574074074074,0.8761574074074074,0.8954172693347926,864,864,864,1728
revision,email_univ,email-univ,communication,2,quasi_local_walk,pfp,PFP-l3,steps,5.0,False,3.1819482832215726,0.9110105875596969,0.9190564986282579,0.8495370370370371,0.8495370370370371,0.8495370370370371,0.8618708108604196,864,864,864,1728
revision,email_univ,email-univ,communication,2,quasi_local_walk,lrw,LRW-l3,steps,7.0,False,3.6461870218627155,0.93305814066203,0.9334624699931413,0.8530092592592593,0.8530092592592593,0.8530092592592593,0.8747765097700423,864,864,864,1728
revision,email_univ,email-univ,communication,2,quasi_local_walk,srw,SRW-l3,steps,7.0,False,3.6461870218627155,0.9483571134934963,0.9465382265946503,0.875,0.875,0.875,0.8944502983990792,864,864,864,1728
revision,email_univ,email-univ,communication,2,quasi_local_walk,pfp,PFP-l3,steps,7.0,False,3.6461870218627155,0.9102168958289975,0.9177303026406036,0.8483796296296297,0.8483796296296297,0.8483796296296297,0.8609009224802535,864,864,864,1728
revision,email_univ,email-univ,communication,3,quasi_local_path,lpi,LPI-beta-0.001,beta,0.1,False,0.01836167788133025,0.9354721305086686,0.9395495756172839,0.8738425925925926,0.8738425925925926,0.8738425925925926,0.892699476482364,864,864,864,1728
revision,email_univ,email-univ,communication,3,quasi_local_path,lpi,LPI-beta-0.001,beta,0.01,False,0.018461317755281925,0.9376381532027867,0.9402394654492455,0.8738425925925926,0.8738425925925926,0.8738425925925926,0.8930908205754569,864,864,864,1728
revision,email_univ,email-univ,communication,3,quasi_local_path,lpi,LPI-beta-0.001,beta,0.001,True,0.018467048183083534,0.9376381532027867,0.9402394654492455,0.8738425925925926,0.8738425925925926,0.8738425925925926,0.8930908205754569,864,864,864,1728
revision,email_univ,email-univ,communication,3,quasi_local_walk,lrw,LRW-l3,steps,3.0,True,0.6031201309524477,0.9345600361722586,0.9320023148148149,0.8680555555555556,0.8680555555555556,0.8680555555555556,0.8882258971518496,864,864,864,1728
revision,email_univ,email-univ,communication,3,quasi_local_walk,srw,SRW-l3,steps,3.0,True,0.6031201309524477,0.9466416498435377,0.9430613158007544,0.8773148148148148,0.8773148148148148,0.8773148148148148,0.896801028136573,864,864,864,1728
revision,email_univ,email-univ,communication,3,quasi_local_walk,pfp,PFP-l3,steps,3.0,True,0.6031201309524477,0.9233570460264102,0.9306848261745542,0.8657407407407407,0.8657407407407407,0.8657407407407407,0.8833105968099967,864,864,864,1728
revision,email_univ,email-univ,communication,3,quasi_local_walk,lrw,LRW-l3,steps,5.0,False,2.9940968551672995,0.9411659322468848,0.9428972157921811,0.8703703703703703,0.8703703703703703,0.8703703703703703,0.8895182386383106,864,864,864,1728
revision,email_univ,email-univ,communication,3,quasi_local_walk,srw,SRW-l3,steps,5.0,False,2.9940968551672995,0.9536757617549702,0.9522140775034293,0.8854166666666666,0.8854166666666666,0.8854166666666666,0.9032919686704503,864,864,864,1728
revision,email_univ,email-univ,communication,3,quasi_local_walk,pfp,PFP-l3,steps,5.0,False,2.9940968551672995,0.9217827389571245,0.9286854852537721,0.8599537037037037,0.8599537037037037,0.8599537037037037,0.8776233493694999,864,864,864,1728
revision,email_univ,email-univ,communication,3,quasi_local_walk,lrw,LRW-l3,steps,7.0,False,3.4591634050011635,0.9304931789069302,0.934666763117284,0.8634259259259259,0.8634259259259259,0.8634259259259259,0.8825464430190815,864,864,864,1728
revision,email_univ,email-univ,communication,3,quasi_local_walk,srw,SRW-l3,steps,7.0,False,3.4591634050011635,0.9517340859944325,0.9508235811042525,0.8807870370370371,0.8807870370370371,0.8807870370370371,0.899319315678156,864,864,864,1728
revision,email_univ,email-univ,communication,3,quasi_local_walk,pfp,PFP-l3,steps,7.0,False,3.4591634050011635,0.920736221264751,0.9268663194444444,0.8587962962962963,0.8587962962962963,0.8587962962962963,0.8766613020412777,864,864,864,1728
revision,email_univ,email-univ,communication,4,quasi_local_path,lpi,LPI-beta-0.001,beta,0.1,False,0.0188059089705348,0.925728479511307,0.9254852001886145,0.8715277777777778,0.8715277777777778,0.8715277777777778,0.890081907918388,864,864,864,1728
revision,email_univ,email-univ,communication,4,quasi_local_path,lpi,LPI-beta-0.001,beta,0.01,False,0.018906479235738516,0.9254517970947975,0.9249761552640604,0.8715277777777778,0.8715277777777778,0.8715277777777778,0.8899791933349975,864,864,864,1728
revision,email_univ,email-univ,communication,4,quasi_local_path,lpi,LPI-beta-0.001,beta,0.001,True,0.018937771674245596,0.9254517970947975,0.9249761552640604,0.8715277777777778,0.8715277777777778,0.8715277777777778,0.8899791933349975,864,864,864,1728
revision,email_univ,email-univ,communication,4,quasi_local_walk,lrw,LRW-l3,steps,3.0,True,0.6379358898848295,0.9307541951553877,0.9244229038065844,0.8703703703703703,0.8703703703703703,0.8703703703703703,0.8903032108612641,864,864,864,1728
revision,email_univ,email-univ,communication,4,quasi_local_walk,srw,SRW-l3,steps,3.0,True,0.6379358898848295,0.9364217840909121,0.9301342539008917,0.8807870370370371,0.8807870370370371,0.8807870370370371,0.8991574519447161,864,864,864,1728
revision,email_univ,email-univ,communication,4,quasi_local_walk,pfp,PFP-l3,steps,3.0,True,0.6379358898848295,0.9173619640290551,0.9198669517318243,0.8703703703703703,0.8703703703703703,0.8703703703703703,0.8876860433718667,864,864,864,1728
revision,email_univ,email-univ,communication,4,quasi_local_walk,lrw,LRW-l3,steps,5.0,False,3.1966550671495497,0.9402115185883573,0.9370599440586421,0.8680555555555556,0.8680555555555556,0.8680555555555556,0.887943827371108,864,864,864,1728
revision,email_univ,email-univ,communication,4,quasi_local_walk,srw,SRW-l3,steps,5.0,False,3.1966550671495497,0.9483697485014222,0.9436828864454732,0.8807870370370371,0.8807870370370371,0.8807870370370371,0.8992980842766861,864,864,864,1728
revision,email_univ,email-univ,communication,4,quasi_local_walk,pfp,PFP-l3,steps,5.0,False,3.1966550671495497,0.9196615768440068,0.9217577857081618,0.8611111111111112,0.8611111111111112,0.8611111111111112,0.8794294646402498,864,864,864,1728
revision,email_univ,email-univ,communication,4,quasi_local_walk,lrw,LRW-l3,steps,7.0,False,3.5193671509623528,0.9308859358099915,0.9298790616426612,0.8541666666666666,0.8541666666666666,0.8541666666666666,0.8754372939276296,864,864,864,1728
revision,email_univ,email-univ,communication,4,quasi_local_walk,srw,SRW-l3,steps,7.0,False,3.5193671509623528,0.9480044077509232,0.9439568329903978,0.875,0.875,0.875,0.8944998466253609,864,864,864,1728
revision,email_univ,email-univ,communication,4,quasi_local_walk,pfp,PFP-l3,steps,7.0,False,3.5193671509623528,0.9190152110061608,0.9208287787208506,0.8587962962962963,0.8587962962962963,0.8587962962962963,0.8775171070598317,864,864,864,1728
revision,email_univ,email-univ,communication,5,quasi_local_path,lpi,LPI-beta-0.001,beta,0.1,False,0.01857481664046645,0.9273570328537404,0.9288114838292143,0.8667439165701043,0.8667439165701043,0.8667439165701042,0.8866792809443541,863,863,863,1726
revision,email_univ,email-univ,communication,5,quasi_local_path,lpi,LPI-beta-0.001,beta,0.01,False,0.019017605111002922,0.9271935889203988,0.9285275031586977,0.8667439165701043,0.8667439165701043,0.8667439165701042,0.8866215421823317,863,863,863,1726
revision,email_univ,email-univ,communication,5,quasi_local_path,lpi,LPI-beta-0.001,beta,0.001,True,0.01874605705961585,0.9271935889203988,0.9285275031586977,0.8667439165701043,0.8667439165701043,0.8667439165701042,0.8866215421823317,863,863,863,1726
revision,email_univ,email-univ,communication,5,quasi_local_walk,lrw,LRW-l3,steps,3.0,True,0.6311078607104719,0.9270045058767816,0.923264126192148,0.8597914252607184,0.8597914252607184,0.8597914252607184,0.8811099339075663,863,863,863,1726
revision,email_univ,email-univ,communication,5,quasi_local_walk,srw,SRW-l3,steps,3.0,True,0.6311078607104719,0.936345639485023,0.9323494936013718,0.86558516801854,0.86558516801854,0.8655851680185399,0.8865858958114942,863,863,863,1726
revision,email_univ,email-univ,communication,5,quasi_local_walk,pfp,PFP-l3,steps,3.0,True,0.6311078607104719,0.9180439924579151,0.9249606253751165,0.8609501738122828,0.8609501738122828,0.8609501738122827,0.8726039741150898,863,863,863,1726
revision,email_univ,email-univ,communication,5,quasi_local_walk,lrw,LRW-l3,steps,5.0,False,3.0465662511996925,0.9356055739218418,0.9337700683030578,0.86558516801854,0.86558516801854,0.8655851680185399,0.8854486945448232,863,863,863,1726
revision,email_univ,email-univ,communication,5,quasi_local_walk,srw,SRW-l3,steps,5.0,False,3.0465662511996925,0.945765163555031,0.9422022130351827,0.8725376593279258,0.8725376593279258,0.8725376593279258,0.8923529209000601,863,863,863,1726
revision,email_univ,email-univ,communication,5,quasi_local_walk,pfp,PFP-l3,steps,5.0,False,3.0465662511996925,0.917091913322882,0.920748581103671,0.8447276940903824,0.8447276940903824,0.8447276940903824,0.8590683250453766,863,863,863,1726
revision,email_univ,email-univ,communication,5,quasi_local_walk,lrw,LRW-l3,steps,7.0,False,3.614398466888815,0.9256423502899866,0.9256883678026341,0.8539976825028969,0.8539976825028969,0.8539976825028969,0.8747182216548931,863,863,863,1726
revision,email_univ,email-univ,communication,5,quasi_local_walk,srw,SRW-l3,steps,7.0,False,3.614398466888815,0.9447224319175699,0.9412878355570654,0.8690614136732329,0.8690614136732329,0.8690614136732329,0.8893945932468341,863,863,863,1726
revision,email_univ,email-univ,communication,5,quasi_local_walk,pfp,PFP-l3,steps,7.0,False,3.614398466888815,0.9160724434315936,0.9189238542420536,0.8447276940903824,0.8447276940903824,0.8447276940903824,0.8590230559535733,863,863,863,1726
revision,power_grid,power-grid,infrastructure,1,quasi_local_path,lpi,LPI-beta-0.001,beta,0.1,False,0.010662606917321682,0.7732210288465909,0.7750385629923057,0.6858006042296072,0.6858006042296072,0.6858006042296072,0.7438217378210025,331,331,331,662
revision,power_grid,power-grid,infrastructure,1,quasi_local_path,lpi,LPI-beta-0.001,beta,0.01,False,0.010567564982920885,0.7732210288465909,0.7750385629923057,0.6858006042296072,0.6858006042296072,0.6858006042296072,0.7438217378210025,331,331,331,662
revision,power_grid,power-grid,infrastructure,1,quasi_local_path,lpi,LPI-beta-0.001,beta,0.001,True,0.010904000140726566,0.7732210288465909,0.7750385629923057,0.6858006042296072,0.6858006042296072,0.6858006042296072,0.7438217378210025,331,331,331,662
revision,power_grid,power-grid,infrastructure,1,quasi_local_walk,lrw,LRW-l3,steps,3.0,True,0.042605163995176554,0.6895079642847228,0.6906015826799682,0.6102719033232629,0.6102719033232629,0.6102719033232629,0.6738155295655583,331,331,331,662
revision,power_grid,power-grid,infrastructure,1,quasi_local_walk,srw,SRW-l3,steps,3.0,True,0.042605163995176554,0.7739288683812824,0.7753215103914715,0.6858006042296072,0.6858006042296072,0.6858006042296072,0.7440355374669496,331,331,331,662
revision,power_grid,power-grid,infrastructure,1,quasi_local_walk,pfp,PFP-l3,steps,3.0,True,0.042605163995176554,0.7750030393337067,0.775335201394657,0.6858006042296072,0.6858006042296072,0.6858006042296072,0.7443877715754076,331,331,331,662
revision,power_grid,power-grid,infrastructure,1,quasi_local_walk,lrw,LRW-l3,steps,5.0,False,0.11743386834859848,0.796776855634403,0.7963737096229498,0.7009063444108762,0.7009063444108762,0.7009063444108762,0.7574775945371983,331,331,331,662
revision,power_grid,power-grid,infrastructure,1,quasi_local_walk,srw,SRW-l3,steps,5.0,False,0.11743386834859848,0.861657166029755,0.8616752311497705,0.7915407854984894,0.7915407854984894,0.7915407854984893,0.8331122132109523,331,331,331,662
revision,power_grid,power-grid,infrastructure,1,quasi_local_walk,pfp,PFP-l3,steps,5.0,False,0.11743386834859848,0.8619732189667093,0.8614059747537901,0.7915407854984894,0.7915407854984894,0.7915407854984893,0.8332834468258589,331,331,331,662
revision,power_grid,power-grid,infrastructure,1,quasi_local_walk,lrw,LRW-l3,steps,7.0,False,0.2796586398035288,0.8748520313876034,0.8758499831144295,0.8187311178247734,0.8187311178247734,0.8187311178247734,0.8537749738175897,331,331,331,662
revision,power_grid,power-grid,infrastructure,1,quasi_local_walk,srw,SRW-l3,steps,7.0,False,0.2796586398035288,0.9200267050814301,0.920747346227216,0.8731117824773413,0.8731117824773413,0.8731117824773413,0.8986076293479648,331,331,331,662
revision,power_grid,power-grid,infrastructure,1,quasi_local_walk,pfp,PFP-l3,steps,7.0,False,0.2796586398035288,0.9212327155501243,0.9211398216518654,0.8731117824773413,0.8731117824773413,0.8731117824773413,0.8989208163398507,331,331,331,662
revision,power_grid,power-grid,infrastructure,2,quasi_local_path,lpi,LPI-beta-0.001,beta,0.1,False,0.010698859114199877,0.7804060128509942,0.7818156095690986,0.6948640483383686,0.6948640483383686,0.6948640483383686,0.7515048174106814,331,331,331,662
revision,power_grid,power-grid,infrastructure,2,quasi_local_path,lpi,LPI-beta-0.001,beta,0.01,False,0.010981649160385132,0.7804060128509942,0.7818156095690986,0.6948640483383686,0.6948640483383686,0.6948640483383686,0.7515048174106814,331,331,331,662
revision,power_grid,power-grid,infrastructure,2,quasi_local_path,lpi,LPI-beta-0.001,beta,0.001,True,0.01056688092648983,0.7804060128509942,0.7818156095690986,0.6948640483383686,0.6948640483383686,0.6948640483383686,0.7515048174106814,331,331,331,662
revision,power_grid,power-grid,infrastructure,2,quasi_local_walk,lrw,LRW-l3,steps,3.0,True,0.04038857389241457,0.6949876256918157,0.6954345068044285,0.6163141993957704,0.6163141993957704,0.6163141993957704,0.6791404066437373,331,331,331,662
revision,power_grid,power-grid,infrastructure,2,quasi_local_walk,srw,SRW-l3,steps,3.0,True,0.04038857389241457,0.7834679978406504,0.7825549237411122,0.6948640483383686,0.6948640483383686,0.6948640483383686,0.751998261834851,331,331,331,662
revision,power_grid,power-grid,infrastructure,2,quasi_local_walk,pfp,PFP-l3,steps,3.0,True,0.04038857389241457,0.7807859656729408,0.7817927912304561,0.6948640483383686,0.6948640483383686,0.6948640483383686,0.7514040806928787,331,331,331,662
revision,power_grid,power-grid,infrastructure,2,quasi_local_walk,lrw,LRW-l3,steps,5.0,False,0.12364693032577634,0.8183636998323838,0.8200226357919332,0.7341389728096677,0.7341389728096677,0.7341389728096677,0.7854245158733556,331,331,331,662
revision,power_grid,power-grid,infrastructure,2,quasi_local_walk,srw,SRW-l3,steps,5.0,False,0.12364693032577634,0.8862206125709,0.886474201586331,0.8126888217522659,0.8126888217522659,0.8126888217522659,0.8512674660110741,331,331,331,662
revision,power_grid,power-grid,infrastructure,2,quasi_local_walk,pfp,PFP-l3,steps,5.0,False,0.12364693032577634,0.8846284986782474,0.8861273628389664,0.8126888217522659,0.8126888217522659,0.8126888217522659,0.8509167223267555,331,331,331,662
revision,power_grid,power-grid,infrastructure,2,quasi_local_walk,lrw,LRW-l3,steps,7.0,False,0.2710576830431819,0.9103941098925268,0.9121767782331304,0.8489425981873112,0.8489425981873112,0.8489425981873112,0.8796845195704066,331,331,331,662
revision,power_grid,power-grid,infrastructure,2,quasi_local_walk,srw,SRW-l3,steps,7.0,False,0.2710576830431819,0.9429170013294679,0.9433192468122781,0.9033232628398792,0.9033232628398792,0.9033232628398792,0.9234842838501965,331,331,331,662
revision,power_grid,power-grid,infrastructure,2,quasi_local_walk,pfp,PFP-l3,steps,7.0,False,0.2710576830431819,0.9411693707365438,0.9429267713876288,0.9033232628398792,0.9033232628398792,0.9033232628398792,0.9231015125669542,331,331,331,662
revision,power_grid,power-grid,infrastructure,3,quasi_local_path,lpi,LPI-beta-0.001,beta,0.1,False,0.010000368114560843,0.768882175226586,0.7688821752265861,0.6888217522658611,0.6888217522658611,0.6888217522658611,0.7475620561700321,331,331,331,662
revision,power_grid,power-grid,infrastructure,3,quasi_local_path,lpi,LPI-beta-0.001,beta,0.01,False,0.011001009028404951,0.768882175226586,0.7688821752265861,0.6888217522658611,0.6888217522658611,0.6888217522658611,0.7475620561700321,331,331,331,662
revision,power_grid,power-grid,infrastructure,3,quasi_local_path,lpi,LPI-beta-0.001,beta,0.001,True,0.022592566907405853,0.768882175226586,0.7688821752265861,0.6888217522658611,0.6888217522658611,0.6888217522658611,0.7475620561700321,331,331,331,662
revision,power_grid,power-grid,infrastructure,3,quasi_local_walk,lrw,LRW-l3,steps,3.0,True,0.03989066416397691,0.6873111782477341,0.6873111782477341,0.6314199395770392,0.6314199395770392,0.6314199395770392,0.6929330646524874,331,331,331,662
revision,power_grid,power-grid,infrastructure,3,quasi_local_walk,srw,SRW-l3,steps,3.0,True,0.03989066416397691,0.768882175226586,0.7688821752265861,0.6888217522658611,0.6888217522658611,0.6888217522658611,0.7475620561700321,331,331,331,662
revision,power_grid,power-grid,infrastructure,3,quasi_local_walk,pfp,PFP-l3,steps,3.0,True,0.03989066416397691,0.7688821752265859,0.7688821752265861,0.6888217522658611,0.6888217522658611,0.6888217522658611,0.7475620561700321,331,331,331,662
revision,power_grid,power-grid,infrastructure,3,quasi_local_walk,lrw,LRW-l3,steps,5.0,False,0.1100577088072896,0.8171546124432092,0.8162302279095662,0.743202416918429,0.743202416918429,0.743202416918429,0.7936116261740243,331,331,331,662
revision,power_grid,power-grid,infrastructure,3,quasi_local_walk,srw,SRW-l3,steps,5.0,False,0.1100577088072896,0.8799015480942164,0.87867032977063,0.8187311178247734,0.8187311178247734,0.8187311178247734,0.8563443016601969,331,331,331,662
revision,power_grid,power-grid,infrastructure,3,quasi_local_walk,pfp,PFP-l3,steps,5.0,False,0.1100577088072896,0.8789061159347484,0.8780542346272852,0.8187311178247734,0.8187311178247734,0.8187311178247734,0.8561865245674222,331,331,331,662
revision,power_grid,power-grid,infrastructure,3,quasi_local_walk,lrw,LRW-l3,steps,7.0,False,0.2727147680707276,0.9035263907319937,0.9032456804884951,0.8398791540785498,0.8398791540785498,0.8398791540785498,0.8734016382144165,331,331,331,662
revision,power_grid,power-grid,infrastructure,3,quasi_local_walk,srw,SRW-l3,steps,7.0,False,0.2727147680707276,0.9367551779764736,0.9359991237757961,0.8942598187311178,0.8942598187311178,0.8942598187311177,0.9169098694525056,331,331,331,662
revision,power_grid,power-grid,infrastructure,3,quasi_local_walk,pfp,PFP-l3,steps,7.0,False,0.2727147680707276,0.9358715632931225,0.9355016839933918,0.8942598187311178,0.8942598187311178,0.8942598187311177,0.9167665970914549,331,331,331,662
revision,power_grid,power-grid,infrastructure,4,quasi_local_path,lpi,LPI-beta-0.001,beta,0.1,False,0.01039769034832716,0.7740590539900823,0.7752576190432727,0.6858006042296072,0.6858006042296072,0.6858006042296072,0.7449317576398047,331,331,331,662
revision,power_grid,power-grid,infrastructure,4,quasi_local_path,lpi,LPI-beta-0.001,beta,0.01,False,0.011062103789299726,0.7740590539900823,0.7752576190432727,0.6858006042296072,0.6858006042296072,0.6858006042296072,0.7449317576398047,331,331,331,662
revision,power_grid,power-grid,infrastructure,4,quasi_local_path,lpi,LPI-beta-0.001,beta,0.001,True,0.015877315774559975,0.7740590539900823,0.7752576190432727,0.6858006042296072,0.6858006042296072,0.6858006042296072,0.7449317576398047,331,331,331,662
revision,power_grid,power-grid,infrastructure,4,quasi_local_walk,lrw,LRW-l3,steps,3.0,True,0.04163817688822746,0.6906134290299852,0.6919250463212275,0.6283987915407855,0.6283987915407855,0.6283987915407855,0.6894309188091085,331,331,331,662
revision,power_grid,power-grid,infrastructure,4,quasi_local_walk,srw,SRW-l3,steps,3.0,True,0.04163817688822746,0.7729397934150873,0.7751024543405044,0.6858006042296072,0.6858006042296072,0.6858006042296072,0.7445374974736055,331,331,331,662
revision,power_grid,power-grid,infrastructure,4,quasi_local_walk,pfp,PFP-l3,steps,3.0,True,0.04163817688822746,0.7677680963617733,0.7748879619572658,0.6858006042296072,0.6858006042296072,0.6858006042296072,0.740723025133121,331,331,331,662
revision,power_grid,power-grid,infrastructure,4,quasi_local_walk,lrw,LRW-l3,steps,5.0,False,0.11434243433177471,0.7983582244817867,0.8012157610828672,0.7250755287009063,0.7250755287009063,0.7250755287009063,0.7770869274518303,331,331,331,662
revision,power_grid,power-grid,infrastructure,4,quasi_local_walk,srw,SRW-l3,steps,5.0,False,0.11434243433177471,0.8672020520204404,0.8700769434379022,0.7945619335347432,0.7945619335347432,0.7945619335347432,0.8356223160752614,331,331,331,662
revision,power_grid,power-grid,infrastructure,4,quasi_local_walk,pfp,PFP-l3,steps,5.0,False,0.11434243433177471,0.8629816004830415,0.8699309060705908,0.7945619335347432,0.7945619335347432,0.7945619335347432,0.8332196856306227,331,331,331,662
revision,power_grid,power-grid,infrastructure,4,quasi_local_walk,lrw,LRW-l3,steps,7.0,False,0.2712472630664706,0.8862590642735169,0.8900931900950155,0.8308157099697885,0.8308157099697885,0.8308157099697885,0.864302539416685,331,331,331,662
revision,power_grid,power-grid,infrastructure,4,quasi_local_walk,srw,SRW-l3,steps,7.0,False,0.2712472630664706,0.9312270301023511,0.9341280200071194,0.8882175226586103,0.8882175226586103,0.8882175226586103,0.9107809736722556,331,331,331,662
revision,power_grid,power-grid,infrastructure,4,quasi_local_walk,pfp,PFP-l3,steps,7.0,False,0.2712472630664706,0.926864342753277,0.9339226549593378,0.8882175226586103,0.8882175226586103,0.8882175226586103,0.9083229558250049,331,331,331,662
revision,power_grid,power-grid,infrastructure,5,quasi_local_path,lpi,LPI-beta-0.001,beta,0.1,False,0.03245361475273967,0.7528932029916664,0.7536179981634528,0.6363636363636364,0.6363636363636364,0.6363636363636364,0.7041482716591762,330,330,330,660
revision,power_grid,power-grid,infrastructure,5,quasi_local_path,lpi,LPI-beta-0.001,beta,0.01,False,0.010914802085608244,0.7528932029916664,0.7536179981634528,0.6363636363636364,0.6363636363636364,0.6363636363636364,0.7041482716591762,330,330,330,660
revision,power_grid,power-grid,infrastructure,5,quasi_local_path,lpi,LPI-beta-0.001,beta,0.001,True,0.0105132139287889,0.7528932029916664,0.7536179981634528,0.6363636363636364,0.6363636363636364,0.6363636363636364,0.7041482716591762,330,330,330,660
revision,power_grid,power-grid,infrastructure,5,quasi_local_walk,lrw,LRW-l3,steps,3.0,True,0.040657224133610725,0.6908611802312591,0.6899540863177227,0.5969696969696969,0.5969696969696969,0.5969696969696969,0.6651525517395476,330,330,330,660
revision,power_grid,power-grid,infrastructure,5,quasi_local_walk,srw,SRW-l3,steps,3.0,True,0.040657224133610725,0.7544230781293753,0.7539348025711662,0.6363636363636364,0.6363636363636364,0.6363636363636364,0.7042764889881564,330,330,330,660
revision,power_grid,power-grid,infrastructure,5,quasi_local_walk,pfp,PFP-l3,steps,3.0,True,0.040657224133610725,0.7538402655433286,0.7537924701561065,0.6363636363636364,0.6363636363636364,0.6363636363636364,0.7041607112764601,330,330,330,660
revision,power_grid,power-grid,infrastructure,5,quasi_local_walk,lrw,LRW-l3,steps,5.0,False,0.11112575465813279,0.8218351962283557,0.8196648301193755,0.7272727272727273,0.7272727272727273,0.7272727272727273,0.7814978652958103,330,330,330,660
revision,power_grid,power-grid,infrastructure,5,quasi_local_walk,srw,SRW-l3,steps,5.0,False,0.11112575465813279,0.8739082050448448,0.8731588613406794,0.796969696969697,0.796969696969697,0.796969696969697,0.8387456696073559,330,330,330,660
revision,power_grid,power-grid,infrastructure,5,quasi_local_walk,pfp,PFP-l3,steps,5.0,False,0.11112575465813279,0.8735103001614392,0.8730716253443526,0.796969696969697,0.796969696969697,0.796969696969697,0.8386813798757917,330,330,330,660
revision,power_grid,power-grid,infrastructure,5,quasi_local_walk,lrw,LRW-l3,steps,7.0,False,0.2741003390401602,0.8987619444151087,0.8975849403122131,0.8333333333333334,0.8333333333333334,0.8333333333333334,0.8678348339476951,330,330,330,660
revision,power_grid,power-grid,infrastructure,5,quasi_local_walk,srw,SRW-l3,steps,7.0,False,0.2741003390401602,0.9310708612736835,0.9307254361799816,0.8757575757575757,0.8757575757575757,0.8757575757575757,0.9020360259662149,330,330,330,660
revision,power_grid,power-grid,infrastructure,5,quasi_local_walk,pfp,PFP-l3,steps,7.0,False,0.2741003390401602,0.9300106588647373,0.9302846648301194,0.8757575757575757,0.8757575757575757,0.8757575757575757,0.9018544106908893,330,330,330,660
revision,power_1138_bus,power-1138-bus,infrastructure,1,quasi_local_path,lpi,LPI-beta-0.001,beta,0.1,False,0.0026494888588786125,0.8146853146853146,0.814792899408284,0.7230769230769231,0.7230769230769231,0.723076923076923,0.7954423420197312,65,65,65,130
revision,power_1138_bus,power-1138-bus,infrastructure,1,quasi_local_path,lpi,LPI-beta-0.001,beta,0.01,False,0.002701624296605587,0.8146853146853146,0.814792899408284,0.7230769230769231,0.7230769230769231,0.723076923076923,0.7954423420197312,65,65,65,130
revision,power_1138_bus,power-1138-bus,infrastructure,1,quasi_local_path,lpi,LPI-beta-0.001,beta,0.001,True,0.002697297837585211,0.8146853146853146,0.814792899408284,0.7230769230769231,0.7230769230769231,0.723076923076923,0.7954423420197312,65,65,65,130
revision,power_1138_bus,power-1138-bus,infrastructure,1,quasi_local_walk,lrw,LRW-l3,steps,3.0,True,0.00926224421709776,0.6912799125488578,0.7130177514792899,0.6307692307692307,0.6307692307692307,0.6307692307692307,0.6981254500189176,65,65,65,130
revision,power_1138_bus,power-1138-bus,infrastructure,1,quasi_local_walk,srw,SRW-l3,steps,3.0,True,0.00926224421709776,0.8110784439465826,0.8113609467455621,0.7230769230769231,0.7230769230769231,0.723076923076923,0.7940353655281661,65,65,65,130
revision,power_1138_bus,power-1138-bus,infrastructure,1,quasi_local_walk,pfp,PFP-l3,steps,3.0,True,0.00926224421709776,0.791369836882106,0.805680473372781,0.7230769230769231,0.7230769230769231,0.723076923076923,0.7875377553377638,65,65,65,130
revision,power_1138_bus,power-1138-bus,infrastructure,1,quasi_local_walk,lrw,LRW-l3,steps,5.0,False,0.021847999189049006,0.8163570243289009,0.8407100591715977,0.7846153846153846,0.7846153846153846,0.7846153846153847,0.8276101122733698,65,65,65,130
revision,power_1138_bus,power-1138-bus,infrastructure,1,quasi_local_walk,srw,SRW-l3,steps,5.0,False,0.021847999189049006,0.8906372502126811,0.8925443786982248,0.8153846153846154,0.8153846153846154,0.8153846153846154,0.8650590235542268,65,65,65,130
revision,power_1138_bus,power-1138-bus,infrastructure,1,quasi_local_walk,pfp,PFP-l3,steps,5.0,False,0.021847999189049006,0.8700967351622133,0.8859171597633135,0.8153846153846154,0.8153846153846154,0.8153846153846154,0.8580431116538477,65,65,65,130
revision,power_1138_bus,power-1138-bus,infrastructure,1,quasi_local_walk,lrw,LRW-l3,steps,7.0,False,0.04708923492580652,0.8687450793417013,0.8804733727810651,0.8307692307692308,0.8307692307692308,0.8307692307692308,0.8649765669015744,65,65,65,130
revision,power_1138_bus,power-1138-bus,infrastructure,1,quasi_local_walk,srw,SRW-l3,steps,7.0,False,0.04708923492580652,0.9124148216489834,0.9065088757396449,0.8615384615384616,0.8615384615384616,0.8615384615384615,0.8983403682224007,65,65,65,130
revision,power_1138_bus,power-1138-bus,infrastructure,1,quasi_local_walk,pfp,PFP-l3,steps,7.0,False,0.04708923492580652,0.8897890067639405,0.8984615384615384,0.8615384615384616,0.8615384615384616,0.8615384615384615,0.8908729315887316,65,65,65,130
revision,power_1138_bus,power-1138-bus,infrastructure,2,quasi_local_path,lpi,LPI-beta-0.001,beta,0.1,False,0.0026934309862554073,0.8,0.8001708984375,0.734375,0.734375,0.734375,0.8021458258562992,64,64,64,128
revision,power_1138_bus,power-1138-bus,infrastructure,2,quasi_local_path,lpi,LPI-beta-0.001,beta,0.01,False,0.0027193930000066757,0.8,0.8001708984375,0.734375,0.734375,0.734375,0.8021458258562992,64,64,64,128
revision,power_1138_bus,power-1138-bus,infrastructure,2,quasi_local_path,lpi,LPI-beta-0.001,beta,0.001,True,0.0026842840015888214,0.8,0.8001708984375,0.734375,0.734375,0.734375,0.8021458258562992,64,64,64,128
revision,power_1138_bus,power-1138-bus,infrastructure,2,quasi_local_walk,lrw,LRW-l3,steps,3.0,True,0.009366553276777267,0.6664016477499743,0.665283203125,0.609375,0.609375,0.609375,0.6914866442822799,64,64,64,128
revision,power_1138_bus,power-1138-bus,infrastructure,2,quasi_local_walk,srw,SRW-l3,steps,3.0,True,0.009366553276777267,0.8030738655533064,0.8009033203125,0.734375,0.734375,0.734375,0.8029202172910503,64,64,64,128
revision,power_1138_bus,power-1138-bus,infrastructure,2,quasi_local_walk,pfp,PFP-l3,steps,3.0,True,0.009366553276777267,0.804296875,0.8013916015625,0.734375,0.734375,0.734375,0.8031856395751551,64,64,64,128
revision,power_1138_bus,power-1138-bus,infrastructure,2,quasi_local_walk,lrw,LRW-l3,steps,5.0,False,0.02222850499674678,0.8297821795023804,0.836669921875,0.765625,0.765625,0.765625,0.8241499039530362,64,64,64,128
revision,power_1138_bus,power-1138-bus,infrastructure,2,quasi_local_walk,srw,SRW-l3,steps,5.0,False,0.02222850499674678,0.919357652987121,0.920166015625,0.859375,0.859375,0.859375,0.8986222490001794,64,64,64,128
revision,power_1138_bus,power-1138-bus,infrastructure,2,quasi_local_walk,pfp,PFP-l3,steps,5.0,False,0.02222850499674678,0.9250588472163286,0.923828125,0.859375,0.859375,0.859375,0.8998195419266799,64,64,64,128
revision,power_1138_bus,power-1138-bus,infrastructure,2,quasi_local_walk,lrw,LRW-l3,steps,7.0,False,0.048690257128328085,0.911100892647623,0.9127197265625,0.875,0.875,0.875,0.9043265952343792,64,64,64,128
revision,power_1138_bus,power-1138-bus,infrastructure,2,quasi_local_walk,srw,SRW-l3,steps,7.0,False,0.048690257128328085,0.9366934452364457,0.931640625,0.90625,0.90625,0.90625,0.9308722613867823,64,64,64,128
revision,power_1138_bus,power-1138-bus,infrastructure,2,quasi_local_walk,pfp,PFP-l3,steps,7.0,False,0.048690257128328085,0.9418823888945806,0.93310546875,0.875,0.875,0.875,0.9107144966596419,64,64,64,128
revision,power_1138_bus,power-1138-bus,infrastructure,3,quasi_local_path,lpi,LPI-beta-0.001,beta,0.1,False,0.002668697852641344,0.8515625,0.8515625,0.8125,0.8125,0.8125,0.8636864482155262,64,64,64,128
revision,power_1138_bus,power-1138-bus,infrastructure,3,quasi_local_path,lpi,LPI-beta-0.001,beta,0.01,False,0.002776952926069498,0.8515625,0.8515625,0.8125,0.8125,0.8125,0.8636864482155262,64,64,64,128
revision,power_1138_bus,power-1138-bus,infrastructure,3,quasi_local_path,lpi,LPI-beta-0.001,beta,0.001,True,0.0026393281295895576,0.8515625,0.8515625,0.8125,0.8125,0.8125,0.8636864482155262,64,64,64,128
revision,power_1138_bus,power-1138-bus,infrastructure,3,quasi_local_walk,lrw,LRW-l3,steps,3.0,True,0.009454989805817604,0.765625,0.765625,0.703125,0.703125,0.703125,0.7778602564198893,64,64,64,128
revision,power_1138_bus,power-1138-bus,infrastructure,3,quasi_local_walk,srw,SRW-l3,steps,3.0,True,0.009454989805817604,0.8515625,0.8515625,0.8125,0.8125,0.8125,0.8636864482155262,64,64,64,128
revision,power_1138_bus,power-1138-bus,infrastructure,3,quasi_local_walk,pfp,PFP-l3,steps,3.0,True,0.009454989805817604,0.8515625,0.8515625,0.8125,0.8125,0.8125,0.8636864482155262,64,64,64,128
revision,power_1138_bus,power-1138-bus,infrastructure,3,quasi_local_walk,lrw,LRW-l3,steps,5.0,False,0.02356515498831868,0.8729631697780906,0.8643798828125,0.78125,0.78125,0.78125,0.8413462138981539,64,64,64,128
revision,power_1138_bus,power-1138-bus,infrastructure,3,quasi_local_walk,srw,SRW-l3,steps,5.0,False,0.02356515498831868,0.9259126893600487,0.920654296875,0.875,0.875,0.875,0.9097490908096966,64,64,64,128
revision,power_1138_bus,power-1138-bus,infrastructure,3,quasi_local_walk,pfp,PFP-l3,steps,5.0,False,0.02356515498831868,0.9273071790831724,0.92138671875,0.875,0.875,0.875,0.9100270629577164,64,64,64,128
revision,power_1138_bus,power-1138-bus,infrastructure,3,quasi_local_walk,lrw,LRW-l3,steps,7.0,False,0.052321906201541424,0.9313893388207896,0.927490234375,0.859375,0.859375,0.859375,0.8967075203726296,64,64,64,128
revision,power_1138_bus,power-1138-bus,infrastructure,3,quasi_local_walk,srw,SRW-l3,steps,7.0,False,0.052321906201541424,0.9665940589209219,0.966064453125,0.890625,0.890625,0.890625,0.9205081895289395,64,64,64,128
revision,power_1138_bus,power-1138-bus,infrastructure,3,quasi_local_walk,pfp,PFP-l3,steps,7.0,False,0.052321906201541424,0.9666422429078334,0.9658203125,0.890625,0.890625,0.890625,0.9205219874764267,64,64,64,128
revision,power_1138_bus,power-1138-bus,infrastructure,4,quasi_local_path,lpi,LPI-beta-0.001,beta,0.1,False,0.0026652971282601357,0.8388888888888889,0.839599609375,0.8125,0.8125,0.8125,0.8632887197999035,64,64,64,128
revision,power_1138_bus,power-1138-bus,infrastructure,4,quasi_local_path,lpi,LPI-beta-0.001,beta,0.01,False,0.0027097128331661224,0.8388888888888889,0.839599609375,0.8125,0.8125,0.8125,0.8632887197999035,64,64,64,128
revision,power_1138_bus,power-1138-bus,infrastructure,4,quasi_local_path,lpi,LPI-beta-0.001,beta,0.001,True,0.002736105117946863,0.8388888888888889,0.839599609375,0.8125,0.8125,0.8125,0.8632887197999035,64,64,64,128
revision,power_1138_bus,power-1138-bus,infrastructure,4,quasi_local_walk,lrw,LRW-l3,steps,3.0,True,0.00938042625784874,0.7111753913386722,0.7315673828125,0.671875,0.671875,0.671875,0.743518113016861,64,64,64,128
revision,power_1138_bus,power-1138-bus,infrastructure,4,quasi_local_walk,srw,SRW-l3,steps,3.0,True,0.00938042625784874,0.8335670270280038,0.836181640625,0.8125,0.8125,0.8125,0.8619554073571046,64,64,64,128
revision,power_1138_bus,power-1138-bus,infrastructure,4,quasi_local_walk,pfp,PFP-l3,steps,3.0,True,0.00938042625784874,0.8423122682388671,0.84033203125,0.8125,0.8125,0.8125,0.8639109112376657,64,64,64,128
revision,power_1138_bus,power-1138-bus,infrastructure,4,quasi_local_walk,lrw,LRW-l3,steps,5.0,False,0.022960537113249302,0.7980097057313764,0.819580078125,0.796875,0.796875,0.796875,0.8354470354349952,64,64,64,128
revision,power_1138_bus,power-1138-bus,infrastructure,4,quasi_local_walk,srw,SRW-l3,steps,5.0,False,0.022960537113249302,0.9143664451626758,0.9168701171875,0.90625,0.90625,0.90625,0.9301768957140603,64,64,64,128
revision,power_1138_bus,power-1138-bus,infrastructure,4,quasi_local_walk,pfp,PFP-l3,steps,5.0,False,0.022960537113249302,0.9225843846888816,0.920654296875,0.90625,0.90625,0.90625,0.9322657707979218,64,64,64,128
revision,power_1138_bus,power-1138-bus,infrastructure,4,quasi_local_walk,lrw,LRW-l3,steps,7.0,False,0.05071350792422891,0.8800415842986125,0.900390625,0.859375,0.859375,0.859375,0.8852374417591938,64,64,64,128
revision,power_1138_bus,power-1138-bus,infrastructure,4,quasi_local_walk,srw,SRW-l3,steps,7.0,False,0.05071350792422891,0.948621424799121,0.95263671875,0.9375,0.9375,0.9375,0.9520387054031878,64,64,64,128
revision,power_1138_bus,power-1138-bus,infrastructure,4,quasi_local_walk,pfp,PFP-l3,steps,7.0,False,0.05071350792422891,0.956911264971148,0.9560546875,0.921875,0.921875,0.921875,0.9433172782350467,64,64,64,128
revision,power_1138_bus,power-1138-bus,infrastructure,5,quasi_local_path,lpi,LPI-beta-0.001,beta,0.1,False,0.0026080976240336895,0.7578125,0.7578125,0.6875,0.6875,0.6875,0.7672965026843697,64,64,64,128
revision,power_1138_bus,power-1138-bus,infrastructure,5,quasi_local_path,lpi,LPI-beta-0.001,beta,0.01,False,0.0026098890230059624,0.7578125,0.7578125,0.6875,0.6875,0.6875,0.7672965026843697,64,64,64,128
revision,power_1138_bus,power-1138-bus,infrastructure,5,quasi_local_path,lpi,LPI-beta-0.001,beta,0.001,True,0.0027282051742076874,0.7578125,0.7578125,0.6875,0.6875,0.6875,0.7672965026843697,64,64,64,128
revision,power_1138_bus,power-1138-bus,infrastructure,5,quasi_local_walk,lrw,LRW-l3,steps,3.0,True,0.009461178909987211,0.671875,0.671875,0.59375,0.59375,0.59375,0.6877162318142387,64,64,64,128
revision,power_1138_bus,power-1138-bus,infrastructure,5,quasi_local_walk,srw,SRW-l3,steps,3.0,True,0.009461178909987211,0.7578125,0.7578125,0.6875,0.6875,0.6875,0.7672965026843697,64,64,64,128
revision,power_1138_bus,power-1138-bus,infrastructure,5,quasi_local_walk,pfp,PFP-l3,steps,3.0,True,0.009461178909987211,0.7578125,0.7578125,0.6875,0.6875,0.6875,0.7672965026843697,64,64,64,128
revision,power_1138_bus,power-1138-bus,infrastructure,5,quasi_local_walk,lrw,LRW-l3,steps,5.0,False,0.022291387896984816,0.818517679620278,0.811767578125,0.734375,0.734375,0.734375,0.8044823725609609,64,64,64,128
revision,power_1138_bus,power-1138-bus,infrastructure,5,quasi_local_walk,srw,SRW-l3,steps,5.0,False,0.022291387896984816,0.8877886518086118,0.881591796875,0.796875,0.796875,0.796875,0.8545620985233879,64,64,64,128
revision,power_1138_bus,power-1138-bus,infrastructure,5,quasi_local_walk,pfp,PFP-l3,steps,5.0,False,0.022291387896984816,0.8819831883813342,0.87744140625,0.796875,0.796875,0.796875,0.8533982622802598,64,64,64,128
revision,power_1138_bus,power-1138-bus,infrastructure,5,quasi_local_walk,lrw,LRW-l3,steps,7.0,False,0.04924784321337938,0.8852142766714852,0.8785400390625,0.84375,0.84375,0.84375,0.8830959048914029,64,64,64,128
revision,power_1138_bus,power-1138-bus,infrastructure,5,quasi_local_walk,srw,SRW-l3,steps,7.0,False,0.04924784321337938,0.9389253175555894,0.9329833984375,0.890625,0.890625,0.890625,0.9208837069420897,64,64,64,128
revision,power_1138_bus,power-1138-bus,infrastructure,5,quasi_local_walk,pfp,PFP-l3,steps,7.0,False,0.04924784321337938,0.9327430760771989,0.9288330078125,0.890625,0.890625,0.890625,0.9196138467894491,64,64,64,128
