benchmark,network_id,network,domain,fold,family,method_id,method,parameter,parameter_value,is_primary,configuration_scoring_seconds,average_precision,roc_auc,precision,recall,f1,ndcg,cutoff,positive_count,negative_count,candidate_count,distinct_score_count,tie_group_count,tied_candidate_count,tied_candidate_ratio,largest_tie_group,cutoff_score,cutoff_tie_size,cutoff_tie_positive_count,cutoff_tie_negative_count,cutoff_slots_in_tie,cutoff_tie_crosses_boundary
standard,ego_facebook,ego-Facebook,social,1,quasi_local_path,lpi,LPI-beta-0.1,beta,0.1,False,90.9079664228484,0.9861388059492766,0.9883465080737525,0.9479809976247031,0.9479809976247031,0.9479809976247031,0.9531645277653592,16840,16840,16840,33680,8049,3446,29077,0.8633313539192399,11714,10.1,10,5,5,1,True
standard,ego_facebook,ego-Facebook,social,1,quasi_local_path,lpi,LPI-beta-0.01,beta,0.01,False,93.32379844691604,0.9905359081455567,0.9923078622468839,0.9677553444180522,0.9677553444180522,0.9677553444180522,0.9708778857041257,16840,16840,16840,33680,10677,3924,26927,0.7994952494061758,11714,3.08,6,1,5,3,True
standard,ego_facebook,ego-Facebook,social,1,quasi_local_path,lpi,LPI-beta-0.001,beta,0.001,True,97.78719401266426,0.9918949110529702,0.9933290406847174,0.9684085510688836,0.9684085510688836,0.9684085510688836,0.9715799817416534,16840,16840,16840,33680,14659,2207,21228,0.6302850356294537,11714,2.095,2,1,1,2,False
standard,ego_facebook,ego-Facebook,social,1,quasi_local_path,ora_cni,ORA-CNI-beta-0.1,beta,0.1,False,89.95290423883125,0.9889538061352868,0.9903628586924018,0.9530285035629453,0.9530285035629453,0.9530285035629453,0.9578663853348091,16840,16840,16840,33680,20155,181,13706,0.4069477434679335,11714,1.8578768588154766,1,0,1,1,False
standard,ego_facebook,ego-Facebook,social,1,quasi_local_path,ora_cni,ORA-CNI-beta-0.01,beta,0.01,False,103.4492136980407,0.9889060967377103,0.9903175743056065,0.9527315914489312,0.9527315914489312,0.9527315914489312,0.9576020208978516,16840,16840,16840,33680,20155,181,13706,0.4069477434679335,11714,1.8502641277853493,1,0,1,1,False
standard,ego_facebook,ego-Facebook,social,1,quasi_local_path,ora_cni,ORA-CNI-beta-0.001,beta,0.001,True,90.74375975690782,0.9889010581114548,0.9903128420483974,0.9527315914489312,0.9527315914489312,0.9527315914489312,0.9576016885992705,16840,16840,16840,33680,20155,181,13706,0.4069477434679335,11714,1.8501515965870619,1,0,1,1,False
standard,ego_facebook,ego-Facebook,social,1,enhanced_local,lit,LIT-i2,iterations,2.0,True,12.539859144948423,0.990766356966091,0.9917074192060528,0.9667458432304038,0.9667458432304038,0.9667458432304038,0.9701678632455624,16840,16840,16840,33680,18420,230,15490,0.459916864608076,14750,0.013073782453950692,1,1,0,1,False
standard,ego_facebook,ego-Facebook,social,1,enhanced_local,lit,LIT-i4,iterations,4.0,False,21.939840890932828,0.9880857594002791,0.9889084865381034,0.9512470308788599,0.9512470308788599,0.9512470308788599,0.9564231846308954,16840,16840,16840,33680,18923,8,14765,0.43839073634204273,14750,0.008256267967361128,1,0,1,1,False
standard,ego_facebook,ego-Facebook,social,1,enhanced_local,lit,LIT-i6,iterations,6.0,False,36.962107905652374,0.9867536365359761,0.9875050408060212,0.9412114014251781,0.9412114014251781,0.9412114014251781,0.9475321472310156,16840,16840,16840,33680,18922,9,14767,0.43845011876484563,14750,0.007685889371672135,1,0,1,1,False
standard,ego_facebook,ego-Facebook,social,1,quasi_local_walk,lrw,LRW-l3,steps,3.0,True,56.2158835567534,0.9944506141526925,0.995198816512545,0.973396674584323,0.973396674584323,0.973396674584323,0.9761667961388251,16840,16840,16840,33680,20257,187,13610,0.40409738717339666,11723,4.7096570227807945e-07,1,0,1,1,False
standard,ego_facebook,ego-Facebook,social,1,quasi_local_walk,srw,SRW-l3,steps,3.0,True,56.2158835567534,0.995554220858211,0.9961823043906319,0.9761282660332542,0.9761282660332542,0.9761282660332542,0.9786493077936171,16840,16840,16840,33680,20262,189,13607,0.4040083135391924,11714,1.0587750722114907e-06,1,1,0,1,False
standard,ego_facebook,ego-Facebook,social,1,quasi_local_walk,pfp,PFP-l3,steps,3.0,True,56.2158835567534,0.9848031114865106,0.9898938662611922,0.9614608076009501,0.9614608076009501,0.9614608076009501,0.9646170226403127,16840,16840,16840,33680,21409,373,12644,0.37541567695961997,11714,0.001962080011302125,1,0,1,1,False
standard,ego_facebook,ego-Facebook,social,1,quasi_local_walk,lrw,LRW-l5,steps,5.0,False,211.05407935427502,0.9929737416967324,0.9940351184968488,0.9673396674584323,0.9673396674584323,0.9673396674584323,0.9707058768509723,16840,16840,16840,33680,28679,403,5404,0.16045130641330166,2684,4.5462154500241825e-07,1,1,0,1,False
standard,ego_facebook,ego-Facebook,social,1,quasi_local_walk,srw,SRW-l5,steps,5.0,False,211.05407935427502,0.994907023063542,0.9956888308151048,0.9741686460807601,0.9741686460807601,0.9741686460807601,0.9768648410534833,16840,16840,16840,33680,28680,403,5403,0.16042161520190024,2684,2.0928865493336413e-06,1,1,0,1,False
standard,ego_facebook,ego-Facebook,social,1,quasi_local_walk,pfp,PFP-l5,steps,5.0,False,211.05407935427502,0.9839966279152123,0.9893995446172161,0.9600950118764846,0.9600950118764846,0.9600950118764846,0.963333116101153,16840,16840,16840,33680,30139,571,4112,0.12209026128266033,2684,0.002057691482279252,1,1,0,1,False
standard,ego_facebook,ego-Facebook,social,1,quasi_local_walk,lrw,LRW-l7,steps,7.0,False,268.84008316742256,0.9914072037437733,0.9925887192438544,0.9608669833729216,0.9608669833729216,0.9608669833729216,0.9649076888436442,16840,16840,16840,33680,33331,67,416,0.012351543942992874,204,4.1144692541279606e-07,1,0,1,1,False
standard,ego_facebook,ego-Facebook,social,1,quasi_local_walk,srw,SRW-l7,steps,7.0,False,268.84008316742256,0.9942977078355149,0.9951796970650131,0.9721496437054632,0.9721496437054632,0.9721496437054632,0.9750404085723974,16840,16840,16840,33680,33329,69,420,0.012470308788598575,204,3.1099507891362296e-06,1,0,1,1,False
standard,ego_facebook,ego-Facebook,social,1,quasi_local_walk,pfp,PFP-l7,steps,7.0,False,268.84008316742256,0.983996917800979,0.9894002428190994,0.9600950118764846,0.9600950118764846,0.9600950118764846,0.963333116101153,16840,16840,16840,33680,33431,42,291,0.008640142517814727,204,0.002057691482279252,1,1,0,1,False
standard,ego_facebook,ego-Facebook,social,2,quasi_local_path,lpi,LPI-beta-0.1,beta,0.1,False,105.43937204312533,0.9871249889190663,0.9889210307977422,0.9482154522240038,0.9482154522240038,0.9482154522240038,0.9534665989242274,16839,16839,16839,33678,8047,3463,29094,0.8638874042401568,11263,9.8,29,17,12,25,True
standard,ego_facebook,ego-Facebook,social,2,quasi_local_path,lpi,LPI-beta-0.01,beta,0.01,False,88.32088461099193,0.9916679656180367,0.9930118777082806,0.9671595700457272,0.9671595700457272,0.9671595700457272,0.9704609171974224,16839,16839,16839,33678,10664,3916,26930,0.7996318071144367,11263,2.84,2,1,1,2,False
standard,ego_facebook,ego-Facebook,social,2,quasi_local_path,lpi,LPI-beta-0.001,beta,0.001,True,95.59010723792017,0.993063208796743,0.9940807383914708,0.9686442187778371,0.9686442187778371,0.9686442187778371,0.9718952160771063,16839,16839,16839,33678,14645,2202,21235,0.6305303165271097,11263,2.067,6,4,2,3,True
standard,ego_facebook,ego-Facebook,social,2,quasi_local_path,ora_cni,ORA-CNI-beta-0.1,beta,0.1,False,91.7362922821194,0.9896386382715945,0.9909174799771502,0.9543322050002969,0.9543322050002969,0.9543322050002969,0.9590661672634452,16839,16839,16839,33678,20134,184,13728,0.4076251558881169,11263,1.8202904043698034,1,1,0,1,False
standard,ego_facebook,ego-Facebook,social,2,quasi_local_path,ora_cni,ORA-CNI-beta-0.01,beta,0.01,False,92.54454832570627,0.989592606450511,0.9908739570838597,0.9542134331017281,0.9542134331017281,0.9542134331017281,0.9589586119027971,16839,16839,16839,33678,20134,184,13728,0.4076251558881169,11263,1.8146455358380564,1,0,1,1,False
standard,ego_facebook,ego-Facebook,social,2,quasi_local_path,ora_cni,ORA-CNI-beta-0.001,beta,0.001,True,96.79400908341631,0.9895881303956758,0.990869721528002,0.9541540471524438,0.9541540471524438,0.9541540471524438,0.958906053649286,16839,16839,16839,33678,20134,184,13728,0.4076251558881169,11263,1.8140349436334902,1,0,1,1,False
standard,ego_facebook,ego-Facebook,social,2,enhanced_local,lit,LIT-i2,iterations,2.0,True,11.425190224312246,0.9921393662153634,0.9926975895888923,0.9667438684007363,0.9667438684007363,0.9667438684007363,0.9702786553457893,16839,16839,16839,33678,18331,252,15599,0.46318071144367245,14804,0.012115848715865006,1,1,0,1,False
standard,ego_facebook,ego-Facebook,social,2,enhanced_local,lit,LIT-i4,iterations,4.0,False,26.529478882905096,0.9893912290032945,0.9898419397412582,0.9509472058910862,0.9509472058910862,0.9509472058910862,0.9562649973903458,16839,16839,16839,33678,18866,8,14820,0.4400498841973989,14804,0.0076000420827750555,1,0,1,1,False
standard,ego_facebook,ego-Facebook,social,2,enhanced_local,lit,LIT-i6,iterations,6.0,False,48.64471054309979,0.9879515579340052,0.9883379471091644,0.9402577350198943,0.9402577350198943,0.9402577350198943,0.9467907321825753,16839,16839,16839,33678,18865,9,14822,0.4401092701466833,14804,0.007097194108017883,1,1,0,1,False
standard,ego_facebook,ego-Facebook,social,2,quasi_local_walk,lrw,LRW-l3,steps,3.0,True,55.27202562009916,0.995014678143835,0.9956767670778713,0.9739889542134331,0.9739889542134331,0.9739889542134331,0.9767290278984254,16839,16839,16839,33678,20236,197,13639,0.4049824811449611,11267,4.3674140933578065e-07,1,1,0,1,False
standard,ego_facebook,ego-Facebook,social,2,quasi_local_walk,srw,SRW-l3,steps,3.0,True,55.27202562009916,0.9960675178161966,0.9965986388080228,0.9768988657283687,0.9768988657283687,0.9768988657283687,0.9793717931643768,16839,16839,16839,33678,20244,193,13627,0.4046261654492547,11263,9.92320539985237e-07,1,0,1,1,False
standard,ego_facebook,ego-Facebook,social,2,quasi_local_walk,pfp,PFP-l3,steps,3.0,True,55.27202562009916,0.9858571773622331,0.9905321378513954,0.9637745709365164,0.9637745709365164,0.9637745709365164,0.9667592613584669,16839,16839,16839,33678,21567,477,12588,0.37377516479600925,11263,0.0019592051151623054,1,1,0,1,False
standard,ego_facebook,ego-Facebook,social,2,quasi_local_walk,lrw,LRW-l5,steps,5.0,False,217.29277663584799,0.9933776287731131,0.9942918355330064,0.9664469386543144,0.9664469386543144,0.9664469386543144,0.9699626865576204,16839,16839,16839,33678,30115,320,3883,0.11529782053566126,1855,4.140428576793235e-07,1,1,0,1,False
standard,ego_facebook,ego-Facebook,social,2,quasi_local_walk,srw,SRW-l5,steps,5.0,False,217.29277663584799,0.9953841066473575,0.9960395471981303,0.9755329888948275,0.9755329888948275,0.9755329888948275,0.9781112272074821,16839,16839,16839,33678,30115,320,3883,0.11529782053566126,1855,2.03070791657959e-06,1,1,0,1,False
standard,ego_facebook,ego-Facebook,social,2,quasi_local_walk,pfp,PFP-l5,steps,5.0,False,217.29277663584799,0.9849970477295107,0.9899533743592589,0.9625868519508284,0.9625868519508284,0.9625868519508284,0.9656334707562897,16839,16839,16839,33678,31020,365,3023,0.08976186234336955,1855,0.0020472054822428592,1,0,1,1,False
standard,ego_facebook,ego-Facebook,social,2,quasi_local_walk,lrw,LRW-l7,steps,7.0,False,259.21429479075596,0.9917262033660574,0.992736547180719,0.9597957123344617,0.9597957123344617,0.9597957123344617,0.9640047124620416,16839,16839,16839,33678,33440,62,300,0.008907892392659897,154,3.712030647107439e-07,1,0,1,1,False
standard,ego_facebook,ego-Facebook,social,2,quasi_local_walk,srw,SRW-l7,steps,7.0,False,259.21429479075596,0.994752283750543,0.9954934602611987,0.9722073757349011,0.9722073757349011,0.9722073757349011,0.9751372784514851,16839,16839,16839,33678,33440,62,300,0.008907892392659897,154,2.9530750257747138e-06,1,0,1,1,False
standard,ego_facebook,ego-Facebook,social,2,quasi_local_walk,pfp,PFP-l7,steps,7.0,False,259.21429479075596,0.9849968890668931,0.9899531557044186,0.9625868519508284,0.9625868519508284,0.9625868519508284,0.9656334707562897,16839,16839,16839,33678,33475,48,251,0.007452936635192114,154,0.0020472054822428592,1,0,1,1,False
standard,ego_facebook,ego-Facebook,social,3,quasi_local_path,lpi,LPI-beta-0.1,beta,0.1,False,92.80543596716598,0.9875711907499866,0.98920111706808,0.9473246629847378,0.9473246629847378,0.9473246629847378,0.9527397522780761,16839,16839,16839,33678,7993,3409,29094,0.8638874042401568,11075,9.4,22,15,7,15,True
standard,ego_facebook,ego-Facebook,social,3,quasi_local_path,lpi,LPI-beta-0.01,beta,0.01,False,97.13352694595233,0.9920357261450637,0.993290787827179,0.9670407981471584,0.9670407981471584,0.9670407981471584,0.9703982120625002,16839,16839,16839,33678,10544,3836,26970,0.8008195261001247,11075,2.66,7,4,3,3,True
standard,ego_facebook,ego-Facebook,social,3,quasi_local_path,lpi,LPI-beta-0.001,beta,0.001,True,107.4752746000886,0.9932478139181329,0.9942294042860673,0.9694162361185343,0.9694162361185343,0.9694162361185343,0.9725971028376967,16839,16839,16839,33678,14446,2266,21498,0.6383395688580082,11075,2.05,5,2,3,2,True
standard,ego_facebook,ego-Facebook,social,3,quasi_local_path,ora_cni,ORA-CNI-beta-0.1,beta,0.1,False,94.98829413298517,0.9897358575063586,0.9909643320667186,0.9518379951303522,0.9518379951303522,0.9518379951303522,0.9568942365844311,16839,16839,16839,33678,20107,198,13769,0.4088425678484471,11075,1.7491871285981464,1,1,0,1,False
standard,ego_facebook,ego-Facebook,social,3,quasi_local_path,ora_cni,ORA-CNI-beta-0.01,beta,0.01,False,96.81021342985332,0.9896852689392661,0.9909166899983725,0.9516598372824989,0.9516598372824989,0.9516598372824989,0.9567339766626276,16839,16839,16839,33678,20107,198,13769,0.4088425678484471,11075,1.7465238307552535,1,0,1,1,False
standard,ego_facebook,ego-Facebook,social,3,quasi_local_path,ora_cni,ORA-CNI-beta-0.001,beta,0.001,True,88.94377480912954,0.9896800612421508,0.9909117808445388,0.9516004513332146,0.9516004513332146,0.9516004513332146,0.9566813682260735,16839,16839,16839,33678,20107,198,13769,0.4088425678484471,11075,1.746247456037783,1,0,1,1,False
standard,ego_facebook,ego-Facebook,social,3,enhanced_local,lit,LIT-i2,iterations,2.0,True,11.461807595100254,0.9920965240068605,0.9925783909607158,0.9676940435892868,0.9676940435892868,0.9676940435892868,0.9711341701416444,16839,16839,16839,33678,18320,266,15624,0.46392303580972744,14844,0.011539972687222564,1,0,1,1,False
standard,ego_facebook,ego-Facebook,social,3,enhanced_local,lit,LIT-i4,iterations,4.0,False,23.789248941931874,0.9892142951858762,0.9895589986145783,0.948987469564701,0.948987469564701,0.948987469564701,0.9545602288240904,16839,16839,16839,33678,18824,11,14865,0.4413860680562979,14844,0.007404833378985189,1,0,1,1,False
standard,ego_facebook,ego-Facebook,social,3,enhanced_local,lit,LIT-i6,iterations,6.0,False,36.42753245169297,0.9878533885721941,0.9881445380862012,0.9377635251499495,0.9377635251499495,0.9377635251499495,0.9446119576120773,16839,16839,16839,33678,18824,11,14865,0.4413860680562979,14844,0.00697938239089683,1,0,1,1,False
standard,ego_facebook,ego-Facebook,social,3,quasi_local_walk,lrw,LRW-l3,steps,3.0,True,48.545028157066554,0.9953170667558764,0.9958846496405855,0.9747609715541303,0.9747609715541303,0.9747609715541303,0.9774430245842712,16839,16839,16839,33678,20228,201,13651,0.4053387968406675,11077,4.0397350957827596e-07,1,1,0,1,False
standard,ego_facebook,ego-Facebook,social,3,quasi_local_walk,srw,SRW-l3,steps,3.0,True,48.545028157066554,0.9962117854055104,0.9966779276378098,0.9777302690183503,0.9777302690183503,0.9777302690183503,0.9801208764738425,16839,16839,16839,33678,20228,202,13652,0.4053684898153097,11075,9.091610859353788e-07,1,1,0,1,False
standard,ego_facebook,ego-Facebook,social,3,quasi_local_walk,pfp,PFP-l3,steps,3.0,True,48.545028157066554,0.9847867325120107,0.9904094442724652,0.9630025535958192,0.9630025535958192,0.9630025535958192,0.965888393620671,16839,16839,16839,33678,21707,487,12458,0.36991507809252333,11075,0.0019202806522367185,1,1,0,1,False
standard,ego_facebook,ego-Facebook,social,3,quasi_local_walk,lrw,LRW-l5,steps,5.0,False,205.2279239599593,0.9938302604633303,0.9946246176198538,0.9682285171328464,0.9682285171328464,0.9682285171328464,0.9715786276135352,16839,16839,16839,33678,30001,350,4027,0.11957360888413801,1904,3.984874368765513e-07,1,1,0,1,False
standard,ego_facebook,ego-Facebook,social,3,quasi_local_walk,srw,SRW-l5,steps,5.0,False,205.2279239599593,0.9956374873803373,0.9962231432034628,0.9757705326919651,0.9757705326919651,0.9757705326919651,0.9783467850156087,16839,16839,16839,33678,30003,349,4024,0.11948452996021142,1903,1.8544658862999718e-06,1,1,0,1,False
standard,ego_facebook,ego-Facebook,social,3,quasi_local_walk,pfp,PFP-l5,steps,5.0,False,205.2279239599593,0.9840600432859193,0.9898992907898515,0.9614585189144248,0.9614585189144248,0.9614585189144248,0.9644652669621409,16839,16839,16839,33678,30823,461,3316,0.09846190391353406,1903,0.0020262578349230795,1,1,0,1,False
standard,ego_facebook,ego-Facebook,social,3,quasi_local_walk,lrw,LRW-l7,steps,7.0,False,268.41557287285104,0.9922729425282254,0.9931420954824001,0.9620523784072689,0.9620523784072689,0.9620523784072689,0.9660487726363484,16839,16839,16839,33678,33443,72,307,0.009115743215155294,109,3.688676756833019e-07,1,1,0,1,False
standard,ego_facebook,ego-Facebook,social,3,quasi_local_walk,srw,SRW-l7,steps,7.0,False,268.41557287285104,0.9950814867081714,0.9957405437574165,0.9732169368727359,0.9732169368727359,0.9732169368727359,0.9760589853617675,16839,16839,16839,33678,33443,71,306,0.009086050240513094,109,2.760363673026562e-06,1,0,1,1,False
standard,ego_facebook,ego-Facebook,social,3,quasi_local_walk,pfp,PFP-l7,steps,7.0,False,268.41557287285104,0.9840597266117487,0.9898988852203896,0.9614585189144248,0.9614585189144248,0.9614585189144248,0.9644652669621409,16839,16839,16839,33678,33505,62,235,0.006977849040916919,109,0.0020262578349230795,1,1,0,1,False
standard,ego_facebook,ego-Facebook,social,4,quasi_local_path,lpi,LPI-beta-0.1,beta,0.1,False,86.48486545262858,0.9874247337551124,0.9892921568321874,0.9487499257675633,0.9487499257675633,0.9487499257675633,0.9539490262955368,16839,16839,16839,33678,8007,3425,29096,0.8639467901894412,11101,10.0,15,9,6,1,True
standard,ego_facebook,ego-Facebook,social,4,quasi_local_path,lpi,LPI-beta-0.01,beta,0.01,False,99.53903902275488,0.9917078102692245,0.9931769497692805,0.9683472890314152,0.9683472890314152,0.9683472890314152,0.9714935228992645,16839,16839,16839,33678,10604,3945,27019,0.8022744818575925,11101,3.0300000000000002,5,3,2,4,True
standard,ego_facebook,ego-Facebook,social,4,quasi_local_path,lpi,LPI-beta-0.001,beta,0.001,True,99.48921996029094,0.9929449967196976,0.9941180719421048,0.9692974642199655,0.9692974642199655,0.9692974642199655,0.972442608311458,16839,16839,16839,33678,14631,2228,21275,0.6317180355127977,11101,2.084,4,2,2,4,False
standard,ego_facebook,ego-Facebook,social,4,quasi_local_path,ora_cni,ORA-CNI-beta-0.1,beta,0.1,False,96.22809118404984,0.9896598502905982,0.9911177008037269,0.9544509768988657,0.9544509768988657,0.9544509768988657,0.9591521766015537,16839,16839,16839,33678,20196,195,13677,0.4061108141813647,11101,1.8291403798265267,1,0,1,1,False
standard,ego_facebook,ego-Facebook,social,4,quasi_local_path,ora_cni,ORA-CNI-beta-0.01,beta,0.01,False,86.722863889765,0.9896111156705427,0.9910714553050058,0.9542728190510126,0.9542728190510126,0.9542728190510126,0.9589922319263818,16839,16839,16839,33678,20196,195,13677,0.4061108141813647,11101,1.8228444302228652,1,1,0,1,False
standard,ego_facebook,ego-Facebook,social,4,quasi_local_path,ora_cni,ORA-CNI-beta-0.001,beta,0.001,True,101.85242966702208,0.9896064128396185,0.9910668811868145,0.9542728190510126,0.9542728190510126,0.9542728190510126,0.9589919413793703,16839,16839,16839,33678,20196,195,13677,0.4061108141813647,11101,1.8215923939543957,1,1,0,1,False
standard,ego_facebook,ego-Facebook,social,4,enhanced_local,lit,LIT-i2,iterations,2.0,True,16.127989703323692,0.9923927595511237,0.9931518697064303,0.96935685016925,0.96935685016925,0.96935685016925,0.9725524650533117,16839,16839,16839,33678,18378,241,15541,0.46145851891442485,14776,0.01291894701564879,1,1,0,1,False
standard,ego_facebook,ego-Facebook,social,4,enhanced_local,lit,LIT-i4,iterations,4.0,False,27.909571174066514,0.9897157803111223,0.990384755672313,0.9535008017103154,0.9535008017103154,0.9535008017103154,0.9584912765862913,16839,16839,16839,33678,18893,10,14795,0.4393075598313439,14776,0.008234674977943345,1,0,1,1,False
standard,ego_facebook,ego-Facebook,social,4,enhanced_local,lit,LIT-i6,iterations,6.0,False,35.47292885230854,0.9882977618886652,0.9888995849899391,0.943642734129105,0.943642734129105,0.943642734129105,0.94975039722099,16839,16839,16839,33678,18893,10,14795,0.4393075598313439,14776,0.007345074729759407,1,1,0,1,False
standard,ego_facebook,ego-Facebook,social,4,quasi_local_walk,lrw,LRW-l3,steps,3.0,True,49.0109640317969,0.9951347797607372,0.9959599392028099,0.9754736029455431,0.9754736029455431,0.9754736029455431,0.9780272582982525,16839,16839,16839,33678,20311,206,13573,0.4030227448185759,11104,4.498264300040312e-07,1,1,0,1,False
standard,ego_facebook,ego-Facebook,social,4,quasi_local_walk,srw,SRW-l3,steps,3.0,True,49.0109640317969,0.9959924379060716,0.9966845331300013,0.9780271987647723,0.9780271987647723,0.9780271987647723,0.9803423044143245,16839,16839,16839,33678,20315,205,13568,0.4028742799453649,11101,1.0272348043663036e-06,1,1,0,1,False
standard,ego_facebook,ego-Facebook,social,4,quasi_local_walk,pfp,PFP-l3,steps,3.0,True,49.0109640317969,0.984785129132222,0.990266019040654,0.9644872023279292,0.9644872023279292,0.9644872023279292,0.9672468776762719,16839,16839,16839,33678,21761,482,12399,0.3681631925886335,11101,0.0019414855682162921,1,1,0,1,False
standard,ego_facebook,ego-Facebook,social,4,quasi_local_walk,lrw,LRW-l5,steps,5.0,False,246.37413076357916,0.9936459010750349,0.994657752644885,0.9695350080171031,0.9695350080171031,0.9695350080171031,0.9726910236586443,16839,16839,16839,33678,29529,310,4459,0.13240097392956826,2812,4.410181220726842e-07,1,1,0,1,False
standard,ego_facebook,ego-Facebook,social,4,quasi_local_walk,srw,SRW-l5,steps,5.0,False,246.37413076357916,0.9953767774362136,0.9961781373366184,0.9766613219312311,0.9766613219312311,0.9766613219312311,0.9790897480625126,16839,16839,16839,33678,29529,310,4459,0.13240097392956826,2812,2.0715458636675835e-06,1,1,0,1,False
standard,ego_facebook,ego-Facebook,social,4,quasi_local_walk,pfp,PFP-l5,steps,5.0,False,246.37413076357916,0.9838967231565041,0.9897168603558852,0.9627650097986816,0.9627650097986816,0.9627650097986816,0.9656461956817136,16839,16839,16839,33678,30366,248,3560,0.10570698972623077,2812,0.0020170490682729814,1,1,0,1,False
standard,ego_facebook,ego-Facebook,social,4,quasi_local_walk,lrw,LRW-l7,steps,7.0,False,259.42885103914887,0.9921508542528801,0.9932475206189839,0.9626462379001128,0.9626462379001128,0.9626462379001128,0.9665389101354414,16839,16839,16839,33678,33387,79,370,0.010986400617613872,113,3.98999499480441e-07,1,0,1,1,False
standard,ego_facebook,ego-Facebook,social,4,quasi_local_walk,srw,SRW-l7,steps,7.0,False,259.42885103914887,0.9948302651972227,0.9957042064969821,0.9744640418077083,0.9744640418077083,0.9744640418077083,0.9771154849629181,16839,16839,16839,33678,33387,79,370,0.010986400617613872,113,3.0217832721860973e-06,1,0,1,1,False
standard,ego_facebook,ego-Facebook,social,4,quasi_local_walk,pfp,PFP-l7,steps,7.0,False,259.42885103914887,0.9838959061737322,0.9897160562703433,0.9627650097986816,0.9627650097986816,0.9627650097986816,0.9656461288469801,16839,16839,16839,33678,33494,63,247,0.007334164736623315,113,0.0020170490682729814,1,1,0,1,False
standard,ego_facebook,ego-Facebook,social,5,quasi_local_path,lpi,LPI-beta-0.1,beta,0.1,False,110.03468936309218,0.9856945486800961,0.9877125713424456,0.9444147514698022,0.9444147514698022,0.9444147514698022,0.95001220238636,16839,16839,16839,33678,7992,3510,29196,0.8669160876536611,11949,10.2,13,11,2,9,True
standard,ego_facebook,ego-Facebook,social,5,quasi_local_path,lpi,LPI-beta-0.01,beta,0.01,False,93.74976623104885,0.9905830418554944,0.9921157966692103,0.9644278163786448,0.9644278163786448,0.9644278163786448,0.9679713468791197,16839,16839,16839,33678,10612,3934,27000,0.8017103153393907,11949,2.96,5,4,1,1,True
standard,ego_facebook,ego-Facebook,social,5,quasi_local_path,lpi,LPI-beta-0.001,beta,0.001,True,94.16863899305463,0.9921520547938112,0.9933319213873356,0.9657343072629015,0.9657343072629015,0.9657343072629017,0.9692627851396168,16839,16839,16839,33678,14616,2262,21324,0.6331729912702655,11949,2.08,5,4,1,1,True
standard,ego_facebook,ego-Facebook,social,5,quasi_local_path,ora_cni,ORA-CNI-beta-0.1,beta,0.1,False,95.31822974001989,0.9880858279253476,0.9896180936118575,0.949284399311123,0.949284399311123,0.949284399311123,0.9545115961604377,16839,16839,16839,33678,20198,185,13665,0.4057544984856583,11949,1.860596209281736,1,0,1,1,False
standard,ego_facebook,ego-Facebook,social,5,quasi_local_path,ora_cni,ORA-CNI-beta-0.01,beta,0.01,False,111.54452230921015,0.9880341689415111,0.9895695945576048,0.9491656274125542,0.9491656274125542,0.9491656274125542,0.9544035312020419,16839,16839,16839,33678,20198,185,13665,0.4057544984856583,11949,1.8551926571042816,1,0,1,1,False
standard,ego_facebook,ego-Facebook,social,5,quasi_local_path,ora_cni,ORA-CNI-beta-0.001,beta,0.001,True,85.01577227190137,0.9880288279948691,0.9895645267026776,0.9491656274125542,0.9491656274125542,0.9491656274125542,0.954403172026244,16839,16839,16839,33678,20198,185,13665,0.4057544984856583,11949,1.8551571576477137,1,0,1,1,False
standard,ego_facebook,ego-Facebook,social,5,enhanced_local,lit,LIT-i2,iterations,2.0,True,12.244066923856735,0.9912782613061298,0.9918952321257595,0.9645465882772136,0.9645465882772136,0.9645465882772136,0.9682880177869704,16839,16839,16839,33678,18382,253,15549,0.46169606271156244,14697,0.013087251125205016,1,1,0,1,False
standard,ego_facebook,ego-Facebook,social,5,enhanced_local,lit,LIT-i4,iterations,4.0,False,23.184247663710266,0.9884390762844814,0.9889234765579318,0.9499376447532514,0.9499376447532514,0.9499376447532514,0.9553209942145784,16839,16839,16839,33678,18970,13,14721,0.4371102797078211,14697,0.008378809131686281,1,1,0,1,False
standard,ego_facebook,ego-Facebook,social,5,enhanced_local,lit,LIT-i6,iterations,6.0,False,35.769102305173874,0.9870610905247383,0.9874700672544554,0.9393669457806283,0.9393669457806283,0.9393669457806283,0.9459569762051767,16839,16839,16839,33678,18971,12,14719,0.43705089375853673,14697,0.007912590490391731,1,0,1,1,False
standard,ego_facebook,ego-Facebook,social,5,quasi_local_walk,lrw,LRW-l3,steps,3.0,True,49.51889045210555,0.9942603227147259,0.9950342639364451,0.9717916740899103,0.9717916740899103,0.9717916740899103,0.974739249286229,16839,16839,16839,33678,20320,191,13549,0.4023101134271631,11954,4.5294345538732574e-07,1,0,1,1,False
standard,ego_facebook,ego-Facebook,social,5,quasi_local_walk,srw,SRW-l3,steps,3.0,True,49.51889045210555,0.9954464271538837,0.9960633505988484,0.974404655858424,0.974404655858424,0.974404655858424,0.9771281198217195,16839,16839,16839,33678,20327,190,13541,0.4020725696300255,11949,1.0369236835313127e-06,1,0,1,1,False
standard,ego_facebook,ego-Facebook,social,5,quasi_local_walk,pfp,PFP-l3,steps,3.0,True,49.51889045210555,0.9838689597826238,0.9895852477754858,0.9612803610665717,0.9612803610665717,0.9612803610665717,0.9643284852505912,16839,16839,16839,33678,21303,217,12592,0.37389393669457804,11949,0.002063150717273674,1,1,0,1,False
standard,ego_facebook,ego-Facebook,social,5,quasi_local_walk,lrw,LRW-l5,steps,5.0,False,222.03413181193173,0.9924687481923133,0.993533196694513,0.965496763465764,0.965496763465764,0.965496763465764,0.9690570038424431,16839,16839,16839,33678,29760,271,4189,0.12438387077617435,2735,4.3590287261457817e-07,1,1,0,1,False
standard,ego_facebook,ego-Facebook,social,5,quasi_local_walk,srw,SRW-l5,steps,5.0,False,222.03413181193173,0.9946524840514013,0.9954181319053733,0.9728606211770295,0.9728606211770295,0.9728606211770295,0.9757007999303583,16839,16839,16839,33678,29758,273,4193,0.12450264267474316,2735,2.0463845173521726e-06,1,1,0,1,False
standard,ego_facebook,ego-Facebook,social,5,quasi_local_walk,pfp,PFP-l5,steps,5.0,False,222.03413181193173,0.9830953530697136,0.9890521901983518,0.9597363263851773,0.9597363263851773,0.9597363263851773,0.9629002155937914,16839,16839,16839,33678,30460,283,3501,0.103955104222341,2735,0.002179672601337939,1,1,0,1,False
standard,ego_facebook,ego-Facebook,social,5,quasi_local_walk,lrw,LRW-l7,steps,7.0,False,267.3044953220524,0.9907669113731327,0.9919493209852032,0.9593206247401864,0.9593206247401864,0.9593206247401864,0.9635142555489167,16839,16839,16839,33678,33174,86,590,0.017518855038897798,306,3.9353215586889533e-07,1,1,0,1,False
standard,ego_facebook,ego-Facebook,social,5,quasi_local_walk,srw,SRW-l7,steps,7.0,False,267.3044953220524,0.9939732526626872,0.9948537872892774,0.9709008848506443,0.9709008848506443,0.9709008848506443,0.9739234287611794,16839,16839,16839,33678,33174,86,590,0.017518855038897798,306,3.0662086640930326e-06,1,0,1,1,False
standard,ego_facebook,ego-Facebook,social,5,quasi_local_walk,pfp,PFP-l7,steps,7.0,False,267.3044953220524,0.9830972824434993,0.9890549145671279,0.9597363263851773,0.9597363263851773,0.9597363263851773,0.9629002155937914,16839,16839,16839,33678,33298,69,449,0.013332145614347646,306,0.002179672601337939,1,1,0,1,False
standard,socfb_middlebury45,socfb-Middlebury45,social,1,quasi_local_path,lpi,LPI-beta-0.1,beta,0.1,False,69.55232107127085,0.9096004283277688,0.9184920574515593,0.8400115188415337,0.8400115188415337,0.8400115188415337,0.8516226082400266,24308,24308,24308,48616,4572,3453,47497,0.9769828862925786,1977,44.1,24,12,12,7,True
standard,socfb_middlebury45,socfb-Middlebury45,social,1,quasi_local_path,lpi,LPI-beta-0.01,beta,0.01,False,81.86530145816505,0.9348398053342524,0.9406861877530281,0.8679858482804015,0.8679858482804015,0.8679858482804015,0.8784443515835201,24308,24308,24308,48616,7841,5633,46408,0.9545828533816028,1977,9.06,11,8,3,6,True
standard,socfb_middlebury45,socfb-Middlebury45,social,1,quasi_local_path,lpi,LPI-beta-0.001,beta,0.001,True,73.24472909094766,0.9460570791121634,0.9495244654748727,0.8796692446931051,0.8796692446931051,0.8796692446931051,0.8897614502923281,24308,24308,24308,48616,19582,7526,36560,0.752015797268389,1977,5.34,6,3,3,2,True
standard,socfb_middlebury45,socfb-Middlebury45,social,1,quasi_local_path,ora_cni,ORA-CNI-beta-0.1,beta,0.1,False,72.30204591993243,0.916119629357883,0.9270121235881608,0.8529702155668916,0.8529702155668916,0.8529702155668916,0.8633681191471354,24308,24308,24308,48616,46478,112,2250,0.046281059733421094,1977,2.2971345097757507,1,1,0,1,False
standard,socfb_middlebury45,socfb-Middlebury45,social,1,quasi_local_path,ora_cni,ORA-CNI-beta-0.01,beta,0.01,False,84.10735803283751,0.9160845229835957,0.9269848963492456,0.8529290768471285,0.8529290768471285,0.8529290768471285,0.8633285491763077,24308,24308,24308,48616,46478,112,2250,0.046281059733421094,1977,2.2934395170921773,1,1,0,1,False
standard,socfb_middlebury45,socfb-Middlebury45,social,1,quasi_local_path,ora_cni,ORA-CNI-beta-0.001,beta,0.001,True,70.49861129093915,0.9160806795697232,0.9269821394389899,0.8528879381273655,0.8528879381273655,0.8528879381273655,0.8632917545025254,24308,24308,24308,48616,46478,112,2250,0.046281059733421094,1977,2.2931548605102363,1,0,1,1,False
standard,socfb_middlebury45,socfb-Middlebury45,social,1,enhanced_local,lit,LIT-i2,iterations,2.0,True,10.066862991079688,0.9491062518527944,0.9506896061525056,0.8835774230705941,0.8835774230705941,0.8835774230705941,0.8937052623502648,24308,24308,24308,48616,34709,104,14011,0.28819730129998355,13684,0.04306392236031854,1,0,1,1,False
standard,socfb_middlebury45,socfb-Middlebury45,social,1,enhanced_local,lit,LIT-i4,iterations,4.0,False,22.405755432788283,0.9454287003633279,0.9469572336911343,0.8786407766990292,0.8786407766990292,0.8786407766990291,0.8890975948628691,24308,24308,24308,48616,34933,1,13684,0.28147112061872637,13684,0.039093353269627804,1,0,1,1,False
standard,socfb_middlebury45,socfb-Middlebury45,social,1,enhanced_local,lit,LIT-i6,iterations,6.0,False,29.71913298778236,0.9445915522689201,0.9460783124237795,0.8770775053480335,0.8770775053480335,0.8770775053480335,0.8876610479831843,24308,24308,24308,48616,34932,2,13686,0.2815122593384894,13684,0.03834767109539195,1,1,0,1,False
standard,socfb_middlebury45,socfb-Middlebury45,social,1,quasi_local_walk,lrw,LRW-l3,steps,3.0,True,222.9519100789912,0.9304066010635507,0.9376045552714167,0.8645713345400691,0.8645713345400691,0.8645713345400691,0.8749731315989346,24308,24308,24308,48616,46503,99,2212,0.045499424057923316,1979,4.0584067059575293e-07,1,1,0,1,False
standard,socfb_middlebury45,socfb-Middlebury45,social,1,quasi_local_walk,srw,SRW-l3,steps,3.0,True,222.9519100789912,0.9504193520918426,0.9543010705828869,0.8880204048050024,0.8880204048050024,0.8880204048050024,0.8974059527423389,24308,24308,24308,48616,46505,99,2210,0.04545828533816028,1977,9.183790726996302e-07,1,1,0,1,False
standard,socfb_middlebury45,socfb-Middlebury45,social,1,quasi_local_walk,pfp,PFP-l3,steps,3.0,True,222.9519100789912,0.916354474018338,0.9336333038983096,0.8617739015961823,0.8617739015961823,0.8617739015961824,0.870108726547821,24308,24308,24308,48616,46624,16,2008,0.04130327464209314,1977,0.0013784350363712954,1,1,0,1,False
standard,socfb_middlebury45,socfb-Middlebury45,social,1,quasi_local_walk,lrw,LRW-l5,steps,5.0,False,313.3246810436249,0.877222612520748,0.8916655969606657,0.8094454500575942,0.8094454500575942,0.8094454500575943,0.821586091451374,24308,24308,24308,48616,48614,1,3,6.170807964456147e-05,3,3.3524048555519345e-07,1,1,0,1,False
standard,socfb_middlebury45,socfb-Middlebury45,social,1,quasi_local_walk,srw,SRW-l5,steps,5.0,False,313.3246810436249,0.9356836980665256,0.9421571846915818,0.871523778180023,0.871523778180023,0.871523778180023,0.8815545797536356,24308,24308,24308,48616,48614,1,3,6.170807964456147e-05,3,1.6929088473229577e-06,1,1,0,1,False
standard,socfb_middlebury45,socfb-Middlebury45,social,1,quasi_local_walk,pfp,PFP-l5,steps,5.0,False,313.3246810436249,0.906534987498892,0.9250011936456741,0.8520240250123416,0.8520240250123416,0.8520240250123415,0.8606120410710454,24308,24308,24308,48616,48613,2,5,0.00010284679940760244,3,0.0014692251179021668,1,1,0,1,False
standard,socfb_middlebury45,socfb-Middlebury45,social,1,quasi_local_walk,lrw,LRW-l7,steps,7.0,False,293.3349707410671,0.8404292345902671,0.8587535854049435,0.7743129833799572,0.7743129833799572,0.7743129833799572,0.7871534294490128,24308,24308,24308,48616,48616,0,0,0.0,1,3.035867967954771e-07,1,1,0,1,False
standard,socfb_middlebury45,socfb-Middlebury45,social,1,quasi_local_walk,srw,SRW-l7,steps,7.0,False,293.3349707410671,0.9216058397632292,0.9303564410454188,0.8567549777850914,0.8567549777850914,0.8567549777850914,0.8672878240541136,24308,24308,24308,48616,48616,0,0,0.0,1,2.3767624650474274e-06,1,1,0,1,False
standard,socfb_middlebury45,socfb-Middlebury45,social,1,quasi_local_walk,pfp,PFP-l7,steps,7.0,False,293.3349707410671,0.9065337094488416,0.9249994657111309,0.8520240250123416,0.8520240250123416,0.8520240250123415,0.8606120044688983,24308,24308,24308,48616,48615,1,2,4.1138719763040976e-05,2,0.0014692251179021668,1,1,0,1,False
standard,socfb_middlebury45,socfb-Middlebury45,social,2,quasi_local_path,lpi,LPI-beta-0.1,beta,0.1,False,69.80269700614735,0.910966671037486,0.919464524119448,0.8419450386703966,0.8419450386703966,0.8419450386703966,0.8534686171077637,24308,24308,24308,48616,4610,3424,47430,0.9756047391805167,1899,44.400000000000006,11,3,8,11,False
standard,socfb_middlebury45,socfb-Middlebury45,social,2,quasi_local_path,lpi,LPI-beta-0.01,beta,0.01,False,71.11701737996191,0.9358799414712249,0.941791522602169,0.8723054138555209,0.8723054138555209,0.8723054138555209,0.8823408324208685,24308,24308,24308,48616,7865,5654,46405,0.9545211453019582,1899,9.11,7,4,3,7,False
standard,socfb_middlebury45,socfb-Middlebury45,social,2,quasi_local_path,lpi,LPI-beta-0.001,beta,0.001,True,70.4008924732916,0.94672458341459,0.9505042289006296,0.8836597005101201,0.8836597005101201,0.8836597005101201,0.893323127652973,24308,24308,24308,48616,19694,7425,36347,0.7476345236136251,1899,5.364,2,2,0,2,False
standard,socfb_middlebury45,socfb-Middlebury45,social,2,quasi_local_path,ora_cni,ORA-CNI-beta-0.1,beta,0.1,False,69.91024498129264,0.9184587779251745,0.9285163794587853,0.8553562613131479,0.8553562613131479,0.8553562613131479,0.8656881604615385,24308,24308,24308,48616,46513,132,2235,0.04597251933519829,1899,2.332033664439927,1,1,0,1,False
standard,socfb_middlebury45,socfb-Middlebury45,social,2,quasi_local_path,ora_cni,ORA-CNI-beta-0.01,beta,0.01,False,69.48636952228844,0.9184251085093003,0.9284892029916981,0.8553562613131479,0.8553562613131479,0.8553562613131479,0.8656852689587741,24308,24308,24308,48616,46513,132,2235,0.04597251933519829,1899,2.328137666845199,1,1,0,1,False
standard,socfb_middlebury45,socfb-Middlebury45,social,2,quasi_local_path,ora_cni,ORA-CNI-beta-0.001,beta,0.001,True,71.56552777206525,0.9184217561704062,0.9284865628566468,0.8553562613131479,0.8553562613131479,0.8553562613131479,0.8656849622737038,24308,24308,24308,48616,46513,132,2235,0.04597251933519829,1899,2.327892199517651,1,1,0,1,False
standard,socfb_middlebury45,socfb-Middlebury45,social,2,enhanced_local,lit,LIT-i2,iterations,2.0,True,9.170464354101568,0.9502328762158221,0.9523597995882962,0.8885140694421589,0.8885140694421589,0.888514069442159,0.8981172983996104,24308,24308,24308,48616,34736,102,13982,0.28760078986341947,13613,0.04318780817545065,1,1,0,1,False
standard,socfb_middlebury45,socfb-Middlebury45,social,2,enhanced_local,lit,LIT-i4,iterations,4.0,False,18.749600070994347,0.9467926075910468,0.9488075258010923,0.8824255389172289,0.8824255389172289,0.8824255389172289,0.8925145115606123,24308,24308,24308,48616,35003,2,13615,0.28005183478690143,13613,0.03962095500986441,1,1,0,1,False
standard,socfb_middlebury45,socfb-Middlebury45,social,2,enhanced_local,lit,LIT-i6,iterations,6.0,False,28.16063781408593,0.9460088252070913,0.947961545295687,0.8804920190883659,0.8804920190883659,0.8804920190883659,0.8907579622789473,24308,24308,24308,48616,35003,2,13615,0.28005183478690143,13613,0.038883993628352057,1,0,1,1,False
standard,socfb_middlebury45,socfb-Middlebury45,social,2,quasi_local_walk,lrw,LRW-l3,steps,3.0,True,170.1287562502548,0.931753570211876,0.9389550071975498,0.8682738193187428,0.8682738193187428,0.8682738193187428,0.8783345669640023,24308,24308,24308,48616,46547,112,2181,0.04486177390159618,1904,4.0483822858920707e-07,1,0,1,1,False
standard,socfb_middlebury45,socfb-Middlebury45,social,2,quasi_local_walk,srw,SRW-l3,steps,3.0,True,170.1287562502548,0.9514356840327405,0.9556655118400037,0.8921342767813065,0.8921342767813065,0.8921342767813064,0.9010943388567664,24308,24308,24308,48616,46552,112,2176,0.04475892710218858,1899,9.159027464364073e-07,1,0,1,1,False
standard,socfb_middlebury45,socfb-Middlebury45,social,2,quasi_local_walk,pfp,PFP-l3,steps,3.0,True,170.1287562502548,0.9171367787758797,0.9346774739263647,0.8640365311831496,0.8640365311831496,0.8640365311831496,0.8722169765495743,24308,24308,24308,48616,46699,18,1935,0.03980171137074214,1899,0.001378512242240058,1,0,1,1,False
standard,socfb_middlebury45,socfb-Middlebury45,social,2,quasi_local_walk,lrw,LRW-l5,steps,5.0,False,274.2951632225886,0.8780363443038665,0.8918067663357816,0.8105561954911963,0.8105561954911963,0.8105561954911963,0.8226490658554605,24308,24308,24308,48616,48616,0,0,0.0,1,3.3265735801234626e-07,1,1,0,1,False
standard,socfb_middlebury45,socfb-Middlebury45,social,2,quasi_local_walk,srw,SRW-l5,steps,5.0,False,274.2951632225886,0.9369371903643371,0.9435184772491709,0.8749382919203554,0.8749382919203554,0.8749382919203554,0.8846520788382426,24308,24308,24308,48616,48616,0,0,0.0,1,1.7022347770515206e-06,1,1,0,1,False
standard,socfb_middlebury45,socfb-Middlebury45,social,2,quasi_local_walk,pfp,PFP-l5,steps,5.0,False,274.2951632225886,0.9074022173647932,0.9261502548854073,0.8541632384400197,0.8541632384400197,0.8541632384400197,0.8626145844439674,24308,24308,24308,48616,48615,1,2,4.1138719763040976e-05,2,0.0014619294765272494,1,1,0,1,False
standard,socfb_middlebury45,socfb-Middlebury45,social,2,quasi_local_walk,lrw,LRW-l7,steps,7.0,False,247.4739427352324,0.8401503043765772,0.8577757166145649,0.775094619055455,0.775094619055455,0.775094619055455,0.7878614573903863,24308,24308,24308,48616,48616,0,0,0.0,1,2.990676181784248e-07,1,0,1,1,False
standard,socfb_middlebury45,socfb-Middlebury45,social,2,quasi_local_walk,srw,SRW-l7,steps,7.0,False,247.4739427352324,0.9227589667409034,0.9314258226708207,0.8575366134605891,0.8575366134605891,0.8575366134605891,0.8680458721294531,24308,24308,24308,48616,48616,0,0,0.0,1,2.3891548024275823e-06,1,1,0,1,False
standard,socfb_middlebury45,socfb-Middlebury45,social,2,quasi_local_walk,pfp,PFP-l7,steps,7.0,False,247.4739427352324,0.9074010341293732,0.9261477078320406,0.8541632384400197,0.8541632384400197,0.8541632384400197,0.8626145786344911,24308,24308,24308,48616,48615,1,2,4.1138719763040976e-05,2,0.0014619294765272494,1,1,0,1,False
standard,socfb_middlebury45,socfb-Middlebury45,social,3,quasi_local_path,lpi,LPI-beta-0.1,beta,0.1,False,71.6584009709768,0.911180765903725,0.918792429508868,0.8409165706763205,0.8409165706763205,0.8409165706763206,0.8526452216317889,24308,24308,24308,48616,4566,3439,47489,0.9768183314135264,1946,44.1,25,14,11,7,True
standard,socfb_middlebury45,socfb-Middlebury45,social,3,quasi_local_path,lpi,LPI-beta-0.01,beta,0.01,False,74.34841424087062,0.9357694274645049,0.9408675159516282,0.8688909001151884,0.8688909001151884,0.8688909001151884,0.8793720189346753,24308,24308,24308,48616,7833,5616,46399,0.9543977291426691,1946,8.99,20,12,8,6,True
standard,socfb_middlebury45,socfb-Middlebury45,social,3,quasi_local_path,lpi,LPI-beta-0.001,beta,0.001,True,69.25126942386851,0.9463929316830674,0.9495115499680488,0.8792167187757117,0.8792167187757117,0.8792167187757117,0.8894175935926848,24308,24308,24308,48616,19728,7421,36309,0.7468528879381273,1946,5.333,5,1,4,3,True
standard,socfb_middlebury45,socfb-Middlebury45,social,3,quasi_local_path,ora_cni,ORA-CNI-beta-0.1,beta,0.1,False,71.4754291139543,0.9179018665911902,0.9273646323893555,0.8527233832483133,0.8527233832483133,0.8527233832483134,0.8634032240812866,24308,24308,24308,48616,46503,122,2235,0.04597251933519829,1946,2.327444575819082,1,1,0,1,False
standard,socfb_middlebury45,socfb-Middlebury45,social,3,quasi_local_path,ora_cni,ORA-CNI-beta-0.01,beta,0.01,False,72.38528222683817,0.9178668249661306,0.9273368263516022,0.8526822445285502,0.8526822445285502,0.8526822445285502,0.8633636778133816,24308,24308,24308,48616,46503,122,2235,0.04597251933519829,1946,2.3236216456125307,1,0,1,1,False
standard,socfb_middlebury45,socfb-Middlebury45,social,3,quasi_local_path,ora_cni,ORA-CNI-beta-0.001,beta,0.001,True,70.13400991866365,0.9178631850154286,0.9273339120486801,0.8526822445285502,0.8526822445285502,0.8526822445285502,0.8633633440492904,24308,24308,24308,48616,46503,122,2235,0.04597251933519829,1946,2.323249177682982,1,0,1,1,False
standard,socfb_middlebury45,socfb-Middlebury45,social,3,enhanced_local,lit,LIT-i2,iterations,2.0,True,10.375485858879983,0.9495814552375146,0.9512271613424982,0.8845647523449071,0.8845647523449071,0.8845647523449071,0.8946057390765512,24308,24308,24308,48616,34791,113,13938,0.2866957380286326,13562,0.04367765633489514,1,1,0,1,False
standard,socfb_middlebury45,socfb-Middlebury45,social,3,enhanced_local,lit,LIT-i4,iterations,4.0,False,20.523314612917602,0.946273388282946,0.9478419175609571,0.8792167187757117,0.8792167187757117,0.8792167187757117,0.8896594814544411,24308,24308,24308,48616,35054,2,13564,0.27900279743294387,13562,0.03984395928303873,1,1,0,1,False
standard,socfb_middlebury45,socfb-Middlebury45,social,3,enhanced_local,lit,LIT-i6,iterations,6.0,False,30.47147353598848,0.9455015540011339,0.9470060220329695,0.8779825571828205,0.8779825571828205,0.8779825571828205,0.8885226976713202,24308,24308,24308,48616,35054,2,13564,0.27900279743294387,13562,0.039177032506586884,1,0,1,1,False
standard,socfb_middlebury45,socfb-Middlebury45,social,3,quasi_local_walk,lrw,LRW-l3,steps,3.0,True,170.1742093791254,0.9314157382334295,0.9379893524165724,0.8650238604574626,0.8650238604574626,0.8650238604574626,0.8754969994452286,24308,24308,24308,48616,46525,105,2196,0.04517031429981899,1951,4.046452120576062e-07,1,0,1,1,False
standard,socfb_middlebury45,socfb-Middlebury45,social,3,quasi_local_walk,srw,SRW-l3,steps,3.0,True,170.1742093791254,0.950588893699126,0.954545528472313,0.8888431792002632,0.8888431792002632,0.8888431792002632,0.8981418701410538,24308,24308,24308,48616,46530,105,2191,0.045067467500411386,1946,9.204441307492031e-07,1,0,1,1,False
standard,socfb_middlebury45,socfb-Middlebury45,social,3,quasi_local_walk,pfp,PFP-l3,steps,3.0,True,170.1742093791254,0.9169811300850251,0.9333616771575705,0.8616916241566562,0.8616916241566562,0.8616916241566562,0.870416958243342,24308,24308,24308,48616,46648,23,1991,0.04095359552410729,1946,0.0013943782885367636,1,0,1,1,False
standard,socfb_middlebury45,socfb-Middlebury45,social,3,quasi_local_walk,lrw,LRW-l5,steps,5.0,False,275.3625250677578,0.878018047347068,0.8916641973506095,0.8084992595030442,0.8084992595030442,0.8084992595030442,0.8208988123918837,24308,24308,24308,48616,48613,2,5,0.00010284679940760244,3,3.3681043895523517e-07,1,1,0,1,False
standard,socfb_middlebury45,socfb-Middlebury45,social,3,quasi_local_walk,srw,SRW-l5,steps,5.0,False,275.3625250677578,0.9362899210143184,0.942554633330056,0.8708655586638144,0.8708655586638144,0.8708655586638143,0.8810420574204405,24308,24308,24308,48616,48613,2,5,0.00010284679940760244,3,1.6932092628440155e-06,1,1,0,1,False
standard,socfb_middlebury45,socfb-Middlebury45,social,3,quasi_local_walk,pfp,PFP-l5,steps,5.0,False,275.3625250677578,0.9069863948630029,0.9247367908898498,0.8516537765344743,0.8516537765344743,0.8516537765344744,0.8606379332727612,24308,24308,24308,48616,48606,9,19,0.00039081783774888926,3,0.0014751333078684983,1,1,0,1,False
standard,socfb_middlebury45,socfb-Middlebury45,social,3,quasi_local_walk,lrw,LRW-l7,steps,7.0,False,248.19828092074022,0.8405148599691146,0.8582894784336033,0.7734902089846964,0.7734902089846964,0.7734902089846964,0.7865130431029477,24308,24308,24308,48616,48615,1,2,4.1138719763040976e-05,2,3.005747660467258e-07,1,1,0,1,False
standard,socfb_middlebury45,socfb-Middlebury45,social,3,quasi_local_walk,srw,SRW-l7,steps,7.0,False,248.19828092074022,0.9223380686109768,0.9306883703323664,0.8566315616258022,0.8566315616258022,0.8566315616258022,0.8672820188217683,24308,24308,24308,48616,48615,1,2,4.1138719763040976e-05,2,2.3891439549735933e-06,1,0,1,1,False
standard,socfb_middlebury45,socfb-Middlebury45,social,3,quasi_local_walk,pfp,PFP-l7,steps,7.0,False,248.19828092074022,0.9069834497791537,0.9247335567244117,0.8516537765344743,0.8516537765344743,0.8516537765344744,0.860637753860146,24308,24308,24308,48616,48608,8,16,0.0003291097581043278,2,0.0014751333078684983,1,1,0,1,False
standard,socfb_middlebury45,socfb-Middlebury45,social,4,quasi_local_path,lpi,LPI-beta-0.1,beta,0.1,False,68.30700585385785,0.9112649852541639,0.9199830246424249,0.8426032581866052,0.8426032581866052,0.8426032581866053,0.8540423768562116,24308,24308,24308,48616,4588,3473,47501,0.9770651637321046,1915,44.400000000000006,16,7,9,1,True
standard,socfb_middlebury45,socfb-Middlebury45,social,4,quasi_local_path,lpi,LPI-beta-0.01,beta,0.01,False,68.84343472728506,0.9362891488665788,0.9423369990435129,0.8709889748231036,0.8709889748231036,0.8709889748231036,0.8811829109537281,24308,24308,24308,48616,7866,5623,46373,0.9538629257857495,1915,9.0,9,8,1,9,False
standard,socfb_middlebury45,socfb-Middlebury45,social,4,quasi_local_path,lpi,LPI-beta-0.001,beta,0.001,True,69.9643041761592,0.9472276548153528,0.9511171802550716,0.8832483133124898,0.8832483133124898,0.8832483133124899,0.8929784695505864,24308,24308,24308,48616,19660,7433,36389,0.748498436728649,1915,5.332,3,2,1,3,False
standard,socfb_middlebury45,socfb-Middlebury45,social,4,quasi_local_path,ora_cni,ORA-CNI-beta-0.1,beta,0.1,False,72.8211933542043,0.9183123741687202,0.9284292033840628,0.8547391805167023,0.8547391805167023,0.8547391805167023,0.8651473978992285,24308,24308,24308,48616,46534,100,2182,0.044882343261477706,1915,2.315848459051601,1,0,1,1,False
standard,socfb_middlebury45,socfb-Middlebury45,social,4,quasi_local_path,ora_cni,ORA-CNI-beta-0.01,beta,0.01,False,71.52163071464747,0.918276350212995,0.9284012822634996,0.8546980417969393,0.8546980417969393,0.8546980417969393,0.8651072795182814,24308,24308,24308,48616,46534,100,2182,0.044882343261477706,1915,2.312631813888947,1,0,1,1,False
standard,socfb_middlebury45,socfb-Middlebury45,social,4,quasi_local_path,ora_cni,ORA-CNI-beta-0.001,beta,0.001,True,71.52310333121568,0.9182728436027734,0.9283984458107135,0.8546980417969393,0.8546980417969393,0.8546980417969393,0.8651069721315557,24308,24308,24308,48616,46534,100,2182,0.044882343261477706,1915,2.3122583878734186,1,0,1,1,False
standard,socfb_middlebury45,socfb-Middlebury45,social,4,enhanced_local,lit,LIT-i2,iterations,2.0,True,10.395378882996738,0.9518174291103151,0.9534061418043887,0.8884317920026329,0.8884317920026329,0.8884317920026329,0.8981927819791516,24308,24308,24308,48616,34813,105,13908,0.28607865723218695,13559,0.04297910955032417,1,0,1,1,False
standard,socfb_middlebury45,socfb-Middlebury45,social,4,enhanced_local,lit,LIT-i4,iterations,4.0,False,20.834291180130094,0.94844216818081,0.9499725285485926,0.8826312325160441,0.8826312325160441,0.8826312325160441,0.8928426268479057,24308,24308,24308,48616,35054,5,13567,0.27906450551258843,13559,0.03924072339874866,1,1,0,1,False
standard,socfb_middlebury45,socfb-Middlebury45,social,4,enhanced_local,lit,LIT-i6,iterations,6.0,False,30.15521090431139,0.9476307581214672,0.9491148121351656,0.8810679611650486,0.8810679611650486,0.8810679611650486,0.8914097263220926,24308,24308,24308,48616,35055,4,13565,0.2790233667928254,13559,0.0385881342381889,1,1,0,1,False
standard,socfb_middlebury45,socfb-Middlebury45,social,4,quasi_local_walk,lrw,LRW-l3,steps,3.0,True,172.74967348203063,0.9324329187490897,0.939354900499538,0.8673276287641929,0.8673276287641929,0.8673276287641929,0.8775870014558028,24308,24308,24308,48616,46551,99,2164,0.04451209478361033,1917,4.019918849272996e-07,1,0,1,1,False
standard,socfb_middlebury45,socfb-Middlebury45,social,4,quasi_local_walk,srw,SRW-l3,steps,3.0,True,172.74967348203063,0.9517961498077983,0.9561519448764714,0.8922576929405956,0.8922576929405956,0.8922576929405956,0.9012253213554254,24308,24308,24308,48616,46554,98,2160,0.04442981734408425,1915,9.198704416335618e-07,1,0,1,1,False
standard,socfb_middlebury45,socfb-Middlebury45,social,4,quasi_local_walk,pfp,PFP-l3,steps,3.0,True,172.74967348203063,0.9177710384566016,0.9352688032516933,0.86539410893533,0.86539410893533,0.86539410893533,0.8734715111423468,24308,24308,24308,48616,46687,16,1945,0.04000740496955735,1915,0.0013797528025442376,1,1,0,1,False
standard,socfb_middlebury45,socfb-Middlebury45,social,4,quasi_local_walk,lrw,LRW-l5,steps,5.0,False,263.091368266847,0.8791743201864058,0.8929317219578191,0.8114201086062202,0.8114201086062202,0.8114201086062202,0.8234971499604563,24308,24308,24308,48616,48613,2,5,0.00010284679940760244,3,3.372954214880667e-07,1,0,1,1,False
standard,socfb_middlebury45,socfb-Middlebury45,social,4,quasi_local_walk,srw,SRW-l5,steps,5.0,False,263.091368266847,0.9373675320062196,0.9440302902762147,0.8744446272831989,0.8744446272831989,0.8744446272831988,0.8842478836359801,24308,24308,24308,48616,48613,2,5,0.00010284679940760244,3,1.6882657233922045e-06,1,0,1,1,False
standard,socfb_middlebury45,socfb-Middlebury45,social,4,quasi_local_walk,pfp,PFP-l5,steps,5.0,False,263.091368266847,0.9077883683992138,0.9265172099640375,0.8549860128352805,0.8549860128352805,0.8549860128352805,0.8633705888736493,24308,24308,24308,48616,48610,5,11,0.00022626295869672536,3,0.001464946203408228,1,0,1,1,False
standard,socfb_middlebury45,socfb-Middlebury45,social,4,quasi_local_walk,lrw,LRW-l7,steps,7.0,False,244.97800775105134,0.8416382336156248,0.8595834128532984,0.777110416323844,0.777110416323844,0.777110416323844,0.7896901568562107,24308,24308,24308,48616,48615,1,2,4.1138719763040976e-05,2,3.013959935184309e-07,1,1,0,1,False
standard,socfb_middlebury45,socfb-Middlebury45,social,4,quasi_local_walk,srw,SRW-l7,steps,7.0,False,244.97800775105134,0.9233448933442893,0.9320671800167827,0.8577011683396413,0.8577011683396413,0.8577011683396413,0.8682411051273532,24308,24308,24308,48616,48615,1,2,4.1138719763040976e-05,2,2.37324262680739e-06,1,0,1,1,False
standard,socfb_middlebury45,socfb-Middlebury45,social,4,quasi_local_walk,pfp,PFP-l7,steps,7.0,False,244.97800775105134,0.9077864783833822,0.9265136982459403,0.8549860128352805,0.8549860128352805,0.8549860128352805,0.8633705546001245,24308,24308,24308,48616,48610,6,12,0.00024683231857824587,2,0.001464946203408228,1,0,1,1,False
standard,socfb_middlebury45,socfb-Middlebury45,social,5,quasi_local_path,lpi,LPI-beta-0.1,beta,0.1,False,73.09269018098712,0.9097797957349532,0.9181777708879628,0.8395935327271979,0.8395935327271979,0.8395935327271979,0.8513170653470374,24307,24307,24307,48614,4587,3414,47441,0.9758711482289053,1949,44.0,30,17,13,11,True
standard,socfb_middlebury45,socfb-Middlebury45,social,5,quasi_local_path,lpi,LPI-beta-0.01,beta,0.01,False,72.45721934176981,0.9357080373011181,0.9412827329698891,0.869173489118361,0.869173489118361,0.869173489118361,0.8795881797584284,24307,24307,24307,48614,7870,5656,46400,0.954457563664788,1949,8.97,5,2,3,4,True
standard,socfb_middlebury45,socfb-Middlebury45,social,5,quasi_local_path,lpi,LPI-beta-0.001,beta,0.001,True,69.5347173716873,0.9472340515603086,0.9505027433014859,0.8805282428929938,0.8805282428929938,0.8805282428929938,0.8906389872155402,24307,24307,24307,48614,19727,7411,36298,0.7466573415065619,1949,5.315,1,1,0,1,False
standard,socfb_middlebury45,socfb-Middlebury45,social,5,quasi_local_path,ora_cni,ORA-CNI-beta-0.1,beta,0.1,False,70.96490752976388,0.9178402538207041,0.9278986306606654,0.8534167112354466,0.8534167112354466,0.8534167112354466,0.8639589634893928,24307,24307,24307,48614,46478,133,2269,0.04667379767145267,1949,2.3112088412573364,1,1,0,1,False
standard,socfb_middlebury45,socfb-Middlebury45,social,5,quasi_local_path,ora_cni,ORA-CNI-beta-0.01,beta,0.01,False,69.15055416896939,0.9178028347043263,0.9278696984927053,0.8533755708232197,0.8533755708232197,0.8533755708232197,0.8639191105207824,24307,24307,24307,48614,46478,133,2269,0.04667379767145267,1949,2.3074527940743015,1,1,0,1,False
standard,socfb_middlebury45,socfb-Middlebury45,social,5,quasi_local_path,ora_cni,ORA-CNI-beta-0.001,beta,0.001,True,68.48509501991794,0.9177991772195335,0.927866921045202,0.8533755708232197,0.8533755708232197,0.8533755708232197,0.8639187737063301,24307,24307,24307,48614,46478,133,2269,0.04667379767145267,1949,2.307002958726724,1,1,0,1,False
standard,socfb_middlebury45,socfb-Middlebury45,social,5,enhanced_local,lit,LIT-i2,iterations,2.0,True,11.403751415200531,0.951243556788258,0.952031136611626,0.8842308799934175,0.8842308799934175,0.8842308799934175,0.8945065009281519,24307,24307,24307,48614,34784,104,13934,0.28662525198502486,13567,0.04244665406478045,1,1,0,1,False
standard,socfb_middlebury45,socfb-Middlebury45,social,5,enhanced_local,lit,LIT-i4,iterations,4.0,False,18.901473206002265,0.9476381643153349,0.9483453216018398,0.8791706092895051,0.8791706092895051,0.8791706092895051,0.8897968155843785,24307,24307,24307,48614,35046,3,13571,0.279158267165837,13567,0.0390499129031866,1,0,1,1,False
standard,socfb_middlebury45,socfb-Middlebury45,social,5,enhanced_local,lit,LIT-i6,iterations,6.0,False,31.042590216733515,0.9468364682461191,0.9474855221909941,0.8778541160982433,0.8778541160982433,0.8778541160982433,0.8885826320864135,24307,24307,24307,48614,35047,2,13569,0.27911712675361006,13567,0.03838915170104985,1,1,0,1,False
standard,socfb_middlebury45,socfb-Middlebury45,social,5,quasi_local_walk,lrw,LRW-l3,steps,3.0,True,180.10272221127525,0.9330922453799496,0.9393876878162342,0.8664170814991566,0.8664170814991566,0.8664170814991566,0.876901537061979,24307,24307,24307,48614,46541,95,2168,0.044596206853992675,1951,3.999346662922982e-07,1,0,1,1,False
standard,socfb_middlebury45,socfb-Middlebury45,social,5,quasi_local_walk,srw,SRW-l3,steps,3.0,True,180.10272221127525,0.9528339679603965,0.9563696373981692,0.8912658904842227,0.8912658904842227,0.8912658904842227,0.9004948921945618,24307,24307,24307,48614,46545,94,2163,0.044493355823425354,1949,9.067634397843356e-07,1,1,0,1,False
standard,socfb_middlebury45,socfb-Middlebury45,social,5,quasi_local_walk,pfp,PFP-l3,steps,3.0,True,180.10272221127525,0.9224589364109408,0.9371761295857416,0.8668696260336528,0.8668696260336528,0.8668696260336528,0.8756656194840479,24307,24307,24307,48614,46638,29,2005,0.04124326325749784,1949,0.0013748181628296604,1,1,0,1,False
standard,socfb_middlebury45,socfb-Middlebury45,social,5,quasi_local_walk,lrw,LRW-l5,steps,5.0,False,265.54010663181543,0.8791998373627703,0.8927988587124623,0.8098078742749002,0.8098078742749002,0.8098078742749003,0.8221511115099648,24307,24307,24307,48614,48612,1,3,6.171061834039578e-05,3,3.3353389702566986e-07,1,1,0,1,False
standard,socfb_middlebury45,socfb-Middlebury45,social,5,quasi_local_walk,srw,SRW-l5,steps,5.0,False,265.54010663181543,0.9382115870180393,0.9441466816300396,0.8743571810589542,0.8743571810589542,0.8743571810589542,0.8843135854891381,24307,24307,24307,48614,48612,1,3,6.171061834039578e-05,3,1.6783061088831977e-06,1,1,0,1,False
standard,socfb_middlebury45,socfb-Middlebury45,social,5,quasi_local_walk,pfp,PFP-l5,steps,5.0,False,265.54010663181543,0.9129128016197834,0.9289084884007014,0.8575718928703666,0.8575718928703666,0.8575718928703666,0.866611383250946,24307,24307,24307,48614,48607,6,13,0.00026741267947504835,3,0.001469075930459288,1,0,1,1,False
standard,socfb_middlebury45,socfb-Middlebury45,social,5,quasi_local_walk,lrw,LRW-l7,steps,7.0,False,242.59794145822525,0.8410245641938083,0.8589801941572562,0.7754144896531864,0.7754144896531864,0.7754144896531864,0.7882153397351046,24307,24307,24307,48614,48614,0,0,0.0,1,2.9946740403455415e-07,1,0,1,1,False
standard,socfb_middlebury45,socfb-Middlebury45,social,5,quasi_local_walk,srw,SRW-l7,steps,7.0,False,242.59794145822525,0.923960403474376,0.9321182081183523,0.8576130332825935,0.8576130332825935,0.8576130332825935,0.8682937685520572,24307,24307,24307,48614,48614,0,0,0.0,1,2.3598867458763743e-06,1,1,0,1,False
standard,socfb_middlebury45,socfb-Middlebury45,social,5,quasi_local_walk,pfp,PFP-l7,steps,7.0,False,242.59794145822525,0.912910481174614,0.9289044686335958,0.8575718928703666,0.8575718928703666,0.8575718928703666,0.8666113050624895,24307,24307,24307,48614,48609,5,10,0.00020570206113465256,2,0.001469075930459288,1,0,1,1,False
standard,ca_grqc,ca-GrQc,scientific_collaboration,1,quasi_local_path,lpi,LPI-beta-0.1,beta,0.1,False,0.7644409639760852,0.9819701496244864,0.9820409079775828,0.9681597409606044,0.9681597409606044,0.9681597409606044,0.9731671348135406,1853,1853,1853,3706,667,246,3285,0.886400431732326,1860,0.0,1860,59,1801,7,True
standard,ca_grqc,ca-GrQc,scientific_collaboration,1,quasi_local_path,lpi,LPI-beta-0.01,beta,0.01,False,0.7747843442484736,0.9825042429310552,0.9823783080717694,0.9681597409606044,0.9681597409606044,0.9681597409606044,0.9732351077916478,1853,1853,1853,3706,867,167,3006,0.8111171073934161,1860,0.0,1860,59,1801,7,True
standard,ca_grqc,ca-GrQc,scientific_collaboration,1,quasi_local_path,lpi,LPI-beta-0.001,beta,0.001,True,0.7958564003929496,0.9825042429310553,0.9823783080717694,0.9681597409606044,0.9681597409606044,0.9681597409606044,0.9732351077916478,1853,1853,1853,3706,881,156,2981,0.8043712898003238,1860,0.0,1860,59,1801,7,True
standard,ca_grqc,ca-GrQc,scientific_collaboration,1,quasi_local_path,ora_cni,ORA-CNI-beta-0.1,beta,0.1,False,0.7468898640945554,0.9822573627927028,0.982031733956895,0.9681597409606044,0.9681597409606044,0.9681597409606044,0.9731851978879016,1853,1853,1853,3706,1672,64,2098,0.5661090124123044,1860,0.0,1860,59,1801,7,True
standard,ca_grqc,ca-GrQc,scientific_collaboration,1,quasi_local_path,ora_cni,ORA-CNI-beta-0.01,beta,0.01,False,0.612744502723217,0.9822467637518235,0.9820229967943351,0.9681597409606044,0.9681597409606044,0.9681597409606044,0.9731839388189333,1853,1853,1853,3706,1673,63,2096,0.565569347004857,1860,0.0,1860,59,1801,7,True
standard,ca_grqc,ca-GrQc,scientific_collaboration,1,quasi_local_path,ora_cni,ORA-CNI-beta-0.001,beta,0.001,True,0.49965822184458375,0.9822463848631449,0.9820227055555831,0.9681597409606044,0.9681597409606044,0.9681597409606044,0.9731838921476593,1853,1853,1853,3706,1673,63,2096,0.565569347004857,1860,0.0,1860,59,1801,7,True
standard,ca_grqc,ca-GrQc,scientific_collaboration,1,enhanced_local,lit,LIT-i2,iterations,2.0,True,0.3664132016710937,0.9286282668677117,0.9284306978459109,0.8801942795466811,0.8801942795466811,0.8801942795466811,0.8990098139716339,1853,1853,1853,3706,1493,48,2261,0.6100917431192661,2106,0.0,2106,262,1844,253,True
standard,ca_grqc,ca-GrQc,scientific_collaboration,1,enhanced_local,lit,LIT-i4,iterations,4.0,False,0.7842687098309398,0.9283908299501995,0.9282635268022655,0.8801942795466811,0.8801942795466811,0.8801942795466811,0.8989807938141209,1853,1853,1853,3706,1549,35,2192,0.5914732865623313,2106,0.0,2106,262,1844,253,True
standard,ca_grqc,ca-GrQc,scientific_collaboration,1,enhanced_local,lit,LIT-i6,iterations,6.0,False,1.2598772128112614,0.9282916762150786,0.9281924645467787,0.8801942795466811,0.8801942795466811,0.8801942795466811,0.8989687014932506,1853,1853,1853,3706,1552,32,2186,0.5898542903399892,2106,0.0,2106,262,1844,253,True
standard,ca_grqc,ca-GrQc,scientific_collaboration,1,quasi_local_walk,lrw,LRW-l3,steps,3.0,True,0.8181462646462023,0.9511676215190323,0.950026488164494,0.9125742039935241,0.9125742039935241,0.9125742039935241,0.926457063215057,1853,1853,1853,3706,1576,71,2201,0.5939017808958446,1977,0.0,1977,176,1801,124,True
standard,ca_grqc,ca-GrQc,scientific_collaboration,1,quasi_local_walk,srw,SRW-l3,steps,3.0,True,0.8181462646462023,0.9835198941765215,0.9831024732286059,0.9681597409606044,0.9681597409606044,0.9681597409606044,0.9733327195787719,1853,1853,1853,3706,1650,68,2124,0.5731246627091203,1860,0.0,1860,59,1801,7,True
standard,ca_grqc,ca-GrQc,scientific_collaboration,1,quasi_local_walk,pfp,PFP-l3,steps,3.0,True,0.8181462646462023,0.9826593777567698,0.9824419437390803,0.9681597409606044,0.9681597409606044,0.9681597409606044,0.9732291492532076,1853,1853,1853,3706,1698,54,2062,0.5563950350782515,1860,0.0,1860,59,1801,7,True
standard,ca_grqc,ca-GrQc,scientific_collaboration,1,quasi_local_walk,lrw,LRW-l5,steps,5.0,False,9.498607877176255,0.9876317411992583,0.9853196738475464,0.9568267674042094,0.9568267674042094,0.9568267674042094,0.9636687028663877,1853,1853,1853,3706,2338,25,1393,0.375876956287102,1343,1.3157343843466958e-07,1,1,0,1,False
standard,ca_grqc,ca-GrQc,scientific_collaboration,1,quasi_local_walk,srw,SRW-l5,steps,5.0,False,9.498607877176255,0.9929534458182534,0.9915127202893516,0.9686994063680519,0.9686994063680519,0.9686994063680519,0.9737710363617865,1853,1853,1853,3706,2350,26,1382,0.3729087965461414,1330,4.426184122342124e-07,1,0,1,1,False
standard,ca_grqc,ca-GrQc,scientific_collaboration,1,quasi_local_walk,pfp,PFP-l5,steps,5.0,False,9.498607877176255,0.9913766863099738,0.9901390927155654,0.9660010793308149,0.9660010793308149,0.9660010793308149,0.9713788811092301,1853,1853,1853,3706,2324,32,1414,0.3815434430652995,1330,0.0007575757575757575,1,0,1,1,False
standard,ca_grqc,ca-GrQc,scientific_collaboration,1,quasi_local_walk,lrw,LRW-l7,steps,7.0,False,29.17582840891555,0.9907157881612568,0.988292202169787,0.9584457636265515,0.9584457636265515,0.9584457636265515,0.965000861767222,1853,1853,1853,3706,3242,19,483,0.13032919589854292,446,2.3485833604440335e-07,1,0,1,1,False
standard,ca_grqc,ca-GrQc,scientific_collaboration,1,quasi_local_walk,srw,SRW-l7,steps,7.0,False,29.17582840891555,0.9944011159322306,0.9929234808040169,0.9686994063680519,0.9686994063680519,0.9686994063680519,0.9737579706335547,1853,1853,1853,3706,3248,18,476,0.12844036697247707,441,1.0321399037516363e-06,1,0,1,1,False
standard,ca_grqc,ca-GrQc,scientific_collaboration,1,quasi_local_walk,pfp,PFP-l7,steps,7.0,False,29.17582840891555,0.9929071507794838,0.9916364967589495,0.9665407447382622,0.9665407447382622,0.9665407447382622,0.9718274470863957,1853,1853,1853,3706,3212,33,527,0.14220183486238533,441,0.0008584019688878847,1,0,1,1,False
standard,ca_grqc,ca-GrQc,scientific_collaboration,2,quasi_local_path,lpi,LPI-beta-0.1,beta,0.1,False,0.6019682721234858,0.9822364583213046,0.982089107991038,0.9670804101457097,0.9670804101457097,0.9670804101457097,0.9723806757786667,1853,1853,1853,3706,669,259,3296,0.8893685914732865,1872,0.0,1872,62,1810,19,True
standard,ca_grqc,ca-GrQc,scientific_collaboration,2,quasi_local_path,lpi,LPI-beta-0.01,beta,0.01,False,0.6010517347604036,0.9822361036775518,0.9820869237003981,0.9670804101457097,0.9670804101457097,0.9670804101457097,0.9723803093347447,1853,1853,1853,3706,843,200,3063,0.8264975715056665,1872,0.0,1872,62,1810,19,True
standard,ca_grqc,ca-GrQc,scientific_collaboration,2,quasi_local_path,lpi,LPI-beta-0.001,beta,0.001,True,0.5398266771808267,0.9822361050407562,0.9820869237003981,0.9670804101457097,0.9670804101457097,0.9670804101457097,0.9723803093347447,1853,1853,1853,3706,868,180,3018,0.8143550998381004,1872,0.0,1872,62,1810,19,True
standard,ca_grqc,ca-GrQc,scientific_collaboration,2,quasi_local_path,ora_cni,ORA-CNI-beta-0.1,beta,0.1,False,0.42726826202124357,0.9819690184866503,0.9818047133497145,0.9670804101457097,0.9670804101457097,0.9670804101457097,0.9723374212307323,1853,1853,1853,3706,1690,52,2068,0.5580140313005937,1872,0.0,1872,62,1810,19,True
standard,ca_grqc,ca-GrQc,scientific_collaboration,2,quasi_local_path,ora_cni,ORA-CNI-beta-0.01,beta,0.01,False,0.5732346409931779,0.9819502296714863,0.9817913163671228,0.9670804101457097,0.9670804101457097,0.9670804101457097,0.9723350870188943,1853,1853,1853,3706,1690,52,2068,0.5580140313005937,1872,0.0,1872,62,1810,19,True
standard,ca_grqc,ca-GrQc,scientific_collaboration,2,quasi_local_path,ora_cni,ORA-CNI-beta-0.001,beta,0.001,True,0.6434782412834466,0.9819497530168184,0.9817910251283708,0.9670804101457097,0.9670804101457097,0.9670804101457097,0.9723350244316518,1853,1853,1853,3706,1690,52,2068,0.5580140313005937,1872,0.0,1872,62,1810,19,True
standard,ca_grqc,ca-GrQc,scientific_collaboration,2,enhanced_local,lit,LIT-i2,iterations,2.0,True,0.454252558760345,0.939682444932,0.9396441178946119,0.8915272531030761,0.8915272531030761,0.8915272531030761,0.9087016737236783,1853,1853,1853,3706,1531,49,2224,0.6001079330814895,2068,0.0,2068,221,1847,215,True
standard,ca_grqc,ca-GrQc,scientific_collaboration,2,enhanced_local,lit,LIT-i4,iterations,4.0,False,0.9001529295928776,0.9394941084392197,0.9395194677087578,0.8915272531030761,0.8915272531030761,0.8915272531030761,0.9086783256518671,1853,1853,1853,3706,1594,31,2143,0.5782514840798705,2068,0.0,2068,221,1847,215,True
standard,ca_grqc,ca-GrQc,scientific_collaboration,2,enhanced_local,lit,LIT-i6,iterations,6.0,False,1.4129008818417788,0.9394400321541165,0.9394827716260065,0.8915272531030761,0.8915272531030761,0.8915272531030761,0.9086716463403139,1853,1853,1853,3706,1591,35,2150,0.5801403130059363,2068,0.0,2068,221,1847,215,True
standard,ca_grqc,ca-GrQc,scientific_collaboration,2,quasi_local_walk,lrw,LRW-l3,steps,3.0,True,0.8953178287483752,0.9573550632980099,0.9566444519454603,0.9190501888828926,0.9190501888828926,0.9190501888828926,0.9319624387050628,1853,1853,1853,3706,1596,63,2173,0.5863464651915812,1963,0.0,1963,153,1810,110,True
standard,ca_grqc,ca-GrQc,scientific_collaboration,2,quasi_local_walk,srw,SRW-l3,steps,3.0,True,0.8953178287483752,0.9827043533035479,0.9823739394904895,0.9670804101457097,0.9670804101457097,0.9670804101457097,0.9724256855917317,1853,1853,1853,3706,1667,54,2093,0.5647598488936859,1872,0.0,1872,62,1810,19,True
standard,ca_grqc,ca-GrQc,scientific_collaboration,2,quasi_local_walk,pfp,PFP-l3,steps,3.0,True,0.8953178287483752,0.9812420816206702,0.9813052388900425,0.9670804101457097,0.9670804101457097,0.9670804101457097,0.9722471927474021,1853,1853,1853,3706,1710,51,2047,0.5523475445223961,1872,0.0,1872,62,1810,19,True
standard,ca_grqc,ca-GrQc,scientific_collaboration,2,quasi_local_walk,lrw,LRW-l5,steps,5.0,False,8.082996483892202,0.988144094673918,0.9859721942713919,0.963302752293578,0.963302752293578,0.963302752293578,0.9691242543629919,1853,1853,1853,3706,2298,15,1423,0.38397193739881275,1393,1.312503637293317e-07,1,0,1,1,False
standard,ca_grqc,ca-GrQc,scientific_collaboration,2,quasi_local_walk,srw,SRW-l5,steps,5.0,False,8.082996483892202,0.9921449035272516,0.9905830861929824,0.9697787371829466,0.9697787371829466,0.9697787371829466,0.9746723884477662,1853,1853,1853,3706,2308,16,1414,0.3815434430652995,1382,3.8339856237146384e-07,1,0,1,1,False
standard,ca_grqc,ca-GrQc,scientific_collaboration,2,quasi_local_walk,pfp,PFP-l5,steps,5.0,False,8.082996483892202,0.989683958894178,0.9886612016685651,0.9670804101457097,0.9670804101457097,0.9670804101457097,0.9721709605045848,1853,1853,1853,3706,2284,25,1447,0.3904479222881813,1382,0.0005769175811614083,1,0,1,1,False
standard,ca_grqc,ca-GrQc,scientific_collaboration,2,quasi_local_walk,lrw,LRW-l7,steps,7.0,False,29.37700879899785,0.9925113621692015,0.9906436638533974,0.9643820831084727,0.9643820831084727,0.9643820831084727,0.9700216697067869,1853,1853,1853,3706,3225,11,492,0.13275769023205614,471,2.2060285162114204e-07,1,1,0,1,False
standard,ca_grqc,ca-GrQc,scientific_collaboration,2,quasi_local_walk,srw,SRW-l7,steps,7.0,False,29.37700879899785,0.9944558537212204,0.9928835810949936,0.9697787371829466,0.9697787371829466,0.9697787371829466,0.974663869408339,1853,1853,1853,3706,3225,12,493,0.13302752293577982,469,8.634895941337296e-07,1,0,1,1,False
standard,ca_grqc,ca-GrQc,scientific_collaboration,2,quasi_local_walk,pfp,PFP-l7,steps,7.0,False,29.37700879899785,0.9916365753049072,0.9903474740426182,0.9670804101457097,0.9670804101457097,0.9670804101457097,0.9721692128952822,1853,1853,1853,3706,3197,25,534,0.14409066378845117,469,0.0006424650976677329,1,0,1,1,False
standard,ca_grqc,ca-GrQc,scientific_collaboration,3,quasi_local_path,lpi,LPI-beta-0.1,beta,0.1,False,0.7653507180511951,0.9867321771956816,0.9867592669986596,0.9757150566648678,0.9757150566648678,0.9757150566648678,0.979578927203752,1853,1853,1853,3706,698,251,3259,0.87938478143551,1850,0.1,54,22,32,51,True
standard,ca_grqc,ca-GrQc,scientific_collaboration,3,quasi_local_path,lpi,LPI-beta-0.01,beta,0.01,False,0.7737869750708342,0.986896076291411,0.9868651322850098,0.9757150566648678,0.9757150566648678,0.9757150566648678,0.9795990939605281,1853,1853,1853,3706,866,203,3043,0.8211009174311926,1850,0.01,54,22,32,51,True
standard,ca_grqc,ca-GrQc,scientific_collaboration,3,quasi_local_path,lpi,LPI-beta-0.001,beta,0.001,True,0.7784829051233828,0.9868960762914111,0.9868651322850098,0.9757150566648678,0.9757150566648678,0.9757150566648678,0.9795990939605281,1853,1853,1853,3706,892,185,2999,0.8092282784673502,1850,0.001,54,22,32,51,True
standard,ca_grqc,ca-GrQc,scientific_collaboration,3,quasi_local_path,ora_cni,ORA-CNI-beta-0.1,beta,0.1,False,0.7322581713087857,0.9868129289978728,0.9866753902380848,0.9757150566648678,0.9757150566648678,0.9757150566648678,0.9795687301353682,1853,1853,1853,3706,1706,69,2069,0.5582838640043173,1850,0.007416267942583728,1,0,1,1,False
standard,ca_grqc,ca-GrQc,scientific_collaboration,3,quasi_local_path,ora_cni,ORA-CNI-beta-0.01,beta,0.01,False,0.651987322140485,0.9868057923421735,0.986670439179301,0.9757150566648678,0.9757150566648678,0.9757150566648678,0.9795678830935645,1853,1853,1853,3706,1708,67,2065,0.5572045331894225,1850,0.007200956937799039,1,0,1,1,False
standard,ca_grqc,ca-GrQc,scientific_collaboration,3,quasi_local_path,ora_cni,ORA-CNI-beta-0.001,beta,0.001,True,0.7987898937426507,0.9868049545230146,0.986669856701797,0.9757150566648678,0.9757150566648678,0.9757150566648678,0.9795677800709263,1853,1853,1853,3706,1708,67,2065,0.5572045331894225,1850,0.00717942583732057,1,0,1,1,False
standard,ca_grqc,ca-GrQc,scientific_collaboration,3,enhanced_local,lit,LIT-i2,iterations,2.0,True,0.592980561312288,0.9390660484384686,0.9389007309801437,0.8899082568807339,0.8899082568807339,0.8899082568807339,0.9073669356325806,1853,1853,1853,3706,1530,58,2234,0.6028062601187264,2069,0.0,2069,224,1845,216,True
standard,ca_grqc,ca-GrQc,scientific_collaboration,3,enhanced_local,lit,LIT-i4,iterations,4.0,False,0.9659479819238186,0.939015642461867,0.9388718983436962,0.8899082568807339,0.8899082568807339,0.8899082568807339,0.9073601914782166,1853,1853,1853,3706,1579,45,2172,0.5860766324878576,2069,0.0,2069,224,1845,216,True
standard,ca_grqc,ca-GrQc,scientific_collaboration,3,enhanced_local,lit,LIT-i6,iterations,6.0,False,1.4931911723688245,0.939002507316931,0.9388657823299043,0.8899082568807339,0.8899082568807339,0.8899082568807339,0.9073584313299259,1853,1853,1853,3706,1577,41,2170,0.5855369670804101,2069,0.0,2069,224,1845,216,True
standard,ca_grqc,ca-GrQc,scientific_collaboration,3,quasi_local_walk,lrw,LRW-l3,steps,3.0,True,0.9728598287329078,0.9585698443693752,0.9576850480063397,0.922288181327577,0.922288181327577,0.922288181327577,0.9347313072497219,1853,1853,1853,3706,1597,78,2187,0.5901241230437129,1957,0.0,1957,150,1807,104,True
standard,ca_grqc,ca-GrQc,scientific_collaboration,3,quasi_local_walk,srw,SRW-l3,steps,3.0,True,0.9728598287329078,0.9875438827639411,0.9872824774166192,0.9762547220723151,0.9762547220723151,0.9762547220723151,0.9801045396131535,1853,1853,1853,3706,1689,63,2080,0.5612520237452779,1850,8.731100441706372e-08,1,0,1,1,False
standard,ca_grqc,ca-GrQc,scientific_collaboration,3,quasi_local_walk,pfp,PFP-l3,steps,3.0,True,0.9728598287329078,0.985925863163323,0.9863235738256745,0.9751753912574204,0.9751753912574204,0.9751753912574204,0.9789879186974125,1853,1853,1853,3706,1717,64,2053,0.5539665407447383,1850,0.00017424211081325974,1,0,1,1,False
standard,ca_grqc,ca-GrQc,scientific_collaboration,3,quasi_local_walk,lrw,LRW-l5,steps,5.0,False,8.392999267205596,0.9911271419996659,0.9893309051787784,0.9692390717754992,0.9692390717754992,0.9692390717754992,0.9741313447044908,1853,1853,1853,3706,2359,23,1370,0.3696708041014571,1326,1.9952208297456764e-07,1,1,0,1,False
standard,ca_grqc,ca-GrQc,scientific_collaboration,3,quasi_local_walk,srw,SRW-l5,steps,5.0,False,8.392999267205596,0.9946091864185336,0.9934672235539923,0.9762547220723151,0.9762547220723151,0.9762547220723151,0.9801002825370674,1853,1853,1853,3706,2367,24,1363,0.36778197517539124,1317,6.407526739488645e-07,1,0,1,1,False
standard,ca_grqc,ca-GrQc,scientific_collaboration,3,quasi_local_walk,pfp,PFP-l5,steps,5.0,False,8.392999267205596,0.9925245823673186,0.9919677808393441,0.9708580679978414,0.9708580679978414,0.9708580679978414,0.9753759316523944,1853,1853,1853,3706,2341,35,1400,0.37776578521316784,1317,0.0011678891703223292,1,0,1,1,False
standard,ca_grqc,ca-GrQc,scientific_collaboration,3,quasi_local_walk,lrw,LRW-l7,steps,7.0,False,29.781110297888517,0.9941291732806894,0.9928302844033785,0.9697787371829466,0.9697787371829466,0.9697787371829466,0.9745715151793706,1853,1853,1853,3706,3260,23,469,0.12655153804641123,425,2.786988795838284e-07,1,1,0,1,False
standard,ca_grqc,ca-GrQc,scientific_collaboration,3,quasi_local_walk,srw,SRW-l7,steps,7.0,False,29.781110297888517,0.9959079313686089,0.9948072130519229,0.9762547220723151,0.9762547220723151,0.9762547220723151,0.9800943083240244,1853,1853,1853,3706,3261,23,468,0.12628170534268754,424,1.4480060533861149e-06,1,0,1,1,False
standard,ca_grqc,ca-GrQc,scientific_collaboration,3,quasi_local_walk,pfp,PFP-l7,steps,7.0,False,29.781110297888517,0.9936104594251354,0.9929939605819998,0.9708580679978414,0.9708580679978414,0.9708580679978414,0.9753740059007571,1853,1853,1853,3706,3234,35,507,0.13680518078791148,424,0.0013227513227513227,1,0,1,1,False
standard,ca_grqc,ca-GrQc,scientific_collaboration,4,quasi_local_path,lpi,LPI-beta-0.1,beta,0.1,False,0.5856858431361616,0.978182329131138,0.9784119275083447,0.9627630868861305,0.9627630868861305,0.9627630868861305,0.9685177447407914,1853,1853,1853,3706,698,251,3259,0.87938478143551,1863,0.0,1863,69,1794,10,True
standard,ca_grqc,ca-GrQc,scientific_collaboration,4,quasi_local_path,lpi,LPI-beta-0.01,beta,0.01,False,0.573531043715775,0.9786252500823723,0.9786811777345644,0.9627630868861305,0.9627630868861305,0.9627630868861305,0.9685753509342292,1853,1853,1853,3706,871,177,3012,0.8127361036157582,1863,0.0,1863,69,1794,10,True
standard,ca_grqc,ca-GrQc,scientific_collaboration,4,quasi_local_path,lpi,LPI-beta-0.001,beta,0.001,True,0.735320177860558,0.978656571367458,0.9786944290977801,0.9627630868861305,0.9627630868861305,0.9627630868861305,0.9685797600719002,1853,1853,1853,3706,899,153,2960,0.7987048030221263,1863,0.0,1863,69,1794,10,True
standard,ca_grqc,ca-GrQc,scientific_collaboration,4,quasi_local_path,ora_cni,ORA-CNI-beta-0.1,beta,0.1,False,0.6845297692343593,0.9784910670890337,0.9785396357010946,0.9627630868861305,0.9627630868861305,0.9627630868861305,0.9685244538985605,1853,1853,1853,3706,1684,55,2077,0.5604425256341069,1863,0.0,1863,69,1794,10,True
standard,ca_grqc,ca-GrQc,scientific_collaboration,4,quasi_local_path,ora_cni,ORA-CNI-beta-0.01,beta,0.01,False,0.5449853157624602,0.978467165458835,0.9785323547322948,0.9627630868861305,0.9627630868861305,0.9627630868861305,0.9685206377717389,1853,1853,1853,3706,1686,53,2073,0.559363194819212,1863,0.0,1863,69,1794,10,True
standard,ca_grqc,ca-GrQc,scientific_collaboration,4,quasi_local_path,ora_cni,ORA-CNI-beta-0.001,beta,0.001,True,0.48809519596397877,0.9784653731956935,0.9785320634935428,0.9627630868861305,0.9627630868861305,0.9627630868861305,0.9685203167807149,1853,1853,1853,3706,1686,53,2073,0.559363194819212,1863,0.0,1863,69,1794,10,True
standard,ca_grqc,ca-GrQc,scientific_collaboration,4,enhanced_local,lit,LIT-i2,iterations,2.0,True,0.37853714684024453,0.9242659419967416,0.9239770748503979,0.868861305990286,0.868861305990286,0.868861305990286,0.8893463006883553,1853,1853,1853,3706,1500,52,2258,0.609282245008095,2113,0.0,2113,276,1837,260,True
standard,ca_grqc,ca-GrQc,scientific_collaboration,4,enhanced_local,lit,LIT-i4,iterations,4.0,False,0.7350826072506607,0.9237891483229326,0.9236741865483228,0.868861305990286,0.868861305990286,0.868861305990286,0.8892847011973818,1853,1853,1853,3706,1556,27,2177,0.5874257960064759,2113,0.0,2113,276,1837,260,True
standard,ca_grqc,ca-GrQc,scientific_collaboration,4,enhanced_local,lit,LIT-i6,iterations,6.0,False,1.3345257607288659,0.9235211875354652,0.9234778916294779,0.868861305990286,0.868861305990286,0.868861305990286,0.8892522553881104,1853,1853,1853,3706,1552,27,2181,0.5885051268213708,2113,0.0,2113,276,1837,260,True
standard,ca_grqc,ca-GrQc,scientific_collaboration,4,quasi_local_walk,lrw,LRW-l3,steps,3.0,True,0.7471555005759001,0.9462390352737606,0.9449593707379029,0.9007015650296816,0.9007015650296816,0.9007015650296816,0.9163757990929574,1853,1853,1853,3706,1576,67,2197,0.5928224500809498,1986,0.0,1986,192,1794,133,True
standard,ca_grqc,ca-GrQc,scientific_collaboration,4,quasi_local_walk,srw,SRW-l3,steps,3.0,True,0.7471555005759001,0.9799015561095394,0.9794925688976235,0.9627630868861305,0.9627630868861305,0.9627630868861305,0.9687040253926907,1853,1853,1853,3706,1660,64,2110,0.5693470048569886,1863,0.0,1863,69,1794,10,True
standard,ca_grqc,ca-GrQc,scientific_collaboration,4,quasi_local_walk,pfp,PFP-l3,steps,3.0,True,0.7471555005759001,0.9751098846587521,0.9773771562225052,0.9627630868861305,0.9627630868861305,0.9627630868861305,0.9679724543956194,1853,1853,1853,3706,1690,59,2075,0.5599028602266595,1863,0.0,1863,69,1794,10,True
standard,ca_grqc,ca-GrQc,scientific_collaboration,4,quasi_local_walk,lrw,LRW-l5,steps,5.0,False,7.161464758217335,0.9861098788974841,0.9838675574300977,0.9557474365893146,0.9557474365893146,0.9557474365893146,0.9626536949857363,1853,1853,1853,3706,2327,23,1402,0.3783054506206152,1355,1.7026384668010035e-07,1,1,0,1,False
standard,ca_grqc,ca-GrQc,scientific_collaboration,4,quasi_local_walk,srw,SRW-l5,steps,5.0,False,7.161464758217335,0.990827728992597,0.9893016356842029,0.9638424177010254,0.9638424177010254,0.9638424177010254,0.9695956247113255,1853,1853,1853,3706,2349,16,1373,0.3704803022126282,1343,5.453819525908729e-07,1,0,1,1,False
standard,ca_grqc,ca-GrQc,scientific_collaboration,4,quasi_local_walk,pfp,PFP-l5,steps,5.0,False,7.161464758217335,0.9852056938854412,0.98659005728375,0.9600647598488937,0.9600647598488937,0.9600647598488937,0.9655935503241106,1853,1853,1853,3706,2307,33,1432,0.38640043173232597,1343,0.0009672619047619048,1,0,1,1,False
standard,ca_grqc,ca-GrQc,scientific_collaboration,4,quasi_local_walk,lrw,LRW-l7,steps,7.0,False,26.980844186153263,0.9900466972778525,0.9881493495619332,0.9546681057744199,0.9546681057744199,0.9546681057744199,0.9617510921254424,1853,1853,1853,3706,3227,11,490,0.13221802482460873,470,2.5737345346085433e-07,1,0,1,1,False
standard,ca_grqc,ca-GrQc,scientific_collaboration,4,quasi_local_walk,srw,SRW-l7,steps,7.0,False,26.980844186153263,0.9924399690023764,0.9906139575006939,0.9649217485159202,0.9649217485159202,0.9649217485159202,0.9704847217389299,1853,1853,1853,3706,3228,11,489,0.13194819212088504,469,1.2359306464011178e-06,1,0,1,1,False
standard,ca_grqc,ca-GrQc,scientific_collaboration,4,quasi_local_walk,pfp,PFP-l7,steps,7.0,False,26.980844186153263,0.9865221004763751,0.9873803336372895,0.9600647598488937,0.9600647598488937,0.9600647598488937,0.9655892678540055,1853,1853,1853,3706,3179,35,562,0.15164597949271452,469,0.0009798738924599395,1,1,0,1,False
standard,ca_grqc,ca-GrQc,scientific_collaboration,5,quasi_local_path,lpi,LPI-beta-0.1,beta,0.1,False,0.77270971192047,0.9793301424163394,0.9795949393189497,0.9643820831084727,0.9643820831084727,0.9643820831084727,0.9699020670093146,1853,1853,1853,3706,712,261,3255,0.8783054506206153,1871,0.0,1871,66,1805,18,True
standard,ca_grqc,ca-GrQc,scientific_collaboration,5,quasi_local_path,lpi,LPI-beta-0.01,beta,0.01,False,0.7004202678799629,0.9798350309364267,0.979891565987857,0.9643820831084727,0.9643820831084727,0.9643820831084727,0.9699669204003574,1853,1853,1853,3706,895,182,2993,0.807609282245008,1871,0.0,1871,66,1805,18,True
standard,ca_grqc,ca-GrQc,scientific_collaboration,5,quasi_local_path,lpi,LPI-beta-0.001,beta,0.001,True,0.5178721840493381,0.9798599734742535,0.9799033611573128,0.9643820831084727,0.9643820831084727,0.9643820831084727,0.9699702353534086,1853,1853,1853,3706,913,168,2961,0.7989746357258499,1871,0.0,1871,66,1805,18,True
standard,ca_grqc,ca-GrQc,scientific_collaboration,5,quasi_local_path,ora_cni,ORA-CNI-beta-0.1,beta,0.1,False,0.46653884602710605,0.9798236877726779,0.979769682570147,0.9643820831084727,0.9643820831084727,0.9643820831084727,0.9699533550022711,1853,1853,1853,3706,1681,61,2086,0.5628710199676201,1871,0.0,1871,66,1805,18,True
standard,ca_grqc,ca-GrQc,scientific_collaboration,5,quasi_local_path,ora_cni,ORA-CNI-beta-0.01,beta,0.01,False,0.46554833091795444,0.9798043582186712,0.9797583242588191,0.9643820831084727,0.9643820831084727,0.9643820831084727,0.9699508727503572,1853,1853,1853,3706,1681,61,2086,0.5628710199676201,1871,0.0,1871,66,1805,18,True
standard,ca_grqc,ca-GrQc,scientific_collaboration,5,quasi_local_path,ora_cni,ORA-CNI-beta-0.001,beta,0.001,True,0.49479161389172077,0.9798033526292311,0.9797577417813151,0.9643820831084727,0.9643820831084727,0.9643820831084727,0.9699507429660886,1853,1853,1853,3706,1681,61,2086,0.5628710199676201,1871,0.0,1871,66,1805,18,True
standard,ca_grqc,ca-GrQc,scientific_collaboration,5,enhanced_local,lit,LIT-i2,iterations,2.0,True,0.34146863082423806,0.9342267904093455,0.9339502546737266,0.8796546141392336,0.8796546141392336,0.8796546141392336,0.8986577398418631,1853,1853,1853,3706,1522,52,2236,0.6033459255261737,2082,0.0,2082,241,1841,229,True
standard,ca_grqc,ca-GrQc,scientific_collaboration,5,enhanced_local,lit,LIT-i4,iterations,4.0,False,0.6928190002217889,0.9338293046500934,0.9336597440186112,0.8796546141392336,0.8796546141392336,0.8796546141392336,0.8986094736530603,1853,1853,1853,3706,1578,34,2162,0.5833783054506206,2082,0.0,2082,241,1841,229,True
standard,ca_grqc,ca-GrQc,scientific_collaboration,5,enhanced_local,lit,LIT-i6,iterations,6.0,False,1.0352866761386395,0.9336427940310568,0.9335228618051734,0.8796546141392336,0.8796546141392336,0.8796546141392336,0.8985868585784754,1853,1853,1853,3706,1580,32,2158,0.5822989746357259,2082,0.0,2082,241,1841,229,True
standard,ca_grqc,ca-GrQc,scientific_collaboration,5,quasi_local_walk,lrw,LRW-l3,steps,3.0,True,0.8593764929100871,0.9537869610737677,0.9528143711179695,0.9141932002158661,0.9141932002158661,0.9141932002158661,0.9278746218216825,1853,1853,1853,3706,1603,61,2164,0.583917970858068,1973,0.0,1973,167,1806,120,True
standard,ca_grqc,ca-GrQc,scientific_collaboration,5,quasi_local_walk,srw,SRW-l3,steps,3.0,True,0.8593764929100871,0.9814835825990207,0.9810920521235819,0.9643820831084727,0.9643820831084727,0.9643820831084727,0.9701509746681309,1853,1853,1853,3706,1668,69,2107,0.5685375067458176,1871,0.0,1871,66,1805,18,True
standard,ca_grqc,ca-GrQc,scientific_collaboration,5,quasi_local_walk,pfp,PFP-l3,steps,3.0,True,0.8593764929100871,0.9805138403500606,0.9804079322951448,0.9643820831084727,0.9643820831084727,0.9643820831084727,0.9700315802117366,1853,1853,1853,3706,1699,63,2070,0.558553696708041,1871,0.0,1871,66,1805,18,True
standard,ca_grqc,ca-GrQc,scientific_collaboration,5,quasi_local_walk,lrw,LRW-l5,steps,5.0,False,7.87123281089589,0.9872164908570513,0.9846661340880689,0.9638424177010254,0.9638424177010254,0.9638424177010254,0.9695586323206488,1853,1853,1853,3706,2326,21,1401,0.37803561791689155,1361,1.2958482317357796e-07,1,0,1,1,False
standard,ca_grqc,ca-GrQc,scientific_collaboration,5,quasi_local_walk,srw,SRW-l5,steps,5.0,False,7.87123281089589,0.9904909831744153,0.9884306861963608,0.9686994063680519,0.9686994063680519,0.9686994063680519,0.9737429107049319,1853,1853,1853,3706,2335,20,1391,0.3753372908796546,1353,4.158186585362659e-07,1,1,0,1,False
standard,ca_grqc,ca-GrQc,scientific_collaboration,5,quasi_local_walk,pfp,PFP-l5,steps,5.0,False,7.87123281089589,0.9891282780764794,0.9872840792297551,0.9670804101457097,0.9670804101457097,0.9670804101457097,0.9722622362228099,1853,1853,1853,3706,2298,40,1448,0.39071775499190503,1353,0.0007422954915751943,1,0,1,1,False
standard,ca_grqc,ca-GrQc,scientific_collaboration,5,quasi_local_walk,lrw,LRW-l7,steps,7.0,False,28.76419925969094,0.9917552708357805,0.9899310026272647,0.963302752293578,0.963302752293578,0.963302752293578,0.9690951536754913,1853,1853,1853,3706,3237,15,484,0.1305990286022666,456,2.2090107571176052e-07,1,0,1,1,False
standard,ca_grqc,ca-GrQc,scientific_collaboration,5,quasi_local_walk,srw,SRW-l7,steps,7.0,False,28.76419925969094,0.9933865158693805,0.9916152363300539,0.9686994063680519,0.9686994063680519,0.9686994063680519,0.9737318701706861,1853,1853,1853,3706,3239,14,481,0.1297895304910955,455,1.0473449139283463e-06,1,0,1,1,False
standard,ca_grqc,ca-GrQc,scientific_collaboration,5,quasi_local_walk,pfp,PFP-l7,steps,7.0,False,28.76419925969094,0.9916710174830761,0.9897202913901961,0.9670804101457097,0.9670804101457097,0.9670804101457097,0.9722580101938691,1853,1853,1853,3706,3195,41,552,0.1489476524554776,455,0.0008166561895685891,1,0,1,1,False
standard,ca_hepth,ca-HepTh,scientific_collaboration,1,quasi_local_path,lpi,LPI-beta-0.1,beta,0.1,False,0.31314570596441627,0.9676959598362024,0.9677061975630754,0.9418676561533704,0.9418676561533704,0.9418676561533704,0.9502714230829037,3234,3234,3234,6468,326,157,6299,0.9738713667285096,3346,0.0,3346,194,3152,112,True
standard,ca_hepth,ca-HepTh,scientific_collaboration,1,quasi_local_path,lpi,LPI-beta-0.01,beta,0.01,False,0.3288618898950517,0.9676946770369845,0.9677060541425767,0.9418676561533704,0.9418676561533704,0.9418676561533704,0.9502682109448669,3234,3234,3234,6468,487,200,6181,0.9556277056277056,3346,0.0,3346,194,3152,112,True
standard,ca_hepth,ca-HepTh,scientific_collaboration,1,quasi_local_path,lpi,LPI-beta-0.001,beta,0.001,True,0.32582178385928273,0.9676946770369845,0.9677060541425768,0.9418676561533704,0.9418676561533704,0.9418676561533704,0.9502682109448669,3234,3234,3234,6468,489,199,6178,0.9551638837353124,3346,0.0,3346,194,3152,112,True
standard,ca_hepth,ca-HepTh,scientific_collaboration,1,quasi_local_path,ora_cni,ORA-CNI-beta-0.1,beta,0.1,False,0.32715821312740445,0.9681344236431803,0.9677638526035027,0.9418676561533704,0.9418676561533704,0.9418676561533704,0.9502947186764409,3234,3234,3234,6468,2750,116,3834,0.5927643784786641,3346,0.0,3346,194,3152,112,True
standard,ca_hepth,ca-HepTh,scientific_collaboration,1,quasi_local_path,ora_cni,ORA-CNI-beta-0.01,beta,0.01,False,0.33225940400734544,0.9681254635979443,0.9677567293854068,0.9418676561533704,0.9418676561533704,0.9418676561533704,0.9502936343872149,3234,3234,3234,6468,2756,114,3826,0.5915275200989487,3346,0.0,3346,194,3152,112,True
standard,ca_hepth,ca-HepTh,scientific_collaboration,1,quasi_local_path,ora_cni,ORA-CNI-beta-0.001,beta,0.001,True,0.32688587391749024,0.9681244588684821,0.9677558688624154,0.9418676561533704,0.9418676561533704,0.9418676561533704,0.950293521288398,3234,3234,3234,6468,2757,113,3824,0.5912183055040198,3346,0.0,3346,194,3152,112,True
standard,ca_hepth,ca-HepTh,scientific_collaboration,1,enhanced_local,lit,LIT-i2,iterations,2.0,True,0.5568014420568943,0.8894073341469251,0.8897002664561636,0.8203463203463204,0.8203463203463204,0.8203463203463204,0.8451578601554977,3234,3234,3234,6468,2412,57,4113,0.635899814471243,3929,0.0,3929,706,3223,695,True
standard,ca_hepth,ca-HepTh,scientific_collaboration,1,enhanced_local,lit,LIT-i4,iterations,4.0,False,1.0118051921017468,0.8892794683150306,0.8896351535498103,0.8203463203463204,0.8203463203463204,0.8203463203463204,0.845141672514105,3234,3234,3234,6468,2470,33,4031,0.623222016079159,3929,0.0,3929,706,3223,695,True
standard,ca_hepth,ca-HepTh,scientific_collaboration,1,enhanced_local,lit,LIT-i6,iterations,6.0,False,1.4665600303560495,0.8892504935886287,0.8896165088849954,0.8203463203463204,0.8203463203463204,0.8203463203463204,0.8451383652948015,3234,3234,3234,6468,2473,34,4029,0.62291280148423,3929,0.0,3929,706,3223,695,True
standard,ca_hepth,ca-HepTh,scientific_collaboration,1,quasi_local_walk,lrw,LRW-l3,steps,3.0,True,2.2602660697884858,0.9267235078580254,0.9253655979736022,0.873222016079159,0.873222016079159,0.873222016079159,0.8912222618675326,3234,3234,3234,6468,2532,156,4092,0.6326530612244898,3614,0.0,3614,462,3152,380,True
standard,ca_hepth,ca-HepTh,scientific_collaboration,1,quasi_local_walk,srw,SRW-l3,steps,3.0,True,2.2602660697884858,0.9688390067054711,0.9683014404389967,0.9418676561533704,0.9418676561533704,0.9418676561533704,0.9503757046589691,3234,3234,3234,6468,2713,132,3887,0.6009585652442795,3346,0.0,3346,194,3152,112,True
standard,ca_hepth,ca-HepTh,scientific_collaboration,1,quasi_local_walk,pfp,PFP-l3,steps,3.0,True,2.2602660697884858,0.9679949369452936,0.9677701631054401,0.9418676561533704,0.9418676561533704,0.9418676561533704,0.9502684702231587,3234,3234,3234,6468,2772,117,3813,0.589517625231911,3346,0.0,3346,194,3152,112,True
standard,ca_hepth,ca-HepTh,scientific_collaboration,1,quasi_local_walk,lrw,LRW-l5,steps,5.0,False,41.02536415820941,0.9814162825239894,0.9774837466329647,0.9458874458874459,0.9458874458874459,0.945887445887446,0.9536522575624095,3234,3234,3234,6468,4142,24,2350,0.36332714904143476,2303,3.158979153187332e-08,1,1,0,1,False
standard,ca_hepth,ca-HepTh,scientific_collaboration,1,quasi_local_walk,srw,SRW-l5,steps,5.0,False,41.02536415820941,0.985632936626226,0.9824300327878381,0.9517625231910947,0.9517625231910947,0.9517625231910947,0.9588047322264523,3234,3234,3234,6468,4162,23,2329,0.3600803957946815,2284,7.434241631660593e-08,1,0,1,1,False
standard,ca_hepth,ca-HepTh,scientific_collaboration,1,quasi_local_walk,pfp,PFP-l5,steps,5.0,False,41.02536415820941,0.9840495343015742,0.9810629964022489,0.9486703772418058,0.9486703772418058,0.9486703772418058,0.9560360121248541,3234,3234,3234,6468,4079,55,2444,0.3778602350030921,2284,0.0002931812455621979,1,0,1,1,False
standard,ca_hepth,ca-HepTh,scientific_collaboration,1,quasi_local_walk,lrw,LRW-l7,steps,7.0,False,137.82598081417382,0.987297704686495,0.9840533616043818,0.9468150896722325,0.9468150896722325,0.9468150896722325,0.9544404477446164,3234,3234,3234,6468,5791,18,695,0.10745207173778602,661,5.467863328760146e-08,1,0,1,1,False
standard,ca_hepth,ca-HepTh,scientific_collaboration,1,quasi_local_walk,srw,SRW-l7,steps,7.0,False,137.82598081417382,0.9894562111049364,0.9864225726271844,0.9520717377860235,0.9520717377860235,0.9520717377860235,0.9590681310690926,3234,3234,3234,6468,5798,15,685,0.10590599876314162,657,1.9813891498042997e-07,1,0,1,1,False
standard,ca_hepth,ca-HepTh,scientific_collaboration,1,quasi_local_walk,pfp,PFP-l7,steps,7.0,False,137.82598081417382,0.9872473220627223,0.9840537918658776,0.9471243042671614,0.9471243042671614,0.9471243042671614,0.954716294890359,3234,3234,3234,6468,5705,56,819,0.1266233766233766,657,0.00036517175778317683,1,0,1,1,False
standard,ca_hepth,ca-HepTh,scientific_collaboration,2,quasi_local_path,lpi,LPI-beta-0.1,beta,0.1,False,0.23825498903170228,0.9697139593338394,0.9694812174602793,0.9443413729128015,0.9443413729128015,0.9443413729128015,0.9524602733837181,3234,3234,3234,6468,355,173,6286,0.9718614718614719,3336,0.0,3336,185,3151,102,True
standard,ca_hepth,ca-HepTh,scientific_collaboration,2,quasi_local_path,lpi,LPI-beta-0.01,beta,0.01,False,0.3329343143850565,0.9697541182878551,0.9694989537952697,0.9443413729128015,0.9443413729128015,0.9443413729128015,0.9524639324117659,3234,3234,3234,6468,512,205,6161,0.9525355596784169,3336,0.0,3336,185,3151,102,True
standard,ca_hepth,ca-HepTh,scientific_collaboration,2,quasi_local_path,lpi,LPI-beta-0.001,beta,0.001,True,0.23794436641037464,0.9697541182878551,0.9694989537952697,0.9443413729128015,0.9443413729128015,0.9443413729128015,0.9524639324117659,3234,3234,3234,6468,513,204,6159,0.9522263450834879,3336,0.0,3336,185,3151,102,True
standard,ca_hepth,ca-HepTh,scientific_collaboration,2,quasi_local_path,ora_cni,ORA-CNI-beta-0.1,beta,0.1,False,0.24033098295331,0.9695007035288388,0.9690892970445052,0.9443413729128015,0.9443413729128015,0.9443413729128015,0.9524076680415369,3234,3234,3234,6468,2760,122,3830,0.5921459492888065,3336,0.0,3336,185,3151,102,True
standard,ca_hepth,ca-HepTh,scientific_collaboration,2,quasi_local_path,ora_cni,ORA-CNI-beta-0.01,beta,0.01,False,0.23606766713783145,0.9695042226983963,0.9690939821141253,0.9443413729128015,0.9443413729128015,0.9443413729128015,0.9524079712213285,3234,3234,3234,6468,2765,119,3822,0.5909090909090909,3336,0.0,3336,185,3151,102,True
standard,ca_hepth,ca-HepTh,scientific_collaboration,2,quasi_local_path,ora_cni,ORA-CNI-beta-0.001,beta,0.001,True,0.2752670990303159,0.9695042983654063,0.969094077727791,0.9443413729128015,0.9443413729128015,0.9443413729128015,0.9524079789735036,3234,3234,3234,6468,2765,119,3822,0.5909090909090909,3336,0.0,3336,185,3151,102,True
standard,ca_hepth,ca-HepTh,scientific_collaboration,2,enhanced_local,lit,LIT-i2,iterations,2.0,True,0.5122299259528518,0.8925978853877524,0.8923677443091701,0.8237476808905381,0.8237476808905381,0.8237476808905381,0.8483157023803191,3234,3234,3234,6468,2416,58,4110,0.6354359925788498,3918,0.0,3918,693,3225,684,True
standard,ca_hepth,ca-HepTh,scientific_collaboration,2,enhanced_local,lit,LIT-i4,iterations,4.0,False,0.916084302123636,0.8925128026101544,0.8923112366327314,0.8237476808905381,0.8237476808905381,0.8237476808905381,0.8483057691293582,3234,3234,3234,6468,2486,33,4015,0.6207482993197279,3918,0.0,3918,693,3225,684,True
standard,ca_hepth,ca-HepTh,scientific_collaboration,2,enhanced_local,lit,LIT-i6,iterations,6.0,False,1.1411958010867238,0.8924500334167379,0.8922702183701388,0.8237476808905381,0.8237476808905381,0.8237476808905381,0.848298407728966,3234,3234,3234,6468,2486,34,4016,0.6209029066171924,3918,0.0,3918,693,3225,684,True
standard,ca_hepth,ca-HepTh,scientific_collaboration,2,quasi_local_walk,lrw,LRW-l3,steps,3.0,True,1.9898672699928284,0.929777366026417,0.9284744285075588,0.878169449598021,0.878169449598021,0.878169449598021,0.8954852960419284,3234,3234,3234,6468,2536,152,4084,0.6314162028447743,3592,0.0,3592,441,3151,358,True
standard,ca_hepth,ca-HepTh,scientific_collaboration,2,quasi_local_walk,srw,SRW-l3,steps,3.0,True,1.9898672699928284,0.9705254055467031,0.969879974253152,0.9443413729128015,0.9443413729128015,0.9443413729128015,0.9525244888231705,3234,3234,3234,6468,2724,128,3872,0.5986394557823129,3336,0.0,3336,185,3151,102,True
standard,ca_hepth,ca-HepTh,scientific_collaboration,2,quasi_local_walk,pfp,PFP-l3,steps,3.0,True,1.9898672699928284,0.9689731493106148,0.9690113241001129,0.9443413729128015,0.9443413729128015,0.9443413729128015,0.9523181918326119,3234,3234,3234,6468,2780,104,3792,0.5862708719851577,3336,0.0,3336,185,3151,102,True
standard,ca_hepth,ca-HepTh,scientific_collaboration,2,quasi_local_walk,lrw,LRW-l5,steps,5.0,False,40.56293364102021,0.9827074454905782,0.9792367275802207,0.9505256648113791,0.9505256648113791,0.9505256648113791,0.9575587208559099,3234,3234,3234,6468,4165,26,2329,0.3600803957946815,2279,3.568832131518689e-08,1,1,0,1,False
standard,ca_hepth,ca-HepTh,scientific_collaboration,2,quasi_local_walk,srw,SRW-l5,steps,5.0,False,40.56293364102021,0.9870834391446281,0.9840683729498996,0.9570191713048856,0.9570191713048856,0.9570191713048856,0.9632960816416599,3234,3234,3234,6468,4183,24,2309,0.3569882498453927,2263,9.388317733568216e-08,1,0,1,1,False
standard,ca_hepth,ca-HepTh,scientific_collaboration,2,quasi_local_walk,pfp,PFP-l5,steps,5.0,False,40.56293364102021,0.9845916128802549,0.9822780070593482,0.9517625231910947,0.9517625231910947,0.9517625231910947,0.9585620570603763,3234,3234,3234,6468,4110,58,2416,0.37353123067408783,2263,0.00035120300315657127,1,0,1,1,False
standard,ca_hepth,ca-HepTh,scientific_collaboration,2,quasi_local_walk,lrw,LRW-l7,steps,7.0,False,146.14202991407365,0.9871067772751729,0.9836893125721643,0.950834879406308,0.950834879406308,0.950834879406308,0.9577879596307137,3234,3234,3234,6468,5763,20,725,0.11209029066171923,687,6.182355132569393e-08,1,0,1,1,False
standard,ca_hepth,ca-HepTh,scientific_collaboration,2,quasi_local_walk,srw,SRW-l7,steps,7.0,False,146.14202991407365,0.9898902397331522,0.9863478505474267,0.9564007421150278,0.9564007421150278,0.9564007421150278,0.9627598182749788,3234,3234,3234,6468,5764,21,725,0.11209029066171923,685,2.4768733324918717e-07,1,0,1,1,False
standard,ca_hepth,ca-HepTh,scientific_collaboration,2,quasi_local_walk,pfp,PFP-l7,steps,7.0,False,146.14202991407365,0.9870652836564959,0.9839115665381236,0.9505256648113791,0.9505256648113791,0.9505256648113791,0.9575053268682849,3234,3234,3234,6468,5688,58,838,0.129560915275201,685,0.00041733207204780855,1,1,0,1,False
standard,ca_hepth,ca-HepTh,scientific_collaboration,3,quasi_local_path,lpi,LPI-beta-0.1,beta,0.1,False,0.2579202470369637,0.9698359346902526,0.9697730303680476,0.9455782312925171,0.9455782312925171,0.9455782312925171,0.9534843851367533,3234,3234,3234,6468,341,155,6282,0.9712430426716141,3347,0.0,3347,183,3164,113,True
standard,ca_hepth,ca-HepTh,scientific_collaboration,3,quasi_local_path,lpi,LPI-beta-0.01,beta,0.01,False,0.24743148824200034,0.9698572295471337,0.9697816355979622,0.9455782312925171,0.9455782312925171,0.9455782312925171,0.9534865948098737,3234,3234,3234,6468,484,195,6179,0.9553184910327768,3347,0.0,3347,183,3164,113,True
standard,ca_hepth,ca-HepTh,scientific_collaboration,3,quasi_local_path,lpi,LPI-beta-0.001,beta,0.001,True,0.23488597385585308,0.9698572295471337,0.9697816355979622,0.9455782312925171,0.9455782312925171,0.9455782312925171,0.9534865948098737,3234,3234,3234,6468,487,193,6174,0.9545454545454546,3347,0.0,3347,183,3164,113,True
standard,ca_hepth,ca-HepTh,scientific_collaboration,3,quasi_local_path,ora_cni,ORA-CNI-beta-0.1,beta,0.1,False,0.23752233805134892,0.9697823172627125,0.9695680346687502,0.9455782312925171,0.9455782312925171,0.9455782312925171,0.9534566719832881,3234,3234,3234,6468,2727,118,3859,0.5966295609152752,3347,0.0,3347,183,3164,113,True
standard,ca_hepth,ca-HepTh,scientific_collaboration,3,quasi_local_path,ora_cni,ORA-CNI-beta-0.01,beta,0.01,False,0.24369354872033,0.9697726001881467,0.9695614373258158,0.9455782312925171,0.9455782312925171,0.9455782312925171,0.9534555124056885,3234,3234,3234,6468,2732,115,3851,0.5953927025355596,3347,0.0,3347,183,3164,113,True
standard,ca_hepth,ca-HepTh,scientific_collaboration,3,quasi_local_path,ora_cni,ORA-CNI-beta-0.001,beta,0.001,True,0.23488180804997683,0.9697719813144278,0.969561054871153,0.9455782312925171,0.9455782312925171,0.9455782312925171,0.9534554370963719,3234,3234,3234,6468,2732,115,3851,0.5953927025355596,3347,0.0,3347,183,3164,113,True
standard,ca_hepth,ca-HepTh,scientific_collaboration,3,enhanced_local,lit,LIT-i2,iterations,2.0,True,0.525642076972872,0.8853847796282398,0.885344968369087,0.8119975262832406,0.8119975262832406,0.8119975262832406,0.8379583818471426,3234,3234,3234,6468,2381,68,4155,0.6423933209647495,3960,0.0,3960,736,3224,726,True
standard,ca_hepth,ca-HepTh,scientific_collaboration,3,enhanced_local,lit,LIT-i4,iterations,4.0,False,0.9451653687283397,0.885137319663839,0.8852001136655258,0.8119975262832406,0.8119975262832406,0.8119975262832406,0.8379282401621361,3234,3234,3234,6468,2451,43,4060,0.6277056277056277,3960,0.0,3960,736,3224,726,True
standard,ca_hepth,ca-HepTh,scientific_collaboration,3,enhanced_local,lit,LIT-i6,iterations,6.0,False,1.1975007513538003,0.8850871787146779,0.8851676050191819,0.8119975262832406,0.8119975262832406,0.8119975262832406,0.8379223489822004,3234,3234,3234,6468,2446,43,4065,0.62847866419295,3960,0.0,3960,736,3224,726,True
standard,ca_hepth,ca-HepTh,scientific_collaboration,3,quasi_local_walk,lrw,LRW-l3,steps,3.0,True,2.4424246777780354,0.9250914530947142,0.9239685388969777,0.8710575139146568,0.8710575139146568,0.8710575139146568,0.8893534835658022,3234,3234,3234,6468,2525,149,4092,0.6326530612244898,3637,0.0,3637,473,3164,403,True
standard,ca_hepth,ca-HepTh,scientific_collaboration,3,quasi_local_walk,srw,SRW-l3,steps,3.0,True,2.4424246777780354,0.9707289038444228,0.9702673052129718,0.9455782312925171,0.9455782312925171,0.9455782312925171,0.9535655461080431,3234,3234,3234,6468,2680,136,3924,0.6066790352504638,3347,0.0,3347,183,3164,113,True
standard,ca_hepth,ca-HepTh,scientific_collaboration,3,quasi_local_walk,pfp,PFP-l3,steps,3.0,True,2.4424246777780354,0.9698725962771784,0.9698295858513193,0.9455782312925171,0.9455782312925171,0.9455782312925171,0.9534531993877503,3234,3234,3234,6468,2751,122,3839,0.5935374149659864,3347,0.0,3347,183,3164,113,True
standard,ca_hepth,ca-HepTh,scientific_collaboration,3,quasi_local_walk,lrw,LRW-l5,steps,5.0,False,37.84156363271177,0.9843678766529582,0.9815045881173631,0.9523809523809523,0.9523809523809523,0.9523809523809523,0.9591638828650161,3234,3234,3234,6468,4129,36,2375,0.36719233147804575,2301,3.219193604878752e-08,1,0,1,1,False
standard,ca_hepth,ca-HepTh,scientific_collaboration,3,quasi_local_walk,srw,SRW-l5,steps,5.0,False,37.84156363271177,0.9889880542312317,0.9867705107567286,0.9582560296846011,0.9582560296846011,0.9582560296846011,0.964341560295953,3234,3234,3234,6468,4147,39,2360,0.36487322201607914,2281,8.128391123636523e-08,1,1,0,1,False
standard,ca_hepth,ca-HepTh,scientific_collaboration,3,quasi_local_walk,pfp,PFP-l5,steps,5.0,False,37.84156363271177,0.9870661402848898,0.9852557034507736,0.9539270253555968,0.9539270253555968,0.9539270253555969,0.960495835550962,3234,3234,3234,6468,4077,57,2448,0.3784786641929499,2281,0.0003454864697225112,1,0,1,1,False
standard,ca_hepth,ca-HepTh,scientific_collaboration,3,quasi_local_walk,lrw,LRW-l7,steps,7.0,False,131.77304026810452,0.9887551355821612,0.9861781840976116,0.9545454545454546,0.9545454545454546,0.9545454545454546,0.9609912447476354,3234,3234,3234,6468,5751,26,743,0.11487322201607916,690,6.170040939944248e-08,1,1,0,1,False
standard,ca_hepth,ca-HepTh,scientific_collaboration,3,quasi_local_walk,srw,SRW-l7,steps,7.0,False,131.77304026810452,0.9910282094147695,0.9883482318547254,0.9579468150896723,0.9579468150896723,0.9579468150896723,0.9640726714545717,3234,3234,3234,6468,5748,30,750,0.11595547309833024,689,2.2392729123293254e-07,1,0,1,1,False
standard,ca_hepth,ca-HepTh,scientific_collaboration,3,quasi_local_walk,pfp,PFP-l7,steps,7.0,False,131.77304026810452,0.988734415081308,0.9862497987332336,0.9529993815708101,0.9529993815708101,0.9529993815708101,0.9596975871050126,3234,3234,3234,6468,5668,58,858,0.1326530612244898,689,0.00039346960356592274,1,1,0,1,False
standard,ca_hepth,ca-HepTh,scientific_collaboration,4,quasi_local_path,lpi,LPI-beta-0.1,beta,0.1,False,0.3237018119543791,0.9658141300096748,0.9656012627123151,0.9381570810142239,0.9381570810142239,0.9381570810142239,0.9471808528099348,3234,3234,3234,6468,311,149,6306,0.9749536178107606,3379,0.0,3379,211,3168,145,True
standard,ca_hepth,ca-HepTh,scientific_collaboration,4,quasi_local_path,lpi,LPI-beta-0.01,beta,0.01,False,0.36496159015223384,0.9658110871759796,0.9655991592116693,0.9381570810142239,0.9381570810142239,0.9381570810142239,0.9471805310757742,3234,3234,3234,6468,451,213,6230,0.9632034632034632,3379,0.0,3379,211,3168,145,True
standard,ca_hepth,ca-HepTh,scientific_collaboration,4,quasi_local_path,lpi,LPI-beta-0.001,beta,0.001,True,0.31771328719332814,0.9658110871759796,0.9655991592116692,0.9381570810142239,0.9381570810142239,0.9381570810142239,0.9471805310757742,3234,3234,3234,6468,453,211,6226,0.9625850340136054,3379,0.0,3379,211,3168,145,True
standard,ca_hepth,ca-HepTh,scientific_collaboration,4,quasi_local_path,ora_cni,ORA-CNI-beta-0.1,beta,0.1,False,0.2731196777895093,0.965848016221315,0.9654886298141003,0.9381570810142239,0.9381570810142239,0.9381570810142239,0.9471536244179097,3234,3234,3234,6468,2723,126,3871,0.5984848484848485,3379,0.0,3379,211,3168,145,True
standard,ca_hepth,ca-HepTh,scientific_collaboration,4,quasi_local_path,ora_cni,ORA-CNI-beta-0.01,beta,0.01,False,0.2656868486665189,0.9658450203668727,0.9654860482451261,0.9381570810142239,0.9381570810142239,0.9381570810142239,0.9471532956772275,3234,3234,3234,6468,2728,124,3864,0.5974025974025974,3379,0.0,3379,211,3168,145,True
standard,ca_hepth,ca-HepTh,scientific_collaboration,4,quasi_local_path,ora_cni,ORA-CNI-beta-0.001,beta,0.001,True,0.29652175726369023,0.9658448789858604,0.9654859526314603,0.9381570810142239,0.9381570810142239,0.9381570810142239,0.9471532783783996,3234,3234,3234,6468,2728,124,3864,0.5974025974025974,3379,0.0,3379,211,3168,145,True
standard,ca_hepth,ca-HepTh,scientific_collaboration,4,enhanced_local,lit,LIT-i2,iterations,2.0,True,0.5397946708835661,0.8865194730016899,0.8863653096027864,0.8172541743970315,0.8172541743970315,0.8172541743970315,0.8424983322410328,3234,3234,3234,6468,2397,61,4132,0.6388373531230674,3954,0.0,3954,730,3224,720,True
standard,ca_hepth,ca-HepTh,scientific_collaboration,4,enhanced_local,lit,LIT-i4,iterations,4.0,False,0.9397742822766304,0.8864861901997324,0.8863485294044531,0.8172541743970315,0.8172541743970315,0.8172541743970315,0.8424939800710742,3234,3234,3234,6468,2453,40,4055,0.6269325912183055,3954,0.0,3954,730,3224,720,True
standard,ca_hepth,ca-HepTh,scientific_collaboration,4,enhanced_local,lit,LIT-i6,iterations,6.0,False,1.4591642138548195,0.8864687193560772,0.8863398285608728,0.8172541743970315,0.8172541743970315,0.8172541743970315,0.8424917620962055,3234,3234,3234,6468,2457,37,4048,0.6258503401360545,3954,0.0,3954,730,3224,720,True
standard,ca_hepth,ca-HepTh,scientific_collaboration,4,quasi_local_walk,lrw,LRW-l3,steps,3.0,True,2.260325415059924,0.9256687568666091,0.9246427108539486,0.8701298701298701,0.8701298701298701,0.8701298701298701,0.888594459152571,3234,3234,3234,6468,2493,147,4122,0.637291280148423,3639,0.0,3639,471,3168,405,True
standard,ca_hepth,ca-HepTh,scientific_collaboration,4,quasi_local_walk,srw,SRW-l3,steps,3.0,True,2.260325415059924,0.9664953773155858,0.9660080510531082,0.9381570810142239,0.9381570810142239,0.9381570810142239,0.9472261989851968,3234,3234,3234,6468,2657,149,3960,0.6122448979591837,3379,0.0,3379,211,3168,145,True
standard,ca_hepth,ca-HepTh,scientific_collaboration,4,quasi_local_walk,pfp,PFP-l3,steps,3.0,True,2.260325415059924,0.9658124508866269,0.9655928965165648,0.9381570810142239,0.9381570810142239,0.9381570810142239,0.9471410910410734,3234,3234,3234,6468,2754,105,3819,0.5904452690166976,3379,0.0,3379,211,3168,145,True
standard,ca_hepth,ca-HepTh,scientific_collaboration,4,quasi_local_walk,lrw,LRW-l5,steps,5.0,False,37.747870677150786,0.98324483662766,0.9799777334895278,0.9486703772418058,0.9486703772418058,0.9486703772418058,0.9560178524327833,3234,3234,3234,6468,4158,38,2348,0.3630179344465059,2271,3.522232488624499e-08,1,0,1,1,False
standard,ca_hepth,ca-HepTh,scientific_collaboration,4,quasi_local_walk,srw,SRW-l5,steps,5.0,False,37.747870677150786,0.987166540574848,0.9844080883041921,0.9551638837353124,0.9551638837353124,0.9551638837353124,0.9617032232278694,3234,3234,3234,6468,4179,35,2324,0.3593073593073593,2254,7.304743673645677e-08,1,0,1,1,False
standard,ca_hepth,ca-HepTh,scientific_collaboration,4,quasi_local_walk,pfp,PFP-l5,steps,5.0,False,37.747870677150786,0.9856697997756412,0.9830574974691062,0.9514533085961657,0.9514533085961657,0.9514533085961657,0.958428255626893,3234,3234,3234,6468,4122,50,2396,0.37043908472479903,2254,0.00026308529193442415,1,1,0,1,False
standard,ca_hepth,ca-HepTh,scientific_collaboration,4,quasi_local_walk,lrw,LRW-l7,steps,7.0,False,132.0044247941114,0.9870833749634633,0.9835646801589022,0.948361162646877,0.948361162646877,0.948361162646877,0.9557413382026483,3234,3234,3234,6468,5765,21,724,0.11193568336425479,684,5.708177687308996e-08,1,0,1,1,False
standard,ca_hepth,ca-HepTh,scientific_collaboration,4,quasi_local_walk,srw,SRW-l7,steps,7.0,False,132.0044247941114,0.989661877172832,0.9865486870522651,0.9545454545454546,0.9545454545454546,0.9545454545454546,0.9611703279724122,3234,3234,3234,6468,5771,21,718,0.11100803957946816,678,1.9959555435170876e-07,1,0,1,1,False
standard,ca_hepth,ca-HepTh,scientific_collaboration,4,quasi_local_walk,pfp,PFP-l7,steps,7.0,False,132.0044247941114,0.9876983551620695,0.9845159883259539,0.9502164502164502,0.9502164502164502,0.9502164502164502,0.9573731649155461,3234,3234,3234,6468,5697,51,822,0.12708719851576994,678,0.0003268800062167407,1,0,1,1,False
standard,ca_hepth,ca-HepTh,scientific_collaboration,5,quasi_local_path,lpi,LPI-beta-0.1,beta,0.1,False,0.24083688529208302,0.9660771695164528,0.9660225143028479,0.9381379523662233,0.9381379523662233,0.9381379523662233,0.9471205110338944,3233,3233,3233,6466,342,154,6278,0.970924837612125,3365,0.0,3365,207,3158,132,True
standard,ca_hepth,ca-HepTh,scientific_collaboration,5,quasi_local_path,lpi,LPI-beta-0.01,beta,0.01,False,0.2343284827657044,0.9661152728619248,0.9660382046458915,0.9381379523662233,0.9381379523662233,0.9381379523662233,0.9471228988599075,3233,3233,3233,6466,484,194,6176,0.9551500154655119,3365,0.0,3365,207,3158,132,True
standard,ca_hepth,ca-HepTh,scientific_collaboration,5,quasi_local_path,lpi,LPI-beta-0.001,beta,0.001,True,0.23206201009452343,0.9661152728619248,0.9660382046458915,0.9381379523662233,0.9381379523662233,0.9381379523662233,0.9471228988599075,3233,3233,3233,6466,487,191,6170,0.9542220847510052,3365,0.0,3365,207,3158,132,True
standard,ca_hepth,ca-HepTh,scientific_collaboration,5,quasi_local_path,ora_cni,ORA-CNI-beta-0.1,beta,0.1,False,0.23333914438262582,0.9662149183923769,0.9657921819804255,0.9381379523662233,0.9381379523662233,0.9381379523662233,0.9471161532350055,3233,3233,3233,6466,2735,118,3849,0.5952675533560161,3365,0.0,3365,207,3158,132,True
standard,ca_hepth,ca-HepTh,scientific_collaboration,5,quasi_local_path,ora_cni,ORA-CNI-beta-0.01,beta,0.01,False,0.22970141703262925,0.9662124011181648,0.9657905555424272,0.9381379523662233,0.9381379523662233,0.9381379523662233,0.9471158561736037,3233,3233,3233,6466,2735,118,3849,0.5952675533560161,3365,0.0,3365,207,3158,132,True
standard,ca_hepth,ca-HepTh,scientific_collaboration,5,quasi_local_path,ora_cni,ORA-CNI-beta-0.001,beta,0.001,True,0.24511509900912642,0.9662118624836127,0.9657902685239569,0.9381379523662233,0.9381379523662233,0.9381379523662233,0.9471157888108173,3233,3233,3233,6466,2735,118,3849,0.5952675533560161,3365,0.0,3365,207,3158,132,True
standard,ca_hepth,ca-HepTh,scientific_collaboration,5,enhanced_local,lit,LIT-i2,iterations,2.0,True,0.4334623250178993,0.8849493321044433,0.8850893809002027,0.8162697185276833,0.8162697185276833,0.8162697185276832,0.8415969552718441,3233,3233,3233,6466,2379,56,4143,0.640736158366842,3964,0.0,3964,738,3226,731,True
standard,ca_hepth,ca-HepTh,scientific_collaboration,5,enhanced_local,lit,LIT-i4,iterations,4.0,False,0.993068850133568,0.8848385263028817,0.88504030074178,0.8162697185276833,0.8162697185276833,0.8162697185276832,0.8415821822187646,3233,3233,3233,6466,2445,39,4060,0.6278997834828333,3964,0.0,3964,738,3226,731,True
standard,ca_hepth,ca-HepTh,scientific_collaboration,5,enhanced_local,lit,LIT-i6,iterations,6.0,False,1.259107036050409,0.8848011498011179,0.8850205921401522,0.8162697185276833,0.8162697185276833,0.8162697185276832,0.8415774817497286,3233,3233,3233,6466,2442,37,4061,0.6280544386019177,3964,0.0,3964,738,3226,731,True
standard,ca_hepth,ca-HepTh,scientific_collaboration,5,quasi_local_walk,lrw,LRW-l3,steps,3.0,True,1.9628343903459609,0.9227326223191933,0.9213831056527425,0.8666872873492113,0.8666872873492113,0.8666872873492113,0.8855952793354198,3233,3233,3233,6466,2511,149,4104,0.6347046087225487,3647,0.0,3647,489,3158,414,True
standard,ca_hepth,ca-HepTh,scientific_collaboration,5,quasi_local_walk,srw,SRW-l3,steps,3.0,True,1.9628343903459609,0.9670621725725173,0.9664685888421188,0.9381379523662233,0.9381379523662233,0.9381379523662233,0.9472116734629458,3233,3233,3233,6466,2695,136,3907,0.6042375502629137,3365,0.0,3365,207,3158,132,True
standard,ca_hepth,ca-HepTh,scientific_collaboration,5,quasi_local_walk,pfp,PFP-l3,steps,3.0,True,1.9628343903459609,0.9660481227659738,0.9657964872574802,0.9381379523662233,0.9381379523662233,0.9381379523662233,0.9470909579377249,3233,3233,3233,6466,2753,117,3830,0.5923291060934117,3365,0.0,3365,207,3158,132,True
standard,ca_hepth,ca-HepTh,scientific_collaboration,5,quasi_local_walk,lrw,LRW-l5,steps,5.0,False,39.535459036938846,0.9825015510811295,0.9791762837786058,0.9474172595112899,0.9474172595112899,0.9474172595112899,0.9549227892021208,3233,3233,3233,6466,4106,31,2391,0.3697803897309001,2330,3.8825216467725354e-08,1,0,1,1,False
standard,ca_hepth,ca-HepTh,scientific_collaboration,5,quasi_local_walk,srw,SRW-l5,steps,5.0,False,39.535459036938846,0.9866333660018457,0.9837602557678993,0.9536034642746675,0.9536034642746675,0.9536034642746675,0.9603733626474528,3233,3233,3233,6466,4122,31,2375,0.367305907825549,2313,7.956878769952049e-08,1,0,1,1,False
standard,ca_hepth,ca-HepTh,scientific_collaboration,5,quasi_local_walk,pfp,PFP-l5,steps,5.0,False,39.535459036938846,0.9846807828977164,0.9821892601706669,0.9480358799876276,0.9480358799876276,0.9480358799876276,0.9554645725701236,3233,3233,3233,6466,4046,59,2479,0.38339004021033096,2313,0.00028862847222222213,1,1,0,1,False
standard,ca_hepth,ca-HepTh,scientific_collaboration,5,quasi_local_walk,lrw,LRW-l7,steps,7.0,False,138.12756735319272,0.9872924604876815,0.9843318530515182,0.9486545004639654,0.9486545004639654,0.9486545004639654,0.9559427445490835,3233,3233,3233,6466,5765,23,724,0.11197030621713579,680,6.304796648280493e-08,1,0,1,1,False
standard,ca_hepth,ca-HepTh,scientific_collaboration,5,quasi_local_walk,srw,SRW-l7,steps,7.0,False,138.12756735319272,0.9899504793836434,0.9869363543239189,0.9536034642746675,0.9536034642746675,0.9536034642746675,0.9603674294420633,3233,3233,3233,6466,5766,23,723,0.11181565109805135,678,2.1281085732696218e-07,1,1,0,1,False
standard,ca_hepth,ca-HepTh,scientific_collaboration,5,quasi_local_walk,pfp,PFP-l7,steps,7.0,False,138.12756735319272,0.9877036518702813,0.9849161269842425,0.9477265697494587,0.9477265697494587,0.9477265697494587,0.9551959128625904,3233,3233,3233,6466,5676,64,854,0.1320754716981132,678,0.0003454844683749431,1,1,0,1,False
standard,email_eu_core,email-Eu-core,communication,1,quasi_local_path,lpi,LPI-beta-0.1,beta,0.1,False,3.3023520400747657,0.9240202504837864,0.9329720381660322,0.8610742705570292,0.8610742705570292,0.8610742705570292,0.875178962002591,3016,3016,3016,6032,1642,877,5267,0.8731763925729443,313,17.1,10,7,3,9,True
standard,email_eu_core,email-Eu-core,communication,1,quasi_local_path,lpi,LPI-beta-0.01,beta,0.01,False,2.9159930148161948,0.9384350246887418,0.9448216387049794,0.8756631299734748,0.8756631299734748,0.8756631299734748,0.8889765313192735,3016,3016,3016,6032,2481,1002,4553,0.7548076923076923,313,4.54,2,1,1,1,True
standard,email_eu_core,email-Eu-core,communication,1,quasi_local_path,lpi,LPI-beta-0.001,beta,0.001,True,3.168234650976956,0.9417281311900096,0.946773540674317,0.8769893899204244,0.8769893899204244,0.8769893899204244,0.8904092740232471,3016,3016,3016,6032,3219,611,3424,0.5676392572944297,313,3.144,2,1,1,2,False
standard,email_eu_core,email-Eu-core,communication,1,quasi_local_path,ora_cni,ORA-CNI-beta-0.1,beta,0.1,False,3.6288408427499235,0.9302687536425116,0.9390360165764903,0.8703580901856764,0.8703580901856764,0.8703580901856764,0.8833223271353002,3016,3016,3016,6032,5701,19,350,0.058023872679045095,313,2.0977288604760607,1,1,0,1,False
standard,email_eu_core,email-Eu-core,communication,1,quasi_local_path,ora_cni,ORA-CNI-beta-0.01,beta,0.01,False,3.472345106769353,0.9301954528657563,0.9389740130444877,0.870026525198939,0.870026525198939,0.870026525198939,0.8830337598259317,3016,3016,3016,6032,5701,19,350,0.058023872679045095,313,2.0877736789949872,1,0,1,1,False
standard,email_eu_core,email-Eu-core,communication,1,quasi_local_path,ora_cni,ORA-CNI-beta-0.001,beta,0.001,True,3.189003103878349,0.9301859136388759,0.9389663175706577,0.870026525198939,0.870026525198939,0.870026525198939,0.8830326535107033,3016,3016,3016,6032,5701,19,350,0.058023872679045095,313,2.087123808367828,1,0,1,1,False
standard,email_eu_core,email-Eu-core,communication,1,enhanced_local,lit,LIT-i2,iterations,2.0,True,0.6909462558105588,0.942314650696106,0.9457267363627407,0.881631299734748,0.881631299734748,0.881631299734748,0.8949338914573769,3016,3016,3016,6032,4054,10,1988,0.3295755968169761,1970,0.050440559482857146,1,1,0,1,False
standard,email_eu_core,email-Eu-core,communication,1,enhanced_local,lit,LIT-i4,iterations,4.0,False,1.6232585501857102,0.9396864075622158,0.9433249789803628,0.8779840848806366,0.8779840848806366,0.8779840848806366,0.8916024635010078,3016,3016,3016,6032,4063,1,1970,0.3265915119363395,1970,0.04728628981042576,1,0,1,1,False
standard,email_eu_core,email-Eu-core,communication,1,enhanced_local,lit,LIT-i6,iterations,6.0,False,2.5332296080887318,0.9391720013391864,0.942831809043193,0.8779840848806366,0.8779840848806366,0.8779840848806366,0.8915790718088066,3016,3016,3016,6032,4062,2,1972,0.3269230769230769,1970,0.04637126930929672,1,0,1,1,False
standard,email_eu_core,email-Eu-core,communication,1,quasi_local_walk,lrw,LRW-l3,steps,3.0,True,6.924718199763447,0.9493322454010683,0.9545494322059538,0.8879310344827587,0.8879310344827587,0.8879310344827587,0.898122705028219,3016,3016,3016,6032,5705,14,341,0.05653183023872679,314,3.4409423811794836e-06,1,1,0,1,False
standard,email_eu_core,email-Eu-core,communication,1,quasi_local_walk,srw,SRW-l3,steps,3.0,True,6.924718199763447,0.9553281655838237,0.9595528094196117,0.8958885941644562,0.8958885941644562,0.8958885941644562,0.9065231158297434,3016,3016,3016,6032,5706,14,340,0.05636604774535809,313,7.25518074806492e-06,1,1,0,1,False
standard,email_eu_core,email-Eu-core,communication,1,quasi_local_walk,pfp,PFP-l3,steps,3.0,True,6.924718199763447,0.9208893926808875,0.9336398403914754,0.8610742705570292,0.8610742705570292,0.8610742705570292,0.8739402007875787,3016,3016,3016,6032,5719,2,315,0.052221485411140585,313,0.0024772960890373616,1,1,0,1,False
standard,email_eu_core,email-Eu-core,communication,1,quasi_local_walk,lrw,LRW-l5,steps,5.0,False,10.649621417745948,0.9287159090771616,0.936471115148914,0.8620689655172413,0.8620689655172413,0.8620689655172413,0.8741856711275128,3016,3016,3016,6032,6031,1,2,0.0003315649867374005,2,3.243054368059759e-06,1,0,1,1,False
standard,email_eu_core,email-Eu-core,communication,1,quasi_local_walk,srw,SRW-l5,steps,5.0,False,10.649621417745948,0.949821577059322,0.9550129196012074,0.8892572944297082,0.8892572944297082,0.8892572944297082,0.900368578299642,3016,3016,3016,6032,6031,1,2,0.0003315649867374005,2,1.4840798861875289e-05,1,1,0,1,False
standard,email_eu_core,email-Eu-core,communication,1,quasi_local_walk,pfp,PFP-l5,steps,5.0,False,10.649621417745948,0.9128158346034414,0.9267957608053248,0.8570954907161804,0.8570954907161804,0.8570954907161804,0.8693735214653822,3016,3016,3016,6032,6029,3,6,0.0009946949602122016,2,0.00269641102036366,1,1,0,1,False
standard,email_eu_core,email-Eu-core,communication,1,quasi_local_walk,lrw,LRW-l7,steps,7.0,False,10.797224808018655,0.9086972899489815,0.9179097422060242,0.8408488063660478,0.8408488063660478,0.8408488063660478,0.8542886838548173,3016,3016,3016,6032,6032,0,0,0.0,1,2.859184981984797e-06,1,1,0,1,False
standard,email_eu_core,email-Eu-core,communication,1,quasi_local_walk,srw,SRW-l7,steps,7.0,False,10.797224808018655,0.9434672103307662,0.9494986728605703,0.8809681697612732,0.8809681697612732,0.8809681697612732,0.8927700326530179,3016,3016,3016,6032,6032,0,0,0.0,1,2.151241918264387e-05,1,1,0,1,False
standard,email_eu_core,email-Eu-core,communication,1,quasi_local_walk,pfp,PFP-l7,steps,7.0,False,10.797224808018655,0.9128113188348803,0.9267867461074095,0.8570954907161804,0.8570954907161804,0.8570954907161804,0.8693735214653822,3016,3016,3016,6032,6030,2,4,0.000663129973474801,2,0.00269641102036366,1,1,0,1,False
standard,email_eu_core,email-Eu-core,communication,2,quasi_local_path,lpi,LPI-beta-0.1,beta,0.1,False,4.253304537851363,0.9185457705871533,0.926914161166968,0.8521220159151194,0.8521220159151194,0.8521220159151194,0.8673830536298741,3016,3016,3016,6032,1657,881,5256,0.8713527851458885,303,17.1,5,2,3,1,True
standard,email_eu_core,email-Eu-core,communication,2,quasi_local_path,lpi,LPI-beta-0.01,beta,0.01,False,3.6626790519803762,0.9365153480964513,0.941969256362178,0.871684350132626,0.871684350132626,0.8716843501326259,0.8857828040781186,3016,3016,3016,6032,2528,1014,4518,0.7490053050397878,303,4.65,3,2,1,3,False
standard,email_eu_core,email-Eu-core,communication,2,quasi_local_path,lpi,LPI-beta-0.001,beta,0.001,True,3.665850330144167,0.9409778770278494,0.944799321830872,0.8743368700265252,0.8743368700265252,0.8743368700265252,0.8886005249385425,3016,3016,3016,6032,3281,613,3364,0.5576923076923077,303,3.173,5,0,5,5,False
standard,email_eu_core,email-Eu-core,communication,2,quasi_local_path,ora_cni,ORA-CNI-beta-0.1,beta,0.1,False,3.7099599670618773,0.9247249499268206,0.93245012013734,0.8590848806366048,0.8590848806366048,0.8590848806366048,0.8738674255128663,3016,3016,3016,6032,5710,19,341,0.05653183023872679,303,2.0964138882798107,1,0,1,1,False
standard,email_eu_core,email-Eu-core,communication,2,quasi_local_path,ora_cni,ORA-CNI-beta-0.01,beta,0.01,False,3.2481540190055966,0.9246543456597252,0.9323917444715716,0.8590848806366048,0.8590848806366048,0.8590848806366048,0.8738596931029801,3016,3016,3016,6032,5710,19,341,0.05653183023872679,303,2.0927621195974777,1,0,1,1,False
standard,email_eu_core,email-Eu-core,communication,2,quasi_local_path,ora_cni,ORA-CNI-beta-0.001,beta,0.001,True,3.512892683967948,0.9246455727397469,0.9323838291270607,0.8590848806366048,0.8590848806366048,0.8590848806366048,0.8738587974678067,3016,3016,3016,6032,5710,19,341,0.05653183023872679,303,2.0923969427292444,1,0,1,1,False
standard,email_eu_core,email-Eu-core,communication,2,enhanced_local,lit,LIT-i2,iterations,2.0,True,0.7787897381931543,0.9450404218448749,0.9450363424248391,0.8806366047745358,0.8806366047745358,0.8806366047745358,0.8949409414577686,3016,3016,3016,6032,4136,6,1902,0.3153183023872679,1892,0.05232073111317576,1,1,0,1,False
standard,email_eu_core,email-Eu-core,communication,2,enhanced_local,lit,LIT-i4,iterations,4.0,False,1.6305708149448037,0.9423718219293217,0.9421825309226125,0.8753315649867374,0.8753315649867374,0.8753315649867374,0.8902756415333373,3016,3016,3016,6032,4141,1,1892,0.3136604774535809,1892,0.048423728234445615,1,1,0,1,False
standard,email_eu_core,email-Eu-core,communication,2,enhanced_local,lit,LIT-i6,iterations,6.0,False,2.330717188771814,0.9417927991615764,0.9415635949559905,0.875,0.875,0.875,0.8899545213119862,3016,3016,3016,6032,4141,1,1892,0.3136604774535809,1892,0.04813000872818399,1,0,1,1,False
standard,email_eu_core,email-Eu-core,communication,2,quasi_local_walk,lrw,LRW-l3,steps,3.0,True,7.4845510590821505,0.9457841930347337,0.9493325605611804,0.879973474801061,0.879973474801061,0.879973474801061,0.8937603975847679,3016,3016,3016,6032,5712,15,335,0.05553713527851459,306,3.391384140863538e-06,1,1,0,1,False
standard,email_eu_core,email-Eu-core,communication,2,quasi_local_walk,srw,SRW-l3,steps,3.0,True,7.4845510590821505,0.9537679033266595,0.9560002488936107,0.8875994694960212,0.8875994694960212,0.8875994694960212,0.9010611027811912,3016,3016,3016,6032,5715,15,332,0.055039787798408485,303,7.4341196745922e-06,1,1,0,1,False
standard,email_eu_core,email-Eu-core,communication,2,quasi_local_walk,pfp,PFP-l3,steps,3.0,True,7.4845510590821505,0.9119556074898807,0.9266018898324762,0.8524535809018567,0.8524535809018567,0.8524535809018567,0.8631581686135817,3016,3016,3016,6032,5728,3,307,0.05089522546419098,303,0.0025925217554306408,1,1,0,1,False
standard,email_eu_core,email-Eu-core,communication,2,quasi_local_walk,lrw,LRW-l5,steps,5.0,False,9.75724970176816,0.9196407656076859,0.926787130881101,0.8444960212201591,0.8444960212201591,0.8444960212201591,0.8610758081026808,3016,3016,3016,6032,6029,2,5,0.0008289124668435014,3,3.1981332750217125e-06,1,1,0,1,False
standard,email_eu_core,email-Eu-core,communication,2,quasi_local_walk,srw,SRW-l5,steps,5.0,False,9.75724970176816,0.9455437785387575,0.9493791731455228,0.8806366047745358,0.8806366047745358,0.8806366047745358,0.8942769301263244,3016,3016,3016,6032,6029,2,5,0.0008289124668435014,3,1.426818890449676e-05,1,1,0,1,False
standard,email_eu_core,email-Eu-core,communication,2,quasi_local_walk,pfp,PFP-l5,steps,5.0,False,9.75724970176816,0.9022018782548129,0.9183348621674676,0.8464854111405835,0.8464854111405835,0.8464854111405835,0.857028216918496,3016,3016,3016,6032,6028,3,7,0.0011604774535809018,3,0.0027679280927981487,1,0,1,1,False
standard,email_eu_core,email-Eu-core,communication,2,quasi_local_walk,lrw,LRW-l7,steps,7.0,False,11.03990195505321,0.8968164907460376,0.9058586301880686,0.8226127320954907,0.8226127320954907,0.8226127320954907,0.8402180967598126,3016,3016,3016,6032,6031,1,2,0.0003315649867374005,2,2.8832337546223948e-06,1,1,0,1,False
standard,email_eu_core,email-Eu-core,communication,2,quasi_local_walk,srw,SRW-l7,steps,7.0,False,11.03990195505321,0.937180029684064,0.9423594718530348,0.868368700265252,0.868368700265252,0.868368700265252,0.8830223593189878,3016,3016,3016,6032,6031,1,2,0.0003315649867374005,2,2.07740350320731e-05,1,0,1,1,False
standard,email_eu_core,email-Eu-core,communication,2,quasi_local_walk,pfp,PFP-l7,steps,7.0,False,11.03990195505321,0.9021988413685982,0.9183277163703396,0.8464854111405835,0.8464854111405835,0.8464854111405835,0.857028216918496,3016,3016,3016,6032,6030,2,4,0.000663129973474801,2,0.0027679280927981487,1,0,1,1,False
standard,email_eu_core,email-Eu-core,communication,3,quasi_local_path,lpi,LPI-beta-0.1,beta,0.1,False,3.542239272966981,0.9224851753084959,0.9306299207058378,0.8544429708222812,0.8544429708222812,0.8544429708222812,0.8697269543041884,3016,3016,3016,6032,1606,904,5330,0.8836206896551724,323,17.0,5,5,0,3,True
standard,email_eu_core,email-Eu-core,communication,3,quasi_local_path,lpi,LPI-beta-0.01,beta,0.01,False,3.427934837061912,0.9383912069849067,0.9442135313693898,0.871684350132626,0.871684350132626,0.8716843501326259,0.8859667354623048,3016,3016,3016,6032,2525,997,4504,0.746684350132626,323,4.5600000000000005,5,1,4,2,True
standard,email_eu_core,email-Eu-core,communication,3,quasi_local_path,lpi,LPI-beta-0.001,beta,0.001,True,3.7044545807875693,0.9420986699649032,0.9465436658774774,0.8726790450928382,0.8726790450928382,0.8726790450928382,0.8872881359477289,3016,3016,3016,6032,3226,631,3437,0.5697944297082228,323,3.153,2,1,1,1,True
standard,email_eu_core,email-Eu-core,communication,3,quasi_local_path,ora_cni,ORA-CNI-beta-0.1,beta,0.1,False,3.335220739711076,0.9306804561740105,0.9371059367722281,0.8650530503978779,0.8650530503978779,0.8650530503978779,0.8795831825265307,3016,3016,3016,6032,5693,17,356,0.059018567639257294,323,2.079889778985025,1,1,0,1,False
standard,email_eu_core,email-Eu-core,communication,3,quasi_local_path,ora_cni,ORA-CNI-beta-0.01,beta,0.01,False,4.2397925541736186,0.9306028825450743,0.9370421742747788,0.8650530503978779,0.8650530503978779,0.8650530503978779,0.8795747249193876,3016,3016,3016,6032,5693,17,356,0.059018567639257294,323,2.073778410633339,1,1,0,1,False
standard,email_eu_core,email-Eu-core,communication,3,quasi_local_path,ora_cni,ORA-CNI-beta-0.001,beta,0.001,True,3.2368459263816476,0.9305924858927432,0.9370337092535654,0.8650530503978779,0.8650530503978779,0.8650530503978779,0.8795736276968396,3016,3016,3016,6032,5693,17,356,0.059018567639257294,323,2.073284540290769,1,1,0,1,False
standard,email_eu_core,email-Eu-core,communication,3,enhanced_local,lit,LIT-i2,iterations,2.0,True,0.7079648906365037,0.9445968929683228,0.9469710395133997,0.8836206896551724,0.8836206896551724,0.8836206896551724,0.8971534230958208,3016,3016,3016,6032,4089,14,1957,0.3244363395225464,1929,0.049948446548222274,1,1,0,1,False
standard,email_eu_core,email-Eu-core,communication,3,enhanced_local,lit,LIT-i4,iterations,4.0,False,1.4211233211681247,0.9420315387685124,0.9445035407974445,0.8786472148541115,0.8786472148541115,0.8786472148541115,0.8927264458080856,3016,3016,3016,6032,4103,2,1931,0.3201259946949602,1929,0.048449106741136005,1,1,0,1,False
standard,email_eu_core,email-Eu-core,communication,3,enhanced_local,lit,LIT-i6,iterations,6.0,False,2.509919940959662,0.9415619323106407,0.9440253220665733,0.8776525198938993,0.8776525198938993,0.8776525198938993,0.8918475464442062,3016,3016,3016,6032,4103,2,1931,0.3201259946949602,1929,0.047733966715746604,1,1,0,1,False
standard,email_eu_core,email-Eu-core,communication,3,quasi_local_walk,lrw,LRW-l3,steps,3.0,True,8.116446638014168,0.9500786167365034,0.9525337677391665,0.8826259946949602,0.8826259946949602,0.8826259946949603,0.8965520191305015,3016,3016,3016,6032,5692,15,355,0.0588527851458886,326,3.356945210558123e-06,1,1,0,1,False
standard,email_eu_core,email-Eu-core,communication,3,quasi_local_walk,srw,SRW-l3,steps,3.0,True,8.116446638014168,0.9564793411875098,0.9588159678003785,0.8942307692307693,0.8942307692307693,0.8942307692307693,0.9069028773322811,3016,3016,3016,6032,5695,15,352,0.058355437665782495,323,7.254451766937742e-06,1,0,1,1,False
standard,email_eu_core,email-Eu-core,communication,3,quasi_local_walk,pfp,PFP-l3,steps,3.0,True,8.116446638014168,0.91826406204562,0.9310904398468997,0.8570954907161804,0.8570954907161804,0.8570954907161804,0.8706920699498661,3016,3016,3016,6032,5708,3,327,0.05421087533156499,323,0.002579814372892918,1,0,1,1,False
standard,email_eu_core,email-Eu-core,communication,3,quasi_local_walk,lrw,LRW-l5,steps,5.0,False,10.967867149971426,0.9259567487772395,0.9308098848581217,0.8521220159151194,0.8521220159151194,0.8521220159151194,0.8683808049339046,3016,3016,3016,6032,6032,0,0,0.0,1,3.1852256536145218e-06,1,1,0,1,False
standard,email_eu_core,email-Eu-core,communication,3,quasi_local_walk,srw,SRW-l5,steps,5.0,False,10.967867149971426,0.9496009567803367,0.9526462315924265,0.8829575596816976,0.8829575596816976,0.8829575596816976,0.896710172219428,3016,3016,3016,6032,6032,0,0,0.0,1,1.4421864848383822e-05,1,1,0,1,False
standard,email_eu_core,email-Eu-core,communication,3,quasi_local_walk,pfp,PFP-l5,steps,5.0,False,10.967867149971426,0.9087533744887635,0.9223682798725102,0.846816976127321,0.846816976127321,0.846816976127321,0.8610670198300642,3016,3016,3016,6032,6029,3,6,0.0009946949602122016,2,0.002809350602761831,1,0,1,1,False
standard,email_eu_core,email-Eu-core,communication,3,quasi_local_walk,lrw,LRW-l7,steps,7.0,False,10.780338456854224,0.9038653784870082,0.9101287386810573,0.830238726790451,0.830238726790451,0.8302387267904511,0.8476871478029758,3016,3016,3016,6032,6032,0,0,0.0,1,2.9365759847758327e-06,1,1,0,1,False
standard,email_eu_core,email-Eu-core,communication,3,quasi_local_walk,srw,SRW-l7,steps,7.0,False,10.780338456854224,0.9420833272836633,0.9459428142743564,0.875,0.875,0.875,0.8892458966463472,3016,3016,3016,6032,6032,0,0,0.0,1,2.104503082449436e-05,1,1,0,1,False
standard,email_eu_core,email-Eu-core,communication,3,quasi_local_walk,pfp,PFP-l7,steps,7.0,False,10.780338456854224,0.9087524119430834,0.9223660811657016,0.846816976127321,0.846816976127321,0.846816976127321,0.8610670198300642,3016,3016,3016,6032,6029,3,6,0.0009946949602122016,2,0.002809350602761831,1,0,1,1,False
standard,email_eu_core,email-Eu-core,communication,4,quasi_local_path,lpi,LPI-beta-0.1,beta,0.1,False,3.4113263287581503,0.9254832906653752,0.9331590381801039,0.8587533156498673,0.8587533156498673,0.8587533156498673,0.8736906887054418,3016,3016,3016,6032,1589,885,5328,0.883289124668435,332,16.5,7,4,3,5,True
standard,email_eu_core,email-Eu-core,communication,4,quasi_local_path,lpi,LPI-beta-0.01,beta,0.01,False,2.957393726799637,0.9418268059342997,0.9467978363845521,0.8829575596816976,0.8829575596816976,0.8829575596816976,0.895851443035508,3016,3016,3016,6032,2459,995,4568,0.7572944297082228,332,4.4,6,4,2,2,True
standard,email_eu_core,email-Eu-core,communication,4,quasi_local_path,lpi,LPI-beta-0.001,beta,0.001,True,3.3256130078807473,0.9456499328928991,0.9490634938154775,0.8809681697612732,0.8809681697612732,0.8809681697612732,0.8946677763014977,3016,3016,3016,6032,3204,629,3457,0.5731100795755968,332,3.1310000000000002,1,1,0,1,False
standard,email_eu_core,email-Eu-core,communication,4,quasi_local_path,ora_cni,ORA-CNI-beta-0.1,beta,0.1,False,3.564380911178887,0.9319677450602297,0.9393143178907893,0.8693633952254642,0.8693633952254642,0.8693633952254642,0.8832545013281389,3016,3016,3016,6032,5685,17,364,0.0603448275862069,332,1.9862226183710658,1,1,0,1,False
standard,email_eu_core,email-Eu-core,communication,4,quasi_local_path,ora_cni,ORA-CNI-beta-0.01,beta,0.01,False,3.055988223757595,0.9318988690208171,0.9392520944881059,0.8693633952254642,0.8693633952254642,0.8693633952254642,0.883247776428052,3016,3016,3016,6032,5685,17,364,0.0603448275862069,332,1.982006611746546,1,1,0,1,False
standard,email_eu_core,email-Eu-core,communication,4,quasi_local_path,ora_cni,ORA-CNI-beta-0.001,beta,0.001,True,2.973625948186964,0.9318918131539918,0.9392456083030203,0.8693633952254642,0.8693633952254642,0.8693633952254642,0.8832472044059517,3016,3016,3016,6032,5685,17,364,0.0603448275862069,332,1.9816043296946027,1,1,0,1,False
standard,email_eu_core,email-Eu-core,communication,4,enhanced_local,lit,LIT-i2,iterations,2.0,True,0.7683015279471874,0.9463217866452274,0.9470564043052438,0.8796419098143236,0.8796419098143236,0.8796419098143236,0.8941864048547163,3016,3016,3016,6032,4025,6,2013,0.33372015915119363,2002,0.04886842225002013,1,1,0,1,False
standard,email_eu_core,email-Eu-core,communication,4,enhanced_local,lit,LIT-i4,iterations,4.0,False,1.6529386080801487,0.943765257999849,0.9444278503155584,0.876657824933687,0.876657824933687,0.8766578249336872,0.8914627266786435,3016,3016,3016,6032,4030,2,2004,0.3322281167108753,2002,0.04429191401389316,1,0,1,1,False
standard,email_eu_core,email-Eu-core,communication,4,enhanced_local,lit,LIT-i6,iterations,6.0,False,2.897979733068496,0.9432330159668322,0.9438550871919172,0.8763262599469496,0.8763262599469496,0.8763262599469496,0.8911430644204488,3016,3016,3016,6032,4030,2,2004,0.3322281167108753,2002,0.043867856010174615,1,1,0,1,False
standard,email_eu_core,email-Eu-core,communication,4,quasi_local_walk,lrw,LRW-l3,steps,3.0,True,6.296583041083068,0.9509048613974754,0.9546991641396195,0.8895888594164456,0.8895888594164456,0.8895888594164456,0.9023740676184024,3016,3016,3016,6032,5683,18,367,0.060842175066312995,333,3.2996755948743626e-06,1,0,1,1,False
standard,email_eu_core,email-Eu-core,communication,4,quasi_local_walk,srw,SRW-l3,steps,3.0,True,6.296583041083068,0.9575068858983056,0.9600163517825355,0.8968832891246684,0.8968832891246684,0.8968832891246684,0.9092313483368973,3016,3016,3016,6032,5684,18,366,0.0606763925729443,332,6.82536683246923e-06,1,1,0,1,False
standard,email_eu_core,email-Eu-core,communication,4,quasi_local_walk,pfp,PFP-l3,steps,3.0,True,6.296583041083068,0.9236469614900286,0.9312473725453637,0.8544429708222812,0.8544429708222812,0.8544429708222812,0.8697927499191591,3016,3016,3016,6032,5698,4,338,0.05603448275862069,332,0.002510950644483824,1,0,1,1,False
standard,email_eu_core,email-Eu-core,communication,4,quasi_local_walk,lrw,LRW-l5,steps,5.0,False,10.271203763317317,0.9253429717595554,0.9325850108000479,0.855106100795756,0.855106100795756,0.855106100795756,0.8705995438473106,3016,3016,3016,6032,6031,1,2,0.0003315649867374005,2,3.099753860568799e-06,1,1,0,1,False
standard,email_eu_core,email-Eu-core,communication,4,quasi_local_walk,srw,SRW-l5,steps,5.0,False,10.271203763317317,0.9500197665597891,0.954117606188744,0.8879310344827587,0.8879310344827587,0.8879310344827587,0.9008643407989015,3016,3016,3016,6032,6031,1,2,0.0003315649867374005,2,1.3782905949837414e-05,1,1,0,1,False
standard,email_eu_core,email-Eu-core,communication,4,quasi_local_walk,pfp,PFP-l5,steps,5.0,False,10.271203763317317,0.9130096463315478,0.9218555414447438,0.8458222811671088,0.8458222811671088,0.8458222811671088,0.8613716080239439,3016,3016,3016,6032,6029,3,6,0.0009946949602122016,2,0.0027046399425766,1,0,1,1,False
standard,email_eu_core,email-Eu-core,communication,4,quasi_local_walk,lrw,LRW-l7,steps,7.0,False,9.913164635654539,0.9029888086544141,0.9118826471022804,0.8272546419098143,0.8272546419098143,0.8272546419098143,0.844774879121559,3016,3016,3016,6032,6031,1,2,0.0003315649867374005,2,2.7634475707966278e-06,1,0,1,1,False
standard,email_eu_core,email-Eu-core,communication,4,quasi_local_walk,srw,SRW-l7,steps,7.0,False,9.913164635654539,0.9421015419338382,0.9475848085190215,0.8793103448275862,0.8793103448275862,0.8793103448275863,0.8927492035479926,3016,3016,3016,6032,6031,1,2,0.0003315649867374005,2,2.047631667091399e-05,1,1,0,1,False
standard,email_eu_core,email-Eu-core,communication,4,quasi_local_walk,pfp,PFP-l7,steps,7.0,False,9.913164635654539,0.9130220214881337,0.9218771987068086,0.8458222811671088,0.8458222811671088,0.8458222811671088,0.8613716080239439,3016,3016,3016,6032,6029,3,6,0.0009946949602122016,2,0.0027046399425766,1,0,1,1,False
standard,email_eu_core,email-Eu-core,communication,5,quasi_local_path,lpi,LPI-beta-0.1,beta,0.1,False,3.0159428943879902,0.925445382327005,0.931557579707873,0.8580431177446103,0.8580431177446103,0.8580431177446103,0.8732001769504867,3015,3015,3015,6030,1648,899,5281,0.875787728026534,311,17.0,5,1,4,3,True
standard,email_eu_core,email-Eu-core,communication,5,quasi_local_path,lpi,LPI-beta-0.01,beta,0.01,False,2.9736488917842507,0.9416672846460514,0.9454559155576456,0.8766169154228856,0.8766169154228856,0.8766169154228854,0.8905786295510538,3015,3015,3015,6030,2508,1021,4543,0.7533996683250415,311,4.65,1,0,1,1,False
standard,email_eu_core,email-Eu-core,communication,5,quasi_local_path,lpi,LPI-beta-0.001,beta,0.001,True,3.335201560985297,0.9454567455655885,0.9478846783220436,0.8776119402985074,0.8776119402985074,0.8776119402985074,0.891904176747308,3015,3015,3015,6030,3245,628,3413,0.5660033167495854,311,3.167,2,2,0,2,False
standard,email_eu_core,email-Eu-core,communication,5,quasi_local_path,ora_cni,ORA-CNI-beta-0.1,beta,0.1,False,3.097585287876427,0.9318496177985571,0.9381353596858164,0.8630182421227197,0.8630182421227197,0.8630182421227197,0.8779276257044278,3015,3015,3015,6030,5699,18,349,0.05787728026533997,311,2.0717661294516625,1,0,1,1,False
standard,email_eu_core,email-Eu-core,communication,5,quasi_local_path,ora_cni,ORA-CNI-beta-0.01,beta,0.01,False,3.0907109659165144,0.9317735141989728,0.9380711148513925,0.8630182421227197,0.8630182421227197,0.8630182421227197,0.877919499448284,3015,3015,3015,6030,5699,18,349,0.05787728026533997,311,2.0682914477613266,1,0,1,1,False
standard,email_eu_core,email-Eu-core,communication,5,quasi_local_path,ora_cni,ORA-CNI-beta-0.001,beta,0.001,True,3.704975788947195,0.9317677547910976,0.9380661644788769,0.8630182421227197,0.8630182421227197,0.8630182421227197,0.8779189523488248,3015,3015,3015,6030,5699,18,349,0.05787728026533997,311,2.067943979592293,1,0,1,1,False
standard,email_eu_core,email-Eu-core,communication,5,enhanced_local,lit,LIT-i2,iterations,2.0,True,0.9703721269033849,0.9450247342549791,0.9477907862566657,0.8792703150912106,0.8792703150912106,0.8792703150912107,0.8934722768291574,3015,3015,3015,6030,4091,8,1947,0.32288557213930347,1932,0.05404770302116014,1,1,0,1,False
standard,email_eu_core,email-Eu-core,communication,5,enhanced_local,lit,LIT-i4,iterations,4.0,False,1.699633021838963,0.9422985131452091,0.945233423815142,0.875290215588723,0.875290215588723,0.875290215588723,0.8898451286447615,3015,3015,3015,6030,4099,1,1932,0.32039800995024875,1932,0.05042079498482435,1,1,0,1,False
standard,email_eu_core,email-Eu-core,communication,5,enhanced_local,lit,LIT-i6,iterations,6.0,False,2.543138555251062,0.9418066856735552,0.9447195751480298,0.875290215588723,0.875290215588723,0.875290215588723,0.8898095821698526,3015,3015,3015,6030,4099,1,1932,0.32039800995024875,1932,0.04977121165727491,1,0,1,1,False
standard,email_eu_core,email-Eu-core,communication,5,quasi_local_walk,lrw,LRW-l3,steps,3.0,True,7.240678386297077,0.9514582253722554,0.9540775943389739,0.8849087893864013,0.8849087893864013,0.8849087893864013,0.898554123112588,3015,3015,3015,6030,5699,16,347,0.057545605306799336,314,3.5932448293284443e-06,1,1,0,1,False
standard,email_eu_core,email-Eu-core,communication,5,quasi_local_walk,srw,SRW-l3,steps,3.0,True,7.240678386297077,0.9591029218005587,0.9605893693500438,0.8965174129353234,0.8965174129353234,0.8965174129353234,0.9091347404696062,3015,3015,3015,6030,5701,17,346,0.05737976782752902,311,7.760041286848925e-06,1,0,1,1,False
standard,email_eu_core,email-Eu-core,communication,5,quasi_local_walk,pfp,PFP-l3,steps,3.0,True,7.240678386297077,0.9204171498422745,0.9326997956596235,0.8623548922056384,0.8623548922056384,0.8623548922056384,0.87549987930514,3015,3015,3015,6030,5717,4,317,0.052570480928689885,311,0.0026306447575394206,1,1,0,1,False
standard,email_eu_core,email-Eu-core,communication,5,quasi_local_walk,lrw,LRW-l5,steps,5.0,False,10.989094918128103,0.9287296403822415,0.9336150645336061,0.8633499170812604,0.8633499170812604,0.8633499170812604,0.8781242799261212,3015,3015,3015,6030,6025,4,9,0.0014925373134328358,3,3.3497822542702153e-06,1,0,1,1,False
standard,email_eu_core,email-Eu-core,communication,5,quasi_local_walk,srw,SRW-l5,steps,5.0,False,10.989094918128103,0.9520603861273428,0.9546297258868729,0.8882255389718077,0.8882255389718077,0.8882255389718077,0.901424076304476,3015,3015,3015,6030,6025,4,9,0.0014925373134328358,3,1.5122728417019975e-05,1,1,0,1,False
standard,email_eu_core,email-Eu-core,communication,5,quasi_local_walk,pfp,PFP-l5,steps,5.0,False,10.989094918128103,0.9110994337140351,0.9245276657068445,0.8530679933665009,0.8530679933665009,0.8530679933665009,0.8666557313260961,3015,3015,3015,6030,6024,6,12,0.001990049751243781,2,0.0028393785468192345,1,0,1,1,False
standard,email_eu_core,email-Eu-core,communication,5,quasi_local_walk,lrw,LRW-l7,steps,7.0,False,11.209853082895279,0.9085070459525286,0.9144549227329356,0.8384742951907131,0.8384742951907131,0.8384742951907131,0.8551273725243452,3015,3015,3015,6030,6025,4,9,0.0014925373134328358,3,2.9900120606547525e-06,1,1,0,1,False
standard,email_eu_core,email-Eu-core,communication,5,quasi_local_walk,srw,SRW-l7,steps,7.0,False,11.209853082895279,0.9448809920690249,0.9483734451017438,0.87893864013267,0.87893864013267,0.87893864013267,0.8928644278852815,3015,3015,3015,6030,6025,4,9,0.0014925373134328358,3,2.2047759669706854e-05,1,1,0,1,False
standard,email_eu_core,email-Eu-core,communication,5,quasi_local_walk,pfp,PFP-l7,steps,7.0,False,11.209853082895279,0.9110964816592881,0.9245213952349914,0.8530679933665009,0.8530679933665009,0.8530679933665009,0.8666557313260961,3015,3015,3015,6030,6024,6,12,0.001990049751243781,2,0.0028393785468192345,1,0,1,1,False
standard,email_univ,email-univ,communication,1,quasi_local_path,lpi,LPI-beta-0.1,beta,0.1,False,0.06424239603802562,0.9274326735582851,0.9278850790895061,0.8657407407407407,0.8657407407407407,0.8657407407407407,0.8859972868314273,864,864,864,1728,176,118,1670,0.9664351851851852,609,0.30000000000000004,43,17,26,6,True
standard,email_univ,email-univ,communication,1,quasi_local_path,lpi,LPI-beta-0.01,beta,0.01,False,0.06066993670538068,0.9285110457222219,0.9279339741941016,0.8657407407407407,0.8657407407407407,0.8657407407407407,0.8861864982499208,864,864,864,1728,278,141,1591,0.9207175925925926,609,0.03,43,17,26,6,True
standard,email_univ,email-univ,communication,1,quasi_local_path,lpi,LPI-beta-0.001,beta,0.001,True,0.06286745611578226,0.9285110457222219,0.9279339741941016,0.8657407407407407,0.8657407407407407,0.8657407407407407,0.8861864982499208,864,864,864,1728,278,141,1591,0.9207175925925926,609,0.003,43,17,26,6,True
standard,email_univ,email-univ,communication,1,quasi_local_path,ora_cni,ORA-CNI-beta-0.1,beta,0.1,False,0.06202959408983588,0.9283973210689003,0.9262333622685186,0.8576388888888888,0.8576388888888888,0.8576388888888888,0.8791501078301092,864,864,864,1728,1089,27,666,0.3854166666666667,609,0.11631558653719319,1,1,0,1,False
standard,email_univ,email-univ,communication,1,quasi_local_path,ora_cni,ORA-CNI-beta-0.01,beta,0.01,False,0.06654536304995418,0.9283380330907753,0.9262119287980111,0.8576388888888888,0.8576388888888888,0.8576388888888888,0.8791388940844329,864,864,864,1728,1089,27,666,0.3854166666666667,609,0.11599824459935264,1,1,0,1,False
standard,email_univ,email-univ,communication,1,quasi_local_path,ora_cni,ORA-CNI-beta-0.001,beta,0.001,True,0.07500587403774261,0.9283283974160055,0.9262092496141977,0.8576388888888888,0.8576388888888888,0.8576388888888888,0.8791370886703781,864,864,864,1728,1089,27,666,0.3854166666666667,609,0.11596651040556857,1,1,0,1,False
standard,email_univ,email-univ,communication,1,enhanced_local,lit,LIT-i2,iterations,2.0,True,0.06525809317827225,0.8433461249814349,0.8407801247427984,0.7708333333333334,0.7708333333333334,0.7708333333333333,0.8073457882016333,864,864,864,1728,666,8,1070,0.6192129629629629,1051,0.0,1051,242,809,187,True
standard,email_univ,email-univ,communication,1,enhanced_local,lit,LIT-i4,iterations,4.0,False,0.1530288178473711,0.8428955407232939,0.8405189043209876,0.7708333333333334,0.7708333333333334,0.7708333333333333,0.8072737572647852,864,864,864,1728,674,5,1059,0.6128472222222222,1051,0.0,1051,242,809,187,True
standard,email_univ,email-univ,communication,1,enhanced_local,lit,LIT-i6,iterations,6.0,False,0.19613379193469882,0.8427040004163997,0.8403943222736625,0.7708333333333334,0.7708333333333334,0.7708333333333333,0.8072457698570373,864,864,864,1728,674,5,1059,0.6128472222222222,1051,0.0,1051,242,809,187,True
standard,email_univ,email-univ,communication,1,quasi_local_walk,lrw,LRW-l3,steps,3.0,True,0.7101487033069134,0.9285409033029908,0.9233673053840876,0.8553240740740741,0.8553240740740741,0.8553240740740741,0.8778455186474652,864,864,864,1728,1073,30,685,0.39641203703703703,621,1.946494752250148e-06,2,0,2,2,False
standard,email_univ,email-univ,communication,1,quasi_local_walk,srw,SRW-l3,steps,3.0,True,0.7101487033069134,0.9382599643186673,0.9336413055126886,0.8703703703703703,0.8703703703703703,0.8703703703703703,0.8907919994872888,864,864,864,1728,1089,28,667,0.38599537037037035,609,2.9325526175010145e-06,1,0,1,1,False
standard,email_univ,email-univ,communication,1,quasi_local_walk,pfp,PFP-l3,steps,3.0,True,0.7101487033069134,0.9265069794476403,0.9247377079046639,0.8611111111111112,0.8611111111111112,0.8611111111111112,0.8817003109892765,864,864,864,1728,1117,4,615,0.3559027777777778,609,0.0015850461249560179,1,1,0,1,False
standard,email_univ,email-univ,communication,1,quasi_local_walk,lrw,LRW-l5,steps,5.0,False,3.56544533604756,0.9366524399949743,0.9350123778292183,0.8576388888888888,0.8576388888888888,0.8576388888888888,0.8790328845297597,864,864,864,1728,1701,1,28,0.016203703703703703,28,2.544409923947707e-06,1,1,0,1,False
standard,email_univ,email-univ,communication,1,quasi_local_walk,srw,SRW-l5,steps,5.0,False,3.56544533604756,0.9486351535143949,0.9446547603737997,0.8703703703703703,0.8703703703703703,0.8703703703703703,0.8908999118719308,864,864,864,1728,1701,1,28,0.016203703703703703,28,9.183408234899542e-06,1,1,0,1,False
standard,email_univ,email-univ,communication,1,quasi_local_walk,pfp,PFP-l5,steps,5.0,False,3.56544533604756,0.9287672471738142,0.926002282664609,0.8530092592592593,0.8530092592592593,0.8530092592592593,0.8745850995219802,864,864,864,1728,1701,1,28,0.016203703703703703,28,0.002693743309711823,1,0,1,1,False
standard,email_univ,email-univ,communication,1,quasi_local_walk,lrw,LRW-l7,steps,7.0,False,4.177857007365674,0.9260518621874926,0.9263251243141288,0.8541666666666666,0.8541666666666666,0.8541666666666666,0.8749290662356535,864,864,864,1728,1728,0,0,0.0,1,2.4989294058783636e-06,1,1,0,1,False
standard,email_univ,email-univ,communication,1,quasi_local_walk,srw,SRW-l7,steps,7.0,False,4.177857007365674,0.9477345653560794,0.9442863725994514,0.8738425925925926,0.8738425925925926,0.8738425925925926,0.8935360894808233,864,864,864,1728,1728,0,0,0.0,1,1.5391025488456427e-05,1,1,0,1,False
standard,email_univ,email-univ,communication,1,quasi_local_walk,pfp,PFP-l7,steps,7.0,False,4.177857007365674,0.9279772693401565,0.9244992605452673,0.8541666666666666,0.8541666666666666,0.8541666666666666,0.8755072728495029,864,864,864,1728,1728,0,0,0.0,1,0.002705148723256943,1,1,0,1,False
standard,email_univ,email-univ,communication,2,quasi_local_path,lpi,LPI-beta-0.1,beta,0.1,False,0.06069699302315712,0.925102803697875,0.9236024037637174,0.8645833333333334,0.8645833333333334,0.8645833333333333,0.8849195221468078,864,864,864,1728,175,120,1673,0.9681712962962963,578,0.4,39,18,21,32,True
standard,email_univ,email-univ,communication,2,quasi_local_path,lpi,LPI-beta-0.01,beta,0.01,False,0.05914635816588998,0.9266156671472677,0.9240129886831275,0.8645833333333334,0.8645833333333334,0.8645833333333333,0.8851853886312154,864,864,864,1728,280,137,1585,0.9172453703703703,578,0.04,39,18,21,32,True
standard,email_univ,email-univ,communication,2,quasi_local_path,lpi,LPI-beta-0.001,beta,0.001,True,0.059596255887299776,0.9266156671472677,0.9240129886831275,0.8645833333333334,0.8645833333333334,0.8645833333333333,0.8851853886312154,864,864,864,1728,280,137,1585,0.9172453703703703,578,0.004,39,18,21,32,True
standard,email_univ,email-univ,communication,2,quasi_local_path,ora_cni,ORA-CNI-beta-0.1,beta,0.1,False,0.05898603517562151,0.9268655805889603,0.9239098401063098,0.8726851851851852,0.8726851851851852,0.8726851851851852,0.8911644394595222,864,864,864,1728,1125,21,624,0.3611111111111111,578,0.12687376725838265,1,1,0,1,False
standard,email_univ,email-univ,communication,2,quasi_local_path,ora_cni,ORA-CNI-beta-0.01,beta,0.01,False,0.05937372427433729,0.9266811309600254,0.9237571266289437,0.8726851851851852,0.8726851851851852,0.8726851851851852,0.8911403259961049,864,864,864,1728,1125,21,624,0.3611111111111111,578,0.12614891518737673,1,1,0,1,False
standard,email_univ,email-univ,communication,2,quasi_local_path,ora_cni,ORA-CNI-beta-0.001,beta,0.001,True,0.06094406312331557,0.9266636166393214,0.9237423911179699,0.8726851851851852,0.8726851851851852,0.8726851851851852,0.8911383015658925,864,864,864,1728,1125,21,624,0.3611111111111111,578,0.12607642998027613,1,1,0,1,False
standard,email_univ,email-univ,communication,2,enhanced_local,lit,LIT-i2,iterations,2.0,True,0.06812933227047324,0.8399245062371674,0.8381705997085047,0.7662037037037037,0.7662037037037037,0.7662037037037037,0.8033004790181981,864,864,864,1728,670,4,1062,0.6145833333333334,1056,0.0,1056,247,809,192,True
standard,email_univ,email-univ,communication,2,enhanced_local,lit,LIT-i4,iterations,4.0,False,0.12860998464748263,0.8399286417686722,0.837853786222565,0.7662037037037037,0.7662037037037037,0.7662037037037037,0.803346919037463,864,864,864,1728,673,1,1056,0.6111111111111112,1056,0.0,1056,247,809,192,True
standard,email_univ,email-univ,communication,2,enhanced_local,lit,LIT-i6,iterations,6.0,False,0.18683079816401005,0.8395491585687583,0.8376139992712619,0.7662037037037037,0.7662037037037037,0.7662037037037037,0.8032922555348344,864,864,864,1728,673,1,1056,0.6111111111111112,1056,0.0,1056,247,809,192,True
standard,email_univ,email-univ,communication,2,quasi_local_walk,lrw,LRW-l3,steps,3.0,True,0.8434956474229693,0.9310370946571269,0.9232574588477366,0.8668981481481481,0.8668981481481481,0.8668981481481481,0.8876875382289,864,864,864,1728,1107,27,648,0.375,590,2.0945847419464766e-06,1,0,1,1,False
standard,email_univ,email-univ,communication,2,quasi_local_walk,srw,SRW-l3,steps,3.0,True,0.8434956474229693,0.9359464132694195,0.9306787980109739,0.875,0.875,0.875,0.894252912775633,864,864,864,1728,1127,21,622,0.3599537037037037,578,2.8784528457517337e-06,1,0,1,1,False
standard,email_univ,email-univ,communication,2,quasi_local_walk,pfp,PFP-l3,steps,3.0,True,0.8434956474229693,0.9095010536123938,0.916652600951646,0.8611111111111112,0.8611111111111112,0.8611111111111112,0.872042704126541,864,864,864,1728,1147,5,586,0.33912037037037035,578,0.0015961057081821783,1,1,0,1,False
standard,email_univ,email-univ,communication,2,quasi_local_walk,lrw,LRW-l5,steps,5.0,False,3.982567135710269,0.9430144246655116,0.9412026320301785,0.8657407407407407,0.8657407407407407,0.8657407407407407,0.8863945355241728,864,864,864,1728,1706,2,24,0.013888888888888888,22,2.5679854259527064e-06,1,0,1,1,False
standard,email_univ,email-univ,communication,2,quasi_local_walk,srw,SRW-l5,steps,5.0,False,3.982567135710269,0.9485836385945601,0.9463788151577502,0.8761574074074074,0.8761574074074074,0.8761574074074074,0.8954172693347926,864,864,864,1728,1706,2,24,0.013888888888888888,22,8.594870193159764e-06,1,0,1,1,False
standard,email_univ,email-univ,communication,2,quasi_local_walk,pfp,PFP-l5,steps,5.0,False,3.982567135710269,0.9110105875596969,0.9190564986282579,0.8495370370370371,0.8495370370370371,0.8495370370370371,0.8618708108604196,864,864,864,1728,1706,2,24,0.013888888888888888,22,0.002855990157814355,1,1,0,1,False
standard,email_univ,email-univ,communication,2,quasi_local_walk,lrw,LRW-l7,steps,7.0,False,4.342151417862624,0.93305814066203,0.9334624699931413,0.8530092592592593,0.8530092592592593,0.8530092592592593,0.8747765097700423,864,864,864,1728,1728,0,0,0.0,1,2.661958324312274e-06,1,1,0,1,False
standard,email_univ,email-univ,communication,2,quasi_local_walk,srw,SRW-l7,steps,7.0,False,4.342151417862624,0.9483571134934963,0.9465382265946503,0.875,0.875,0.875,0.8944502983990792,864,864,864,1728,1728,0,0,0.0,1,1.4713458522776611e-05,1,1,0,1,False
standard,email_univ,email-univ,communication,2,quasi_local_walk,pfp,PFP-l7,steps,7.0,False,4.342151417862624,0.9102168958289975,0.9177303026406036,0.8483796296296297,0.8483796296296297,0.8483796296296297,0.8609009224802535,864,864,864,1728,1728,0,0,0.0,1,0.0028769059426159926,1,1,0,1,False
standard,email_univ,email-univ,communication,3,quasi_local_path,lpi,LPI-beta-0.1,beta,0.1,False,0.08383975131437182,0.9354721305086686,0.9395495756172839,0.8738425925925926,0.8738425925925926,0.8738425925925926,0.892699476482364,864,864,864,1728,171,119,1676,0.9699074074074074,580,0.30000000000000004,44,24,20,20,True
standard,email_univ,email-univ,communication,3,quasi_local_path,lpi,LPI-beta-0.01,beta,0.01,False,0.08178362855687737,0.9376381532027867,0.9402394654492455,0.8738425925925926,0.8738425925925926,0.8738425925925926,0.8930908205754569,864,864,864,1728,280,139,1587,0.9184027777777778,580,0.03,44,24,20,20,True
standard,email_univ,email-univ,communication,3,quasi_local_path,lpi,LPI-beta-0.001,beta,0.001,True,0.07135085389018059,0.9376381532027867,0.9402394654492455,0.8738425925925926,0.8738425925925926,0.8738425925925926,0.8930908205754569,864,864,864,1728,280,139,1587,0.9184027777777778,580,0.003,44,24,20,20,True
standard,email_univ,email-univ,communication,3,quasi_local_path,ora_cni,ORA-CNI-beta-0.1,beta,0.1,False,0.06680818879976869,0.933709390050858,0.9335850426526062,0.8622685185185185,0.8622685185185185,0.8622685185185185,0.8829556947872546,864,864,864,1728,1110,32,650,0.3761574074074074,580,0.09926314322025107,1,1,0,1,False
standard,email_univ,email-univ,communication,3,quasi_local_path,ora_cni,ORA-CNI-beta-0.01,beta,0.01,False,0.060489813797175884,0.9336294652454082,0.9335348079561041,0.8622685185185185,0.8622685185185185,0.8622685185185185,0.8829425738252298,864,864,864,1728,1111,31,648,0.375,580,0.09825000000000002,1,1,0,1,False
standard,email_univ,email-univ,communication,3,quasi_local_path,ora_cni,ORA-CNI-beta-0.001,beta,0.001,True,0.060490166302770376,0.9336273189080961,0.9335334683641974,0.8622685185185185,0.8622685185185185,0.8622685185185185,0.8829420551384572,864,864,864,1728,1111,31,648,0.375,580,0.09815833333333335,1,1,0,1,False
standard,email_univ,email-univ,communication,3,enhanced_local,lit,LIT-i2,iterations,2.0,True,0.06806037295609713,0.851118501239027,0.8499161415466392,0.7731481481481481,0.7731481481481481,0.7731481481481481,0.8100258378762011,864,864,864,1728,660,8,1076,0.6226851851851852,1061,0.0,1061,236,825,197,True
standard,email_univ,email-univ,communication,3,enhanced_local,lit,LIT-i4,iterations,4.0,False,0.1726024877279997,0.8505311245760108,0.8497098443930041,0.7731481481481481,0.7731481481481481,0.7731481481481481,0.8099285187046216,864,864,864,1728,666,3,1065,0.6163194444444444,1061,0.0,1061,236,825,197,True
standard,email_univ,email-univ,communication,3,enhanced_local,lit,LIT-i6,iterations,6.0,False,0.27352481707930565,0.8501863331747319,0.8495477537722909,0.7731481481481481,0.7731481481481481,0.7731481481481481,0.8098746625501059,864,864,864,1728,666,3,1065,0.6163194444444444,1061,0.0,1061,236,825,197,True
standard,email_univ,email-univ,communication,3,quasi_local_walk,lrw,LRW-l3,steps,3.0,True,0.9524554600939155,0.9345600361722586,0.9320023148148149,0.8680555555555556,0.8680555555555556,0.8680555555555556,0.8882258971518496,864,864,864,1728,1091,35,672,0.3888888888888889,593,1.9137254803267447e-06,1,0,1,1,False
standard,email_univ,email-univ,communication,3,quasi_local_walk,srw,SRW-l3,steps,3.0,True,0.9524554600939155,0.9466416498435377,0.9430613158007544,0.8773148148148148,0.8773148148148148,0.8773148148148148,0.896801028136573,864,864,864,1728,1106,37,659,0.38136574074074076,580,2.33176500985783e-06,1,0,1,1,False
standard,email_univ,email-univ,communication,3,quasi_local_walk,pfp,PFP-l3,steps,3.0,True,0.9524554600939155,0.9233570460264102,0.9306848261745542,0.8657407407407407,0.8657407407407407,0.8657407407407407,0.8833105968099967,864,864,864,1728,1142,8,594,0.34375,580,0.0013608586352269977,1,1,0,1,False
standard,email_univ,email-univ,communication,3,quasi_local_walk,lrw,LRW-l5,steps,5.0,False,4.755962940864265,0.9411659322468848,0.9428972157921811,0.8703703703703703,0.8703703703703703,0.8703703703703703,0.8895182386383106,864,864,864,1728,1706,1,23,0.013310185185185185,23,2.3964069091175894e-06,1,1,0,1,False
standard,email_univ,email-univ,communication,3,quasi_local_walk,srw,SRW-l5,steps,5.0,False,4.755962940864265,0.9536757617549702,0.9522140775034293,0.8854166666666666,0.8854166666666666,0.8854166666666666,0.9032919686704503,864,864,864,1728,1706,1,23,0.013310185185185185,23,7.262978548635567e-06,1,1,0,1,False
standard,email_univ,email-univ,communication,3,quasi_local_walk,pfp,PFP-l5,steps,5.0,False,4.755962940864265,0.9217827389571245,0.9286854852537721,0.8599537037037037,0.8599537037037037,0.8599537037037037,0.8776233493694999,864,864,864,1728,1706,1,23,0.013310185185185185,23,0.0024094556051245334,1,0,1,1,False
standard,email_univ,email-univ,communication,3,quasi_local_walk,lrw,LRW-l7,steps,7.0,False,4.4278636067174375,0.9304931789069302,0.934666763117284,0.8634259259259259,0.8634259259259259,0.8634259259259259,0.8825464430190815,864,864,864,1728,1728,0,0,0.0,1,2.4935586759329994e-06,1,0,1,1,False
standard,email_univ,email-univ,communication,3,quasi_local_walk,srw,SRW-l7,steps,7.0,False,4.4278636067174375,0.9517340859944325,0.9508235811042525,0.8807870370370371,0.8807870370370371,0.8807870370370371,0.899319315678156,864,864,864,1728,1728,0,0,0.0,1,1.2911507415895907e-05,1,0,1,1,False
standard,email_univ,email-univ,communication,3,quasi_local_walk,pfp,PFP-l7,steps,7.0,False,4.4278636067174375,0.920736221264751,0.9268663194444444,0.8587962962962963,0.8587962962962963,0.8587962962962963,0.8766613020412777,864,864,864,1728,1728,0,0,0.0,1,0.0024584838536131667,1,1,0,1,False
standard,email_univ,email-univ,communication,4,quasi_local_path,lpi,LPI-beta-0.1,beta,0.1,False,0.07829409185796976,0.925728479511307,0.9254852001886145,0.8715277777777778,0.8715277777777778,0.8715277777777778,0.890081907918388,864,864,864,1728,167,126,1687,0.9762731481481481,589,0.30000000000000004,46,21,25,4,True
standard,email_univ,email-univ,communication,4,quasi_local_path,lpi,LPI-beta-0.01,beta,0.01,False,0.07872540317475796,0.9254517970947975,0.9249761552640604,0.8715277777777778,0.8715277777777778,0.8715277777777778,0.8899791933349975,864,864,864,1728,279,151,1600,0.9259259259259259,589,0.03,46,21,25,4,True
standard,email_univ,email-univ,communication,4,quasi_local_path,lpi,LPI-beta-0.001,beta,0.001,True,0.07778521673753858,0.9254517970947975,0.9249761552640604,0.8715277777777778,0.8715277777777778,0.8715277777777778,0.8899791933349975,864,864,864,1728,279,151,1600,0.9259259259259259,589,0.003,46,21,25,4,True
standard,email_univ,email-univ,communication,4,quasi_local_path,ora_cni,ORA-CNI-beta-0.1,beta,0.1,False,0.07859970675781369,0.9267984229766058,0.9242721997170782,0.8738425925925926,0.8738425925925926,0.8738425925925926,0.8920015074833215,864,864,864,1728,1109,30,649,0.3755787037037037,589,0.1207392753445385,1,1,0,1,False
standard,email_univ,email-univ,communication,4,quasi_local_path,ora_cni,ORA-CNI-beta-0.01,beta,0.01,False,0.08038087282329798,0.9266876323820493,0.9241770886917009,0.8726851851851852,0.8726851851851852,0.8726851851851852,0.8910511987299167,864,864,864,1728,1109,30,649,0.3755787037037037,589,0.11951790281329924,1,0,1,1,False
standard,email_univ,email-univ,communication,4,quasi_local_path,ora_cni,ORA-CNI-beta-0.001,beta,0.001,True,0.07957471488043666,0.9266623476974699,0.9241610135888202,0.8726851851851852,0.8726851851851852,0.8726851851851852,0.8910470638702578,864,864,864,1728,1109,30,649,0.3755787037037037,589,0.11944539641943736,1,0,1,1,False
standard,email_univ,email-univ,communication,4,enhanced_local,lit,LIT-i2,iterations,2.0,True,0.09479868598282337,0.8496199557496897,0.8479623467506859,0.7777777777777778,0.7777777777777778,0.7777777777777778,0.8133488164989754,864,864,864,1728,680,6,1054,0.6099537037037037,1044,0.0,1044,233,811,180,True
standard,email_univ,email-univ,communication,4,enhanced_local,lit,LIT-i4,iterations,4.0,False,0.17810830799862742,0.8497165475641766,0.8481023341049383,0.7777777777777778,0.7777777777777778,0.7777777777777778,0.8133589844553479,864,864,864,1728,682,4,1050,0.6076388888888888,1044,0.0,1044,233,811,180,True
standard,email_univ,email-univ,communication,4,enhanced_local,lit,LIT-i6,iterations,6.0,False,0.2663634470663965,0.8495017674833457,0.8479723936899863,0.7777777777777778,0.7777777777777778,0.7777777777777778,0.8133265360210119,864,864,864,1728,683,3,1048,0.6064814814814815,1044,0.0,1044,233,811,180,True
standard,email_univ,email-univ,communication,4,quasi_local_walk,lrw,LRW-l3,steps,3.0,True,0.8026094040833414,0.9307541951553877,0.9244229038065844,0.8703703703703703,0.8703703703703703,0.8703703703703703,0.8903032108612641,864,864,864,1728,1090,34,672,0.3888888888888889,600,2.138573099985788e-06,1,1,0,1,False
standard,email_univ,email-univ,communication,4,quasi_local_walk,srw,SRW-l3,steps,3.0,True,0.8026094040833414,0.9364217840909121,0.9301342539008917,0.8807870370370371,0.8807870370370371,0.8807870370370371,0.8991574519447161,864,864,864,1728,1107,30,651,0.3767361111111111,589,3.0367833460128773e-06,1,1,0,1,False
standard,email_univ,email-univ,communication,4,quasi_local_walk,pfp,PFP-l3,steps,3.0,True,0.8026094040833414,0.9173619640290551,0.9198669517318243,0.8703703703703703,0.8703703703703703,0.8703703703703703,0.8876860433718667,864,864,864,1728,1137,4,595,0.3443287037037037,589,0.0014459871160900487,1,0,1,1,False
standard,email_univ,email-univ,communication,4,quasi_local_walk,lrw,LRW-l5,steps,5.0,False,3.78186587523669,0.9402115185883573,0.9370599440586421,0.8680555555555556,0.8680555555555556,0.8680555555555556,0.887943827371108,864,864,864,1728,1700,2,30,0.017361111111111112,28,2.508648005247961e-06,1,0,1,1,False
standard,email_univ,email-univ,communication,4,quasi_local_walk,srw,SRW-l5,steps,5.0,False,3.78186587523669,0.9483697485014222,0.9436828864454732,0.8807870370370371,0.8807870370370371,0.8807870370370371,0.8992980842766861,864,864,864,1728,1700,2,30,0.017361111111111112,28,8.69921582671492e-06,1,0,1,1,False
standard,email_univ,email-univ,communication,4,quasi_local_walk,pfp,PFP-l5,steps,5.0,False,3.78186587523669,0.9196615768440068,0.9217577857081618,0.8611111111111112,0.8611111111111112,0.8611111111111112,0.8794294646402498,864,864,864,1728,1700,2,30,0.017361111111111112,28,0.002489747621016422,1,1,0,1,False
standard,email_univ,email-univ,communication,4,quasi_local_walk,lrw,LRW-l7,steps,7.0,False,4.29008402582258,0.9308859358099915,0.9298790616426612,0.8541666666666666,0.8541666666666666,0.8541666666666666,0.8754372939276296,864,864,864,1728,1727,1,2,0.0011574074074074073,2,2.4898873243249894e-06,1,0,1,1,False
standard,email_univ,email-univ,communication,4,quasi_local_walk,srw,SRW-l7,steps,7.0,False,4.29008402582258,0.9480044077509232,0.9439568329903978,0.875,0.875,0.875,0.8944998466253609,864,864,864,1728,1727,1,2,0.0011574074074074073,2,1.4845817780777447e-05,1,0,1,1,False
standard,email_univ,email-univ,communication,4,quasi_local_walk,pfp,PFP-l7,steps,7.0,False,4.29008402582258,0.9190152110061608,0.9208287787208506,0.8587962962962963,0.8587962962962963,0.8587962962962963,0.8775171070598317,864,864,864,1728,1727,1,2,0.0011574074074074073,2,0.002517651339575141,1,0,1,1,False
standard,email_univ,email-univ,communication,5,quasi_local_path,lpi,LPI-beta-0.1,beta,0.1,False,0.07600042596459389,0.9273570328537404,0.9288114838292143,0.8667439165701043,0.8667439165701043,0.8667439165701042,0.8866792809443541,863,863,863,1726,180,127,1673,0.9692931633835458,603,0.30000000000000004,41,16,25,4,True
standard,email_univ,email-univ,communication,5,quasi_local_path,lpi,LPI-beta-0.01,beta,0.01,False,0.07798663480207324,0.9271935889203988,0.9285275031586977,0.8667439165701043,0.8667439165701043,0.8667439165701042,0.8866215421823317,863,863,863,1726,290,145,1581,0.9159907300115875,603,0.03,41,16,25,4,True
standard,email_univ,email-univ,communication,5,quasi_local_path,lpi,LPI-beta-0.001,beta,0.001,True,0.08119818707928061,0.9271935889203988,0.9285275031586977,0.8667439165701043,0.8667439165701043,0.8667439165701042,0.8866215421823317,863,863,863,1726,290,145,1581,0.9159907300115875,603,0.003,41,16,25,4,True
standard,email_univ,email-univ,communication,5,quasi_local_path,ora_cni,ORA-CNI-beta-0.1,beta,0.1,False,0.06643233587965369,0.9285089954528771,0.9267699112073676,0.8563151796060255,0.8563151796060255,0.8563151796060255,0.8780525186698818,863,863,863,1726,1092,27,661,0.38296639629200463,603,0.11156314353076367,1,1,0,1,False
standard,email_univ,email-univ,communication,5,quasi_local_path,ora_cni,ORA-CNI-beta-0.01,beta,0.01,False,0.08282515499740839,0.9284226987637694,0.9267162032791376,0.8563151796060255,0.8563151796060255,0.8563151796060255,0.8780391812397832,863,863,863,1726,1092,27,661,0.38296639629200463,603,0.1111111111111111,2,2,0,2,False
standard,email_univ,email-univ,communication,5,quasi_local_path,ora_cni,ORA-CNI-beta-0.001,beta,0.001,True,0.0970842638053,0.9284136136385319,0.9267094897881087,0.8563151796060255,0.8563151796060255,0.8563151796060255,0.8780379138569624,863,863,863,1726,1092,27,661,0.38296639629200463,603,0.1111111111111111,2,2,0,2,False
standard,email_univ,email-univ,communication,5,enhanced_local,lit,LIT-i2,iterations,2.0,True,0.12163861701264977,0.8445401519141347,0.8445947669680128,0.7786790266512167,0.7786790266512167,0.7786790266512167,0.8134610632631704,863,863,863,1726,667,7,1066,0.6176129779837776,1054,0.0,1054,239,815,191,True
standard,email_univ,email-univ,communication,5,enhanced_local,lit,LIT-i4,iterations,4.0,False,0.23108605993911624,0.8441714395460188,0.844171145684098,0.7786790266512167,0.7786790266512167,0.7786790266512167,0.813462424185364,863,863,863,1726,672,2,1056,0.6118192352259559,1054,0.0,1054,239,815,191,True
standard,email_univ,email-univ,communication,5,enhanced_local,lit,LIT-i6,iterations,6.0,False,0.24010342406108975,0.8436897263709633,0.843910662232182,0.7786790266512167,0.7786790266512167,0.7786790266512167,0.8133840926446897,863,863,863,1726,672,2,1056,0.6118192352259559,1054,0.0,1054,239,815,191,True
standard,email_univ,email-univ,communication,5,quasi_local_walk,lrw,LRW-l3,steps,3.0,True,0.7721111606806517,0.9270045058767816,0.923264126192148,0.8597914252607184,0.8597914252607184,0.8597914252607184,0.8811099339075663,863,863,863,1726,1075,30,681,0.3945538818076477,619,1.8870986612922097e-06,1,0,1,1,False
standard,email_univ,email-univ,communication,5,quasi_local_walk,srw,SRW-l3,steps,3.0,True,0.7721111606806517,0.936345639485023,0.9323494936013718,0.86558516801854,0.86558516801854,0.8655851680185399,0.8865858958114942,863,863,863,1726,1093,28,661,0.38296639629200463,603,2.757150259751717e-06,1,1,0,1,False
standard,email_univ,email-univ,communication,5,quasi_local_walk,pfp,PFP-l3,steps,3.0,True,0.7721111606806517,0.9180439924579151,0.9249606253751165,0.8609501738122828,0.8609501738122828,0.8609501738122827,0.8726039741150898,863,863,863,1726,1121,4,609,0.35283893395133253,603,0.0014928774928774928,1,0,1,1,False
standard,email_univ,email-univ,communication,5,quasi_local_walk,lrw,LRW-l5,steps,5.0,False,3.905828285962343,0.9356055739218418,0.9337700683030578,0.86558516801854,0.86558516801854,0.8655851680185399,0.8854486945448232,863,863,863,1726,1689,2,39,0.022595596755504054,37,2.448272906404975e-06,1,0,1,1,False
standard,email_univ,email-univ,communication,5,quasi_local_walk,srw,SRW-l5,steps,5.0,False,3.905828285962343,0.945765163555031,0.9422022130351827,0.8725376593279258,0.8725376593279258,0.8725376593279258,0.8923529209000601,863,863,863,1726,1689,2,39,0.022595596755504054,37,7.985823859582728e-06,1,0,1,1,False
standard,email_univ,email-univ,communication,5,quasi_local_walk,pfp,PFP-l5,steps,5.0,False,3.905828285962343,0.917091913322882,0.920748581103671,0.8447276940903824,0.8447276940903824,0.8447276940903824,0.8590683250453766,863,863,863,1726,1688,3,41,0.023754345307068367,37,0.0026114096292852054,1,0,1,1,False
standard,email_univ,email-univ,communication,5,quasi_local_walk,lrw,LRW-l7,steps,7.0,False,5.056728184223175,0.9256423502899866,0.9256883678026341,0.8539976825028969,0.8539976825028969,0.8539976825028969,0.8747182216548931,863,863,863,1726,1725,1,2,0.0011587485515643105,2,2.4829704197663693e-06,1,0,1,1,False
standard,email_univ,email-univ,communication,5,quasi_local_walk,srw,SRW-l7,steps,7.0,False,5.056728184223175,0.9447224319175699,0.9412878355570654,0.8690614136732329,0.8690614136732329,0.8690614136732329,0.8893945932468341,863,863,863,1726,1725,1,2,0.0011587485515643105,2,1.4131647653389447e-05,1,1,0,1,False
standard,email_univ,email-univ,communication,5,quasi_local_walk,pfp,PFP-l7,steps,7.0,False,5.056728184223175,0.9160724434315936,0.9189238542420536,0.8447276940903824,0.8447276940903824,0.8447276940903824,0.8590230559535733,863,863,863,1726,1724,2,4,0.002317497103128621,2,0.0026246275245121508,1,0,1,1,False
standard,power_grid,power-grid,infrastructure,1,quasi_local_path,lpi,LPI-beta-0.1,beta,0.1,False,0.018151122145354748,0.7732210288465909,0.7750385629923057,0.6858006042296072,0.6858006042296072,0.6858006042296072,0.7438217378210025,331,331,331,662,29,16,649,0.9803625377643505,476,0.0,476,147,329,145,True
standard,power_grid,power-grid,infrastructure,1,quasi_local_path,lpi,LPI-beta-0.01,beta,0.01,False,0.017543123103678226,0.7732210288465909,0.7750385629923057,0.6858006042296072,0.6858006042296072,0.6858006042296072,0.7438217378210025,331,331,331,662,29,16,649,0.9803625377643505,476,0.0,476,147,329,145,True
standard,power_grid,power-grid,infrastructure,1,quasi_local_path,lpi,LPI-beta-0.001,beta,0.001,True,0.021472273860126734,0.7732210288465909,0.7750385629923057,0.6858006042296072,0.6858006042296072,0.6858006042296072,0.7438217378210025,331,331,331,662,29,16,649,0.9803625377643505,476,0.0,476,147,329,145,True
standard,power_grid,power-grid,infrastructure,1,quasi_local_path,ora_cni,ORA-CNI-beta-0.1,beta,0.1,False,0.018998413812369108,0.7743548789070527,0.7753580197332993,0.6858006042296072,0.6858006042296072,0.6858006042296072,0.7441774861187579,331,331,331,662,107,24,579,0.8746223564954683,476,0.0,476,147,329,145,True
standard,power_grid,power-grid,infrastructure,1,quasi_local_path,ora_cni,ORA-CNI-beta-0.01,beta,0.01,False,0.017130766063928604,0.7745953045528752,0.7754036564105841,0.6858006042296072,0.6858006042296072,0.6858006042296072,0.7442425403850316,331,331,331,662,107,24,579,0.8746223564954683,476,0.0,476,147,329,145,True
standard,power_grid,power-grid,infrastructure,1,quasi_local_path,ora_cni,ORA-CNI-beta-0.001,beta,0.001,True,0.02268852712586522,0.7745953045528752,0.7754036564105841,0.6858006042296072,0.6858006042296072,0.6858006042296072,0.7442425403850316,331,331,331,662,107,24,579,0.8746223564954683,476,0.0,476,147,329,145,True
standard,power_grid,power-grid,infrastructure,1,enhanced_local,lit,LIT-i2,iterations,2.0,True,0.059032364282757044,0.5792215890206266,0.5800330409543543,0.5649546827794562,0.5649546827794562,0.5649546827794562,0.6146269113271068,331,331,331,662,53,2,611,0.9229607250755287,607,0.0,607,277,330,276,True
standard,power_grid,power-grid,infrastructure,1,enhanced_local,lit,LIT-i4,iterations,4.0,False,0.110788662917912,0.5792215890206266,0.5800330409543543,0.5649546827794562,0.5649546827794562,0.5649546827794562,0.6146269113271068,331,331,331,662,54,2,610,0.9214501510574018,607,0.0,607,277,330,276,True
standard,power_grid,power-grid,infrastructure,1,enhanced_local,lit,LIT-i6,iterations,6.0,False,0.1674993489868939,0.579449681393734,0.5800512956252681,0.5649546827794562,0.5649546827794562,0.5649546827794562,0.6147194845765179,331,331,331,662,53,2,611,0.9229607250755287,607,0.0,607,277,330,276,True
standard,power_grid,power-grid,infrastructure,1,quasi_local_walk,lrw,LRW-l3,steps,3.0,True,0.043988732155412436,0.6895079642847228,0.6906015826799682,0.6102719033232629,0.6102719033232629,0.6102719033232629,0.6738155295655583,331,331,331,662,74,20,608,0.918429003021148,532,0.0,532,203,329,201,True
standard,power_grid,power-grid,infrastructure,1,quasi_local_walk,srw,SRW-l3,steps,3.0,True,0.043988732155412436,0.7739288683812824,0.7753215103914715,0.6858006042296072,0.6858006042296072,0.6858006042296072,0.7440355374669496,331,331,331,662,102,26,586,0.8851963746223565,476,0.0,476,147,329,145,True
standard,power_grid,power-grid,infrastructure,1,quasi_local_walk,pfp,PFP-l3,steps,3.0,True,0.043988732155412436,0.7750030393337067,0.775335201394657,0.6858006042296072,0.6858006042296072,0.6858006042296072,0.7443877715754076,331,331,331,662,115,26,573,0.8655589123867069,476,0.0,476,147,329,145,True
standard,power_grid,power-grid,infrastructure,1,quasi_local_walk,lrw,LRW-l5,steps,5.0,False,0.15313662961125374,0.796776855634403,0.7963737096229498,0.7009063444108762,0.7009063444108762,0.7009063444108762,0.7574775945371983,331,331,331,662,206,6,462,0.6978851963746223,451,0.0,451,129,322,120,True
standard,power_grid,power-grid,infrastructure,1,quasi_local_walk,srw,SRW-l5,steps,5.0,False,0.15313662961125374,0.861657166029755,0.8616752311497705,0.7915407854984894,0.7915407854984894,0.7915407854984893,0.8331122132109523,331,331,331,662,242,10,430,0.649546827794562,409,0.0,409,87,322,78,True
standard,power_grid,power-grid,infrastructure,1,quasi_local_walk,pfp,PFP-l5,steps,5.0,False,0.15313662961125374,0.8619732189667093,0.8614059747537901,0.7915407854984894,0.7915407854984894,0.7915407854984893,0.8332834468258589,331,331,331,662,213,26,475,0.7175226586102719,409,0.0,409,87,322,78,True
standard,power_grid,power-grid,infrastructure,1,quasi_local_walk,lrw,LRW-l7,steps,7.0,False,0.382357872556895,0.8748520313876034,0.8758499831144295,0.8187311178247734,0.8187311178247734,0.8187311178247734,0.8537749738175897,331,331,331,662,274,5,393,0.5936555891238671,385,0.0,385,72,313,54,True
standard,power_grid,power-grid,infrastructure,1,quasi_local_walk,srw,SRW-l7,steps,7.0,False,0.382357872556895,0.9200267050814301,0.920747346227216,0.8731117824773413,0.8731117824773413,0.8731117824773413,0.8986076293479648,331,331,331,662,303,3,362,0.5468277945619335,358,0.0,358,45,313,27,True
standard,power_grid,power-grid,infrastructure,1,quasi_local_walk,pfp,PFP-l7,steps,7.0,False,0.382357872556895,0.9212327155501243,0.9211398216518654,0.8731117824773413,0.8731117824773413,0.8731117824773413,0.8989208163398507,331,331,331,662,268,25,419,0.6329305135951662,358,0.0,358,45,313,27,True
standard,power_grid,power-grid,infrastructure,2,quasi_local_path,lpi,LPI-beta-0.1,beta,0.1,False,0.023533659987151623,0.7804060128509942,0.7818156095690986,0.6948640483383686,0.6948640483383686,0.6948640483383686,0.7515048174106814,331,331,331,662,28,17,651,0.9833836858006042,470,0.0,470,142,328,139,True
standard,power_grid,power-grid,infrastructure,2,quasi_local_path,lpi,LPI-beta-0.01,beta,0.01,False,0.023376790340989828,0.7804060128509942,0.7818156095690986,0.6948640483383686,0.6948640483383686,0.6948640483383686,0.7515048174106814,331,331,331,662,28,17,651,0.9833836858006042,470,0.0,470,142,328,139,True
standard,power_grid,power-grid,infrastructure,2,quasi_local_path,lpi,LPI-beta-0.001,beta,0.001,True,0.018834840040653944,0.7804060128509942,0.7818156095690986,0.6948640483383686,0.6948640483383686,0.6948640483383686,0.7515048174106814,331,331,331,662,28,17,651,0.9833836858006042,470,0.0,470,142,328,139,True
standard,power_grid,power-grid,infrastructure,2,quasi_local_path,ora_cni,ORA-CNI-beta-0.1,beta,0.1,False,0.020764880813658237,0.7787873938471094,0.7812770967771379,0.6948640483383686,0.6948640483383686,0.6948640483383686,0.7508751595386035,331,331,331,662,113,23,572,0.8640483383685801,470,0.0,470,142,328,139,True
standard,power_grid,power-grid,infrastructure,2,quasi_local_path,ora_cni,ORA-CNI-beta-0.01,beta,0.01,False,0.017697499133646488,0.7787873468040877,0.7812770967771379,0.6948640483383686,0.6948640483383686,0.6948640483383686,0.7508751595386035,331,331,331,662,113,23,572,0.8640483383685801,470,0.0,470,142,328,139,True
standard,power_grid,power-grid,infrastructure,2,quasi_local_path,ora_cni,ORA-CNI-beta-0.001,beta,0.001,True,0.017549720592796803,0.7787873468040877,0.7812770967771379,0.6948640483383686,0.6948640483383686,0.6948640483383686,0.7508751595386035,331,331,331,662,113,23,572,0.8640483383685801,470,0.0,470,142,328,139,True
standard,power_grid,power-grid,infrastructure,2,enhanced_local,lit,LIT-i2,iterations,2.0,True,0.05802830308675766,0.5916364470337323,0.5921450151057402,0.5498489425981873,0.5498489425981873,0.5498489425981873,0.6045752807121609,331,331,331,662,60,5,607,0.9169184290030211,599,0.0,599,269,330,268,True
standard,power_grid,power-grid,infrastructure,2,enhanced_local,lit,LIT-i4,iterations,4.0,False,0.11985822906717658,0.5919846958269783,0.5921815244475681,0.5498489425981873,0.5498489425981873,0.5498489425981873,0.604698174351633,331,331,331,662,61,4,605,0.9138972809667674,599,0.0,599,269,330,268,True
standard,power_grid,power-grid,infrastructure,2,enhanced_local,lit,LIT-i6,iterations,6.0,False,0.28229990880936384,0.5919846958269783,0.5921815244475681,0.5498489425981873,0.5498489425981873,0.5498489425981873,0.604698174351633,331,331,331,662,61,4,605,0.9138972809667674,599,0.0,599,269,330,268,True
standard,power_grid,power-grid,infrastructure,2,quasi_local_walk,lrw,LRW-l3,steps,3.0,True,0.07658176915720105,0.6949876256918157,0.6954345068044285,0.6163141993957704,0.6163141993957704,0.6163141993957704,0.6791404066437373,331,331,331,662,82,21,601,0.9078549848942599,527,0.0,527,199,328,196,True
standard,power_grid,power-grid,infrastructure,2,quasi_local_walk,srw,SRW-l3,steps,3.0,True,0.07658176915720105,0.7834679978406504,0.7825549237411122,0.6948640483383686,0.6948640483383686,0.6948640483383686,0.751998261834851,331,331,331,662,109,30,583,0.8806646525679759,470,0.0,470,142,328,139,True
standard,power_grid,power-grid,infrastructure,2,quasi_local_walk,pfp,PFP-l3,steps,3.0,True,0.07658176915720105,0.7807859656729408,0.7817927912304561,0.6948640483383686,0.6948640483383686,0.6948640483383686,0.7514040806928787,331,331,331,662,119,30,573,0.8655589123867069,470,0.0,470,142,328,139,True
standard,power_grid,power-grid,infrastructure,2,quasi_local_walk,lrw,LRW-l5,steps,5.0,False,0.2049805843271315,0.8183636998323838,0.8200226357919332,0.7341389728096677,0.7341389728096677,0.7341389728096677,0.7854245158733556,331,331,331,662,202,16,476,0.7190332326283988,441,0.0,441,115,326,110,True
standard,power_grid,power-grid,infrastructure,2,quasi_local_walk,srw,SRW-l5,steps,5.0,False,0.2049805843271315,0.8862206125709,0.886474201586331,0.8126888217522659,0.8126888217522659,0.8126888217522659,0.8512674660110741,331,331,331,662,249,12,425,0.6419939577039275,398,0.0,398,72,326,67,True
standard,power_grid,power-grid,infrastructure,2,quasi_local_walk,pfp,PFP-l5,steps,5.0,False,0.2049805843271315,0.8846284986782474,0.8861273628389664,0.8126888217522659,0.8126888217522659,0.8126888217522659,0.8509167223267555,331,331,331,662,224,27,465,0.702416918429003,398,0.0,398,72,326,67,True
standard,power_grid,power-grid,infrastructure,2,quasi_local_walk,lrw,LRW-l7,steps,7.0,False,0.485625424887985,0.9103941098925268,0.9121767782331304,0.8489425981873112,0.8489425981873112,0.8489425981873112,0.8796845195704066,331,331,331,662,285,7,384,0.5800604229607251,372,0.0,372,52,320,41,True
standard,power_grid,power-grid,infrastructure,2,quasi_local_walk,srw,SRW-l7,steps,7.0,False,0.485625424887985,0.9429170013294679,0.9433192468122781,0.9033232628398792,0.9033232628398792,0.9033232628398792,0.9234842838501965,331,331,331,662,306,5,361,0.5453172205438066,353,0.0,353,33,320,22,True
standard,power_grid,power-grid,infrastructure,2,quasi_local_walk,pfp,PFP-l7,steps,7.0,False,0.485625424887985,0.9411693707365438,0.9429267713876288,0.9033232628398792,0.9033232628398792,0.9033232628398792,0.9231015125669542,331,331,331,662,272,24,414,0.6253776435045317,353,0.0,353,33,320,22,True
standard,power_grid,power-grid,infrastructure,3,quasi_local_path,lpi,LPI-beta-0.1,beta,0.1,False,0.028631993103772402,0.768882175226586,0.7688821752265861,0.6888217522658611,0.6888217522658611,0.6888217522658611,0.7475620561700321,331,331,331,662,29,16,649,0.9803625377643505,484,0.0,484,153,331,153,True
standard,power_grid,power-grid,infrastructure,3,quasi_local_path,lpi,LPI-beta-0.01,beta,0.01,False,0.02873165812343359,0.768882175226586,0.7688821752265861,0.6888217522658611,0.6888217522658611,0.6888217522658611,0.7475620561700321,331,331,331,662,29,16,649,0.9803625377643505,484,0.0,484,153,331,153,True
standard,power_grid,power-grid,infrastructure,3,quasi_local_path,lpi,LPI-beta-0.001,beta,0.001,True,0.028461927082389593,0.768882175226586,0.7688821752265861,0.6888217522658611,0.6888217522658611,0.6888217522658611,0.7475620561700321,331,331,331,662,29,16,649,0.9803625377643505,484,0.0,484,153,331,153,True
standard,power_grid,power-grid,infrastructure,3,quasi_local_path,ora_cni,ORA-CNI-beta-0.1,beta,0.1,False,0.028522610664367676,0.7688821752265859,0.7688821752265861,0.6888217522658611,0.6888217522658611,0.6888217522658611,0.7475620561700321,331,331,331,662,109,22,575,0.8685800604229608,484,0.0,484,153,331,153,True
standard,power_grid,power-grid,infrastructure,3,quasi_local_path,ora_cni,ORA-CNI-beta-0.01,beta,0.01,False,0.028539321385324,0.7688821752265859,0.7688821752265861,0.6888217522658611,0.6888217522658611,0.6888217522658611,0.7475620561700321,331,331,331,662,109,22,575,0.8685800604229608,484,0.0,484,153,331,153,True
standard,power_grid,power-grid,infrastructure,3,quasi_local_path,ora_cni,ORA-CNI-beta-0.001,beta,0.001,True,0.02855537971481681,0.7688821752265859,0.7688821752265861,0.6888217522658611,0.6888217522658611,0.6888217522658611,0.7475620561700321,331,331,331,662,109,22,575,0.8685800604229608,484,0.0,484,153,331,153,True
standard,power_grid,power-grid,infrastructure,3,enhanced_local,lit,LIT-i2,iterations,2.0,True,0.10397874796763062,0.5966767371601208,0.5966767371601208,0.552870090634441,0.552870090634441,0.552870090634441,0.6130008571456969,331,331,331,662,64,2,600,0.9063444108761329,598,0.0,598,267,331,267,True
standard,power_grid,power-grid,infrastructure,3,enhanced_local,lit,LIT-i4,iterations,4.0,False,0.1941488143056631,0.5966767371601207,0.5966767371601208,0.552870090634441,0.552870090634441,0.552870090634441,0.6130008571456969,331,331,331,662,64,2,600,0.9063444108761329,598,0.0,598,267,331,267,True
standard,power_grid,power-grid,infrastructure,3,enhanced_local,lit,LIT-i6,iterations,6.0,False,0.28514872677624226,0.5966767371601208,0.5966767371601208,0.552870090634441,0.552870090634441,0.552870090634441,0.6130008571456969,331,331,331,662,64,2,600,0.9063444108761329,598,0.0,598,267,331,267,True
standard,power_grid,power-grid,infrastructure,3,quasi_local_walk,lrw,LRW-l3,steps,3.0,True,0.07704586675390601,0.6873111782477341,0.6873111782477341,0.6314199395770392,0.6314199395770392,0.6314199395770392,0.6929330646524874,331,331,331,662,80,13,595,0.8987915407854985,538,0.0,538,207,331,207,True
standard,power_grid,power-grid,infrastructure,3,quasi_local_walk,srw,SRW-l3,steps,3.0,True,0.07704586675390601,0.768882175226586,0.7688821752265861,0.6888217522658611,0.6888217522658611,0.6888217522658611,0.7475620561700321,331,331,331,662,106,23,579,0.8746223564954683,484,0.0,484,153,331,153,True
standard,power_grid,power-grid,infrastructure,3,quasi_local_walk,pfp,PFP-l3,steps,3.0,True,0.07704586675390601,0.7688821752265859,0.7688821752265861,0.6888217522658611,0.6888217522658611,0.6888217522658611,0.7475620561700321,331,331,331,662,111,27,578,0.8731117824773413,484,0.0,484,153,331,153,True
standard,power_grid,power-grid,infrastructure,3,quasi_local_walk,lrw,LRW-l5,steps,5.0,False,0.20242648292332888,0.8171546124432092,0.8162302279095662,0.743202416918429,0.743202416918429,0.743202416918429,0.7936116261740243,331,331,331,662,200,12,474,0.716012084592145,448,0.0,448,120,328,117,True
standard,power_grid,power-grid,infrastructure,3,quasi_local_walk,srw,SRW-l5,steps,5.0,False,0.20242648292332888,0.8799015480942164,0.87867032977063,0.8187311178247734,0.8187311178247734,0.8187311178247734,0.8563443016601969,331,331,331,662,237,11,436,0.6586102719033232,406,0.0,406,79,327,75,True
standard,power_grid,power-grid,infrastructure,3,quasi_local_walk,pfp,PFP-l5,steps,5.0,False,0.20242648292332888,0.8789061159347484,0.8780542346272852,0.8187311178247734,0.8187311178247734,0.8187311178247734,0.8561865245674222,331,331,331,662,221,21,462,0.6978851963746223,406,0.0,406,79,327,75,True
standard,power_grid,power-grid,infrastructure,3,quasi_local_walk,lrw,LRW-l7,steps,7.0,False,0.48936935095116496,0.9035263907319937,0.9032456804884951,0.8398791540785498,0.8398791540785498,0.8398791540785498,0.8734016382144165,331,331,331,662,275,3,390,0.5891238670694864,386,0.0,386,61,325,55,True
standard,power_grid,power-grid,infrastructure,3,quasi_local_walk,srw,SRW-l7,steps,7.0,False,0.48936935095116496,0.9367551779764736,0.9359991237757961,0.8942598187311178,0.8942598187311178,0.8942598187311177,0.9169098694525056,331,331,331,662,298,2,366,0.552870090634441,364,0.0,364,40,324,33,True
standard,power_grid,power-grid,infrastructure,3,quasi_local_walk,pfp,PFP-l7,steps,7.0,False,0.48936935095116496,0.9358715632931225,0.9355016839933918,0.8942598187311178,0.8942598187311178,0.8942598187311177,0.9167665970914549,331,331,331,662,274,16,404,0.6102719033232629,364,0.0,364,40,324,33,True
standard,power_grid,power-grid,infrastructure,4,quasi_local_path,lpi,LPI-beta-0.1,beta,0.1,False,0.01788343023508787,0.7740590539900823,0.7752576190432727,0.6858006042296072,0.6858006042296072,0.6858006042296072,0.7449317576398047,331,331,331,662,30,18,650,0.9818731117824774,476,0.0,476,147,329,145,True
standard,power_grid,power-grid,infrastructure,4,quasi_local_path,lpi,LPI-beta-0.01,beta,0.01,False,0.017902547027915716,0.7740590539900823,0.7752576190432727,0.6858006042296072,0.6858006042296072,0.6858006042296072,0.7449317576398047,331,331,331,662,30,18,650,0.9818731117824774,476,0.0,476,147,329,145,True
standard,power_grid,power-grid,infrastructure,4,quasi_local_path,lpi,LPI-beta-0.001,beta,0.001,True,0.018096433952450752,0.7740590539900823,0.7752576190432727,0.6858006042296072,0.6858006042296072,0.6858006042296072,0.7449317576398047,331,331,331,662,30,18,650,0.9818731117824774,476,0.0,476,147,329,145,True
standard,power_grid,power-grid,infrastructure,4,quasi_local_path,ora_cni,ORA-CNI-beta-0.1,beta,0.1,False,0.017991221975535154,0.7729188188975558,0.7750978906727759,0.6858006042296072,0.6858006042296072,0.6858006042296072,0.7445374974736055,331,331,331,662,113,22,571,0.8625377643504532,476,0.0,476,147,329,145,True
standard,power_grid,power-grid,infrastructure,4,quasi_local_path,ora_cni,ORA-CNI-beta-0.01,beta,0.01,False,0.017593362368643284,0.7729983477499777,0.7751070180082329,0.6858006042296072,0.6858006042296072,0.6858006042296072,0.7445639314848804,331,331,331,662,113,22,571,0.8625377643504532,476,0.0,476,147,329,145,True
standard,power_grid,power-grid,infrastructure,4,quasi_local_path,ora_cni,ORA-CNI-beta-0.001,beta,0.001,True,0.018469172064214945,0.7729983477499777,0.7751070180082329,0.6858006042296072,0.6858006042296072,0.6858006042296072,0.7445639314848804,331,331,331,662,113,22,571,0.8625377643504532,476,0.0,476,147,329,145,True
standard,power_grid,power-grid,infrastructure,4,enhanced_local,lit,LIT-i2,iterations,2.0,True,0.06039170501753688,0.59214501510574,0.5921450151057401,0.552870090634441,0.552870090634441,0.552870090634441,0.6103287995879532,331,331,331,662,60,2,604,0.9123867069486404,601,0.0,601,270,331,270,True
standard,power_grid,power-grid,infrastructure,4,enhanced_local,lit,LIT-i4,iterations,4.0,False,0.1109462552703917,0.59214501510574,0.5921450151057401,0.552870090634441,0.552870090634441,0.552870090634441,0.6103287995879532,331,331,331,662,60,2,604,0.9123867069486404,601,0.0,601,270,331,270,True
standard,power_grid,power-grid,infrastructure,4,enhanced_local,lit,LIT-i6,iterations,6.0,False,0.16405040211975574,0.59214501510574,0.5921450151057401,0.552870090634441,0.552870090634441,0.552870090634441,0.6103287995879532,331,331,331,662,60,2,604,0.9123867069486404,601,0.0,601,270,331,270,True
standard,power_grid,power-grid,infrastructure,4,quasi_local_walk,lrw,LRW-l3,steps,3.0,True,0.0453783068805933,0.6906134290299852,0.6919250463212275,0.6283987915407855,0.6283987915407855,0.6283987915407855,0.6894309188091085,331,331,331,662,82,22,602,0.9093655589123867,531,0.0,531,202,329,200,True
standard,power_grid,power-grid,infrastructure,4,quasi_local_walk,srw,SRW-l3,steps,3.0,True,0.0453783068805933,0.7729397934150873,0.7751024543405044,0.6858006042296072,0.6858006042296072,0.6858006042296072,0.7445374974736055,331,331,331,662,107,29,584,0.8821752265861027,476,0.0,476,147,329,145,True
standard,power_grid,power-grid,infrastructure,4,quasi_local_walk,pfp,PFP-l3,steps,3.0,True,0.0453783068805933,0.7677680963617733,0.7748879619572658,0.6858006042296072,0.6858006042296072,0.6858006042296072,0.740723025133121,331,331,331,662,114,26,574,0.8670694864048338,476,0.0,476,147,329,145,True
standard,power_grid,power-grid,infrastructure,4,quasi_local_walk,lrw,LRW-l5,steps,5.0,False,0.12066958984360099,0.7983582244817867,0.8012157610828672,0.7250755287009063,0.7250755287009063,0.7250755287009063,0.7770869274518303,331,331,331,662,195,13,480,0.7250755287009063,455,0.0,455,128,327,124,True
standard,power_grid,power-grid,infrastructure,4,quasi_local_walk,srw,SRW-l5,steps,5.0,False,0.12066958984360099,0.8672020520204404,0.8700769434379022,0.7945619335347432,0.7945619335347432,0.7945619335347432,0.8356223160752614,331,331,331,662,239,12,435,0.6570996978851964,410,0.0,410,83,327,79,True
standard,power_grid,power-grid,infrastructure,4,quasi_local_walk,pfp,PFP-l5,steps,5.0,False,0.12066958984360099,0.8629816004830415,0.8699309060705908,0.7945619335347432,0.7945619335347432,0.7945619335347432,0.8332196856306227,331,331,331,662,210,25,477,0.7205438066465257,410,0.0,410,83,327,79,True
standard,power_grid,power-grid,infrastructure,4,quasi_local_walk,lrw,LRW-l7,steps,7.0,False,0.31783111626282334,0.8862590642735169,0.8900931900950155,0.8308157099697885,0.8308157099697885,0.8308157099697885,0.864302539416685,331,331,331,662,268,4,398,0.6012084592145015,389,0.0,389,67,322,58,True
standard,power_grid,power-grid,infrastructure,4,quasi_local_walk,srw,SRW-l7,steps,7.0,False,0.31783111626282334,0.9312270301023511,0.9341280200071194,0.8882175226586103,0.8882175226586103,0.8882175226586103,0.9107809736722556,331,331,331,662,296,6,372,0.5619335347432024,360,0.0,360,39,321,29,True
standard,power_grid,power-grid,infrastructure,4,quasi_local_walk,pfp,PFP-l7,steps,7.0,False,0.31783111626282334,0.926864342753277,0.9339226549593378,0.8882175226586103,0.8882175226586103,0.8882175226586103,0.9083229558250049,331,331,331,662,266,22,418,0.6314199395770392,360,0.0,360,39,321,29,True
standard,power_grid,power-grid,infrastructure,5,quasi_local_path,lpi,LPI-beta-0.1,beta,0.1,False,0.03161874692887068,0.7528932029916664,0.7536179981634528,0.6363636363636364,0.6363636363636364,0.6363636363636364,0.7041482716591762,330,330,330,660,26,15,649,0.9833333333333333,489,0.0,489,161,328,159,True
standard,power_grid,power-grid,infrastructure,5,quasi_local_path,lpi,LPI-beta-0.01,beta,0.01,False,0.03277192683890462,0.7528932029916664,0.7536179981634528,0.6363636363636364,0.6363636363636364,0.6363636363636364,0.7041482716591762,330,330,330,660,27,14,647,0.9803030303030303,489,0.0,489,161,328,159,True
standard,power_grid,power-grid,infrastructure,5,quasi_local_path,lpi,LPI-beta-0.001,beta,0.001,True,0.03420375660061836,0.7528932029916664,0.7536179981634528,0.6363636363636364,0.6363636363636364,0.6363636363636364,0.7041482716591762,330,330,330,660,27,14,647,0.9803030303030303,489,0.0,489,161,328,159,True
standard,power_grid,power-grid,infrastructure,5,quasi_local_path,ora_cni,ORA-CNI-beta-0.1,beta,0.1,False,0.06577650411054492,0.755018638931743,0.7541460055096418,0.6363636363636364,0.6363636363636364,0.6363636363636364,0.7044062669632775,330,330,330,660,100,31,591,0.8954545454545455,489,0.0,489,161,328,159,True
standard,power_grid,power-grid,infrastructure,5,quasi_local_path,ora_cni,ORA-CNI-beta-0.01,beta,0.01,False,0.03007609397172928,0.754982560547541,0.7541276400367309,0.6363636363636364,0.6363636363636364,0.6363636363636364,0.7044001031532887,330,330,330,660,100,31,591,0.8954545454545455,489,0.0,489,161,328,159,True
standard,power_grid,power-grid,infrastructure,5,quasi_local_path,ora_cni,ORA-CNI-beta-0.001,beta,0.001,True,0.030188695061951876,0.754982560547541,0.7541276400367309,0.6363636363636364,0.6363636363636364,0.6363636363636364,0.7044001031532887,330,330,330,660,100,31,591,0.8954545454545455,489,0.0,489,161,328,159,True
standard,power_grid,power-grid,infrastructure,5,enhanced_local,lit,LIT-i2,iterations,2.0,True,0.10641344683244824,0.5954545454545457,0.5954545454545455,0.5515151515151515,0.5515151515151515,0.5515151515151515,0.6106020131546113,330,330,330,660,61,4,603,0.9136363636363637,597,0.0,597,267,330,267,True
standard,power_grid,power-grid,infrastructure,5,enhanced_local,lit,LIT-i4,iterations,4.0,False,0.19507812103256583,0.5954545454545457,0.5954545454545455,0.5515151515151515,0.5515151515151515,0.5515151515151515,0.6106020131546113,330,330,330,660,61,4,603,0.9136363636363637,597,0.0,597,267,330,267,True
standard,power_grid,power-grid,infrastructure,5,enhanced_local,lit,LIT-i6,iterations,6.0,False,0.28475802997127175,0.5954545454545457,0.5954545454545455,0.5515151515151515,0.5515151515151515,0.5515151515151515,0.6106020131546113,330,330,330,660,61,4,603,0.9136363636363637,597,0.0,597,267,330,267,True
standard,power_grid,power-grid,infrastructure,5,quasi_local_walk,lrw,LRW-l3,steps,3.0,True,0.07405787101015449,0.6908611802312591,0.6899540863177227,0.5969696969696969,0.5969696969696969,0.5969696969696969,0.6651525517395476,330,330,330,660,75,24,609,0.9227272727272727,533,0.0,533,204,329,203,True
standard,power_grid,power-grid,infrastructure,5,quasi_local_walk,srw,SRW-l3,steps,3.0,True,0.07405787101015449,0.7544230781293753,0.7539348025711662,0.6363636363636364,0.6363636363636364,0.6363636363636364,0.7042764889881564,330,330,330,660,99,27,588,0.8909090909090909,489,0.0,489,161,328,159,True
standard,power_grid,power-grid,infrastructure,5,quasi_local_walk,pfp,PFP-l3,steps,3.0,True,0.07405787101015449,0.7538402655433286,0.7537924701561065,0.6363636363636364,0.6363636363636364,0.6363636363636364,0.7041607112764601,330,330,330,660,111,26,575,0.8712121212121212,489,0.0,489,161,328,159,True
standard,power_grid,power-grid,infrastructure,5,quasi_local_walk,lrw,LRW-l5,steps,5.0,False,0.20040363306179643,0.8218351962283557,0.8196648301193755,0.7272727272727273,0.7272727272727273,0.7272727272727273,0.7814978652958103,330,330,330,660,206,13,467,0.7075757575757575,440,0.0,440,116,324,110,True
standard,power_grid,power-grid,infrastructure,5,quasi_local_walk,srw,SRW-l5,steps,5.0,False,0.20040363306179643,0.8739082050448448,0.8731588613406794,0.796969696969697,0.796969696969697,0.796969696969697,0.8387456696073559,330,330,330,660,238,16,438,0.6636363636363637,405,0.0,405,81,324,75,True
standard,power_grid,power-grid,infrastructure,5,quasi_local_walk,pfp,PFP-l5,steps,5.0,False,0.20040363306179643,0.8735103001614392,0.8730716253443526,0.796969696969697,0.796969696969697,0.796969696969697,0.8386813798757917,330,330,330,660,209,31,482,0.7303030303030303,405,0.0,405,81,324,75,True
standard,power_grid,power-grid,infrastructure,5,quasi_local_walk,lrw,LRW-l7,steps,7.0,False,0.4814217630773783,0.8987619444151087,0.8975849403122131,0.8333333333333334,0.8333333333333334,0.8333333333333334,0.8678348339476951,330,330,330,660,275,4,389,0.5893939393939394,383,0.0,383,63,320,53,True
standard,power_grid,power-grid,infrastructure,5,quasi_local_walk,srw,SRW-l7,steps,7.0,False,0.4814217630773783,0.9310708612736835,0.9307254361799816,0.8757575757575757,0.8757575757575757,0.8757575757575757,0.9020360259662149,330,330,330,660,294,6,372,0.5636363636363636,362,0.0,362,42,320,32,True
standard,power_grid,power-grid,infrastructure,5,quasi_local_walk,pfp,PFP-l7,steps,7.0,False,0.4814217630773783,0.9300106588647373,0.9302846648301194,0.8757575757575757,0.8757575757575757,0.8757575757575757,0.9018544106908893,330,330,330,660,261,23,422,0.6393939393939394,362,0.0,362,42,320,32,True
standard,power_1138_bus,power-1138-bus,infrastructure,1,quasi_local_path,lpi,LPI-beta-0.1,beta,0.1,False,0.005980234127491713,0.8146853146853146,0.814792899408284,0.7230769230769231,0.7230769230769231,0.723076923076923,0.7954423420197312,65,65,65,130,8,6,128,0.9846153846153847,86,0.0,86,23,63,21,True
standard,power_1138_bus,power-1138-bus,infrastructure,1,quasi_local_path,lpi,LPI-beta-0.01,beta,0.01,False,0.006010727025568485,0.8146853146853146,0.814792899408284,0.7230769230769231,0.7230769230769231,0.723076923076923,0.7954423420197312,65,65,65,130,8,6,128,0.9846153846153847,86,0.0,86,23,63,21,True
standard,power_1138_bus,power-1138-bus,infrastructure,1,quasi_local_path,lpi,LPI-beta-0.001,beta,0.001,True,0.006273676175624132,0.8146853146853146,0.814792899408284,0.7230769230769231,0.7230769230769231,0.723076923076923,0.7954423420197312,65,65,65,130,8,6,128,0.9846153846153847,86,0.0,86,23,63,21,True
standard,power_1138_bus,power-1138-bus,infrastructure,1,quasi_local_path,ora_cni,ORA-CNI-beta-0.1,beta,0.1,False,0.005303272046148777,0.8158393806919082,0.8134911242603551,0.7230769230769231,0.7230769230769231,0.723076923076923,0.7953786478544238,65,65,65,130,35,8,103,0.7923076923076923,86,0.0,86,23,63,21,True
standard,power_1138_bus,power-1138-bus,infrastructure,1,quasi_local_path,ora_cni,ORA-CNI-beta-0.01,beta,0.01,False,0.006217801943421364,0.8158393806919082,0.8134911242603551,0.7230769230769231,0.7230769230769231,0.723076923076923,0.7953786478544238,65,65,65,130,35,8,103,0.7923076923076923,86,0.0,86,23,63,21,True
standard,power_1138_bus,power-1138-bus,infrastructure,1,quasi_local_path,ora_cni,ORA-CNI-beta-0.001,beta,0.001,True,0.005930688232183456,0.8158393806919082,0.8134911242603551,0.7230769230769231,0.7230769230769231,0.723076923076923,0.7953786478544238,65,65,65,130,35,8,103,0.7923076923076923,86,0.0,86,23,63,21,True
standard,power_1138_bus,power-1138-bus,infrastructure,1,enhanced_local,lit,LIT-i2,iterations,2.0,True,0.017099020071327686,0.592307692307692,0.5923076923076923,0.5076923076923077,0.5076923076923077,0.5076923076923077,0.5963896205820816,65,65,65,130,13,1,118,0.9076923076923077,118,0.0,118,53,65,53,True
standard,power_1138_bus,power-1138-bus,infrastructure,1,enhanced_local,lit,LIT-i4,iterations,4.0,False,0.031080208253115416,0.592307692307692,0.5923076923076923,0.5076923076923077,0.5076923076923077,0.5076923076923077,0.5963896205820816,65,65,65,130,13,1,118,0.9076923076923077,118,0.0,118,53,65,53,True
standard,power_1138_bus,power-1138-bus,infrastructure,1,enhanced_local,lit,LIT-i6,iterations,6.0,False,0.045189809054136276,0.592307692307692,0.5923076923076923,0.5076923076923077,0.5076923076923077,0.5076923076923077,0.5963896205820816,65,65,65,130,13,1,118,0.9076923076923077,118,0.0,118,53,65,53,True
standard,power_1138_bus,power-1138-bus,infrastructure,1,quasi_local_walk,lrw,LRW-l3,steps,3.0,True,0.013614431023597717,0.6912799125488578,0.7130177514792899,0.6307692307692307,0.6307692307692307,0.6307692307692307,0.6981254500189176,65,65,65,130,29,5,106,0.8153846153846154,98,0.0,98,35,63,33,True
standard,power_1138_bus,power-1138-bus,infrastructure,1,quasi_local_walk,srw,SRW-l3,steps,3.0,True,0.013614431023597717,0.8110784439465826,0.8113609467455621,0.7230769230769231,0.7230769230769231,0.723076923076923,0.7940353655281661,65,65,65,130,36,8,102,0.7846153846153846,86,0.0,86,23,63,21,True
standard,power_1138_bus,power-1138-bus,infrastructure,1,quasi_local_walk,pfp,PFP-l3,steps,3.0,True,0.013614431023597717,0.791369836882106,0.805680473372781,0.7230769230769231,0.7230769230769231,0.723076923076923,0.7875377553377638,65,65,65,130,39,5,96,0.7384615384615385,86,0.0,86,23,63,21,True
standard,power_1138_bus,power-1138-bus,infrastructure,1,quasi_local_walk,lrw,LRW-l5,steps,5.0,False,0.03213911410421133,0.8163570243289009,0.8407100591715977,0.7846153846153846,0.7846153846153846,0.7846153846153847,0.8276101122733698,65,65,65,130,49,2,83,0.6384615384615384,81,0.0,81,18,63,16,True
standard,power_1138_bus,power-1138-bus,infrastructure,1,quasi_local_walk,srw,SRW-l5,steps,5.0,False,0.03213911410421133,0.8906372502126811,0.8925443786982248,0.8153846153846154,0.8153846153846154,0.8153846153846154,0.8650590235542268,65,65,65,130,56,2,76,0.5846153846153846,74,0.0,74,12,62,9,True
standard,power_1138_bus,power-1138-bus,infrastructure,1,quasi_local_walk,pfp,PFP-l5,steps,5.0,False,0.03213911410421133,0.8700967351622133,0.8859171597633135,0.8153846153846154,0.8153846153846154,0.8153846153846154,0.8580431116538477,65,65,65,130,55,3,78,0.6,74,0.0,74,12,62,9,True
standard,power_1138_bus,power-1138-bus,infrastructure,1,quasi_local_walk,lrw,LRW-l7,steps,7.0,False,0.06622572289779782,0.8687450793417013,0.8804733727810651,0.8307692307692308,0.8307692307692308,0.8307692307692308,0.8649765669015744,65,65,65,130,65,2,67,0.5153846153846153,65,2.67066625645233e-08,1,0,1,1,False
standard,power_1138_bus,power-1138-bus,infrastructure,1,quasi_local_walk,srw,SRW-l7,steps,7.0,False,0.06622572289779782,0.9124148216489834,0.9065088757396449,0.8615384615384616,0.8615384615384616,0.8615384615384615,0.8983403682224007,65,65,65,130,67,2,65,0.5,63,5.426115568665049e-08,1,0,1,1,False
standard,power_1138_bus,power-1138-bus,infrastructure,1,quasi_local_walk,pfp,PFP-l7,steps,7.0,False,0.06622572289779782,0.8897890067639405,0.8984615384615384,0.8615384615384616,0.8615384615384616,0.8615384615384615,0.8908729315887316,65,65,65,130,67,2,65,0.5,63,2.8061224489795918e-05,1,0,1,1,False
standard,power_1138_bus,power-1138-bus,infrastructure,2,quasi_local_path,lpi,LPI-beta-0.1,beta,0.1,False,0.005688603036105633,0.8,0.8001708984375,0.734375,0.734375,0.734375,0.8021458258562992,64,64,64,128,11,5,122,0.953125,88,0.0,88,25,63,24,True
standard,power_1138_bus,power-1138-bus,infrastructure,2,quasi_local_path,lpi,LPI-beta-0.01,beta,0.01,False,0.006354143843054771,0.8,0.8001708984375,0.734375,0.734375,0.734375,0.8021458258562992,64,64,64,128,11,5,122,0.953125,88,0.0,88,25,63,24,True
standard,power_1138_bus,power-1138-bus,infrastructure,2,quasi_local_path,lpi,LPI-beta-0.001,beta,0.001,True,0.006256517022848129,0.8,0.8001708984375,0.734375,0.734375,0.734375,0.8021458258562992,64,64,64,128,11,5,122,0.953125,88,0.0,88,25,63,24,True
standard,power_1138_bus,power-1138-bus,infrastructure,2,quasi_local_path,ora_cni,ORA-CNI-beta-0.1,beta,0.1,False,0.006076283287256956,0.8030627524665354,0.80078125,0.734375,0.734375,0.734375,0.8029202172910503,64,64,64,128,31,7,104,0.8125,88,0.0,88,25,63,24,True
standard,power_1138_bus,power-1138-bus,infrastructure,2,quasi_local_path,ora_cni,ORA-CNI-beta-0.01,beta,0.01,False,0.0054143196903169155,0.8030627524665354,0.80078125,0.734375,0.734375,0.734375,0.8029202172910503,64,64,64,128,31,7,104,0.8125,88,0.0,88,25,63,24,True
standard,power_1138_bus,power-1138-bus,infrastructure,2,quasi_local_path,ora_cni,ORA-CNI-beta-0.001,beta,0.001,True,0.006099672056734562,0.8030627524665354,0.80078125,0.734375,0.734375,0.734375,0.8029202172910503,64,64,64,128,31,7,104,0.8125,88,0.0,88,25,63,24,True
standard,power_1138_bus,power-1138-bus,infrastructure,2,enhanced_local,lit,LIT-i2,iterations,2.0,True,0.01707867905497551,0.5625,0.5625,0.59375,0.59375,0.59375,0.6421341367975958,64,64,64,128,8,2,122,0.953125,120,0.0,120,56,64,56,True
standard,power_1138_bus,power-1138-bus,infrastructure,2,enhanced_local,lit,LIT-i4,iterations,4.0,False,0.02494081761687994,0.5625,0.5625,0.59375,0.59375,0.59375,0.6421341367975958,64,64,64,128,8,2,122,0.953125,120,0.0,120,56,64,56,True
standard,power_1138_bus,power-1138-bus,infrastructure,2,enhanced_local,lit,LIT-i6,iterations,6.0,False,0.035078147891908884,0.5625,0.5625,0.59375,0.59375,0.59375,0.6421341367975958,64,64,64,128,8,2,122,0.953125,120,0.0,120,56,64,56,True
standard,power_1138_bus,power-1138-bus,infrastructure,2,quasi_local_walk,lrw,LRW-l3,steps,3.0,True,0.00973358890041709,0.6664016477499743,0.665283203125,0.609375,0.609375,0.609375,0.6914866442822799,64,64,64,128,19,4,113,0.8828125,105,0.0,105,42,63,41,True
standard,power_1138_bus,power-1138-bus,infrastructure,2,quasi_local_walk,srw,SRW-l3,steps,3.0,True,0.00973358890041709,0.8030738655533064,0.8009033203125,0.734375,0.734375,0.734375,0.8029202172910503,64,64,64,128,28,9,109,0.8515625,88,0.0,88,25,63,24,True
standard,power_1138_bus,power-1138-bus,infrastructure,2,quasi_local_walk,pfp,PFP-l3,steps,3.0,True,0.00973358890041709,0.804296875,0.8013916015625,0.734375,0.734375,0.734375,0.8031856395751551,64,64,64,128,29,6,105,0.8203125,88,0.0,88,25,63,24,True
standard,power_1138_bus,power-1138-bus,infrastructure,2,quasi_local_walk,lrw,LRW-l5,steps,5.0,False,0.022697058971971273,0.8297821795023804,0.836669921875,0.765625,0.765625,0.765625,0.8241499039530362,64,64,64,128,47,2,83,0.6484375,81,0.0,81,19,62,17,True
standard,power_1138_bus,power-1138-bus,infrastructure,2,quasi_local_walk,srw,SRW-l5,steps,5.0,False,0.022697058971971273,0.919357652987121,0.920166015625,0.859375,0.859375,0.859375,0.8986222490001794,64,64,64,128,58,1,71,0.5546875,71,0.0,71,9,62,7,True
standard,power_1138_bus,power-1138-bus,infrastructure,2,quasi_local_walk,pfp,PFP-l5,steps,5.0,False,0.022697058971971273,0.9250588472163286,0.923828125,0.859375,0.859375,0.859375,0.8998195419266799,64,64,64,128,55,3,76,0.59375,71,0.0,71,9,62,7,True
standard,power_1138_bus,power-1138-bus,infrastructure,2,quasi_local_walk,lrw,LRW-l7,steps,7.0,False,0.059805633034557104,0.911100892647623,0.9127197265625,0.875,0.875,0.875,0.9043265952343792,64,64,64,128,71,1,58,0.453125,58,1.4233335610667033e-07,1,0,1,1,False
standard,power_1138_bus,power-1138-bus,infrastructure,2,quasi_local_walk,srw,SRW-l7,steps,7.0,False,0.059805633034557104,0.9366934452364457,0.931640625,0.90625,0.90625,0.90625,0.9308722613867823,64,64,64,128,72,1,57,0.4453125,57,2.33515662362506e-07,1,1,0,1,False
standard,power_1138_bus,power-1138-bus,infrastructure,2,quasi_local_walk,pfp,PFP-l7,steps,7.0,False,0.059805633034557104,0.9418823888945806,0.93310546875,0.875,0.875,0.875,0.9107144966596419,64,64,64,128,70,2,60,0.46875,57,0.00021258503401360543,1,0,1,1,False
standard,power_1138_bus,power-1138-bus,infrastructure,3,quasi_local_path,lpi,LPI-beta-0.1,beta,0.1,False,0.004410942085087299,0.8515625,0.8515625,0.8125,0.8125,0.8125,0.8636864482155262,64,64,64,128,12,7,123,0.9609375,83,0.0,83,19,64,19,True
standard,power_1138_bus,power-1138-bus,infrastructure,3,quasi_local_path,lpi,LPI-beta-0.01,beta,0.01,False,0.004437091760337353,0.8515625,0.8515625,0.8125,0.8125,0.8125,0.8636864482155262,64,64,64,128,12,7,123,0.9609375,83,0.0,83,19,64,19,True
standard,power_1138_bus,power-1138-bus,infrastructure,3,quasi_local_path,lpi,LPI-beta-0.001,beta,0.001,True,0.0043568541295826435,0.8515625,0.8515625,0.8125,0.8125,0.8125,0.8636864482155262,64,64,64,128,12,7,123,0.9609375,83,0.0,83,19,64,19,True
standard,power_1138_bus,power-1138-bus,infrastructure,3,quasi_local_path,ora_cni,ORA-CNI-beta-0.1,beta,0.1,False,0.004615249112248421,0.8515625,0.8515625,0.8125,0.8125,0.8125,0.8636864482155262,64,64,64,128,40,6,94,0.734375,83,0.0,83,19,64,19,True
standard,power_1138_bus,power-1138-bus,infrastructure,3,quasi_local_path,ora_cni,ORA-CNI-beta-0.01,beta,0.01,False,0.004379951860755682,0.8515625,0.8515625,0.8125,0.8125,0.8125,0.8636864482155262,64,64,64,128,40,6,94,0.734375,83,0.0,83,19,64,19,True
standard,power_1138_bus,power-1138-bus,infrastructure,3,quasi_local_path,ora_cni,ORA-CNI-beta-0.001,beta,0.001,True,0.009503420908004045,0.8515625,0.8515625,0.8125,0.8125,0.8125,0.8636864482155262,64,64,64,128,40,6,94,0.734375,83,0.0,83,19,64,19,True
standard,power_1138_bus,power-1138-bus,infrastructure,3,enhanced_local,lit,LIT-i2,iterations,2.0,True,0.01176267908886075,0.640625,0.640625,0.53125,0.53125,0.53125,0.6295672306893773,64,64,64,128,18,2,112,0.875,110,0.0,110,46,64,46,True
standard,power_1138_bus,power-1138-bus,infrastructure,3,enhanced_local,lit,LIT-i4,iterations,4.0,False,0.026195631828159094,0.640625,0.640625,0.53125,0.53125,0.53125,0.6295672306893773,64,64,64,128,18,2,112,0.875,110,0.0,110,46,64,46,True
standard,power_1138_bus,power-1138-bus,infrastructure,3,enhanced_local,lit,LIT-i6,iterations,6.0,False,0.04302146704867482,0.640625,0.640625,0.53125,0.53125,0.53125,0.6295672306893773,64,64,64,128,18,2,112,0.875,110,0.0,110,46,64,46,True
standard,power_1138_bus,power-1138-bus,infrastructure,3,quasi_local_walk,lrw,LRW-l3,steps,3.0,True,0.013669773004949093,0.765625,0.765625,0.703125,0.703125,0.703125,0.7778602564198893,64,64,64,128,30,6,104,0.8125,94,0.0,94,30,64,30,True
standard,power_1138_bus,power-1138-bus,infrastructure,3,quasi_local_walk,srw,SRW-l3,steps,3.0,True,0.013669773004949093,0.8515625,0.8515625,0.8125,0.8125,0.8125,0.8636864482155262,64,64,64,128,38,6,96,0.75,83,0.0,83,19,64,19,True
standard,power_1138_bus,power-1138-bus,infrastructure,3,quasi_local_walk,pfp,PFP-l3,steps,3.0,True,0.013669773004949093,0.8515625,0.8515625,0.8125,0.8125,0.8125,0.8636864482155262,64,64,64,128,39,7,96,0.75,83,0.0,83,19,64,19,True
standard,power_1138_bus,power-1138-bus,infrastructure,3,quasi_local_walk,lrw,LRW-l5,steps,5.0,False,0.032796073239296675,0.8729631697780906,0.8643798828125,0.78125,0.78125,0.78125,0.8413462138981539,64,64,64,128,55,2,75,0.5859375,73,0.0,73,15,58,9,True
standard,power_1138_bus,power-1138-bus,infrastructure,3,quasi_local_walk,srw,SRW-l5,steps,5.0,False,0.032796073239296675,0.9259126893600487,0.920654296875,0.875,0.875,0.875,0.9097490908096966,64,64,64,128,62,3,69,0.5390625,65,0.0,65,8,57,1,True
standard,power_1138_bus,power-1138-bus,infrastructure,3,quasi_local_walk,pfp,PFP-l5,steps,5.0,False,0.032796073239296675,0.9273071790831724,0.92138671875,0.875,0.875,0.875,0.9100270629577164,64,64,64,128,59,5,74,0.578125,65,0.0,65,8,57,1,True
standard,power_1138_bus,power-1138-bus,infrastructure,3,quasi_local_walk,lrw,LRW-l7,steps,7.0,False,0.06944344704970717,0.9313893388207896,0.927490234375,0.859375,0.859375,0.859375,0.8967075203726296,64,64,64,128,70,1,59,0.4609375,59,4.068361762048993e-07,1,1,0,1,False
standard,power_1138_bus,power-1138-bus,infrastructure,3,quasi_local_walk,srw,SRW-l7,steps,7.0,False,0.06944344704970717,0.9665940589209219,0.966064453125,0.890625,0.890625,0.890625,0.9205081895289395,64,64,64,128,74,1,55,0.4296875,55,2.834015268257257e-06,1,1,0,1,False
standard,power_1138_bus,power-1138-bus,infrastructure,3,quasi_local_walk,pfp,PFP-l7,steps,7.0,False,0.06944344704970717,0.9666422429078334,0.9658203125,0.890625,0.890625,0.890625,0.9205219874764267,64,64,64,128,71,3,60,0.46875,55,0.001767113095238095,1,1,0,1,False
standard,power_1138_bus,power-1138-bus,infrastructure,4,quasi_local_path,lpi,LPI-beta-0.1,beta,0.1,False,0.007347899954766035,0.8388888888888889,0.839599609375,0.8125,0.8125,0.8125,0.8632887197999035,64,64,64,128,12,7,123,0.9609375,83,0.0,83,20,63,19,True
standard,power_1138_bus,power-1138-bus,infrastructure,4,quasi_local_path,lpi,LPI-beta-0.01,beta,0.01,False,0.007371887098997831,0.8388888888888889,0.839599609375,0.8125,0.8125,0.8125,0.8632887197999035,64,64,64,128,12,7,123,0.9609375,83,0.0,83,20,63,19,True
standard,power_1138_bus,power-1138-bus,infrastructure,4,quasi_local_path,lpi,LPI-beta-0.001,beta,0.001,True,0.007338364142924547,0.8388888888888889,0.839599609375,0.8125,0.8125,0.8125,0.8632887197999035,64,64,64,128,12,7,123,0.9609375,83,0.0,83,20,63,19,True
standard,power_1138_bus,power-1138-bus,infrastructure,4,quasi_local_path,ora_cni,ORA-CNI-beta-0.1,beta,0.1,False,0.007318302057683468,0.8390091761440548,0.838623046875,0.8125,0.8125,0.8125,0.8632887197999035,64,64,64,128,34,8,102,0.796875,83,0.0,83,20,63,19,True
standard,power_1138_bus,power-1138-bus,infrastructure,4,quasi_local_path,ora_cni,ORA-CNI-beta-0.01,beta,0.01,False,0.00729045644402504,0.8390091761440548,0.838623046875,0.8125,0.8125,0.8125,0.8632887197999035,64,64,64,128,34,8,102,0.796875,83,0.0,83,20,63,19,True
standard,power_1138_bus,power-1138-bus,infrastructure,4,quasi_local_path,ora_cni,ORA-CNI-beta-0.001,beta,0.001,True,0.0073071811348199844,0.8390091761440548,0.838623046875,0.8125,0.8125,0.8125,0.8632887197999035,64,64,64,128,34,8,102,0.796875,83,0.0,83,20,63,19,True
standard,power_1138_bus,power-1138-bus,infrastructure,4,enhanced_local,lit,LIT-i2,iterations,2.0,True,0.02222862420603633,0.59375,0.59375,0.546875,0.546875,0.546875,0.63883492244797,64,64,64,128,13,1,116,0.90625,116,0.0,116,52,64,52,True
standard,power_1138_bus,power-1138-bus,infrastructure,4,enhanced_local,lit,LIT-i4,iterations,4.0,False,0.0410167770460248,0.59375,0.59375,0.546875,0.546875,0.546875,0.63883492244797,64,64,64,128,13,1,116,0.90625,116,0.0,116,52,64,52,True
standard,power_1138_bus,power-1138-bus,infrastructure,4,enhanced_local,lit,LIT-i6,iterations,6.0,False,0.05951180309057236,0.59375,0.59375,0.546875,0.546875,0.546875,0.63883492244797,64,64,64,128,13,1,116,0.90625,116,0.0,116,52,64,52,True
standard,power_1138_bus,power-1138-bus,infrastructure,4,quasi_local_walk,lrw,LRW-l3,steps,3.0,True,0.016664067283272743,0.7111753913386722,0.7315673828125,0.671875,0.671875,0.671875,0.743518113016861,64,64,64,128,23,5,110,0.859375,96,0.0,96,33,63,32,True
standard,power_1138_bus,power-1138-bus,infrastructure,4,quasi_local_walk,srw,SRW-l3,steps,3.0,True,0.016664067283272743,0.8335670270280038,0.836181640625,0.8125,0.8125,0.8125,0.8619554073571046,64,64,64,128,34,8,102,0.796875,83,0.0,83,20,63,19,True
standard,power_1138_bus,power-1138-bus,infrastructure,4,quasi_local_walk,pfp,PFP-l3,steps,3.0,True,0.016664067283272743,0.8423122682388671,0.84033203125,0.8125,0.8125,0.8125,0.8639109112376657,64,64,64,128,38,8,98,0.765625,83,0.0,83,20,63,19,True
standard,power_1138_bus,power-1138-bus,infrastructure,4,quasi_local_walk,lrw,LRW-l5,steps,5.0,False,0.03684880584478378,0.7980097057313764,0.819580078125,0.796875,0.796875,0.796875,0.8354470354349952,64,64,64,128,46,1,83,0.6484375,83,0.0,83,21,62,19,True
standard,power_1138_bus,power-1138-bus,infrastructure,4,quasi_local_walk,srw,SRW-l5,steps,5.0,False,0.03684880584478378,0.9143664451626758,0.9168701171875,0.90625,0.90625,0.90625,0.9301768957140603,64,64,64,128,59,1,70,0.546875,70,0.0,70,9,61,6,True
standard,power_1138_bus,power-1138-bus,infrastructure,4,quasi_local_walk,pfp,PFP-l5,steps,5.0,False,0.03684880584478378,0.9225843846888816,0.920654296875,0.90625,0.90625,0.90625,0.9322657707979218,64,64,64,128,57,3,74,0.578125,70,0.0,70,9,61,6,True
standard,power_1138_bus,power-1138-bus,infrastructure,4,quasi_local_walk,lrw,LRW-l7,steps,7.0,False,0.04907535668462515,0.8800415842986125,0.900390625,0.859375,0.859375,0.859375,0.8852374417591938,64,64,64,128,59,1,70,0.546875,70,0.0,70,10,60,6,True
standard,power_1138_bus,power-1138-bus,infrastructure,4,quasi_local_walk,srw,SRW-l7,steps,7.0,False,0.04907535668462515,0.948621424799121,0.95263671875,0.9375,0.9375,0.9375,0.9520387054031878,64,64,64,128,66,1,63,0.4921875,63,1.0567173407919461e-07,1,0,1,1,False
standard,power_1138_bus,power-1138-bus,infrastructure,4,quasi_local_walk,pfp,PFP-l7,steps,7.0,False,0.04907535668462515,0.956911264971148,0.9560546875,0.921875,0.921875,0.921875,0.9433172782350467,64,64,64,128,65,2,65,0.5078125,63,7.365319865319865e-05,1,0,1,1,False
standard,power_1138_bus,power-1138-bus,infrastructure,5,quasi_local_path,lpi,LPI-beta-0.1,beta,0.1,False,0.006217393092811108,0.7578125,0.7578125,0.6875,0.6875,0.6875,0.7672965026843697,64,64,64,128,9,7,126,0.984375,95,0.0,95,31,64,31,True
standard,power_1138_bus,power-1138-bus,infrastructure,5,quasi_local_path,lpi,LPI-beta-0.01,beta,0.01,False,0.006272064056247473,0.7578125,0.7578125,0.6875,0.6875,0.6875,0.7672965026843697,64,64,64,128,9,7,126,0.984375,95,0.0,95,31,64,31,True
standard,power_1138_bus,power-1138-bus,infrastructure,5,quasi_local_path,lpi,LPI-beta-0.001,beta,0.001,True,0.006295642349869013,0.7578125,0.7578125,0.6875,0.6875,0.6875,0.7672965026843697,64,64,64,128,9,7,126,0.984375,95,0.0,95,31,64,31,True
standard,power_1138_bus,power-1138-bus,infrastructure,5,quasi_local_path,ora_cni,ORA-CNI-beta-0.1,beta,0.1,False,0.00578133761882782,0.7578125,0.7578125,0.6875,0.6875,0.6875,0.7672965026843697,64,64,64,128,29,6,105,0.8203125,95,0.0,95,31,64,31,True
standard,power_1138_bus,power-1138-bus,infrastructure,5,quasi_local_path,ora_cni,ORA-CNI-beta-0.01,beta,0.01,False,0.005762830842286348,0.7578125,0.7578125,0.6875,0.6875,0.6875,0.7672965026843697,64,64,64,128,29,6,105,0.8203125,95,0.0,95,31,64,31,True
standard,power_1138_bus,power-1138-bus,infrastructure,5,quasi_local_path,ora_cni,ORA-CNI-beta-0.001,beta,0.001,True,0.006332689896225929,0.7578125,0.7578125,0.6875,0.6875,0.6875,0.7672965026843697,64,64,64,128,29,6,105,0.8203125,95,0.0,95,31,64,31,True
standard,power_1138_bus,power-1138-bus,infrastructure,5,enhanced_local,lit,LIT-i2,iterations,2.0,True,0.016728857066482306,0.5703125,0.5703125,0.515625,0.515625,0.515625,0.6014897975539243,64,64,64,128,10,1,119,0.9296875,119,0.0,119,55,64,55,True
standard,power_1138_bus,power-1138-bus,infrastructure,5,enhanced_local,lit,LIT-i4,iterations,4.0,False,0.02493781317025423,0.5703125,0.5703125,0.515625,0.515625,0.515625,0.6014897975539243,64,64,64,128,10,1,119,0.9296875,119,0.0,119,55,64,55,True
standard,power_1138_bus,power-1138-bus,infrastructure,5,enhanced_local,lit,LIT-i6,iterations,6.0,False,0.03072381764650345,0.5703125,0.5703125,0.515625,0.515625,0.515625,0.6014897975539243,64,64,64,128,10,1,119,0.9296875,119,0.0,119,55,64,55,True
standard,power_1138_bus,power-1138-bus,infrastructure,5,quasi_local_walk,lrw,LRW-l3,steps,3.0,True,0.009515483863651752,0.671875,0.671875,0.59375,0.59375,0.59375,0.6877162318142387,64,64,64,128,20,3,111,0.8671875,106,0.0,106,42,64,42,True
standard,power_1138_bus,power-1138-bus,infrastructure,5,quasi_local_walk,srw,SRW-l3,steps,3.0,True,0.009515483863651752,0.7578125,0.7578125,0.6875,0.6875,0.6875,0.7672965026843697,64,64,64,128,25,7,110,0.859375,95,0.0,95,31,64,31,True
standard,power_1138_bus,power-1138-bus,infrastructure,5,quasi_local_walk,pfp,PFP-l3,steps,3.0,True,0.009515483863651752,0.7578125,0.7578125,0.6875,0.6875,0.6875,0.7672965026843697,64,64,64,128,29,5,104,0.8125,95,0.0,95,31,64,31,True
standard,power_1138_bus,power-1138-bus,infrastructure,5,quasi_local_walk,lrw,LRW-l5,steps,5.0,False,0.02177702123299241,0.818517679620278,0.811767578125,0.734375,0.734375,0.734375,0.8044823725609609,64,64,64,128,45,3,86,0.671875,82,0.0,82,22,60,18,True
standard,power_1138_bus,power-1138-bus,infrastructure,5,quasi_local_walk,srw,SRW-l5,steps,5.0,False,0.02177702123299241,0.8877886518086118,0.881591796875,0.796875,0.796875,0.796875,0.8545620985233879,64,64,64,128,54,2,76,0.59375,74,0.0,74,14,60,10,True
standard,power_1138_bus,power-1138-bus,infrastructure,5,quasi_local_walk,pfp,PFP-l5,steps,5.0,False,0.02177702123299241,0.8819831883813342,0.87744140625,0.796875,0.796875,0.796875,0.8533982622802598,64,64,64,128,53,3,78,0.609375,74,0.0,74,14,60,10,True
standard,power_1138_bus,power-1138-bus,infrastructure,5,quasi_local_walk,lrw,LRW-l7,steps,7.0,False,0.04852423630654812,0.8852142766714852,0.8785400390625,0.84375,0.84375,0.84375,0.8830959048914029,64,64,64,128,63,2,67,0.5234375,65,0.0,65,11,54,1,True
standard,power_1138_bus,power-1138-bus,infrastructure,5,quasi_local_walk,srw,SRW-l7,steps,7.0,False,0.04852423630654812,0.9389253175555894,0.9329833984375,0.890625,0.890625,0.890625,0.9208837069420897,64,64,64,128,68,2,62,0.484375,60,2.989000478240077e-07,2,1,1,2,False
standard,power_1138_bus,power-1138-bus,infrastructure,5,quasi_local_walk,pfp,PFP-l7,steps,7.0,False,0.04852423630654812,0.9327430760771989,0.9288330078125,0.890625,0.890625,0.890625,0.9196138467894491,64,64,64,128,68,2,62,0.484375,60,0.0001388888888888889,2,1,1,2,False
