benchmark,network_id,network,domain,fold,method_id,average_precision,roc_auc,precision,recall,f1,ndcg,cutoff,positive_count,negative_count,candidate_count,distinct_score_count,tie_group_count,tied_candidate_count,tied_candidate_ratio,largest_tie_group,cutoff_score,cutoff_tie_size,cutoff_tie_positive_count,cutoff_tie_negative_count,cutoff_slots_in_tie,cutoff_tie_crosses_boundary,negative_ratio,is_primary_ratio,family,method
standard,ca_grqc,ca-GrQc,scientific_collaboration,1,aa,0.9655865540122782,0.9654405903526,0.9390178089584458,0.9390178089584458,0.9390178089584458,0.9488959225975874,1853,1853,1853,3706,1202,135,2639,0.7120885051268214,1971,0.0,1971,127,1844,118,True,1,True,local_similarity,AA
standard,ca_grqc,ca-GrQc,scientific_collaboration,1,car_aa,0.8421478683216406,0.8421478683216406,0.7614678899082569,0.7614678899082569,0.7614678899082569,0.7962597987390844,1853,1853,1853,3706,1100,87,2693,0.7266594711279007,2438,0.0,2438,585,1853,585,True,1,True,enhanced_local,CAR-AA
standard,ca_grqc,ca-GrQc,scientific_collaboration,1,car_cn,0.8421478683216406,0.8421478683216406,0.7614678899082569,0.7614678899082569,0.7614678899082569,0.7962597987390844,1853,1853,1853,3706,420,203,3489,0.941446303291959,2438,0.0,2438,585,1853,585,True,1,True,enhanced_local,CAR-CN
standard,ca_grqc,ca-GrQc,scientific_collaboration,1,car_ra,0.8421478683216406,0.8421478683216406,0.7614678899082569,0.7614678899082569,0.7614678899082569,0.7962597987390844,1853,1853,1853,3706,1088,93,2711,0.7315164597949272,2438,0.0,2438,585,1853,585,True,1,True,enhanced_local,CAR-RA
standard,ca_grqc,ca-GrQc,scientific_collaboration,1,cn,0.9647290553055952,0.9650956180508614,0.9390178089584458,0.9390178089584458,0.9390178089584458,0.9488550462320504,1853,1853,1853,3706,38,38,3706,1.0,1971,0.0,1971,127,1844,118,True,1,True,local_similarity,CN
standard,ca_grqc,ca-GrQc,scientific_collaboration,1,fl,0.9825042429310552,0.9823783080717694,0.9681597409606044,0.9681597409606044,0.9681597409606044,0.9732351077916478,1853,1853,1853,3706,881,156,2981,0.8043712898003238,1860,0.0,1860,59,1801,7,True,1,True,quasi_local_path,FL-l3
standard,ca_grqc,ca-GrQc,scientific_collaboration,1,fsw,0.9651300321137384,0.9650864440301736,0.9390178089584458,0.9390178089584458,0.9390178089584458,0.9488458776755792,1853,1853,1853,3706,854,266,3118,0.8413383702104695,1971,0.0,1971,127,1844,118,True,1,True,enhanced_local,FSW
standard,ca_grqc,ca-GrQc,scientific_collaboration,1,hdi,0.9649116342063676,0.96492466090344,0.9390178089584458,0.9390178089584458,0.9390178089584458,0.9488191518981606,1853,1853,1853,3706,358,218,3566,0.9622234214786832,1971,0.0,1971,127,1844,118,True,1,True,local_similarity,HDI
standard,ca_grqc,ca-GrQc,scientific_collaboration,1,hpi,0.9639505733374442,0.9647944771812982,0.9390178089584458,0.9390178089584458,0.9390178089584458,0.948592919650417,1853,1853,1853,3706,214,138,3630,0.9794927145169996,1971,0.0,1971,127,1844,118,True,1,True,local_similarity,HPI
standard,ca_grqc,ca-GrQc,scientific_collaboration,1,ia1,0.9655764853116406,0.96543185319004,0.9390178089584458,0.9390178089584458,0.9390178089584458,0.9488947691699292,1853,1853,1853,3706,1220,119,2605,0.7029141932002159,1971,0.0,1971,127,1844,118,True,1,True,enhanced_local,IA1
standard,ca_grqc,ca-GrQc,scientific_collaboration,1,ia2,0.9655162942807484,0.9653803039309368,0.9390178089584458,0.9390178089584458,0.9390178089584458,0.9488880169966392,1853,1853,1853,3706,1213,115,2608,0.7037236913113869,1971,0.0,1971,127,1844,118,True,1,True,enhanced_local,IA2
standard,ca_grqc,ca-GrQc,scientific_collaboration,1,ja,0.9650548571120456,0.9650238276984944,0.9390178089584458,0.9390178089584458,0.9390178089584458,0.948835241275503,1853,1853,1853,3706,433,220,3493,0.9425256341068536,1971,0.0,1971,127,1844,118,True,1,True,local_similarity,JA
standard,ca_grqc,ca-GrQc,scientific_collaboration,1,lit,0.9286282668677116,0.9284306978459108,0.8801942795466811,0.8801942795466811,0.8801942795466811,0.8990098139716339,1853,1853,1853,3706,1493,48,2261,0.6100917431192661,2106,0.0,2106,262,1844,253,True,1,True,enhanced_local,LIT-i2
standard,ca_grqc,ca-GrQc,scientific_collaboration,1,llhn,0.9629796738708304,0.964055313228734,0.9390178089584458,0.9390178089584458,0.9390178089584458,0.9485348794482176,1853,1853,1853,3706,653,247,3300,0.8904479222881814,1971,0.0,1971,127,1844,118,True,1,True,local_similarity,LLHN
standard,ca_grqc,ca-GrQc,scientific_collaboration,1,lnb_aa,0.9654889840747682,0.9653463746163292,0.9390178089584458,0.9390178089584458,0.9390178089584458,0.948883585252183,1853,1853,1853,3706,1403,125,2428,0.6551538046411225,1971,0.0,1971,127,1844,118,True,1,True,local_bayesian,LNB-AA
standard,ca_grqc,ca-GrQc,scientific_collaboration,1,lnb_cn,0.965089610260867,0.9650143624390548,0.9390178089584458,0.9390178089584458,0.9390178089584458,0.9488366971728291,1853,1853,1853,3706,1394,127,2439,0.6581219643820831,1971,0.0,1971,127,1844,118,True,1,True,local_bayesian,LNB-CN
standard,ca_grqc,ca-GrQc,scientific_collaboration,1,lnb_ra,0.9655408774581608,0.9653938465329046,0.9390178089584458,0.9390178089584458,0.9390178089584458,0.9488895000578907,1853,1853,1853,3706,1403,125,2428,0.6551538046411225,1971,0.0,1971,127,1844,118,True,1,True,local_bayesian,LNB-RA
standard,ca_grqc,ca-GrQc,scientific_collaboration,1,lpi,0.9825042429310552,0.9823783080717694,0.9681597409606044,0.9681597409606044,0.9681597409606044,0.9732351077916478,1853,1853,1853,3706,881,156,2981,0.8043712898003238,1860,0.0,1860,59,1801,7,True,1,True,quasi_local_path,LPI-beta-0.001
standard,ca_grqc,ca-GrQc,scientific_collaboration,1,lrw,0.9511676215190324,0.950026488164494,0.912574203993524,0.912574203993524,0.912574203993524,0.926457063215057,1853,1853,1853,3706,1576,71,2201,0.5939017808958446,1977,0.0,1977,176,1801,124,True,1,True,quasi_local_walk,LRW-l3
standard,ca_grqc,ca-GrQc,scientific_collaboration,1,ora_cni,0.982246384863145,0.9820227055555832,0.9681597409606044,0.9681597409606044,0.9681597409606044,0.9731838921476592,1853,1853,1853,3706,1673,63,2096,0.565569347004857,1860,0.0,1860,59,1801,7,True,1,True,quasi_local_path,ORA-CNI-beta-0.001
standard,ca_grqc,ca-GrQc,scientific_collaboration,1,pa,0.8569582593909071,0.8363152298354298,0.7485159201295197,0.7485159201295197,0.7485159201295197,0.7791799342838417,1853,1853,1853,3706,470,300,3536,0.9541284403669724,183,28.0,39,21,18,15,True,1,True,degree_based,PA
standard,ca_grqc,ca-GrQc,scientific_collaboration,1,pfp,0.9826593777567698,0.9824419437390804,0.9681597409606044,0.9681597409606044,0.9681597409606044,0.9732291492532076,1853,1853,1853,3706,1698,54,2062,0.5563950350782515,1860,0.0,1860,59,1801,7,True,1,True,quasi_local_walk,PFP-l3
standard,ca_grqc,ca-GrQc,scientific_collaboration,1,ra,0.965565142089398,0.9654219510724722,0.9390178089584458,0.9390178089584458,0.9390178089584458,0.9488934709249232,1853,1853,1853,3706,1171,139,2674,0.7215326497571506,1971,0.0,1971,127,1844,118,True,1,True,local_similarity,RA
standard,ca_grqc,ca-GrQc,scientific_collaboration,1,ra_cni,0.9819936854513396,0.981779375578291,0.967620075553157,0.967620075553157,0.967620075553157,0.9727340786872872,1853,1853,1853,3706,1548,86,2244,0.6055045871559633,1863,0.0,1863,60,1803,10,True,1,True,enhanced_local,RA-CNI
standard,ca_grqc,ca-GrQc,scientific_collaboration,1,sa,0.9651597214400652,0.9650943074764774,0.9390178089584458,0.9390178089584458,0.9390178089584458,0.9488451437215634,1853,1853,1853,3706,813,270,3163,0.8534808418780356,1971,0.0,1971,127,1844,118,True,1,True,local_similarity,SA
standard,ca_grqc,ca-GrQc,scientific_collaboration,1,so,0.9650548571120456,0.9650238276984944,0.9390178089584458,0.9390178089584458,0.9390178089584458,0.948835241275503,1853,1853,1853,3706,433,220,3493,0.9425256341068536,1971,0.0,1971,127,1844,118,True,1,True,local_similarity,SO
standard,ca_grqc,ca-GrQc,scientific_collaboration,1,srw,0.9835198941765216,0.983102473228606,0.9681597409606044,0.9681597409606044,0.9681597409606044,0.973332719578772,1853,1853,1853,3706,1650,68,2124,0.5731246627091203,1860,0.0,1860,59,1801,7,True,1,True,quasi_local_walk,SRW-l3
standard,ca_grqc,ca-GrQc,scientific_collaboration,1,aa,0.9413966457605304,0.9652901364133192,0.9325418240690772,0.9325418240690772,0.9325418240690772,0.9433229540342116,1853,1853,9265,11118,1207,142,10053,0.9042093901780895,9341,0.0,9341,127,9214,76,True,5,False,local_similarity,AA
standard,ca_grqc,ca-GrQc,scientific_collaboration,1,car_aa,0.7368150119992924,0.8420843200259552,0.7058823529411765,0.7058823529411765,0.7058823529411765,0.7487193132928145,1853,1853,9265,11118,1102,88,10104,0.9087965461413924,9847,0.0,9847,585,9262,582,True,5,False,enhanced_local,CAR-AA
standard,ca_grqc,ca-GrQc,scientific_collaboration,1,car_cn,0.7366417950689612,0.8420781457644129,0.7058823529411765,0.7058823529411765,0.7058823529411765,0.74871351083174,1853,1853,9265,11118,420,203,10901,0.9804821010973196,9847,0.0,9847,585,9262,582,True,5,False,enhanced_local,CAR-CN
standard,ca_grqc,ca-GrQc,scientific_collaboration,1,car_ra,0.7367941961776177,0.842081960992064,0.7058823529411765,0.7058823529411765,0.7058823529411765,0.7487166261729727,1853,1853,9265,11118,1090,93,10121,0.91032559812916,9847,0.0,9847,585,9262,582,True,5,False,enhanced_local,CAR-RA
standard,ca_grqc,ca-GrQc,scientific_collaboration,1,cn,0.9368779836282838,0.9649349125075104,0.9325418240690772,0.9325418240690772,0.9325418240690772,0.9430270993355278,1853,1853,9265,11118,38,38,11118,1.0,9341,0.0,9341,127,9214,76,True,5,False,local_similarity,CN
standard,ca_grqc,ca-GrQc,scientific_collaboration,1,fl,0.965140916093563,0.98221783551942,0.9454937938478144,0.9454937938478144,0.9454937938478144,0.9537398652754664,1853,1853,9265,11118,887,160,10391,0.934610541464292,9038,5.790998240694735e-08,58,18,40,27,True,5,False,quasi_local_path,FL-l3
standard,ca_grqc,ca-GrQc,scientific_collaboration,1,fsw,0.9389853271081792,0.964925243380944,0.9325418240690772,0.9325418240690772,0.9325418240690772,0.9430580297823828,1853,1853,9265,11118,863,269,10524,0.9465731246627092,9341,0.0,9341,127,9214,76,True,5,False,enhanced_local,FSW
standard,ca_grqc,ca-GrQc,scientific_collaboration,1,hdi,0.9375170580528858,0.9647336082821312,0.9325418240690772,0.9325418240690772,0.9325418240690772,0.9428744370402602,1853,1853,9265,11118,361,223,10980,0.9875876956287102,9341,0.0,9341,127,9214,76,True,5,False,local_similarity,HDI
standard,ca_grqc,ca-GrQc,scientific_collaboration,1,hpi,0.9308658481231428,0.964405353084757,0.9325418240690772,0.9325418240690772,0.9325418240690772,0.9414386943704997,1853,1853,9265,11118,214,139,11043,0.9932541824069078,9341,0.0,9341,127,9214,76,True,5,False,local_similarity,HPI
standard,ca_grqc,ca-GrQc,scientific_collaboration,1,ia1,0.9413195101651632,0.9652802634196264,0.9325418240690772,0.9325418240690772,0.9325418240690772,0.9433134343746036,1853,1853,9265,11118,1225,126,10019,0.9011512862025544,9341,0.0,9341,127,9214,76,True,5,False,enhanced_local,IA1
standard,ca_grqc,ca-GrQc,scientific_collaboration,1,ia2,0.9409128200806428,0.9652139192319218,0.9325418240690772,0.9325418240690772,0.9325418240690772,0.943266149784407,1853,1853,9265,11118,1218,122,10022,0.901421118906278,9341,0.0,9341,127,9214,76,True,5,False,enhanced_local,IA2
standard,ca_grqc,ca-GrQc,scientific_collaboration,1,ja,0.9380012194345376,0.9647914191744024,0.9325418240690772,0.9325418240690772,0.9325418240690772,0.9429256620414466,1853,1853,9265,11118,438,224,10904,0.9807519338010432,9341,0.0,9341,127,9214,76,True,5,False,local_similarity,JA
standard,ca_grqc,ca-GrQc,scientific_collaboration,1,lit,0.879237156277456,0.9284724032351964,0.86184565569347,0.86184565569347,0.86184565569347,0.8832969073633096,1853,1853,9265,11118,1529,48,9637,0.866792588595071,9478,0.0,9478,262,9216,213,True,5,False,enhanced_local,LIT-i2
standard,ca_grqc,ca-GrQc,scientific_collaboration,1,llhn,0.921938437881968,0.963535859790675,0.9325418240690772,0.9325418240690772,0.9325418240690772,0.9403107409320692,1853,1853,9265,11118,663,250,10705,0.9628530311207052,9341,0.0,9341,127,9214,76,True,5,False,local_similarity,LLHN
standard,ca_grqc,ca-GrQc,scientific_collaboration,1,lnb_aa,0.9412172784329405,0.9652484892717836,0.9325418240690772,0.9325418240690772,0.9325418240690772,0.9432965633110998,1853,1853,9265,11118,1423,138,9833,0.8844216585716855,9341,0.0,9341,127,9214,76,True,5,False,local_bayesian,LNB-AA
standard,ca_grqc,ca-GrQc,scientific_collaboration,1,lnb_cn,0.9397001775575878,0.964995606663426,0.9325418240690772,0.9325418240690772,0.9325418240690772,0.9431188939115356,1853,1853,9265,11118,1412,139,9845,0.8855009893865803,9341,0.0,9341,127,9214,76,True,5,False,local_bayesian,LNB-CN
standard,ca_grqc,ca-GrQc,scientific_collaboration,1,lnb_ra,0.9412660203592296,0.9652623522363788,0.9325418240690772,0.9325418240690772,0.9325418240690772,0.9433014314519186,1853,1853,9265,11118,1423,138,9833,0.8844216585716855,9341,0.0,9341,127,9214,76,True,5,False,local_bayesian,LNB-RA
standard,ca_grqc,ca-GrQc,scientific_collaboration,1,lpi,0.965140916093563,0.98221783551942,0.9454937938478144,0.9454937938478144,0.9454937938478144,0.9537398652754664,1853,1853,9265,11118,887,160,10391,0.934610541464292,9038,0.002,58,18,40,27,True,5,False,quasi_local_path,LPI-beta-0.001
standard,ca_grqc,ca-GrQc,scientific_collaboration,1,lrw,0.9138764601401188,0.9498161264139278,0.8958445763626551,0.8958445763626551,0.8958445763626551,0.9118361669984448,1853,1853,9265,11118,1743,110,9485,0.8531210649397374,9157,2.940064434452145e-07,2,0,2,1,True,5,False,quasi_local_walk,LRW-l3
standard,ca_grqc,ca-GrQc,scientific_collaboration,1,ora_cni,0.9631994753382817,0.9817736381748766,0.9400971397733404,0.9400971397733404,0.9400971397733404,0.9489074489018642,1853,1853,9265,11118,1866,89,9341,0.8401690951610001,9038,0.1,4,4,0,1,True,5,False,quasi_local_path,ORA-CNI-beta-0.001
standard,ca_grqc,ca-GrQc,scientific_collaboration,1,pa,0.6463368732864313,0.8375134443088891,0.5758229897463573,0.5758229897463573,0.5758229897463573,0.621504504466745,1853,1853,9265,11118,515,341,10944,0.984349703184026,840,78.0,27,7,20,12,True,5,False,degree_based,PA
standard,ca_grqc,ca-GrQc,scientific_collaboration,1,pfp,0.9591990063890264,0.9817242732064132,0.944954128440367,0.944954128440367,0.944954128440367,0.9522029139287012,1853,1853,9265,11118,1916,66,9268,0.833603166037057,9038,0.0025252525252525,2,2,0,2,False,5,False,quasi_local_walk,PFP-l3
standard,ca_grqc,ca-GrQc,scientific_collaboration,1,ra,0.9412603744787208,0.9652708272840618,0.9325418240690772,0.9325418240690772,0.9325418240690772,0.9433065152896956,1853,1853,9265,11118,1176,145,10087,0.9072674941536248,9341,0.0,9341,127,9214,76,True,5,False,local_similarity,RA
standard,ca_grqc,ca-GrQc,scientific_collaboration,1,ra_cni,0.9628164908968811,0.981533744814858,0.9400971397733404,0.9400971397733404,0.9400971397733404,0.9489078906340006,1853,1853,9265,11118,1713,114,9519,0.8561791689152726,9050,0.1,6,5,1,3,True,5,False,enhanced_local,RA-CNI
standard,ca_grqc,ca-GrQc,scientific_collaboration,1,sa,0.9382827127364476,0.9648151551326898,0.9325418240690772,0.9325418240690772,0.9325418240690772,0.9429500574662416,1853,1853,9265,11118,822,276,10572,0.9508904479222882,9341,0.0,9341,127,9214,76,True,5,False,local_similarity,SA
standard,ca_grqc,ca-GrQc,scientific_collaboration,1,so,0.9380012194345376,0.9647914191744024,0.9325418240690772,0.9325418240690772,0.9325418240690772,0.9429256620414466,1853,1853,9265,11118,438,224,10904,0.9807519338010432,9341,0.0,9341,127,9214,76,True,5,False,local_similarity,SO
standard,ca_grqc,ca-GrQc,scientific_collaboration,1,srw,0.9698056018816932,0.9828932473091724,0.9514301133297356,0.9514301133297356,0.9514301133297356,0.959099744527251,1853,1853,9265,11118,1834,101,9385,0.844126641482281,9038,1.200526310734626e-06,2,0,2,1,True,5,False,quasi_local_walk,SRW-l3
standard,ca_grqc,ca-GrQc,scientific_collaboration,1,aa,0.9346359285108848,0.9652817924230744,0.9314624932541824,0.9314624932541824,0.9314624932541824,0.9422438405895106,1853,1853,18530,20383,1216,149,19316,0.947652455477604,18556,0.0,18556,127,18429,26,True,10,False,local_similarity,AA
standard,ca_grqc,ca-GrQc,scientific_collaboration,1,car_aa,0.7127097985862403,0.8420529681743029,0.694009713977334,0.694009713977334,0.694009713977334,0.7386036187480075,1853,1853,18530,20383,1107,89,19365,0.950056419565324,19106,0.0,19106,585,18521,576,True,10,False,enhanced_local,CAR-AA
standard,ca_grqc,ca-GrQc,scientific_collaboration,1,car_cn,0.7121047200822592,0.8420339648457352,0.694009713977334,0.694009713977334,0.694009713977334,0.7385619699088825,1853,1853,18530,20383,420,203,20166,0.9893538733258108,19106,0.0,19106,585,18521,576,True,10,False,enhanced_local,CAR-CN
standard,ca_grqc,ca-GrQc,scientific_collaboration,1,car_ra,0.7127567590062016,0.842055982495386,0.694009713977334,0.694009713977334,0.694009713977334,0.7386095295260142,1853,1853,18530,20383,1095,94,19382,0.9508904479222882,19106,0.0,19106,585,18521,576,True,10,False,enhanced_local,CAR-RA
standard,ca_grqc,ca-GrQc,scientific_collaboration,1,cn,0.9254845794941958,0.9648911247611478,0.9314624932541824,0.9314624932541824,0.9314624932541824,0.9416265478991273,1853,1853,18530,20383,38,38,20383,1.0,18556,0.0,18556,127,18429,26,True,10,False,local_similarity,CN
standard,ca_grqc,ca-GrQc,scientific_collaboration,1,fl,0.9546781046340792,0.9821961091085212,0.935240151106314,0.935240151106314,0.935240151106314,0.9444926635347032,1853,1853,18530,20383,898,167,19652,0.964136780650542,18042,1.4477495601736838e-07,10,2,8,9,True,10,False,quasi_local_path,FL-l3
standard,ca_grqc,ca-GrQc,scientific_collaboration,1,fsw,0.9294752867621904,0.9648893918905734,0.9314624932541824,0.9314624932541824,0.9314624932541824,0.9416666526123574,1853,1853,18530,20383,877,274,19780,0.9704165235735662,18556,0.0,18556,127,18429,26,True,10,False,enhanced_local,FSW
standard,ca_grqc,ca-GrQc,scientific_collaboration,1,hdi,0.9260437188832408,0.9646717054853946,0.9314624932541824,0.9314624932541824,0.9314624932541824,0.9412263618872644,1853,1853,18530,20383,365,227,20245,0.9932296521611148,18556,0.0,18556,127,18429,26,True,10,False,local_similarity,HDI
standard,ca_grqc,ca-GrQc,scientific_collaboration,1,hpi,0.9145560192130257,0.9644474079605452,0.9314624932541824,0.9314624932541824,0.9314624932541824,0.9384965034502828,1853,1853,18530,20383,217,139,20305,0.9961732816562822,18556,0.0,18556,127,18429,26,True,10,False,local_similarity,HPI
standard,ca_grqc,ca-GrQc,scientific_collaboration,1,ia1,0.934704705676323,0.9652892190112502,0.9314624932541824,0.9314624932541824,0.9314624932541824,0.942251804727544,1853,1853,18530,20383,1237,130,19276,0.9456900358141588,18556,0.0,18556,127,18429,26,True,10,False,enhanced_local,IA1
standard,ca_grqc,ca-GrQc,scientific_collaboration,1,ia2,0.9341987122484444,0.96524723694515,0.9314624932541824,0.9314624932541824,0.9314624932541824,0.9421938269030384,1853,1853,18530,20383,1230,125,19278,0.9457881567973312,18556,0.0,18556,127,18429,26,True,10,False,enhanced_local,IA2
standard,ca_grqc,ca-GrQc,scientific_collaboration,1,ja,0.9271978447225024,0.9647410494322446,0.9314624932541824,0.9314624932541824,0.9314624932541824,0.9413582561376772,1853,1853,18530,20383,442,230,20171,0.9895991757837412,18556,0.0,18556,127,18429,26,True,10,False,local_similarity,JA
standard,ca_grqc,ca-GrQc,scientific_collaboration,1,lit,0.8655109242003337,0.9284551473391408,0.8596869940636805,0.8596869940636805,0.8596869940636804,0.8811196915634912,1853,1853,18530,20383,1572,52,18863,0.9254280527890888,18694,0.0,18694,262,18432,164,True,10,False,enhanced_local,LIT-i2
standard,ca_grqc,ca-GrQc,scientific_collaboration,1,llhn,0.8946899597145461,0.9635669495274506,0.9314624932541824,0.9314624932541824,0.9314624932541824,0.9356831470231,1853,1853,18530,20383,672,257,19968,0.9796398959917578,18556,0.0,18556,127,18429,26,True,10,False,local_similarity,LLHN
standard,ca_grqc,ca-GrQc,scientific_collaboration,1,lnb_aa,0.9341021218897004,0.9652239378449904,0.9314624932541824,0.9314624932541824,0.9314624932541824,0.9421719879296858,1853,1853,18530,20383,1450,147,19080,0.9360741794632782,18556,0.0,18556,127,18429,26,True,10,False,local_bayesian,LNB-AA
standard,ca_grqc,ca-GrQc,scientific_collaboration,1,lnb_cn,0.9305528256830392,0.9649295100286608,0.9314624932541824,0.9314624932541824,0.9314624932541824,0.9417473440721764,1853,1853,18530,20383,1439,148,19092,0.9366629053623118,18556,0.0,18556,127,18429,26,True,10,False,local_bayesian,LNB-CN
standard,ca_grqc,ca-GrQc,scientific_collaboration,1,lnb_ra,0.9346129514626822,0.965272196106196,0.9314624932541824,0.9314624932541824,0.9314624932541824,0.942231527201652,1853,1853,18530,20383,1450,147,19080,0.9360741794632782,18556,0.0,18556,127,18429,26,True,10,False,local_bayesian,LNB-RA
standard,ca_grqc,ca-GrQc,scientific_collaboration,1,lpi,0.9546781046340792,0.9821961091085212,0.935240151106314,0.935240151106314,0.935240151106314,0.9444926635347032,1853,1853,18530,20383,898,167,19652,0.964136780650542,18042,0.005,10,2,8,9,True,10,False,quasi_local_path,LPI-beta-0.001
standard,ca_grqc,ca-GrQc,scientific_collaboration,1,lrw,0.9008859050081858,0.9499273504933148,0.8812736103615758,0.8812736103615758,0.8812736103615758,0.8991403554260642,1853,1853,18530,20383,1911,150,18622,0.9136044743168328,18162,7.203157864407756e-07,8,3,5,4,True,10,False,quasi_local_walk,LRW-l3
standard,ca_grqc,ca-GrQc,scientific_collaboration,1,ora_cni,0.9510252255180374,0.981821576073455,0.9163518618456556,0.9163518618456556,0.9163518618456556,0.9281964924474924,1853,1853,18530,20383,2059,135,18459,0.9056076141882942,18042,0.1578703921568627,3,3,0,2,True,10,False,quasi_local_path,ORA-CNI-beta-0.001
standard,ca_grqc,ca-GrQc,scientific_collaboration,1,pa,0.5448779153030139,0.8402032089268172,0.5105234754452239,0.5105234754452239,0.5105234754452239,0.5592906557224806,1853,1853,18530,20383,543,365,20205,0.9912672324976696,1686,119.0,13,3,10,7,True,10,False,degree_based,PA
standard,ca_grqc,ca-GrQc,scientific_collaboration,1,pfp,0.946180123426496,0.9819432847479138,0.9287641662169456,0.9287641662169456,0.9287641662169456,0.9373194584240532,1853,1853,18530,20383,2154,79,18308,0.8981994799587892,18042,0.0052910052910052,2,0,2,2,False,10,False,quasi_local_walk,PFP-l3
standard,ca_grqc,ca-GrQc,scientific_collaboration,1,ra,0.9346763868175014,0.9652866561102326,0.9314624932541824,0.9314624932541824,0.9314624932541824,0.942248943406685,1853,1853,18530,20383,1185,152,19350,0.949320512191532,18556,0.0,18556,127,18429,26,True,10,False,local_similarity,RA
standard,ca_grqc,ca-GrQc,scientific_collaboration,1,ra_cni,0.9506649815918602,0.9815789741930429,0.9163518618456556,0.9163518618456556,0.9163518618456556,0.9281970599197404,1853,1853,18530,20383,1882,160,18661,0.9155178334886916,18062,0.1578431372549019,3,3,0,2,True,10,False,enhanced_local,RA-CNI
standard,ca_grqc,ca-GrQc,scientific_collaboration,1,sa,0.9279113841097164,0.9647797987481976,0.9314624932541824,0.9314624932541824,0.9314624932541824,0.9414275222839292,1853,1853,18530,20383,832,288,19839,0.9733110925771477,18556,0.0,18556,127,18429,26,True,10,False,local_similarity,SA
standard,ca_grqc,ca-GrQc,scientific_collaboration,1,so,0.9271978447225024,0.9647410494322446,0.9314624932541824,0.9314624932541824,0.9314624932541824,0.9413582561376772,1853,1853,18530,20383,442,230,20171,0.9895991757837412,18556,0.0,18556,127,18429,26,True,10,False,local_similarity,SO
standard,ca_grqc,ca-GrQc,scientific_collaboration,1,srw,0.9643257336960136,0.982944519891461,0.9390178089584458,0.9390178089584458,0.9390178089584458,0.9485307548313832,1853,1853,18530,20383,2019,140,18504,0.9078153363096698,18042,3.124812119775389e-06,1,1,0,1,False,10,False,quasi_local_walk,SRW-l3
standard,ca_grqc,ca-GrQc,scientific_collaboration,2,aa,0.968424000136678,0.9683625887513692,0.9395574743658932,0.9395574743658932,0.9395574743658932,0.9493596800568034,1853,1853,1853,3706,1220,136,2622,0.7075013491635186,1963,0.0,1963,116,1847,110,True,1,True,local_similarity,AA
standard,ca_grqc,ca-GrQc,scientific_collaboration,2,car_aa,0.8472581069571046,0.8471812020530002,0.7733405288720993,0.7733405288720993,0.7733405288720994,0.8064616666114336,1853,1853,1853,3706,1132,91,2665,0.7191041554236374,2418,0.0,2418,566,1852,565,True,1,True,enhanced_local,CAR-AA
standard,ca_grqc,ca-GrQc,scientific_collaboration,2,car_cn,0.8471913097109607,0.8471632908697525,0.7733405288720993,0.7733405288720993,0.7733405288720994,0.8064583683084613,1853,1853,1853,3706,440,207,3473,0.93712898003238,2418,0.0,2418,566,1852,565,True,1,True,enhanced_local,CAR-CN
standard,ca_grqc,ca-GrQc,scientific_collaboration,2,car_ra,0.8472555096396748,0.8471794546204883,0.7733405288720993,0.7733405288720993,0.7733405288720994,0.8064613459962269,1853,1853,1853,3706,1124,91,2673,0.7212628170534269,2418,0.0,2418,566,1852,565,True,1,True,enhanced_local,CAR-RA
standard,ca_grqc,ca-GrQc,scientific_collaboration,2,cn,0.9679356810410028,0.96819847571462,0.9395574743658932,0.9395574743658932,0.9395574743658932,0.9493268662046622,1853,1853,1853,3706,40,38,3704,0.9994603345925526,1963,0.0,1963,116,1847,110,True,1,True,local_similarity,CN
standard,ca_grqc,ca-GrQc,scientific_collaboration,2,fl,0.9822361050407562,0.982086923700398,0.9670804101457096,0.9670804101457096,0.9670804101457096,0.9723803093347448,1853,1853,1853,3706,868,180,3018,0.8143550998381004,1872,0.0,1872,62,1810,19,True,1,True,quasi_local_path,FL-l3
standard,ca_grqc,ca-GrQc,scientific_collaboration,2,fsw,0.967899605933663,0.9679883469550552,0.9395574743658932,0.9395574743658932,0.9395574743658932,0.9493023232072676,1853,1853,1853,3706,911,246,3041,0.8205612520237453,1963,0.0,1963,116,1847,110,True,1,True,enhanced_local,FSW
standard,ca_grqc,ca-GrQc,scientific_collaboration,2,hdi,0.9676522096294248,0.967813458084482,0.9395574743658932,0.9395574743658932,0.9395574743658932,0.9492688983626836,1853,1853,1853,3706,368,208,3546,0.9568267674042094,1963,0.0,1963,116,1847,110,True,1,True,local_similarity,HDI
standard,ca_grqc,ca-GrQc,scientific_collaboration,2,hpi,0.9679986511342166,0.9680799415425578,0.9395574743658932,0.9395574743658932,0.9395574743658932,0.9493129470949572,1853,1853,1853,3706,224,142,3624,0.9778737182946572,1963,0.0,1963,116,1847,110,True,1,True,local_similarity,HPI
standard,ca_grqc,ca-GrQc,scientific_collaboration,2,ia1,0.9684174960072685,0.9683570552150814,0.9395574743658932,0.9395574743658932,0.9395574743658932,0.9493589437000785,1853,1853,1853,3706,1224,119,2601,0.7018348623853211,1963,0.0,1963,116,1847,110,True,1,True,enhanced_local,IA1
standard,ca_grqc,ca-GrQc,scientific_collaboration,2,ia2,0.9683778017680172,0.968322689042346,0.9395574743658932,0.9395574743658932,0.9395574743658932,0.9493544395645438,1853,1853,1853,3706,1227,115,2594,0.6999460334592552,1963,0.0,1963,116,1847,110,True,1,True,enhanced_local,IA2
standard,ca_grqc,ca-GrQc,scientific_collaboration,2,ja,0.967762366652192,0.9678821904299528,0.9395574743658932,0.9395574743658932,0.9395574743658932,0.9492816343744592,1853,1853,1853,3706,456,219,3469,0.9360496492174852,1963,0.0,1963,116,1847,110,True,1,True,local_similarity,JA
standard,ca_grqc,ca-GrQc,scientific_collaboration,2,lit,0.939682444932,0.939644117894612,0.8915272531030761,0.8915272531030761,0.8915272531030761,0.9087016737236784,1853,1853,1853,3706,1531,49,2224,0.6001079330814895,2068,0.0,2068,221,1847,215,True,1,True,enhanced_local,LIT-i2
standard,ca_grqc,ca-GrQc,scientific_collaboration,2,llhn,0.964786922725702,0.9667898994905944,0.9395574743658932,0.9395574743658932,0.9395574743658932,0.9487995040615452,1853,1853,1853,3706,710,250,3246,0.875876956287102,1963,0.0,1963,116,1847,110,True,1,True,local_similarity,LLHN
standard,ca_grqc,ca-GrQc,scientific_collaboration,2,lnb_aa,0.968428023049816,0.9683620062738654,0.9395574743658932,0.9395574743658932,0.9395574743658932,0.9493595216295604,1853,1853,1853,3706,1416,138,2428,0.6551538046411225,1963,0.0,1963,116,1847,110,True,1,True,local_bayesian,LNB-AA
standard,ca_grqc,ca-GrQc,scientific_collaboration,2,lnb_cn,0.968316170143556,0.9682875947727304,0.9395574743658932,0.9395574743658932,0.9395574743658932,0.9493466251545492,1853,1853,1853,3706,1404,138,2440,0.6583917970858068,1963,0.0,1963,116,1847,110,True,1,True,local_bayesian,LNB-CN
standard,ca_grqc,ca-GrQc,scientific_collaboration,2,lnb_ra,0.9684226652746696,0.9683550165438174,0.9395574743658932,0.9395574743658932,0.9395574743658932,0.949358999087168,1853,1853,1853,3706,1416,138,2428,0.6551538046411225,1963,0.0,1963,116,1847,110,True,1,True,local_bayesian,LNB-RA
standard,ca_grqc,ca-GrQc,scientific_collaboration,2,lpi,0.9822361050407562,0.982086923700398,0.9670804101457096,0.9670804101457096,0.9670804101457096,0.9723803093347448,1853,1853,1853,3706,868,180,3018,0.8143550998381004,1872,0.0,1872,62,1810,19,True,1,True,quasi_local_path,LPI-beta-0.001
standard,ca_grqc,ca-GrQc,scientific_collaboration,2,lrw,0.95735506329801,0.9566444519454604,0.9190501888828926,0.9190501888828926,0.9190501888828926,0.9319624387050628,1853,1853,1853,3706,1596,63,2173,0.5863464651915812,1963,0.0,1963,153,1810,110,True,1,True,quasi_local_walk,LRW-l3
standard,ca_grqc,ca-GrQc,scientific_collaboration,2,ora_cni,0.9819497530168184,0.9817910251283708,0.9670804101457096,0.9670804101457096,0.9670804101457096,0.9723350244316518,1853,1853,1853,3706,1690,53,2069,0.5582838640043173,1872,0.0,1872,62,1810,19,True,1,True,quasi_local_path,ORA-CNI-beta-0.001
standard,ca_grqc,ca-GrQc,scientific_collaboration,2,pa,0.8663217621545126,0.8480297261569386,0.7636265515380464,0.7636265515380464,0.7636265515380464,0.792635769269831,1853,1853,1853,3706,503,285,3488,0.9411764705882352,203,30.0,60,33,27,39,True,1,True,degree_based,PA
standard,ca_grqc,ca-GrQc,scientific_collaboration,2,pfp,0.9812420816206702,0.9813052388900424,0.9670804101457096,0.9670804101457096,0.9670804101457096,0.972247192747402,1853,1853,1853,3706,1710,51,2047,0.5523475445223961,1872,0.0,1872,62,1810,19,True,1,True,quasi_local_walk,PFP-l3
standard,ca_grqc,ca-GrQc,scientific_collaboration,2,ra,0.9684275655395184,0.9683646274226332,0.9395574743658932,0.9395574743658932,0.9395574743658932,0.949360192895332,1853,1853,1853,3706,1185,137,2658,0.7172153264975715,1963,0.0,1963,116,1847,110,True,1,True,local_similarity,RA
standard,ca_grqc,ca-GrQc,scientific_collaboration,2,ra_cni,0.9816935389024364,0.9815466758154466,0.9665407447382622,0.9665407447382622,0.9665407447382622,0.971884472986705,1853,1853,1853,3706,1561,73,2218,0.5984889368591473,1875,0.0,1875,63,1812,22,True,1,True,enhanced_local,RA-CNI
standard,ca_grqc,ca-GrQc,scientific_collaboration,2,sa,0.9678963487252203,0.9679624267061276,0.9395574743658932,0.9395574743658932,0.9395574743658932,0.9492963098938896,1853,1853,1853,3706,884,268,3090,0.8337830545062062,1963,0.0,1963,116,1847,110,True,1,True,local_similarity,SA
standard,ca_grqc,ca-GrQc,scientific_collaboration,2,so,0.967762366652192,0.9678821904299528,0.9395574743658932,0.9395574743658932,0.9395574743658932,0.9492816343744592,1853,1853,1853,3706,456,219,3469,0.9360496492174852,1963,0.0,1963,116,1847,110,True,1,True,local_similarity,SO
standard,ca_grqc,ca-GrQc,scientific_collaboration,2,srw,0.982704353303548,0.9823739394904896,0.9670804101457096,0.9670804101457096,0.9670804101457096,0.9724256855917316,1853,1853,1853,3706,1667,54,2093,0.5647598488936859,1872,0.0,1872,62,1810,19,True,1,True,quasi_local_walk,SRW-l3
standard,ca_grqc,ca-GrQc,scientific_collaboration,2,aa,0.9464661419144452,0.9683439785951168,0.937938478143551,0.937938478143551,0.937938478143551,0.947884062592146,1853,1853,9265,11118,1227,140,10031,0.9022306170174492,9345,0.0,9345,116,9229,80,True,5,False,local_similarity,AA
standard,ca_grqc,ca-GrQc,scientific_collaboration,2,car_aa,0.7453945781115814,0.8471836775823922,0.7085806799784133,0.7085806799784133,0.7085806799784132,0.7512759679859069,1853,1853,9265,11118,1135,92,10075,0.90618816333873,9826,0.0,9826,566,9260,561,True,5,False,enhanced_local,CAR-AA
standard,ca_grqc,ca-GrQc,scientific_collaboration,2,car_cn,0.7450308090666361,0.8471568253694582,0.7085806799784133,0.7085806799784133,0.7085806799784132,0.751249820788893,1853,1853,9265,11118,440,207,10885,0.9790429933441266,9826,0.0,9826,566,9260,561,True,5,False,enhanced_local,CAR-CN
standard,ca_grqc,ca-GrQc,scientific_collaboration,2,car_ra,0.7453829371819424,0.8471821048931314,0.7085806799784133,0.7085806799784133,0.7085806799784132,0.7512745302231676,1853,1853,9265,11118,1127,92,10083,0.9069077172153264,9826,0.0,9826,566,9260,561,True,5,False,enhanced_local,CAR-RA
standard,ca_grqc,ca-GrQc,scientific_collaboration,2,cn,0.9433588174687764,0.9681043182260995,0.937938478143551,0.937938478143551,0.937938478143551,0.9477325252816372,1853,1853,9265,11118,40,38,11116,0.9998201115308508,9345,0.0,9345,116,9229,80,True,5,False,local_similarity,CN
standard,ca_grqc,ca-GrQc,scientific_collaboration,2,fl,0.9663434457713668,0.9819054237101544,0.9552077711818672,0.9552077711818672,0.9552077711818672,0.9620524543357464,1853,1853,9265,11118,879,182,10421,0.9373088685015292,9079,2.8954991203473676e-08,188,21,167,2,True,5,False,quasi_local_path,FL-l3
standard,ca_grqc,ca-GrQc,scientific_collaboration,2,fsw,0.9442856337224116,0.9680230334904176,0.937938478143551,0.937938478143551,0.937938478143551,0.9476523166324228,1853,1853,9265,11118,918,247,10447,0.9396474186004676,9345,0.0,9345,116,9229,80,True,5,False,enhanced_local,FSW
standard,ca_grqc,ca-GrQc,scientific_collaboration,2,hdi,0.9423020808563912,0.967774956321468,0.937938478143551,0.937938478143551,0.937938478143551,0.9474010345108111,1853,1853,9265,11118,371,208,10955,0.985339089764346,9345,0.0,9345,116,9229,80,True,5,False,local_similarity,HDI
standard,ca_grqc,ca-GrQc,scientific_collaboration,2,hpi,0.9351862209138748,0.9674734077176522,0.937938478143551,0.937938478143551,0.937938478143551,0.9465819109071542,1853,1853,9265,11118,224,143,11037,0.9927145169994605,9345,0.0,9345,116,9229,80,True,5,False,local_similarity,HPI
standard,ca_grqc,ca-GrQc,scientific_collaboration,2,ia1,0.946474144792482,0.968345318293376,0.937938478143551,0.937938478143551,0.937938478143551,0.9478854982869188,1853,1853,9265,11118,1231,123,10010,0.9003417880913833,9345,0.0,9345,116,9229,80,True,5,False,enhanced_local,IA1
standard,ca_grqc,ca-GrQc,scientific_collaboration,2,ia2,0.9462973579146,0.9683172137538084,0.937938478143551,0.937938478143551,0.937938478143551,0.9478655674016572,1853,1853,9265,11118,1234,119,10003,0.8997121784493614,9345,0.0,9345,116,9229,80,True,5,False,enhanced_local,IA2
standard,ca_grqc,ca-GrQc,scientific_collaboration,2,ja,0.9423308068083984,0.9677865476237976,0.937938478143551,0.937938478143551,0.937938478143551,0.9473962361721292,1853,1853,9265,11118,459,220,10879,0.9785033279366792,9345,0.0,9345,116,9229,80,True,5,False,local_similarity,JA
standard,ca_grqc,ca-GrQc,scientific_collaboration,2,lit,0.897932628132122,0.9397343145361048,0.8818132757690232,0.8818132757690232,0.8818132757690232,0.9003198091766084,1853,1853,9265,11118,1551,51,9618,0.8650836481381543,9454,0.0,9454,221,9233,189,True,5,False,enhanced_local,LIT-i2
standard,ca_grqc,ca-GrQc,scientific_collaboration,2,llhn,0.9230629806616826,0.9666570946196844,0.937938478143551,0.937938478143551,0.937938478143551,0.9436898525424986,1853,1853,9265,11118,711,253,10660,0.9588055405648498,9345,0.0,9345,116,9229,80,True,5,False,local_similarity,LLHN
standard,ca_grqc,ca-GrQc,scientific_collaboration,2,lnb_aa,0.9463987610822808,0.9683258052969922,0.937938478143551,0.937938478143551,0.937938478143551,0.9478701137188658,1853,1853,9265,11118,1434,143,9827,0.8838819931642382,9345,0.0,9345,116,9229,80,True,5,False,local_bayesian,LNB-AA
standard,ca_grqc,ca-GrQc,scientific_collaboration,2,lnb_cn,0.9453906723925072,0.9681713322629338,0.937938478143551,0.937938478143551,0.937938478143551,0.9477497326783672,1853,1853,9265,11118,1421,143,9840,0.8850512682137075,9345,0.0,9345,116,9229,80,True,5,False,local_bayesian,LNB-CN
standard,ca_grqc,ca-GrQc,scientific_collaboration,2,lnb_ra,0.946505955966458,0.968343570860864,0.937938478143551,0.937938478143551,0.937938478143551,0.9478828332200826,1853,1853,9265,11118,1434,143,9827,0.8838819931642382,9345,0.0,9345,116,9229,80,True,5,False,local_bayesian,LNB-RA
standard,ca_grqc,ca-GrQc,scientific_collaboration,2,lpi,0.9663434457713668,0.9819054237101544,0.9552077711818672,0.9552077711818672,0.9552077711818672,0.9620524543357464,1853,1853,9265,11118,879,182,10421,0.9373088685015292,9079,0.001,188,21,167,2,True,5,False,quasi_local_path,LPI-beta-0.001
standard,ca_grqc,ca-GrQc,scientific_collaboration,2,lrw,0.9252146238409332,0.9565781660055064,0.9114948731786292,0.9114948731786292,0.9114948731786292,0.925121259715829,1853,1853,9265,11118,1731,98,9485,0.8531210649397374,9173,2.6760958010183613e-07,2,0,2,2,False,5,False,quasi_local_walk,LRW-l3
standard,ca_grqc,ca-GrQc,scientific_collaboration,2,ora_cni,0.9654714453346198,0.9816480851488912,0.9514301133297356,0.9514301133297356,0.9514301133297356,0.9587206845912192,1853,1853,9265,11118,1845,85,9358,0.8416981471487678,9079,0.0757727272727272,5,2,3,4,True,5,False,quasi_local_path,ORA-CNI-beta-0.001
standard,ca_grqc,ca-GrQc,scientific_collaboration,2,pa,0.6625563009816109,0.8482833659860514,0.5957906098219105,0.5957906098219105,0.5957906098219105,0.639495265838877,1853,1853,9265,11118,553,333,10898,0.980212268393596,860,76.0,11,2,9,4,True,5,False,degree_based,PA
standard,ca_grqc,ca-GrQc,scientific_collaboration,2,pfp,0.9607590191779266,0.9813338385354884,0.9503507825148408,0.9503507825148408,0.9503507825148408,0.9570634454718046,1853,1853,9265,11118,1899,60,9279,0.8345925526173772,9079,0.0034184759472115,1,0,1,1,False,5,False,quasi_local_walk,PFP-l3
standard,ca_grqc,ca-GrQc,scientific_collaboration,2,ra,0.9465018717333034,0.9683499198656574,0.937938478143551,0.937938478143551,0.937938478143551,0.9478892909679398,1853,1853,9265,11118,1192,141,10067,0.9054686094621336,9345,0.0,9345,116,9229,80,True,5,False,local_similarity,RA
standard,ca_grqc,ca-GrQc,scientific_collaboration,2,ra_cni,0.9650880946699528,0.981400328342569,0.9514301133297356,0.9514301133297356,0.9514301133297356,0.9587216624810556,1853,1853,9265,11118,1693,113,9538,0.8578881093721893,9088,0.0757575757575757,5,2,3,4,True,5,False,enhanced_local,RA-CNI
standard,ca_grqc,ca-GrQc,scientific_collaboration,2,sa,0.9423838866914138,0.9677875960833048,0.937938478143551,0.937938478143551,0.937938478143551,0.947380911744298,1853,1853,9265,11118,886,272,10504,0.944774239971218,9345,0.0,9345,116,9229,80,True,5,False,local_similarity,SA
standard,ca_grqc,ca-GrQc,scientific_collaboration,2,so,0.9423308068083984,0.9677865476237976,0.937938478143551,0.937938478143551,0.937938478143551,0.9473962361721292,1853,1853,9265,11118,459,220,10879,0.9785033279366792,9345,0.0,9345,116,9229,80,True,5,False,local_similarity,SO
standard,ca_grqc,ca-GrQc,scientific_collaboration,2,srw,0.969589850553631,0.982350087036701,0.9573664328116568,0.9573664328116568,0.9573664328116568,0.9641333032958356,1853,1853,9265,11118,1816,87,9389,0.8444864184205793,9079,1.152505258305241e-06,2,0,2,2,False,5,False,quasi_local_walk,SRW-l3
standard,ca_grqc,ca-GrQc,scientific_collaboration,2,aa,0.9398565667578288,0.9682596795383516,0.9373988127361036,0.9373988127361036,0.9373988127361036,0.9472204803101394,1853,1853,18530,20383,1237,147,19293,0.946524064171123,18551,0.0,18551,116,18435,21,True,10,False,local_similarity,AA
standard,ca_grqc,ca-GrQc,scientific_collaboration,2,car_aa,0.7219635482812821,0.8471454233723176,0.7004856988667026,0.7004856988667026,0.7004856988667026,0.7443613805255176,1853,1853,18530,20383,1140,94,19337,0.9486827258009124,19083,0.0,19083,566,18517,553,True,10,False,enhanced_local,CAR-AA
standard,ca_grqc,ca-GrQc,scientific_collaboration,2,car_cn,0.7210995921162775,0.8471168237268717,0.7004856988667026,0.7004856988667026,0.7004856988667026,0.7443030738842211,1853,1853,18530,20383,440,207,20150,0.9885689054604327,19083,0.0,19083,566,18517,553,True,10,False,enhanced_local,CAR-CN
standard,ca_grqc,ca-GrQc,scientific_collaboration,2,car_ra,0.7220707906046118,0.8471510442802311,0.7004856988667026,0.7004856988667026,0.7004856988667026,0.7443755912675105,1853,1853,18530,20383,1132,94,19345,0.9490752097336016,19083,0.0,19083,566,18517,553,True,10,False,enhanced_local,CAR-RA
standard,ca_grqc,ca-GrQc,scientific_collaboration,2,cn,0.9314980813375616,0.9679055477778628,0.9373988127361036,0.9373988127361036,0.9373988127361036,0.9467674588522268,1853,1853,18530,20383,40,38,20381,0.9999018790168276,18551,0.0,18551,116,18435,21,True,10,False,local_similarity,CN
standard,ca_grqc,ca-GrQc,scientific_collaboration,2,fl,0.9550869046130523,0.9815646306845072,0.940636805180788,0.940636805180788,0.940636805180788,0.9490538071032584,1853,1853,18530,20383,890,189,19682,0.965608595398126,18074,1.4477495601736838e-07,3,2,1,3,False,10,False,quasi_local_path,FL-l3
standard,ca_grqc,ca-GrQc,scientific_collaboration,2,fsw,0.9351137889612622,0.9679028538194068,0.9373988127361036,0.9373988127361036,0.9373988127361036,0.9467029226221468,1853,1853,18530,20383,936,252,19699,0.96644262375509,18551,0.0,18551,116,18435,21,True,10,False,enhanced_local,FSW
standard,ca_grqc,ca-GrQc,scientific_collaboration,2,hdi,0.9311529129605856,0.967659480156302,0.9373988127361036,0.9373988127361036,0.9373988127361036,0.9461984570682104,1853,1853,18530,20383,374,213,20222,0.9921012608546338,18551,0.0,18551,116,18435,21,True,10,False,local_similarity,HDI
standard,ca_grqc,ca-GrQc,scientific_collaboration,2,hpi,0.9212205561134674,0.9674962117119336,0.9373988127361036,0.9373988127361036,0.9373988127361036,0.9434673388670995,1853,1853,18530,20383,226,145,20302,0.9960261001815238,18551,0.0,18551,116,18435,21,True,10,False,local_similarity,HPI
standard,ca_grqc,ca-GrQc,scientific_collaboration,2,ia1,0.9399937850432972,0.9682713727742442,0.9373988127361036,0.9373988127361036,0.9373988127361036,0.9472373695789146,1853,1853,18530,20383,1242,129,19270,0.945395672864642,18551,0.0,18551,116,18435,21,True,10,False,enhanced_local,IA1
standard,ca_grqc,ca-GrQc,scientific_collaboration,2,ia2,0.9397194187923632,0.9682497774207838,0.9373988127361036,0.9373988127361036,0.9373988127361036,0.9472066049034392,1853,1853,18530,20383,1245,125,19263,0.9450522494235392,18551,0.0,18551,116,18435,21,True,10,False,enhanced_local,IA2
standard,ca_grqc,ca-GrQc,scientific_collaboration,2,ja,0.9315323936982232,0.967699860409266,0.9373988127361036,0.9373988127361036,0.9373988127361036,0.946208818288282,1853,1853,18530,20383,464,226,20145,0.988323603002502,18551,0.0,18551,116,18435,21,True,10,False,local_similarity,JA
standard,ca_grqc,ca-GrQc,scientific_collaboration,2,lit,0.8842481160061512,0.9394730733755648,0.8812736103615758,0.8812736103615758,0.8812736103615758,0.8993050484381617,1853,1853,18530,20383,1607,53,18829,0.9237599960751608,18660,0.0,18660,221,18439,130,True,10,False,enhanced_local,LIT-i2
standard,ca_grqc,ca-GrQc,scientific_collaboration,2,llhn,0.8975068154493753,0.9665809065621624,0.9373988127361036,0.9373988127361036,0.9373988127361036,0.9398295570044742,1853,1853,18530,20383,724,255,19914,0.976990629446107,18551,0.0,18551,116,18435,21,True,10,False,local_similarity,LLHN
standard,ca_grqc,ca-GrQc,scientific_collaboration,2,lnb_aa,0.9395199946920156,0.9682219786819058,0.9373988127361036,0.9373988127361036,0.9373988127361036,0.9471696681479564,1853,1853,18530,20383,1460,157,19080,0.9360741794632782,18551,0.0,18551,116,18435,21,True,10,False,local_bayesian,LNB-AA
standard,ca_grqc,ca-GrQc,scientific_collaboration,2,lnb_cn,0.9364364172873432,0.9679702173427436,0.9373988127361036,0.9373988127361036,0.9373988127361036,0.946799701140056,1853,1853,18530,20383,1447,156,19092,0.9366629053623118,18551,0.0,18551,116,18435,21,True,10,False,local_bayesian,LNB-CN
standard,ca_grqc,ca-GrQc,scientific_collaboration,2,lnb_ra,0.940031978192901,0.9682671498123404,0.9373988127361036,0.9373988127361036,0.9373988127361036,0.9472302654452244,1853,1853,18530,20383,1460,157,19080,0.9360741794632782,18551,0.0,18551,116,18435,21,True,10,False,local_bayesian,LNB-RA
standard,ca_grqc,ca-GrQc,scientific_collaboration,2,lpi,0.9550869046130523,0.9815646306845072,0.940636805180788,0.940636805180788,0.940636805180788,0.9490538071032584,1853,1853,18530,20383,890,189,19682,0.965608595398126,18074,0.005,3,2,1,3,False,10,False,quasi_local_path,LPI-beta-0.001
standard,ca_grqc,ca-GrQc,scientific_collaboration,2,lrw,0.9118350483655662,0.9563749978521142,0.8926065839179709,0.8926065839179709,0.892606583917971,0.9086533960442916,1853,1853,18530,20383,1919,140,18604,0.9127213854682824,18168,7.724597117129174e-07,1,0,1,1,False,10,False,quasi_local_walk,LRW-l3
standard,ca_grqc,ca-GrQc,scientific_collaboration,2,ora_cni,0.9521111192111712,0.9812498598413506,0.9233675121424716,0.9233675121424716,0.9233675121424716,0.9342418499405982,1853,1853,18530,20383,2043,134,18474,0.906343521562086,18074,0.1666666666666666,11,10,1,11,False,10,False,quasi_local_path,ORA-CNI-beta-0.001
standard,ca_grqc,ca-GrQc,scientific_collaboration,2,pa,0.5577531936082878,0.846786267743357,0.5207771181867242,0.5207771181867242,0.5207771181867242,0.5694016268253608,1853,1853,18530,20383,592,370,20161,0.98910857086788,1723,117.0,29,4,25,6,True,10,False,degree_based,PA
standard,ca_grqc,ca-GrQc,scientific_collaboration,2,pfp,0.9477896344097408,0.9812913759254476,0.9314624932541824,0.9314624932541824,0.9314624932541824,0.9401098074308154,1853,1853,18530,20383,2142,77,18318,0.8986900848746504,18074,0.0061728395061728,1,0,1,1,False,10,False,quasi_local_walk,PFP-l3
standard,ca_grqc,ca-GrQc,scientific_collaboration,2,ra,0.9401139307763936,0.968281857369316,0.9373988127361036,0.9373988127361036,0.9373988127361036,0.9472523693711354,1853,1853,18530,20383,1202,148,19329,0.9482902418682236,18551,0.0,18551,116,18435,21,True,10,False,local_similarity,RA
standard,ca_grqc,ca-GrQc,scientific_collaboration,2,ra_cni,0.95175097856891,0.9809995838198232,0.9233675121424716,0.9233675121424716,0.9233675121424716,0.934243171489113,1853,1853,18530,20383,1874,161,18670,0.9159593779129668,18088,0.1666666666666666,17,14,3,17,False,10,False,enhanced_local,RA-CNI
standard,ca_grqc,ca-GrQc,scientific_collaboration,2,sa,0.9320273209474232,0.9677315326235456,0.9373988127361036,0.9373988127361036,0.9373988127361036,0.9462250380312578,1853,1853,18530,20383,905,275,19753,0.9690918903007408,18551,0.0,18551,116,18435,21,True,10,False,local_similarity,SA
standard,ca_grqc,ca-GrQc,scientific_collaboration,2,so,0.9315323936982232,0.967699860409266,0.9373988127361036,0.9373988127361036,0.9373988127361036,0.946208818288282,1853,1853,18530,20383,464,226,20145,0.988323603002502,18551,0.0,18551,116,18435,21,True,10,False,local_similarity,SO
standard,ca_grqc,ca-GrQc,scientific_collaboration,2,srw,0.963818436692982,0.9822496970388884,0.9471127900701564,0.9471127900701564,0.9471127900701564,0.9553015425267752,1853,1853,18530,20383,2016,127,18494,0.9073247313938084,18074,3.639410643676608e-06,1,1,0,1,False,10,False,quasi_local_walk,SRW-l3
standard,ca_grqc,ca-GrQc,scientific_collaboration,3,aa,0.9721262106668068,0.9720394779953104,0.9471127900701564,0.9471127900701564,0.9471127900701564,0.9557010157196246,1853,1853,1853,3706,1229,157,2634,0.710739341608203,1946,0.0,1946,102,1844,93,True,1,True,local_similarity,AA
standard,ca_grqc,ca-GrQc,scientific_collaboration,3,car_aa,0.8588701509893437,0.8587960947213267,0.7819751753912574,0.7819751753912574,0.7819751753912574,0.8142988933628146,1853,1853,1853,3706,1139,107,2674,0.7215326497571506,2375,0.0,2375,523,1852,522,True,1,True,enhanced_local,CAR-AA
standard,ca_grqc,ca-GrQc,scientific_collaboration,3,car_cn,0.858789916893149,0.858769883233647,0.7819751753912574,0.7819751753912574,0.7819751753912574,0.8142901510380357,1853,1853,1853,3706,438,213,3481,0.9392876416621696,2375,0.0,2375,523,1852,522,True,1,True,enhanced_local,CAR-CN
standard,ca_grqc,ca-GrQc,scientific_collaboration,3,car_ra,0.8588697399727537,0.8587960947213267,0.7819751753912574,0.7819751753912574,0.7819751753912574,0.8142988433639146,1853,1853,1853,3706,1127,108,2687,0.7250404749055586,2375,0.0,2375,523,1852,522,True,1,True,enhanced_local,CAR-RA
standard,ca_grqc,ca-GrQc,scientific_collaboration,3,cn,0.9714221106634772,0.971802700889938,0.9471127900701564,0.9471127900701564,0.9471127900701564,0.955662752753924,1853,1853,1853,3706,38,37,3705,0.9997301672962764,1946,0.0,1946,102,1844,93,True,1,True,local_similarity,CN
standard,ca_grqc,ca-GrQc,scientific_collaboration,3,fl,0.9868960762914112,0.9868651322850098,0.9757150566648678,0.9757150566648678,0.9757150566648678,0.979599093960528,1853,1853,1853,3706,892,185,2999,0.8092282784673502,1850,2.8954991203473676e-08,54,22,32,51,True,1,True,quasi_local_path,FL-l3
standard,ca_grqc,ca-GrQc,scientific_collaboration,3,fsw,0.9714916523422676,0.9715882035490936,0.9471127900701564,0.9471127900701564,0.9471127900701564,0.9556360645742028,1853,1853,1853,3706,890,269,3085,0.8324338909875877,1946,0.0,1946,102,1844,93,True,1,True,enhanced_local,FSW
standard,ca_grqc,ca-GrQc,scientific_collaboration,3,hdi,0.9710085827104142,0.9712644916762508,0.9471127900701564,0.9471127900701564,0.9471127900701564,0.9555710962021946,1853,1853,1853,3706,374,227,3559,0.9603345925526172,1946,0.0,1946,102,1844,93,True,1,True,local_similarity,HDI
standard,ca_grqc,ca-GrQc,scientific_collaboration,3,hpi,0.969269467942726,0.970999901270063,0.9471127900701564,0.9471127900701564,0.9471127900701564,0.9552596039774884,1853,1853,1853,3706,221,140,3625,0.978143550998381,1946,0.0,1946,102,1844,93,True,1,True,local_similarity,HPI
standard,ca_grqc,ca-GrQc,scientific_collaboration,3,ia1,0.9721147774015432,0.9720301583552464,0.9471127900701564,0.9471127900701564,0.9471127900701564,0.9556997518680788,1853,1853,1853,3706,1236,144,2614,0.7053426875337291,1946,0.0,1946,102,1844,93,True,1,True,enhanced_local,IA1
standard,ca_grqc,ca-GrQc,scientific_collaboration,3,ia2,0.9720445931538436,0.9719746773729916,0.9471127900701564,0.9471127900701564,0.9471127900701564,0.95569157658778,1853,1853,1853,3706,1230,144,2620,0.7069616837560713,1946,0.0,1946,102,1844,93,True,1,True,enhanced_local,IA2
standard,ca_grqc,ca-GrQc,scientific_collaboration,3,ja,0.9711554922252056,0.9713386119386336,0.9471127900701564,0.9471127900701564,0.9471127900701564,0.95558780258614,1853,1853,1853,3706,456,229,3479,0.938747976254722,1946,0.0,1946,102,1844,93,True,1,True,local_similarity,JA
standard,ca_grqc,ca-GrQc,scientific_collaboration,3,lit,0.9390660484384686,0.9389007309801436,0.8899082568807339,0.8899082568807339,0.8899082568807339,0.9073669356325806,1853,1853,1853,3706,1530,58,2234,0.6028062601187264,2069,0.0,2069,224,1845,216,True,1,True,enhanced_local,LIT-i2
standard,ca_grqc,ca-GrQc,scientific_collaboration,3,llhn,0.9659355553019302,0.969748157113987,0.9471127900701564,0.9471127900701564,0.9471127900701564,0.9546806291369352,1853,1853,1853,3706,711,239,3234,0.8726389638424177,1946,0.0,1946,102,1844,93,True,1,True,local_similarity,LLHN
standard,ca_grqc,ca-GrQc,scientific_collaboration,3,lnb_aa,0.97212976935423,0.9720339444590226,0.9471127900701564,0.9471127900701564,0.9471127900701564,0.9556995392965474,1853,1853,1853,3706,1431,155,2430,0.6556934700485699,1946,0.0,1946,102,1844,93,True,1,True,local_bayesian,LNB-AA
standard,ca_grqc,ca-GrQc,scientific_collaboration,3,lnb_cn,0.9720060348966196,0.971936670715856,0.9471127900701564,0.9471127900701564,0.9471127900701564,0.9556847727731728,1853,1853,1853,3706,1425,154,2435,0.6570426335671884,1946,0.0,1946,102,1844,93,True,1,True,local_bayesian,LNB-CN
standard,ca_grqc,ca-GrQc,scientific_collaboration,3,lnb_ra,0.972122034625988,0.9720287021614864,0.9471127900701564,0.9471127900701564,0.9471127900701564,0.9556986051234244,1853,1853,1853,3706,1431,155,2430,0.6556934700485699,1946,0.0,1946,102,1844,93,True,1,True,local_bayesian,LNB-RA
standard,ca_grqc,ca-GrQc,scientific_collaboration,3,lpi,0.9868960762914112,0.9868651322850098,0.9757150566648678,0.9757150566648678,0.9757150566648678,0.979599093960528,1853,1853,1853,3706,892,185,2999,0.8092282784673502,1850,0.001,54,22,32,51,True,1,True,quasi_local_path,LPI-beta-0.001
standard,ca_grqc,ca-GrQc,scientific_collaboration,3,lrw,0.9585698443693752,0.9576850480063396,0.922288181327577,0.922288181327577,0.922288181327577,0.934731307249722,1853,1853,1853,3706,1597,78,2187,0.5901241230437129,1957,0.0,1957,150,1807,104,True,1,True,quasi_local_walk,LRW-l3
standard,ca_grqc,ca-GrQc,scientific_collaboration,3,ora_cni,0.9868049537815338,0.986669856701797,0.9757150566648678,0.9757150566648678,0.9757150566648678,0.9795677800709264,1853,1853,1853,3706,1708,67,2065,0.5572045331894225,1850,0.0071794258373205,1,0,1,1,False,1,True,quasi_local_path,ORA-CNI-beta-0.001
standard,ca_grqc,ca-GrQc,scientific_collaboration,3,pa,0.8598408963029371,0.836738399742079,0.7571505666486779,0.7571505666486779,0.7571505666486779,0.7867967708962204,1853,1853,1853,3706,510,311,3507,0.9463032919589854,194,30.0,44,29,15,24,True,1,True,degree_based,PA
standard,ca_grqc,ca-GrQc,scientific_collaboration,3,pfp,0.985925863163323,0.9863235738256744,0.9751753912574204,0.9751753912574204,0.9751753912574204,0.9789879186974124,1853,1853,1853,3706,1717,64,2053,0.5539665407447383,1850,0.0001742421108132,1,0,1,1,False,1,True,quasi_local_walk,PFP-l3
standard,ca_grqc,ca-GrQc,scientific_collaboration,3,ra,0.972103049979728,0.9720211299539346,0.9471127900701564,0.9471127900701564,0.9471127900701564,0.9556984738898894,1853,1853,1853,3706,1201,157,2662,0.7182946573124662,1946,0.0,1946,102,1844,93,True,1,True,local_similarity,RA
standard,ca_grqc,ca-GrQc,scientific_collaboration,3,ra_cni,0.986549480896612,0.9864071593474972,0.9757150566648678,0.9757150566648678,0.9757150566648678,0.9795679151747356,1853,1853,1853,3706,1573,92,2225,0.6003777657852132,1851,0.0071770334928229,1,0,1,1,False,1,True,enhanced_local,RA-CNI
standard,ca_grqc,ca-GrQc,scientific_collaboration,3,sa,0.9712317577504884,0.9713853557583289,0.9471127900701564,0.9471127900701564,0.9471127900701564,0.9555941805444969,1853,1853,1853,3706,860,273,3119,0.8416082029141932,1946,0.0,1946,102,1844,93,True,1,True,local_similarity,SA
standard,ca_grqc,ca-GrQc,scientific_collaboration,3,so,0.9711554922252056,0.9713386119386336,0.9471127900701564,0.9471127900701564,0.9471127900701564,0.95558780258614,1853,1853,1853,3706,456,229,3479,0.938747976254722,1946,0.0,1946,102,1844,93,True,1,True,local_similarity,SO
standard,ca_grqc,ca-GrQc,scientific_collaboration,3,srw,0.9875438827639412,0.9872824774166192,0.9762547220723152,0.9762547220723152,0.9762547220723152,0.9801045396131536,1853,1853,1853,3706,1689,63,2080,0.5612520237452779,1850,8.731100441706373e-08,1,0,1,1,False,1,True,quasi_local_walk,SRW-l3
standard,ca_grqc,ca-GrQc,scientific_collaboration,3,aa,0.9518096491194664,0.971901809437242,0.9454937938478144,0.9454937938478144,0.9454937938478144,0.954121693552706,1853,1853,9265,11118,1237,165,10046,0.9035797805360676,9305,0.0,9305,102,9203,40,True,5,False,local_similarity,AA
standard,ca_grqc,ca-GrQc,scientific_collaboration,3,car_aa,0.7646835657516701,0.8587706113305271,0.7312466270912035,0.7312466270912035,0.7312466270912035,0.7711086599876528,1853,1853,9265,11118,1141,109,10086,0.9071775499190502,9782,0.0,9782,523,9259,517,True,5,False,enhanced_local,CAR-AA
standard,ca_grqc,ca-GrQc,scientific_collaboration,3,car_cn,0.764272318826998,0.8587483606898747,0.7312466270912035,0.7312466270912035,0.7312466270912035,0.7710703250594142,1853,1853,9265,11118,438,213,10893,0.9797625472207232,9782,0.0,9782,523,9259,517,True,5,False,enhanced_local,CAR-CN
standard,ca_grqc,ca-GrQc,scientific_collaboration,3,car_ra,0.7646751312495375,0.8587696211187703,0.7312466270912035,0.7312466270912035,0.7312466270912035,0.7711076113954431,1853,1853,9265,11118,1129,109,10098,0.908256880733945,9782,0.0,9782,523,9259,517,True,5,False,enhanced_local,CAR-RA
standard,ca_grqc,ca-GrQc,scientific_collaboration,3,cn,0.9469354561326352,0.971527684136429,0.9454937938478144,0.9454937938478144,0.9454937938478144,0.953877596408934,1853,1853,9265,11118,38,37,11117,0.9999100557654256,9305,0.0,9305,102,9203,40,True,5,False,local_similarity,CN
standard,ca_grqc,ca-GrQc,scientific_collaboration,3,fl,0.9715261063241364,0.9863081964195692,0.9552077711818672,0.9552077711818672,0.9552077711818672,0.9617846639291786,1853,1853,9265,11118,901,188,10405,0.935869760748336,9043,8.686497361042103e-08,20,10,10,3,True,5,False,quasi_local_path,FL-l3
standard,ca_grqc,ca-GrQc,scientific_collaboration,3,fsw,0.9492235916587228,0.9715022589933796,0.9454937938478144,0.9454937938478144,0.9454937938478144,0.9538485985917962,1853,1853,9265,11118,905,273,10486,0.9431552437488756,9305,0.0,9305,102,9203,40,True,5,False,enhanced_local,FSW
standard,ca_grqc,ca-GrQc,scientific_collaboration,3,hdi,0.94763300469316,0.9712819660013704,0.9454937938478144,0.9454937938478144,0.9454937938478144,0.9536445178126586,1853,1853,9265,11118,376,230,10972,0.9868681417521136,9305,0.0,9305,102,9203,40,True,5,False,local_similarity,HDI
standard,ca_grqc,ca-GrQc,scientific_collaboration,3,hpi,0.9364511274977342,0.9707514746146108,0.9454937938478144,0.9454937938478144,0.9454937938478144,0.951857427312146,1853,1853,9265,11118,222,142,11038,0.9928044612340348,9305,0.0,9305,102,9203,40,True,5,False,local_similarity,HPI
standard,ca_grqc,ca-GrQc,scientific_collaboration,3,ia1,0.9518658655853312,0.9719074594690308,0.9454937938478144,0.9454937938478144,0.9454937938478144,0.9541296607778582,1853,1853,9265,11118,1244,151,10025,0.9016909516100018,9305,0.0,9305,102,9203,40,True,5,False,enhanced_local,IA1
standard,ca_grqc,ca-GrQc,scientific_collaboration,3,ia2,0.951523358197742,0.971854919998171,0.9454937938478144,0.9454937938478144,0.9454937938478144,0.95408952837554,1853,1853,9265,11118,1238,150,10030,0.9021406727828746,9305,0.0,9305,102,9203,40,True,5,False,enhanced_local,IA2
standard,ca_grqc,ca-GrQc,scientific_collaboration,3,ja,0.9478619478650568,0.9713098666738116,0.9454937938478144,0.9454937938478144,0.9454937938478144,0.953663079698586,1853,1853,9265,11118,460,232,10890,0.9794927145169996,9305,0.0,9305,102,9203,40,True,5,False,local_similarity,JA
standard,ca_grqc,ca-GrQc,scientific_collaboration,3,lit,0.895167875233851,0.9385047627729308,0.8801942795466811,0.8801942795466811,0.8801942795466811,0.8987746284860935,1853,1853,9265,11118,1577,59,9600,0.8634646519158122,9429,0.0,9429,224,9205,164,True,5,False,enhanced_local,LIT-i2
standard,ca_grqc,ca-GrQc,scientific_collaboration,3,llhn,0.9253351238560192,0.9696843175795496,0.9454937938478144,0.9454937938478144,0.9454937938478144,0.9499015741036232,1853,1853,9265,11118,720,245,10643,0.9572764885770824,9305,0.0,9305,102,9203,40,True,5,False,local_similarity,LLHN
standard,ca_grqc,ca-GrQc,scientific_collaboration,3,lnb_aa,0.9515758434136492,0.9718458333491088,0.9454937938478144,0.9454937938478144,0.9454937938478144,0.9540878938017672,1853,1853,9265,11118,1453,168,9833,0.8844216585716855,9305,0.0,9305,102,9203,40,True,5,False,local_bayesian,LNB-AA
standard,ca_grqc,ca-GrQc,scientific_collaboration,3,lnb_cn,0.9500230516750668,0.9715763210080122,0.9454937938478144,0.9454937938478144,0.9454937938478144,0.9539053550004296,1853,1853,9265,11118,1446,167,9839,0.884961323979133,9305,0.0,9305,102,9203,40,True,5,False,local_bayesian,LNB-CN
standard,ca_grqc,ca-GrQc,scientific_collaboration,3,lnb_ra,0.9516863544037863,0.9718758891883144,0.9454937938478144,0.9454937938478144,0.9454937938478144,0.9540989181840164,1853,1853,9265,11118,1453,168,9833,0.8844216585716855,9305,0.0,9305,102,9203,40,True,5,False,local_bayesian,LNB-RA
standard,ca_grqc,ca-GrQc,scientific_collaboration,3,lpi,0.9715261063241364,0.9863081964195692,0.9552077711818672,0.9552077711818672,0.9552077711818672,0.9617846639291786,1853,1853,9265,11118,901,188,10405,0.935869760748336,9043,0.003,20,10,10,3,True,5,False,quasi_local_path,LPI-beta-0.001
standard,ca_grqc,ca-GrQc,scientific_collaboration,3,lrw,0.9255179100424102,0.9571145986628062,0.908256880733945,0.908256880733945,0.908256880733945,0.9223326657897586,1853,1853,9265,11118,1776,96,9438,0.8488936859147329,9151,3.631844301382062e-07,1,1,0,1,False,5,False,quasi_local_walk,LRW-l3
standard,ca_grqc,ca-GrQc,scientific_collaboration,3,ora_cni,0.968943420539164,0.9858768135801136,0.94225580140313,0.94225580140313,0.94225580140313,0.9506202087622532,1853,1853,9265,11118,1905,86,9299,0.8363914373088684,9043,0.1166833333333333,1,0,1,1,False,5,False,quasi_local_path,ORA-CNI-beta-0.001
standard,ca_grqc,ca-GrQc,scientific_collaboration,3,pa,0.6583915650965377,0.8400910237595486,0.5828386400431732,0.5828386400431732,0.5828386400431732,0.6290345221400803,1853,1853,9265,11118,554,368,10932,0.9832703723691312,825,80.0,39,7,32,8,True,5,False,degree_based,PA
standard,ca_grqc,ca-GrQc,scientific_collaboration,3,pfp,0.963073286157061,0.985736465625527,0.9535887749595252,0.9535887749595252,0.9535887749595252,0.9587681062268708,1853,1853,9265,11118,1926,71,9263,0.8331534448641842,9043,0.0037933447024356,1,1,0,1,False,5,False,quasi_local_walk,PFP-l3
standard,ca_grqc,ca-GrQc,scientific_collaboration,3,ra,0.9513932448205682,0.9718658123274956,0.9454937938478144,0.9454937938478144,0.9454937938478144,0.954062918746528,1853,1853,9265,11118,1209,164,10073,0.9060082748695808,9305,0.0,9305,102,9203,40,True,5,False,local_similarity,RA
standard,ca_grqc,ca-GrQc,scientific_collaboration,3,ra_cni,0.9685592436809054,0.9856195915143512,0.94225580140313,0.94225580140313,0.94225580140313,0.950621081789122,1853,1853,9265,11118,1753,113,9478,0.8524914552977154,9046,0.1166666666666666,1,0,1,1,False,5,False,enhanced_local,RA-CNI
standard,ca_grqc,ca-GrQc,scientific_collaboration,3,sa,0.9480995856731772,0.9713410000964,0.9454937938478144,0.9454937938478144,0.9454937938478144,0.9536766663556538,1853,1853,9265,11118,875,277,10520,0.9462133477244108,9305,0.0,9305,102,9203,40,True,5,False,local_similarity,SA
standard,ca_grqc,ca-GrQc,scientific_collaboration,3,so,0.9478619478650568,0.9713098666738116,0.9454937938478144,0.9454937938478144,0.9454937938478144,0.953663079698586,1853,1853,9265,11118,460,232,10890,0.9794927145169996,9305,0.0,9305,102,9203,40,True,5,False,local_similarity,SO
standard,ca_grqc,ca-GrQc,scientific_collaboration,3,srw,0.976179386578045,0.9870360603085558,0.957906098219104,0.957906098219104,0.957906098219104,0.9644677260149804,1853,1853,9265,11118,1874,88,9332,0.8393595970498291,9043,2.3218970405416945e-06,1,0,1,1,False,5,False,quasi_local_walk,SRW-l3
standard,ca_grqc,ca-GrQc,scientific_collaboration,3,aa,0.9459182386695124,0.9719915109728569,0.944954128440367,0.944954128440367,0.944954128440367,0.9534715885298256,1853,1853,18530,20383,1242,167,19308,0.9472599715449148,18534,0.0,18534,102,18432,4,True,10,False,local_similarity,AA
standard,ca_grqc,ca-GrQc,scientific_collaboration,3,car_aa,0.7427679063715452,0.858770800635716,0.7242309767943875,0.7242309767943875,0.7242309767943875,0.7650628587468624,1853,1853,18530,20383,1144,109,19348,0.94922239120836,19044,0.0,19044,523,18521,514,True,10,False,enhanced_local,CAR-AA
standard,ca_grqc,ca-GrQc,scientific_collaboration,3,car_cn,0.7422142666653713,0.858753515615785,0.7242309767943875,0.7242309767943875,0.7242309767943875,0.7650109891160618,1853,1853,18530,20383,438,213,20158,0.9889613893931216,19044,0.0,19044,523,18521,514,True,10,False,enhanced_local,CAR-CN
standard,ca_grqc,ca-GrQc,scientific_collaboration,3,car_ra,0.7430086277487118,0.8587829744155493,0.7242309767943875,0.7242309767943875,0.7242309767943875,0.7650952627398534,1853,1853,18530,20383,1132,109,19360,0.9498111171073934,19044,0.0,19044,523,18521,514,True,10,False,enhanced_local,CAR-RA
standard,ca_grqc,ca-GrQc,scientific_collaboration,3,cn,0.93831953893377,0.9716937484728166,0.944954128440367,0.944954128440367,0.944954128440367,0.9530519912197892,1853,1853,18530,20383,38,37,20382,0.9999509395084138,18534,0.0,18534,102,18432,4,True,10,False,local_similarity,CN
standard,ca_grqc,ca-GrQc,scientific_collaboration,3,fl,0.9642522621734944,0.9865846111190878,0.9454937938478144,0.9454937938478144,0.9454937938478144,0.9532293284361136,1853,1853,18530,20383,907,189,19665,0.9647745670411616,18065,5.501448328659997e-07,1,0,1,1,False,10,False,quasi_local_path,FL-l3
standard,ca_grqc,ca-GrQc,scientific_collaboration,3,fsw,0.9421460831106212,0.9716929621281865,0.944954128440367,0.944954128440367,0.944954128440367,0.9530690747605344,1853,1853,18530,20383,912,275,19746,0.968748466859638,18534,0.0,18534,102,18432,4,True,10,False,enhanced_local,FSW
standard,ca_grqc,ca-GrQc,scientific_collaboration,3,hdi,0.9390760521327892,0.9714806636399193,0.944954128440367,0.944954128440367,0.944954128440367,0.952678880232452,1853,1853,18530,20383,376,230,20237,0.9928371682284256,18534,0.0,18534,102,18432,4,True,10,False,local_similarity,HDI
standard,ca_grqc,ca-GrQc,scientific_collaboration,3,hpi,0.921622497176271,0.9710869525330345,0.944954128440367,0.944954128440367,0.944954128440367,0.9495192699963496,1853,1853,18530,20383,223,142,20302,0.9960261001815238,18534,0.0,18534,102,18432,4,True,10,False,local_similarity,HPI
standard,ca_grqc,ca-GrQc,scientific_collaboration,3,ia1,0.946280884244843,0.9720146644536404,0.944954128440367,0.944954128440367,0.944954128440367,0.9535183248692718,1853,1853,18530,20383,1249,153,19287,0.9462297012216062,18534,0.0,18534,102,18432,4,True,10,False,enhanced_local,IA1
standard,ca_grqc,ca-GrQc,scientific_collaboration,3,ia2,0.9457613242648568,0.9719748521162426,0.944954128440367,0.944954128440367,0.944954128440367,0.9534571847373812,1853,1853,18530,20383,1243,152,19292,0.9464750036795369,18534,0.0,18534,102,18432,4,True,10,False,enhanced_local,IA2
standard,ca_grqc,ca-GrQc,scientific_collaboration,3,ja,0.9397049951710262,0.9715212623219474,0.944954128440367,0.944954128440367,0.944954128440367,0.9527424479971612,1853,1853,18530,20383,462,234,20155,0.9888142079183634,18534,0.0,18534,102,18432,4,True,10,False,local_similarity,JA
standard,ca_grqc,ca-GrQc,scientific_collaboration,3,lit,0.883838614841657,0.9387407680956102,0.8796546141392336,0.8796546141392336,0.8796546141392336,0.8980610023993334,1853,1853,18530,20383,1606,62,18839,0.924250600991022,18661,0.0,18661,224,18437,131,True,10,False,enhanced_local,LIT-i2
standard,ca_grqc,ca-GrQc,scientific_collaboration,3,llhn,0.9037737973175468,0.97021274117117,0.944954128440367,0.944954128440367,0.944954128440367,0.946491854720949,1853,1853,18530,20383,724,247,19906,0.976598145513418,18534,0.0,18534,102,18432,4,True,10,False,local_similarity,LLHN
standard,ca_grqc,ca-GrQc,scientific_collaboration,3,lnb_aa,0.9456116434750216,0.9719535771254092,0.944954128440367,0.944954128440367,0.944954128440367,0.9534255096275188,1853,1853,18530,20383,1467,179,19095,0.93681008683707,18534,0.0,18534,102,18432,4,True,10,False,local_bayesian,LNB-AA
standard,ca_grqc,ca-GrQc,scientific_collaboration,3,lnb_cn,0.9431565778152826,0.9717495061318864,0.944954128440367,0.944954128440367,0.944954128440367,0.9531299829492342,1853,1853,18530,20383,1460,177,19100,0.9370553892950008,18534,0.0,18534,102,18432,4,True,10,False,local_bayesian,LNB-CN
standard,ca_grqc,ca-GrQc,scientific_collaboration,3,lnb_ra,0.9461448230430692,0.971998602636468,0.944954128440367,0.944954128440367,0.944954128440367,0.953489279315371,1853,1853,18530,20383,1467,179,19095,0.93681008683707,18534,0.0,18534,102,18432,4,True,10,False,local_bayesian,LNB-RA
standard,ca_grqc,ca-GrQc,scientific_collaboration,3,lpi,0.9642522621734944,0.9865846111190878,0.9454937938478144,0.9454937938478144,0.9454937938478144,0.9532293284361136,1853,1853,18530,20383,907,189,19665,0.9647745670411616,18065,0.019,1,0,1,1,False,10,False,quasi_local_path,LPI-beta-0.001
standard,ca_grqc,ca-GrQc,scientific_collaboration,3,lrw,0.9142603547814048,0.9573042242142306,0.8980032379924446,0.8980032379924446,0.8980032379924446,0.913299249117692,1853,1853,18530,20383,1931,142,18594,0.9122307805524212,18176,7.249931616774039e-07,1,0,1,1,False,10,False,quasi_local_walk,LRW-l3
standard,ca_grqc,ca-GrQc,scientific_collaboration,3,ora_cni,0.95942670795893,0.9862146068466152,0.9293038316243928,0.9293038316243928,0.9293038316243928,0.939037456554817,1853,1853,18530,20383,2081,130,18432,0.9042829809154688,18065,0.1666666666666666,4,3,1,3,True,10,False,quasi_local_path,ORA-CNI-beta-0.001
standard,ca_grqc,ca-GrQc,scientific_collaboration,3,pa,0.5593679502582851,0.8415234087515497,0.5180787911494873,0.5180787911494873,0.5180787911494873,0.5680930949173583,1853,1853,18530,20383,586,407,20204,0.9912181720060836,1600,117.0,14,1,13,7,True,10,False,degree_based,PA
standard,ca_grqc,ca-GrQc,scientific_collaboration,3,pfp,0.9526645075896242,0.9861292010825926,0.935240151106314,0.935240151106314,0.935240151106314,0.9425128405089488,1853,1853,18530,20383,2158,79,18304,0.8980032379924446,18065,0.0055545343137254,1,1,0,1,False,10,False,quasi_local_walk,PFP-l3
standard,ca_grqc,ca-GrQc,scientific_collaboration,3,ra,0.9459120029887428,0.9720014276523624,0.944954128440367,0.944954128440367,0.944954128440367,0.9534644386175052,1853,1853,18530,20383,1214,166,19335,0.9485846048177404,18534,0.0,18534,102,18432,4,True,10,False,local_similarity,RA
standard,ca_grqc,ca-GrQc,scientific_collaboration,3,ra_cni,0.959057254944584,0.9859578362009186,0.9293038316243928,0.9293038316243928,0.9293038316243928,0.939038886603086,1853,1853,18530,20383,1901,162,18644,0.9146838051317274,18071,0.1666666666666666,8,6,2,7,True,10,False,enhanced_local,RA-CNI
standard,ca_grqc,ca-GrQc,scientific_collaboration,3,sa,0.9401340511743856,0.9715494979189534,0.944954128440367,0.944954128440367,0.944954128440367,0.9527728419342604,1853,1853,18530,20383,881,281,19783,0.9705637050483246,18534,0.0,18534,102,18432,4,True,10,False,local_similarity,SA
standard,ca_grqc,ca-GrQc,scientific_collaboration,3,so,0.9397049951710262,0.9715212623219474,0.944954128440367,0.944954128440367,0.944954128440367,0.9527424479971612,1853,1853,18530,20383,462,234,20155,0.9888142079183634,18534,0.0,18534,102,18432,4,True,10,False,local_similarity,SO
standard,ca_grqc,ca-GrQc,scientific_collaboration,3,srw,0.9718124283366164,0.98717059805004,0.9487317862924988,0.9487317862924988,0.9487317862924988,0.956618627154434,1853,1853,18530,20383,2047,129,18465,0.905901977137811,18065,3.871197676163828e-06,1,1,0,1,False,10,False,quasi_local_walk,SRW-l3
standard,ca_grqc,ca-GrQc,scientific_collaboration,4,aa,0.9622695616875409,0.9621503205519324,0.9325418240690772,0.9325418240690772,0.9325418240690772,0.9433528190890724,1853,1853,1853,3706,1217,131,2620,0.7069616837560713,1973,0.0,1973,136,1837,120,True,1,True,local_similarity,AA
standard,ca_grqc,ca-GrQc,scientific_collaboration,4,car_aa,0.8439384912276534,0.8438389461351015,0.7625472207231516,0.7625472207231516,0.7625472207231516,0.797219364613858,1853,1853,1853,3706,1117,82,2671,0.7207231516459794,2427,0.0,2427,577,1850,574,True,1,True,enhanced_local,CAR-AA
standard,ca_grqc,ca-GrQc,scientific_collaboration,4,car_cn,0.8438259003189041,0.8437959884191821,0.7625472207231516,0.7625472207231516,0.7625472207231516,0.7972113473606474,1853,1853,1853,3706,455,197,3448,0.9303831624392876,2427,0.0,2427,577,1850,574,True,1,True,enhanced_local,CAR-CN
standard,ca_grqc,ca-GrQc,scientific_collaboration,4,car_ra,0.8440805843245014,0.8439175805981403,0.7625472207231516,0.7625472207231516,0.7625472207231516,0.7972379608992316,1853,1853,1853,3706,1099,85,2692,0.726389638424177,2427,0.0,2427,577,1850,574,True,1,True,enhanced_local,CAR-RA
standard,ca_grqc,ca-GrQc,scientific_collaboration,4,cn,0.9610475099894508,0.961740256389123,0.9325418240690772,0.9325418240690772,0.9325418240690772,0.9432937266966342,1853,1853,1853,3706,39,39,3706,1.0,1973,0.0,1973,136,1837,120,True,1,True,local_similarity,CN
standard,ca_grqc,ca-GrQc,scientific_collaboration,4,fl,0.978656571367458,0.97869442909778,0.9627630868861304,0.9627630868861304,0.9627630868861304,0.9685797600719002,1853,1853,1853,3706,899,153,2960,0.7987048030221263,1863,0.0,1863,69,1794,10,True,1,True,quasi_local_path,FL-l3
standard,ca_grqc,ca-GrQc,scientific_collaboration,4,fsw,0.9617647571233784,0.9618354914610254,0.9325418240690772,0.9325418240690772,0.9325418240690772,0.9432986110106604,1853,1853,1853,3706,908,246,3044,0.8213707501349163,1973,0.0,1973,136,1837,120,True,1,True,enhanced_local,FSW
standard,ca_grqc,ca-GrQc,scientific_collaboration,4,hdi,0.9603737231651068,0.961167389763948,0.9325418240690772,0.9325418240690772,0.9325418240690772,0.9430995433624876,1853,1853,1853,3706,362,223,3567,0.9624932541824068,1973,0.0,1973,136,1837,120,True,1,True,local_similarity,HDI
standard,ca_grqc,ca-GrQc,scientific_collaboration,4,hpi,0.9544164217946552,0.9595776630361816,0.9325418240690772,0.9325418240690772,0.9325418240690772,0.9419919411724174,1853,1853,1853,3706,214,146,3638,0.981651376146789,1973,0.0,1973,136,1837,120,True,1,True,local_similarity,HPI
standard,ca_grqc,ca-GrQc,scientific_collaboration,4,ia1,0.962295404626632,0.962173182793964,0.9325418240690772,0.9325418240690772,0.9325418240690772,0.943355871958868,1853,1853,1853,3706,1219,124,2611,0.704533189422558,1973,0.0,1973,136,1837,120,True,1,True,enhanced_local,IA1
standard,ca_grqc,ca-GrQc,scientific_collaboration,4,ia2,0.9621846727829364,0.9620837724971014,0.9325418240690772,0.9325418240690772,0.9325418240690772,0.9433432716415504,1853,1853,1853,3706,1219,114,2601,0.7018348623853211,1973,0.0,1973,136,1837,120,True,1,True,enhanced_local,IA2
standard,ca_grqc,ca-GrQc,scientific_collaboration,4,ja,0.9602455396004952,0.961050311785646,0.9325418240690772,0.9325418240690772,0.9325418240690772,0.943090894960326,1853,1853,1853,3706,440,224,3490,0.9417161359956828,1973,0.0,1973,136,1837,120,True,1,True,local_similarity,JA
standard,ca_grqc,ca-GrQc,scientific_collaboration,4,lit,0.9242659419967416,0.923977074850398,0.868861305990286,0.868861305990286,0.868861305990286,0.8893463006883553,1853,1853,1853,3706,1500,52,2258,0.609282245008095,2113,0.0,2113,276,1837,260,True,1,True,enhanced_local,LIT-i2
standard,ca_grqc,ca-GrQc,scientific_collaboration,4,llhn,0.9510993295852984,0.9586213805940048,0.9325418240690772,0.9325418240690772,0.9325418240690772,0.9407020687239588,1853,1853,1853,3706,697,235,3244,0.8753372908796546,1973,0.0,1973,136,1837,120,True,1,True,local_similarity,LLHN
standard,ca_grqc,ca-GrQc,scientific_collaboration,4,lnb_aa,0.9621982090898438,0.9620780933414376,0.9325418240690772,0.9325418240690772,0.9325418240690772,0.943341918738833,1853,1853,1853,3706,1427,138,2417,0.652185644900162,1973,0.0,1973,136,1837,120,True,1,True,local_bayesian,LNB-AA
standard,ca_grqc,ca-GrQc,scientific_collaboration,4,lnb_cn,0.9618178844180788,0.9618346177447694,0.9325418240690772,0.9325418240690772,0.9325418240690772,0.9432937305606808,1853,1853,1853,3706,1418,136,2424,0.6540744738262277,1973,0.0,1973,136,1837,120,True,1,True,local_bayesian,LNB-CN
standard,ca_grqc,ca-GrQc,scientific_collaboration,4,lnb_ra,0.9623335442754496,0.962172163458332,0.9325418240690772,0.9325418240690772,0.9325418240690772,0.943358613502156,1853,1853,1853,3706,1427,138,2417,0.652185644900162,1973,0.0,1973,136,1837,120,True,1,True,local_bayesian,LNB-RA
standard,ca_grqc,ca-GrQc,scientific_collaboration,4,lpi,0.978656571367458,0.97869442909778,0.9627630868861304,0.9627630868861304,0.9627630868861304,0.9685797600719002,1853,1853,1853,3706,899,153,2960,0.7987048030221263,1863,0.0,1863,69,1794,10,True,1,True,quasi_local_path,LPI-beta-0.001
standard,ca_grqc,ca-GrQc,scientific_collaboration,4,lrw,0.9462390352737606,0.9449593707379028,0.9007015650296816,0.9007015650296816,0.9007015650296816,0.9163757990929574,1853,1853,1853,3706,1576,67,2197,0.5928224500809498,1986,0.0,1986,192,1794,133,True,1,True,quasi_local_walk,LRW-l3
standard,ca_grqc,ca-GrQc,scientific_collaboration,4,ora_cni,0.9784653731956936,0.9785320634935428,0.9627630868861304,0.9627630868861304,0.9627630868861304,0.9685203167807148,1853,1853,1853,3706,1685,54,2075,0.5599028602266595,1863,0.0,1863,69,1794,10,True,1,True,quasi_local_path,ORA-CNI-beta-0.001
standard,ca_grqc,ca-GrQc,scientific_collaboration,4,pa,0.8655570508299426,0.8435726082964018,0.7641662169454938,0.7641662169454938,0.7641662169454938,0.793316838546253,1853,1853,1853,3706,484,314,3536,0.9541284403669724,218,30.0,49,23,26,48,True,1,True,degree_based,PA
standard,ca_grqc,ca-GrQc,scientific_collaboration,4,pfp,0.975109884658752,0.9773771562225052,0.9627630868861304,0.9627630868861304,0.9627630868861304,0.9679724543956194,1853,1853,1853,3706,1690,59,2075,0.5599028602266595,1863,0.0,1863,69,1794,10,True,1,True,quasi_local_walk,PFP-l3
standard,ca_grqc,ca-GrQc,scientific_collaboration,4,ra,0.9623810778417063,0.9622307024474832,0.9325418240690772,0.9325418240690772,0.9325418240690772,0.9433666129807476,1853,1853,1853,3706,1177,129,2658,0.7172153264975715,1973,0.0,1973,136,1837,120,True,1,True,local_similarity,RA
standard,ca_grqc,ca-GrQc,scientific_collaboration,4,ra_cni,0.978212147153286,0.9783024217375944,0.9622234214786832,0.9622234214786832,0.9622234214786832,0.9680698087929644,1853,1853,1853,3706,1547,84,2243,0.6052347544522396,1867,0.0,1867,70,1797,14,True,1,True,enhanced_local,RA-CNI
standard,ca_grqc,ca-GrQc,scientific_collaboration,4,sa,0.9600241298762602,0.9608987220152324,0.9325418240690772,0.9325418240690772,0.9325418240690772,0.9430566649916642,1853,1853,1853,3706,858,253,3101,0.8367512142471668,1973,0.0,1973,136,1837,120,True,1,True,local_similarity,SA
standard,ca_grqc,ca-GrQc,scientific_collaboration,4,so,0.9602455396004952,0.961050311785646,0.9325418240690772,0.9325418240690772,0.9325418240690772,0.943090894960326,1853,1853,1853,3706,440,224,3490,0.9417161359956828,1973,0.0,1973,136,1837,120,True,1,True,local_similarity,SO
standard,ca_grqc,ca-GrQc,scientific_collaboration,4,srw,0.9799015561095394,0.9794925688976236,0.9627630868861304,0.9627630868861304,0.9627630868861304,0.9687040253926908,1853,1853,1853,3706,1660,64,2110,0.5693470048569886,1863,0.0,1863,69,1794,10,True,1,True,quasi_local_walk,SRW-l3
standard,ca_grqc,ca-GrQc,scientific_collaboration,4,aa,0.9363384598907732,0.9626623474018154,0.926605504587156,0.926605504587156,0.926605504587156,0.9382144480306288,1853,1853,9265,11118,1227,133,10024,0.9016010073754273,9345,0.0,9345,136,9209,80,True,5,False,local_similarity,AA
standard,ca_grqc,ca-GrQc,scientific_collaboration,4,car_aa,0.7398671034267773,0.8441114582353436,0.7069616837560713,0.7069616837560713,0.7069616837560713,0.749663356019486,1853,1853,9265,11118,1120,83,10081,0.9067278287461774,9835,0.0,9835,577,9258,570,True,5,False,enhanced_local,CAR-AA
standard,ca_grqc,ca-GrQc,scientific_collaboration,4,car_cn,0.739538940857787,0.8440877514009312,0.7069616837560713,0.7069616837560713,0.7069616837560713,0.7496462670027864,1853,1853,9265,11118,455,197,10860,0.9767943874797624,9835,0.0,9835,577,9258,570,True,5,False,enhanced_local,CAR-CN
standard,ca_grqc,ca-GrQc,scientific_collaboration,4,car_ra,0.7401351820349906,0.8441424751624311,0.7069616837560713,0.7069616837560713,0.7069616837560713,0.7496982500735319,1853,1853,9265,11118,1101,86,10103,0.9087066019068176,9835,0.0,9835,577,9258,570,True,5,False,enhanced_local,CAR-RA
standard,ca_grqc,ca-GrQc,scientific_collaboration,4,cn,0.9317741023036488,0.9623184818073344,0.926605504587156,0.926605504587156,0.926605504587156,0.9379771904550516,1853,1853,9265,11118,39,39,11118,1.0,9345,0.0,9345,136,9209,80,True,5,False,local_similarity,CN
standard,ca_grqc,ca-GrQc,scientific_collaboration,4,fl,0.9597332575750358,0.97933661054593,0.94225580140313,0.94225580140313,0.94225580140313,0.9509085592931902,1853,1853,9265,11118,908,155,10365,0.9322719913653534,9059,5.790998240694735e-08,50,14,36,25,True,5,False,quasi_local_path,FL-l3
standard,ca_grqc,ca-GrQc,scientific_collaboration,4,fsw,0.9336993865253812,0.9622829798034662,0.926605504587156,0.926605504587156,0.926605504587156,0.9379249138646676,1853,1853,9265,11118,913,254,10459,0.9407267494153624,9345,0.0,9345,136,9209,80,True,5,False,enhanced_local,FSW
standard,ca_grqc,ca-GrQc,scientific_collaboration,4,hdi,0.9281828485360966,0.9618545967231564,0.926605504587156,0.926605504587156,0.926605504587156,0.9368729223748546,1853,1853,9265,11118,364,226,10980,0.9875876956287102,9345,0.0,9345,136,9209,80,True,5,False,local_similarity,HDI
standard,ca_grqc,ca-GrQc,scientific_collaboration,4,hpi,0.9191591832344276,0.9613957500693876,0.926605504587156,0.926605504587156,0.926605504587156,0.9354711607228732,1853,1853,9265,11118,214,146,11050,0.9938837920489296,9345,0.0,9345,136,9209,80,True,5,False,local_similarity,HPI
standard,ca_grqc,ca-GrQc,scientific_collaboration,4,ia1,0.9363831059615676,0.9626708515733736,0.926605504587156,0.926605504587156,0.926605504587156,0.9382201568244722,1853,1853,9265,11118,1228,126,10016,0.9008814534988308,9345,0.0,9345,136,9209,80,True,5,False,enhanced_local,IA1
standard,ca_grqc,ca-GrQc,scientific_collaboration,4,ia2,0.9360814406389566,0.9626232340374224,0.926605504587156,0.926605504587156,0.926605504587156,0.938185205320472,1853,1853,9265,11118,1228,116,10006,0.8999820111530851,9345,0.0,9345,136,9209,80,True,5,False,enhanced_local,IA2
standard,ca_grqc,ca-GrQc,scientific_collaboration,4,ja,0.928248257864512,0.9618574508629256,0.926605504587156,0.926605504587156,0.926605504587156,0.9368833583141516,1853,1853,9265,11118,442,228,10904,0.9807519338010432,9345,0.0,9345,136,9209,80,True,5,False,local_similarity,JA
standard,ca_grqc,ca-GrQc,scientific_collaboration,4,lit,0.8719322147646598,0.9245011589846136,0.8542903399892067,0.8542903399892067,0.8542903399892067,0.8767405755372245,1853,1853,9265,11118,1529,55,9644,0.867422198237093,9488,0.0,9488,276,9212,223,True,5,False,enhanced_local,LIT-i2
standard,ca_grqc,ca-GrQc,scientific_collaboration,4,llhn,0.903200973394291,0.9602472791747692,0.926605504587156,0.926605504587156,0.926605504587156,0.930732242179554,1853,1853,9265,11118,701,239,10656,0.9584457636265517,9345,0.0,9345,136,9209,80,True,5,False,local_similarity,LLHN
standard,ca_grqc,ca-GrQc,scientific_collaboration,4,lnb_aa,0.9361746416853972,0.9626257386906896,0.926605504587156,0.926605504587156,0.926605504587156,0.938188959708192,1853,1853,9265,11118,1448,145,9815,0.8828026623493435,9345,0.0,9345,136,9209,80,True,5,False,local_bayesian,LNB-AA
standard,ca_grqc,ca-GrQc,scientific_collaboration,4,lnb_cn,0.9347446873896392,0.9624123189332274,0.926605504587156,0.926605504587156,0.926605504587156,0.9380138147833144,1853,1853,9265,11118,1439,143,9822,0.8834322719913653,9345,0.0,9345,136,9209,80,True,5,False,local_bayesian,LNB-CN
standard,ca_grqc,ca-GrQc,scientific_collaboration,4,lnb_ra,0.9364776617385908,0.9626721621477576,0.926605504587156,0.926605504587156,0.926605504587156,0.9382255997364002,1853,1853,9265,11118,1448,145,9815,0.8828026623493435,9345,0.0,9345,136,9209,80,True,5,False,local_bayesian,LNB-RA
standard,ca_grqc,ca-GrQc,scientific_collaboration,4,lpi,0.9597332575750358,0.97933661054593,0.94225580140313,0.94225580140313,0.94225580140313,0.9509085592931902,1853,1853,9265,11118,908,155,10365,0.9322719913653534,9059,0.002,50,14,36,25,True,5,False,quasi_local_path,LPI-beta-0.001
standard,ca_grqc,ca-GrQc,scientific_collaboration,4,lrw,0.9060433657474948,0.9453579892177588,0.8909875876956287,0.8909875876956287,0.8909875876956286,0.9075900227003518,1853,1853,9265,11118,1732,97,9483,0.8529411764705882,9185,2.3598257564028162e-07,1,0,1,1,False,5,False,quasi_local_walk,LRW-l3
standard,ca_grqc,ca-GrQc,scientific_collaboration,4,ora_cni,0.9570480421478522,0.9788487565124624,0.9357798165137616,0.9357798165137616,0.9357798165137616,0.9450380477102528,1853,1853,9265,11118,1857,86,9347,0.8407087605684476,9059,0.0873095238095238,3,1,2,3,False,5,False,quasi_local_path,ORA-CNI-beta-0.001
standard,ca_grqc,ca-GrQc,scientific_collaboration,4,pa,0.6601411826158092,0.8408303042076136,0.5893146249325418,0.5893146249325418,0.5893146249325418,0.6343457839208111,1853,1853,9265,11118,527,372,10963,0.9860586436409426,855,78.0,36,12,24,4,True,5,False,degree_based,PA
standard,ca_grqc,ca-GrQc,scientific_collaboration,4,pfp,0.9519857136316768,0.9785738271305788,0.9373988127361036,0.9373988127361036,0.9373988127361036,0.9455748382686608,1853,1853,9265,11118,1892,68,9294,0.8359417161359957,9059,0.0024621212121212,1,0,1,1,False,5,False,quasi_local_walk,PFP-l3
standard,ca_grqc,ca-GrQc,scientific_collaboration,4,ra,0.9365286131178224,0.9626912965337636,0.926605504587156,0.926605504587156,0.926605504587156,0.9382380453045516,1853,1853,9265,11118,1186,131,10063,0.9051088325238352,9345,0.0,9345,136,9209,80,True,5,False,local_similarity,RA
standard,ca_grqc,ca-GrQc,scientific_collaboration,4,ra_cni,0.9566574335679452,0.9785989319110008,0.9357798165137616,0.9357798165137616,0.9357798165137616,0.9450389854169032,1853,1853,9265,11118,1701,117,9534,0.857528332433891,9064,0.0873015873015873,3,1,2,3,False,5,False,enhanced_local,RA-CNI
standard,ca_grqc,ca-GrQc,scientific_collaboration,4,sa,0.928244334226862,0.9618582954553068,0.926605504587156,0.926605504587156,0.926605504587156,0.936867860483074,1853,1853,9265,11118,866,256,10508,0.9451340169095162,9345,0.0,9345,136,9209,80,True,5,False,local_similarity,SA
standard,ca_grqc,ca-GrQc,scientific_collaboration,4,so,0.928248257864512,0.9618574508629256,0.926605504587156,0.926605504587156,0.926605504587156,0.9368833583141516,1853,1853,9265,11118,442,228,10904,0.9807519338010432,9345,0.0,9345,136,9209,80,True,5,False,local_similarity,SO
standard,ca_grqc,ca-GrQc,scientific_collaboration,4,srw,0.9643771939198496,0.9799739283069212,0.947652455477604,0.947652455477604,0.947652455477604,0.9558122136463232,1853,1853,9265,11118,1831,94,9381,0.8437668645439828,9059,1.029022552058251e-06,1,0,1,1,False,5,False,quasi_local_walk,SRW-l3
standard,ca_grqc,ca-GrQc,scientific_collaboration,4,aa,0.928649089519184,0.96270606233849,0.926605504587156,0.926605504587156,0.926605504587156,0.9379667165543504,1853,1853,18530,20383,1236,139,19286,0.94618064073002,18560,0.0,18560,136,18424,30,True,10,False,local_similarity,AA
standard,ca_grqc,ca-GrQc,scientific_collaboration,4,car_aa,0.7155722302319169,0.8441188702615818,0.6961683756071236,0.6961683756071236,0.6961683756071236,0.7403854241186161,1853,1853,18530,20383,1124,85,19344,0.9490261492420154,19094,0.0,19094,577,18517,564,True,10,False,enhanced_local,CAR-AA
standard,ca_grqc,ca-GrQc,scientific_collaboration,4,car_cn,0.7149056710126493,0.8440939402244111,0.6961683756071236,0.6961683756071236,0.6961683756071236,0.7403391404294984,1853,1853,18530,20383,455,197,20125,0.9873423931707797,19094,0.0,19094,577,18517,564,True,10,False,enhanced_local,CAR-CN
standard,ca_grqc,ca-GrQc,scientific_collaboration,4,car_ra,0.7161811015563551,0.8441518239263701,0.6961683756071236,0.6961683756071236,0.6961683756071236,0.7404661865378204,1853,1853,18530,20383,1105,88,19366,0.9501054800569102,19094,0.0,19094,577,18517,564,True,10,False,enhanced_local,CAR-RA
standard,ca_grqc,ca-GrQc,scientific_collaboration,4,cn,0.9199092129604516,0.9623523674361292,0.926605504587156,0.926605504587156,0.926605504587156,0.937453625811141,1853,1853,18530,20383,39,39,20383,1.0,18560,0.0,18560,136,18424,30,True,10,False,local_similarity,CN
standard,ca_grqc,ca-GrQc,scientific_collaboration,4,fl,0.948573184386766,0.9793429595507234,0.9293038316243928,0.9293038316243928,0.9293038316243928,0.9393907145215168,1853,1853,18530,20383,922,159,19620,0.962566844919786,18048,1.4477495601736838e-07,10,1,9,6,True,10,False,quasi_local_path,FL-l3
standard,ca_grqc,ca-GrQc,scientific_collaboration,4,fsw,0.9241434278031098,0.962367439041545,0.926605504587156,0.926605504587156,0.926605504587156,0.9374699523939932,1853,1853,18530,20383,927,263,19719,0.9674238335868124,18560,0.0,18560,136,18424,30,True,10,False,enhanced_local,FSW
standard,ca_grqc,ca-GrQc,scientific_collaboration,4,hdi,0.917215418089711,0.962057517323609,0.926605504587156,0.926605504587156,0.926605504587156,0.936242567147086,1853,1853,18530,20383,368,230,20245,0.9932296521611148,18560,0.0,18560,136,18424,30,True,10,False,local_similarity,HDI
standard,ca_grqc,ca-GrQc,scientific_collaboration,4,hpi,0.9034110392390012,0.9617257235753984,0.926605504587156,0.926605504587156,0.926605504587156,0.9343643722683128,1853,1853,18530,20383,216,146,20313,0.9965657655889713,18560,0.0,18560,136,18424,30,True,10,False,local_similarity,HPI
standard,ca_grqc,ca-GrQc,scientific_collaboration,4,ia1,0.9290109760533818,0.9627316039770398,0.926605504587156,0.926605504587156,0.926605504587156,0.9380126037764476,1853,1853,18530,20383,1237,132,19278,0.9457881567973312,18560,0.0,18560,136,18424,30,True,10,False,enhanced_local,IA1
standard,ca_grqc,ca-GrQc,scientific_collaboration,4,ia2,0.9286573295222668,0.96270278590253,0.926605504587156,0.926605504587156,0.926605504587156,0.9379724523353962,1853,1853,18530,20383,1236,122,19269,0.945346612373056,18560,0.0,18560,136,18424,30,True,10,False,enhanced_local,IA2
standard,ca_grqc,ca-GrQc,scientific_collaboration,4,ja,0.9176846703369296,0.9620801611365768,0.926605504587156,0.926605504587156,0.926605504587156,0.9363005806770706,1853,1853,18530,20383,445,231,20169,0.989501054800569,18560,0.0,18560,136,18424,30,True,10,False,local_similarity,JA
standard,ca_grqc,ca-GrQc,scientific_collaboration,4,lit,0.8577466800927194,0.9245874675887672,0.8515920129519697,0.8515920129519697,0.8515920129519697,0.874125972356153,1853,1853,18530,20383,1571,57,18869,0.9257224157386056,18706,0.0,18706,276,18430,176,True,10,False,enhanced_local,LIT-i2
standard,ca_grqc,ca-GrQc,scientific_collaboration,4,llhn,0.8777752534303673,0.96071594057448,0.926605504587156,0.926605504587156,0.926605504587156,0.9276502519224138,1853,1853,18530,20383,710,244,19917,0.9771378109208654,18560,0.0,18560,136,18424,30,True,10,False,local_similarity,LLHN
standard,ca_grqc,ca-GrQc,scientific_collaboration,4,lnb_aa,0.9281464893601854,0.9626527802088124,0.926605504587156,0.926605504587156,0.926605504587156,0.93789602715117,1853,1853,18530,20383,1473,153,19063,0.935240151106314,18560,0.0,18560,136,18424,30,True,10,False,local_bayesian,LNB-AA
standard,ca_grqc,ca-GrQc,scientific_collaboration,4,lnb_cn,0.924899277677738,0.9624032614080404,0.926605504587156,0.926605504587156,0.926605504587156,0.937495950521688,1853,1853,18530,20383,1464,151,19070,0.9355835745474168,18560,0.0,18560,136,18424,30,True,10,False,local_bayesian,LNB-CN
standard,ca_grqc,ca-GrQc,scientific_collaboration,4,lnb_ra,0.9292212550639054,0.9627350551562512,0.926605504587156,0.926605504587156,0.926605504587156,0.9380274050070868,1853,1853,18530,20383,1473,153,19063,0.935240151106314,18560,0.0,18560,136,18424,30,True,10,False,local_bayesian,LNB-RA
standard,ca_grqc,ca-GrQc,scientific_collaboration,4,lpi,0.948573184386766,0.9793429595507234,0.9293038316243928,0.9293038316243928,0.9293038316243928,0.9393907145215168,1853,1853,18530,20383,922,159,19620,0.962566844919786,18048,0.005,10,1,9,6,True,10,False,quasi_local_path,LPI-beta-0.001
standard,ca_grqc,ca-GrQc,scientific_collaboration,4,lrw,0.8924338097266901,0.945433987970092,0.8726389638424177,0.8726389638424177,0.8726389638424177,0.8917478015717444,1853,1853,18530,20383,1908,141,18616,0.913310111367316,18176,6.752960497882271e-07,1,0,1,1,False,10,False,quasi_local_walk,LRW-l3
standard,ca_grqc,ca-GrQc,scientific_collaboration,4,ora_cni,0.9441579571567732,0.9789241873492291,0.9087965461413924,0.9087965461413924,0.9087965461413924,0.921609503368394,1853,1853,18530,20383,2056,131,18458,0.905558553696708,18048,0.1538579881656804,1,1,0,1,False,10,False,quasi_local_path,ORA-CNI-beta-0.001
standard,ca_grqc,ca-GrQc,scientific_collaboration,4,pa,0.5559051542835598,0.8408897023510831,0.5159201295196978,0.5159201295196978,0.5159201295196978,0.5652643727526274,1853,1853,18530,20383,554,398,20227,0.9923465633125644,1646,120.0,50,13,37,9,True,10,False,degree_based,PA
standard,ca_grqc,ca-GrQc,scientific_collaboration,4,pfp,0.9383732212143164,0.9788928209356392,0.921208850512682,0.921208850512682,0.9212088505126822,0.9308750385832824,1853,1853,18530,20383,2144,81,18320,0.8987882058578227,18048,0.0048736922799422,1,0,1,1,False,10,False,quasi_local_walk,PFP-l3
standard,ca_grqc,ca-GrQc,scientific_collaboration,4,ra,0.929402375705817,0.9627603201179866,0.926605504587156,0.926605504587156,0.926605504587156,0.938060514016372,1853,1853,18530,20383,1195,137,19325,0.948093999901879,18560,0.0,18560,136,18424,30,True,10,False,local_similarity,RA
standard,ca_grqc,ca-GrQc,scientific_collaboration,4,ra_cni,0.9437662612919911,0.9786791099394254,0.9087965461413924,0.9087965461413924,0.9087965461413924,0.9216081199893535,1853,1853,18530,20383,1875,156,18664,0.91566501496345,18064,0.1538461538461538,1,1,0,1,False,10,False,enhanced_local,RA-CNI
standard,ca_grqc,ca-GrQc,scientific_collaboration,4,sa,0.9179941400960931,0.9620990916554564,0.926605504587156,0.926605504587156,0.926605504587156,0.9363144309640566,1853,1853,18530,20383,879,262,19766,0.9697296766913605,18560,0.0,18560,136,18424,30,True,10,False,local_similarity,SA
standard,ca_grqc,ca-GrQc,scientific_collaboration,4,so,0.9176846703369296,0.9620801611365768,0.926605504587156,0.926605504587156,0.926605504587156,0.9363005806770706,1853,1853,18530,20383,445,231,20169,0.989501054800569,18560,0.0,18560,136,18424,30,True,10,False,local_similarity,SO
standard,ca_grqc,ca-GrQc,scientific_collaboration,4,srw,0.9582426086076736,0.9800541500211584,0.933621154883972,0.933621154883972,0.933621154883972,0.9438835560490396,1853,1853,18530,20383,2019,139,18503,0.9077662758180836,18048,2.8812631457631024e-06,3,1,2,3,False,10,False,quasi_local_walk,SRW-l3
standard,ca_grqc,ca-GrQc,scientific_collaboration,5,aa,0.9651183091063634,0.9649751908269112,0.9330814894765246,0.9330814894765246,0.9330814894765246,0.9438739696933688,1853,1853,1853,3706,1241,142,2607,0.7034538586076633,1967,0.0,1967,127,1840,114,True,1,True,local_similarity,AA
standard,ca_grqc,ca-GrQc,scientific_collaboration,5,car_aa,0.8608142871112805,0.8605173157456191,0.7852131678359417,0.7852131678359417,0.7852131678359417,0.817059953010482,1853,1853,1853,3706,1168,96,2634,0.710739341608203,2363,0.0,2363,515,1848,510,True,1,True,enhanced_local,CAR-AA
standard,ca_grqc,ca-GrQc,scientific_collaboration,5,car_cn,0.8604734351331356,0.8604082468329969,0.7852131678359417,0.7852131678359417,0.7852131678359417,0.8170385731283341,1853,1853,1853,3706,486,200,3420,0.9228278467350244,2363,0.0,2363,515,1848,510,True,1,True,enhanced_local,CAR-CN
standard,ca_grqc,ca-GrQc,scientific_collaboration,5,car_ra,0.8609242620947721,0.86058459189733,0.7852131678359417,0.7852131678359417,0.7852131678359417,0.8170739338951863,1853,1853,1853,3706,1152,102,2656,0.7166756610901241,2363,0.0,2363,515,1848,510,True,1,True,enhanced_local,CAR-RA
standard,ca_grqc,ca-GrQc,scientific_collaboration,5,cn,0.9637878027322944,0.9643539785689051,0.9330814894765246,0.9330814894765246,0.9330814894765246,0.9438018337003662,1853,1853,1853,3706,39,38,3705,0.9997301672962764,1967,0.0,1967,127,1840,114,True,1,True,local_similarity,CN
standard,ca_grqc,ca-GrQc,scientific_collaboration,5,fl,0.9798599734742536,0.9799033611573128,0.9643820831084728,0.9643820831084728,0.9643820831084728,0.9699702353534086,1853,1853,1853,3706,913,168,2961,0.7989746357258499,1871,0.0,1871,66,1805,18,True,1,True,quasi_local_path,FL-l3
standard,ca_grqc,ca-GrQc,scientific_collaboration,5,fsw,0.964631856722738,0.964616967161957,0.9330814894765246,0.9330814894765246,0.9330814894765246,0.9438241165358444,1853,1853,1853,3706,916,246,3036,0.8192120885051268,1967,0.0,1967,127,1840,114,True,1,True,enhanced_local,FSW
standard,ca_grqc,ca-GrQc,scientific_collaboration,5,hdi,0.9643066558680023,0.96442402148876,0.9330814894765246,0.9330814894765246,0.9330814894765246,0.943783087487952,1853,1853,1853,3706,380,234,3560,0.960604425256341,1967,0.0,1967,127,1840,114,True,1,True,local_similarity,HDI
standard,ca_grqc,ca-GrQc,scientific_collaboration,5,hpi,0.9618864350890473,0.9637581040823228,0.9330814894765246,0.9330814894765246,0.9330814894765246,0.9435011406868998,1853,1853,1853,3706,237,159,3628,0.978953049109552,1967,0.0,1967,127,1840,114,True,1,True,local_similarity,HPI
standard,ca_grqc,ca-GrQc,scientific_collaboration,5,ia1,0.9652563917386536,0.9650908126114534,0.9330814894765246,0.9330814894765246,0.9330814894765246,0.9438901848765034,1853,1853,1853,3706,1243,135,2598,0.7010253642741501,1967,0.0,1967,127,1840,114,True,1,True,enhanced_local,IA1
standard,ca_grqc,ca-GrQc,scientific_collaboration,5,ia2,0.9653363431543542,0.9651570694275324,0.9330814894765246,0.9330814894765246,0.9330814894765246,0.9438996597146893,1853,1853,1853,3706,1236,135,2605,0.7029141932002159,1967,0.0,1967,127,1840,114,True,1,True,enhanced_local,IA2
standard,ca_grqc,ca-GrQc,scientific_collaboration,5,ja,0.964174876511708,0.9643643175446012,0.9330814894765246,0.9330814894765246,0.9330814894765246,0.943765317881268,1853,1853,1853,3706,458,222,3470,0.9363194819212088,1967,0.0,1967,127,1840,114,True,1,True,local_similarity,JA
standard,ca_grqc,ca-GrQc,scientific_collaboration,5,lit,0.9342267904093456,0.9339502546737266,0.8796546141392336,0.8796546141392336,0.8796546141392336,0.8986577398418631,1853,1853,1853,3706,1522,52,2236,0.6033459255261737,2082,0.0,2082,241,1841,229,True,1,True,enhanced_local,LIT-i2
standard,ca_grqc,ca-GrQc,scientific_collaboration,5,llhn,0.9592563797905722,0.9628476917435852,0.9330814894765246,0.9330814894765246,0.9330814894765246,0.9428884926924276,1853,1853,1853,3706,750,248,3204,0.864543982730707,1967,0.0,1967,127,1840,114,True,1,True,local_similarity,LLHN
standard,ca_grqc,ca-GrQc,scientific_collaboration,5,lnb_aa,0.9651108556025464,0.9649657255674714,0.9330814894765246,0.9330814894765246,0.9330814894765246,0.943872378052232,1853,1853,1853,3706,1439,136,2403,0.6484079870480303,1967,0.0,1967,127,1840,114,True,1,True,local_bayesian,LNB-AA
standard,ca_grqc,ca-GrQc,scientific_collaboration,5,lnb_cn,0.9645357832196492,0.9645314885882464,0.9330814894765246,0.9330814894765246,0.9330814894765246,0.9438028850296614,1853,1853,1853,3706,1431,135,2410,0.650296815974096,1967,0.0,1967,127,1840,114,True,1,True,local_bayesian,LNB-CN
standard,ca_grqc,ca-GrQc,scientific_collaboration,5,lnb_ra,0.9653439129849866,0.9651591080987963,0.9330814894765246,0.9330814894765246,0.9330814894765246,0.9438996979284212,1853,1853,1853,3706,1439,136,2403,0.6484079870480303,1967,0.0,1967,127,1840,114,True,1,True,local_bayesian,LNB-RA
standard,ca_grqc,ca-GrQc,scientific_collaboration,5,lpi,0.9798599734742536,0.9799033611573128,0.9643820831084728,0.9643820831084728,0.9643820831084728,0.9699702353534086,1853,1853,1853,3706,913,168,2961,0.7989746357258499,1871,0.0,1871,66,1805,18,True,1,True,quasi_local_path,LPI-beta-0.001
standard,ca_grqc,ca-GrQc,scientific_collaboration,5,lrw,0.9537869610737676,0.9528143711179696,0.914193200215866,0.914193200215866,0.914193200215866,0.9278746218216825,1853,1853,1853,3706,1603,61,2164,0.583917970858068,1973,0.0,1973,167,1806,120,True,1,True,quasi_local_walk,LRW-l3
standard,ca_grqc,ca-GrQc,scientific_collaboration,5,ora_cni,0.9798033526292312,0.9797577417813153,0.9643820831084728,0.9643820831084728,0.9643820831084728,0.9699507429660886,1853,1853,1853,3706,1682,60,2084,0.5623313545601727,1871,0.0,1871,66,1805,18,True,1,True,quasi_local_path,ORA-CNI-beta-0.001
standard,ca_grqc,ca-GrQc,scientific_collaboration,5,pa,0.8657660759867891,0.8463018066413502,0.7652455477603886,0.7652455477603886,0.7652455477603884,0.7938602239087873,1853,1853,1853,3706,513,321,3514,0.9481921208850512,193,28.0,45,27,18,23,True,1,True,degree_based,PA
standard,ca_grqc,ca-GrQc,scientific_collaboration,5,pfp,0.9805138403500606,0.9804079322951448,0.9643820831084728,0.9643820831084728,0.9643820831084728,0.9700315802117366,1853,1853,1853,3706,1699,63,2070,0.558553696708041,1871,0.0,1871,66,1805,18,True,1,True,quasi_local_walk,PFP-l3
standard,ca_grqc,ca-GrQc,scientific_collaboration,5,ra,0.965346868720716,0.9651671171644762,0.9330814894765246,0.9330814894765246,0.9330814894765246,0.9439007959390068,1853,1853,1853,3706,1210,144,2640,0.712358337830545,1967,0.0,1967,127,1840,114,True,1,True,local_similarity,RA
standard,ca_grqc,ca-GrQc,scientific_collaboration,5,ra_cni,0.9795501345413672,0.9794947531882634,0.9638424177010254,0.9638424177010254,0.9638424177010254,0.9695000719387912,1853,1853,1853,3706,1575,86,2217,0.5982191041554237,1872,0.0,1872,67,1805,19,True,1,True,enhanced_local,RA-CNI
standard,ca_grqc,ca-GrQc,scientific_collaboration,5,sa,0.964176552756062,0.9643580559114332,0.9330814894765246,0.9330814894765246,0.9330814894765246,0.9437585992440666,1853,1853,1853,3706,892,263,3077,0.8302752293577982,1967,0.0,1967,127,1840,114,True,1,True,local_similarity,SA
standard,ca_grqc,ca-GrQc,scientific_collaboration,5,so,0.964174876511708,0.9643643175446012,0.9330814894765246,0.9330814894765246,0.9330814894765246,0.943765317881268,1853,1853,1853,3706,458,222,3470,0.9363194819212088,1967,0.0,1967,127,1840,114,True,1,True,local_similarity,SO
standard,ca_grqc,ca-GrQc,scientific_collaboration,5,srw,0.9814835825990208,0.981092052123582,0.9643820831084728,0.9643820831084728,0.9643820831084728,0.9701509746681308,1853,1853,1853,3706,1668,69,2107,0.5685375067458176,1871,0.0,1871,66,1805,18,True,1,True,quasi_local_walk,SRW-l3
standard,ca_grqc,ca-GrQc,scientific_collaboration,5,aa,0.9408661382000794,0.9651857855684792,0.9320021586616298,0.9320021586616298,0.9320021586616298,0.9428080118445098,1853,1853,9265,11118,1248,146,10016,0.9008814534988308,9335,0.0,9335,127,9208,70,True,5,False,local_similarity,AA
standard,ca_grqc,ca-GrQc,scientific_collaboration,5,car_aa,0.767829834156446,0.8608312711202702,0.7344846195358877,0.7344846195358877,0.7344846195358877,0.7739083227725396,1853,1853,9265,11118,1171,96,10043,0.903309947832344,9771,0.0,9771,515,9256,506,True,5,False,enhanced_local,CAR-AA
standard,ca_grqc,ca-GrQc,scientific_collaboration,5,car_cn,0.7672682526543757,0.8607909928008692,0.7344846195358877,0.7344846195358877,0.7344846195358877,0.7738645675559265,1853,1853,9265,11118,486,200,10832,0.9742759489116748,9771,0.0,9771,515,9256,506,True,5,False,enhanced_local,CAR-CN
standard,ca_grqc,ca-GrQc,scientific_collaboration,5,car_ra,0.7680331701808005,0.8608536382564235,0.7344846195358877,0.7344846195358877,0.7344846195358877,0.773935017387977,1853,1853,9265,11118,1155,102,10065,0.9052887209929844,9771,0.0,9771,515,9256,506,True,5,False,enhanced_local,CAR-RA
standard,ca_grqc,ca-GrQc,scientific_collaboration,5,cn,0.9360187182678916,0.9647729255136503,0.9320021586616298,0.9320021586616298,0.9320021586616298,0.9425686085940168,1853,1853,9265,11118,39,38,11117,0.9999100557654256,9335,0.0,9335,127,9208,70,True,5,False,local_similarity,CN
standard,ca_grqc,ca-GrQc,scientific_collaboration,5,fl,0.9616411073010837,0.9802378488639796,0.9465731246627092,0.9465731246627092,0.9465731246627092,0.9545089973396388,1853,1853,9265,11118,926,169,10361,0.9319122144270552,9053,5.790998240694735e-08,63,22,41,29,True,5,False,quasi_local_path,FL-l3
standard,ca_grqc,ca-GrQc,scientific_collaboration,5,fsw,0.9382978793024156,0.9647897299896406,0.9320021586616298,0.9320021586616298,0.9320021586616298,0.942536002686316,1853,1853,9265,11118,926,251,10443,0.9392876416621696,9335,0.0,9335,127,9208,70,True,5,False,enhanced_local,FSW
standard,ca_grqc,ca-GrQc,scientific_collaboration,5,hdi,0.9363307829725968,0.9645319836941249,0.9320021586616298,0.9320021586616298,0.9320021586616298,0.9422848962195676,1853,1853,9265,11118,384,236,10970,0.9866882532829646,9335,0.0,9335,127,9208,70,True,5,False,local_similarity,HDI
standard,ca_grqc,ca-GrQc,scientific_collaboration,5,hpi,0.927851707464243,0.964171371871404,0.9320021586616298,0.9320021586616298,0.9320021586616298,0.940942002539632,1853,1853,9265,11118,238,159,11039,0.9928944054686094,9335,0.0,9335,127,9208,70,True,5,False,local_similarity,HPI
standard,ca_grqc,ca-GrQc,scientific_collaboration,5,ia1,0.941121950594312,0.9652226855183568,0.9320021586616298,0.9320021586616298,0.9320021586616298,0.9428396092323128,1853,1853,9265,11118,1250,139,10007,0.9000719553876596,9335,0.0,9335,127,9208,70,True,5,False,enhanced_local,IA1
standard,ca_grqc,ca-GrQc,scientific_collaboration,5,ia2,0.9410755488942676,0.9652122591710356,0.9320021586616298,0.9320021586616298,0.9320021586616298,0.9428352256773872,1853,1853,9265,11118,1243,139,10014,0.9007015650296816,9335,0.0,9335,127,9208,70,True,5,False,enhanced_local,IA2
standard,ca_grqc,ca-GrQc,scientific_collaboration,5,ja,0.9361784789863498,0.9645398180165532,0.9320021586616298,0.9320021586616298,0.9320021586616298,0.9422536585358724,1853,1853,9265,11118,460,223,10881,0.9786832164058284,9335,0.0,9335,127,9208,70,True,5,False,local_similarity,JA
standard,ca_grqc,ca-GrQc,scientific_collaboration,5,lit,0.8882243235361648,0.9340320927630374,0.8720992984349704,0.8720992984349704,0.8720992984349704,0.8919792095448177,1853,1853,9265,11118,1560,55,9613,0.8646339269652815,9451,0.0,9451,241,9210,186,True,5,False,enhanced_local,LIT-i2
standard,ca_grqc,ca-GrQc,scientific_collaboration,5,llhn,0.9148048221674494,0.9630732852808808,0.9320021586616298,0.9320021586616298,0.9320021586616298,0.9381372167325274,1853,1853,9265,11118,758,251,10611,0.954398273070696,9335,0.0,9335,127,9208,70,True,5,False,local_similarity,LLHN
standard,ca_grqc,ca-GrQc,scientific_collaboration,5,lnb_aa,0.940761337819138,0.9651585256212925,0.9320021586616298,0.9320021586616298,0.9320021586616298,0.9427907095652912,1853,1853,9265,11118,1465,146,9799,0.8813635545961503,9335,0.0,9335,127,9208,70,True,5,False,local_bayesian,LNB-AA
standard,ca_grqc,ca-GrQc,scientific_collaboration,5,lnb_cn,0.93896781230724,0.964873723245716,0.9320021586616298,0.9320021586616298,0.9320021586616298,0.9425758326857888,1853,1853,9265,11118,1456,145,9807,0.8820831084727468,9335,0.0,9335,127,9208,70,True,5,False,local_bayesian,LNB-CN
standard,ca_grqc,ca-GrQc,scientific_collaboration,5,lnb_ra,0.9412500932709128,0.9652345971833136,0.9320021586616298,0.9320021586616298,0.9320021586616298,0.942849667533776,1853,1853,9265,11118,1465,146,9799,0.8813635545961503,9335,0.0,9335,127,9208,70,True,5,False,local_bayesian,LNB-RA
standard,ca_grqc,ca-GrQc,scientific_collaboration,5,lpi,0.9616411073010837,0.9802378488639796,0.9465731246627092,0.9465731246627092,0.9465731246627092,0.9545089973396388,1853,1853,9265,11118,926,169,10361,0.9319122144270552,9053,0.002,63,22,41,29,True,5,False,quasi_local_path,LPI-beta-0.001
standard,ca_grqc,ca-GrQc,scientific_collaboration,5,lrw,0.9189612013872158,0.9525460237318808,0.9033998920669184,0.9033998920669184,0.9033998920669184,0.918307132361586,1853,1853,9265,11118,1777,86,9427,0.8479042993344127,9156,3.267175387623145e-07,1,0,1,1,False,5,False,quasi_local_walk,LRW-l3
standard,ca_grqc,ca-GrQc,scientific_collaboration,5,ora_cni,0.9607848805750684,0.979998101123337,0.940636805180788,0.940636805180788,0.940636805180788,0.9494109687871846,1853,1853,9265,11118,1864,95,9349,0.8408886490375966,9053,0.0909090909090909,4,4,0,3,True,5,False,quasi_local_path,ORA-CNI-beta-0.001
standard,ca_grqc,ca-GrQc,scientific_collaboration,5,pa,0.6658677367207363,0.8449604483212851,0.5893146249325418,0.5893146249325418,0.5893146249325418,0.6351236194904872,1853,1853,9265,11118,556,377,10939,0.9838999820111533,811,80.0,42,8,34,27,True,5,False,degree_based,PA
standard,ca_grqc,ca-GrQc,scientific_collaboration,5,pfp,0.9601958107528284,0.9802697103834478,0.947652455477604,0.947652455477604,0.947652455477604,0.9550013783207392,1853,1853,9265,11118,1916,72,9274,0.8341428314445044,9053,0.002840909090909,3,1,2,2,True,5,False,quasi_local_walk,PFP-l3
standard,ca_grqc,ca-GrQc,scientific_collaboration,5,ra,0.9412624381980434,0.9652443536815054,0.9320021586616298,0.9320021586616298,0.9320021586616298,0.9428567886767087,1853,1853,9265,11118,1217,148,10049,0.9038496132397912,9335,0.0,9335,127,9208,70,True,5,False,local_similarity,RA
standard,ca_grqc,ca-GrQc,scientific_collaboration,5,ra_cni,0.9603843758429323,0.9797471406907424,0.940636805180788,0.940636805180788,0.940636805180788,0.9494124134586016,1853,1853,9265,11118,1742,120,9496,0.8541104515200576,9059,0.0909090909090909,5,5,0,4,True,5,False,enhanced_local,RA-CNI
standard,ca_grqc,ca-GrQc,scientific_collaboration,5,sa,0.936452732563928,0.9645758151263,0.9320021586616298,0.9320021586616298,0.9320021586616298,0.9422615178382496,1853,1853,9265,11118,902,267,10483,0.942885411045152,9335,0.0,9335,127,9208,70,True,5,False,local_similarity,SA
standard,ca_grqc,ca-GrQc,scientific_collaboration,5,so,0.9361784789863498,0.9645398180165532,0.9320021586616298,0.9320021586616298,0.9320021586616298,0.9422536585358724,1853,1853,9265,11118,460,223,10881,0.9786832164058284,9335,0.0,9335,127,9208,70,True,5,False,local_similarity,SO
standard,ca_grqc,ca-GrQc,scientific_collaboration,5,srw,0.9670829492957388,0.981049152655413,0.9541284403669724,0.9541284403669724,0.9541284403669724,0.961350504947474,1853,1853,9265,11118,1850,95,9363,0.8421478683216406,9053,1.1014700192569264e-06,1,0,1,1,False,5,False,quasi_local_walk,SRW-l3
standard,ca_grqc,ca-GrQc,scientific_collaboration,5,aa,0.9336540884911432,0.9651774707021096,0.9314624932541824,0.9314624932541824,0.9314624932541824,0.942129335767938,1853,1853,18530,20383,1255,151,19279,0.9458372172889172,18544,0.0,18544,127,18417,14,True,10,False,local_similarity,AA
standard,ca_grqc,ca-GrQc,scientific_collaboration,5,car_aa,0.7464616800102342,0.8608457311243068,0.729087965461414,0.729087965461414,0.729087965461414,0.7692517704586167,1853,1853,18530,20383,1177,98,19304,0.9470637295785704,19027,0.0,19027,515,18512,497,True,10,False,enhanced_local,CAR-AA
standard,ca_grqc,ca-GrQc,scientific_collaboration,5,car_cn,0.745226188450399,0.8607978951592915,0.729087965461414,0.729087965461414,0.729087965461414,0.7691506213890267,1853,1853,18530,20383,486,200,20097,0.985968699406368,19027,0.0,19027,515,18512,497,True,10,False,enhanced_local,CAR-CN
standard,ca_grqc,ca-GrQc,scientific_collaboration,5,car_ra,0.7468656604430526,0.8608695253303448,0.729087965461414,0.729087965461414,0.729087965461414,0.7693038418956473,1853,1853,18530,20383,1161,104,19326,0.9481430603934652,19027,0.0,19027,515,18512,497,True,10,False,enhanced_local,CAR-RA
standard,ca_grqc,ca-GrQc,scientific_collaboration,5,cn,0.9244409606268748,0.964778910470004,0.9314624932541824,0.9314624932541824,0.9314624932541824,0.941623088673852,1853,1853,18530,20383,39,38,20382,0.9999509395084138,18544,0.0,18544,127,18417,14,True,10,False,local_similarity,CN
standard,ca_grqc,ca-GrQc,scientific_collaboration,5,fl,0.9508624417871494,0.9801920806941036,0.9347004856988668,0.9347004856988668,0.9347004856988668,0.9438846117729895,1853,1853,18530,20383,935,177,19625,0.9628121473777168,18011,2.026849384243157e-07,5,1,4,3,True,10,False,quasi_local_path,FL-l3
standard,ca_grqc,ca-GrQc,scientific_collaboration,5,fsw,0.92944981083375,0.964851822091566,0.9314624932541824,0.9314624932541824,0.9314624932541824,0.9416679944375144,1853,1853,18530,20383,942,258,19699,0.96644262375509,18544,0.0,18544,127,18417,14,True,10,False,enhanced_local,FSW
standard,ca_grqc,ca-GrQc,scientific_collaboration,5,hdi,0.9231510514213478,0.9645625492011466,0.9314624932541824,0.9314624932541824,0.9314624932541824,0.9406295282412424,1853,1853,18530,20383,387,237,20233,0.9926409262620812,18544,0.0,18544,127,18417,14,True,10,False,local_similarity,HDI
standard,ca_grqc,ca-GrQc,scientific_collaboration,5,hpi,0.9092354760952986,0.9642411672383198,0.9314624932541824,0.9314624932541824,0.9314624932541824,0.9366439839176264,1853,1853,18530,20383,238,160,20305,0.9961732816562822,18544,0.0,18544,127,18417,14,True,10,False,local_similarity,HPI
standard,ca_grqc,ca-GrQc,scientific_collaboration,5,ia1,0.934161999443031,0.965217807269261,0.9314624932541824,0.9314624932541824,0.9314624932541824,0.9421914132687566,1853,1853,18530,20383,1257,144,19270,0.945395672864642,18544,0.0,18544,127,18417,14,True,10,False,enhanced_local,IA1
standard,ca_grqc,ca-GrQc,scientific_collaboration,5,ia2,0.9337774288360954,0.9651847662328472,0.9314624932541824,0.9314624932541824,0.9314624932541824,0.9421477639689008,1853,1853,18530,20383,1250,144,19277,0.9457390963057448,18544,0.0,18544,127,18417,14,True,10,False,enhanced_local,IA2
standard,ca_grqc,ca-GrQc,scientific_collaboration,5,ja,0.923055242623204,0.964587304495066,0.9314624932541824,0.9314624932541824,0.9314624932541824,0.9405844144969217,1853,1853,18530,20383,466,227,20144,0.988274542510916,18544,0.0,18544,127,18417,14,True,10,False,local_similarity,JA
standard,ca_grqc,ca-GrQc,scientific_collaboration,5,lit,0.8751138148262669,0.9340392281124612,0.8710199676200756,0.8710199676200756,0.8710199676200756,0.8906747834553852,1853,1853,18530,20383,1606,56,18833,0.9239562380415052,18663,0.0,18663,241,18422,133,True,10,False,enhanced_local,LIT-i2
standard,ca_grqc,ca-GrQc,scientific_collaboration,5,llhn,0.8865672170727199,0.9632518437597292,0.9314624932541824,0.9314624932541824,0.9314624932541824,0.932777469633232,1853,1853,18530,20383,768,260,19875,0.9750772702742482,18544,0.0,18544,127,18417,14,True,10,False,local_similarity,LLHN
standard,ca_grqc,ca-GrQc,scientific_collaboration,5,lnb_aa,0.933320243603992,0.9651374836214606,0.9314624932541824,0.9314624932541824,0.9314624932541824,0.9420778703650656,1853,1853,18530,20383,1488,165,19060,0.9350929696315556,18544,0.0,18544,127,18417,14,True,10,False,local_bayesian,LNB-AA
standard,ca_grqc,ca-GrQc,scientific_collaboration,5,lnb_cn,0.9295907902071844,0.9648395463781694,0.9314624932541824,0.9314624932541824,0.9314624932541824,0.941626431444123,1853,1853,18530,20383,1478,164,19069,0.9355345140558308,18544,0.0,18544,127,18417,14,True,10,False,local_bayesian,LNB-CN
standard,ca_grqc,ca-GrQc,scientific_collaboration,5,lnb_ra,0.9342154259719528,0.9652118077509698,0.9314624932541824,0.9314624932541824,0.9314624932541824,0.9421854160165956,1853,1853,18530,20383,1488,165,19060,0.9350929696315556,18544,0.0,18544,127,18417,14,True,10,False,local_bayesian,LNB-RA
standard,ca_grqc,ca-GrQc,scientific_collaboration,5,lpi,0.9508624417871494,0.9801920806941036,0.9347004856988668,0.9347004856988668,0.9347004856988668,0.9438846117729895,1853,1853,18530,20383,935,177,19625,0.9628121473777168,18011,0.007,5,1,4,3,True,10,False,quasi_local_path,LPI-beta-0.001
standard,ca_grqc,ca-GrQc,scientific_collaboration,5,lrw,0.9057879944969588,0.9523832649553284,0.887209929843497,0.887209929843497,0.887209929843497,0.9041857819542274,1853,1853,18530,20383,1977,134,18540,0.9095815140067705,18116,8.267972505233251e-07,1,1,0,1,False,10,False,quasi_local_walk,LRW-l3
standard,ca_grqc,ca-GrQc,scientific_collaboration,5,ora_cni,0.9483378559505896,0.9798634323244144,0.9147328656233136,0.9147328656233136,0.9147328656233136,0.9269515445461448,1853,1853,18530,20383,2090,139,18432,0.9042829809154688,18011,0.1615461538461538,2,1,1,2,False,10,False,quasi_local_path,ORA-CNI-beta-0.001
standard,ca_grqc,ca-GrQc,scientific_collaboration,5,pa,0.5626608425719029,0.8427566738088117,0.5186184565569347,0.5186184565569347,0.5186184565569347,0.5688370344638882,1853,1853,18530,20383,585,413,20211,0.9915615954471864,1559,120.0,48,11,37,3,True,10,False,degree_based,PA
standard,ca_grqc,ca-GrQc,scientific_collaboration,5,pfp,0.9405645761772656,0.9799072783185272,0.9276848354020508,0.9276848354020508,0.9276848354020508,0.936110688930644,1853,1853,18530,20383,2195,90,18278,0.8967276652112054,18011,0.0057142857142857,1,1,0,1,False,10,False,quasi_local_walk,PFP-l3
standard,ca_grqc,ca-GrQc,scientific_collaboration,5,ra,0.9342471459373884,0.9652247969993089,0.9314624932541824,0.9314624932541824,0.9314624932541824,0.9422022954040438,1853,1853,18530,20383,1224,153,19312,0.9474562135112594,18544,0.0,18544,127,18417,14,True,10,False,local_similarity,RA
standard,ca_grqc,ca-GrQc,scientific_collaboration,5,ra_cni,0.9479547886393154,0.9796100546101784,0.9147328656233136,0.9147328656233136,0.9147328656233136,0.926952006035748,1853,1853,18530,20383,1946,174,18611,0.9130648089093852,18019,0.1615384615384615,2,1,1,2,False,10,False,enhanced_local,RA-CNI
standard,ca_grqc,ca-GrQc,scientific_collaboration,5,sa,0.923441728195602,0.964616311874765,0.9314624932541824,0.9314624932541824,0.9314624932541824,0.9405936423392196,1853,1853,18530,20383,919,279,19743,0.9686012853848796,18544,0.0,18544,127,18417,14,True,10,False,local_similarity,SA
standard,ca_grqc,ca-GrQc,scientific_collaboration,5,so,0.923055242623204,0.964587304495066,0.9314624932541824,0.9314624932541824,0.9314624932541824,0.9405844144969217,1853,1853,18530,20383,466,227,20144,0.988274542510916,18544,0.0,18544,127,18417,14,True,10,False,local_similarity,SO
standard,ca_grqc,ca-GrQc,scientific_collaboration,5,srw,0.9609239743882284,0.9809757604899104,0.9373988127361036,0.9373988127361036,0.9373988127361036,0.9471201289401054,1853,1853,18530,20383,2061,148,18470,0.9061472795957416,18011,3.5041203169866613e-06,1,0,1,1,False,10,False,quasi_local_walk,SRW-l3
standard,ca_hepth,ca-HepTh,scientific_collaboration,1,aa,0.9379920872623316,0.93802054469958,0.891156462585034,0.891156462585034,0.891156462585034,0.9068506974493104,3234,3234,3234,6468,1355,289,5402,0.8351886209029066,3619,0.0,3619,396,3223,385,True,1,True,local_similarity,AA
standard,ca_hepth,ca-HepTh,scientific_collaboration,1,car_aa,0.7407542754818147,0.740687611413824,0.6576994434137291,0.6576994434137291,0.6576994434137291,0.6973456607251156,3234,3234,3234,6468,1116,194,5546,0.857452071737786,4906,0.0,4906,1675,3231,1672,True,1,True,enhanced_local,CAR-AA
standard,ca_hepth,ca-HepTh,scientific_collaboration,1,car_cn,0.7406355262521347,0.7406731259434679,0.6576994434137291,0.6576994434137291,0.6576994434137291,0.6973391216315205,3234,3234,3234,6468,190,88,6366,0.9842300556586272,4906,0.0,4906,1675,3231,1672,True,1,True,enhanced_local,CAR-CN
standard,ca_hepth,ca-HepTh,scientific_collaboration,1,car_ra,0.740771968462561,0.7406919618356141,0.6576994434137291,0.6576994434137291,0.6576994434137291,0.6973484422640475,3234,3234,3234,6468,1079,204,5593,0.8647186147186147,4906,0.0,4906,1675,3231,1672,True,1,True,enhanced_local,CAR-RA
standard,ca_hepth,ca-HepTh,scientific_collaboration,1,cn,0.9371017730122442,0.937743456296332,0.891156462585034,0.891156462585034,0.891156462585034,0.906790120875905,3234,3234,3234,6468,27,26,6467,0.9998453927025356,3619,0.0,3619,396,3223,385,True,1,True,local_similarity,CN
standard,ca_hepth,ca-HepTh,scientific_collaboration,1,fl,0.9676946770369844,0.9677060541425768,0.9418676561533704,0.9418676561533704,0.9418676561533704,0.9502682109448668,3234,3234,3234,6468,489,199,6178,0.9551638837353124,3346,0.0,3346,194,3152,112,True,1,True,quasi_local_path,FL-l3
standard,ca_hepth,ca-HepTh,scientific_collaboration,1,fsw,0.937043047604885,0.9375591131488296,0.891156462585034,0.891156462585034,0.891156462585034,0.9067304885946244,3234,3234,3234,6468,955,404,5917,0.9148113790970934,3619,0.0,3619,396,3223,385,True,1,True,enhanced_local,FSW
standard,ca_hepth,ca-HepTh,scientific_collaboration,1,hdi,0.936912059290136,0.937544436451142,0.891156462585034,0.891156462585034,0.891156462585034,0.9067129168740664,3234,3234,3234,6468,252,175,6391,0.988095238095238,3619,0.0,3619,396,3223,385,True,1,True,local_similarity,HDI
standard,ca_hepth,ca-HepTh,scientific_collaboration,1,hpi,0.9360738990692564,0.9373353293642188,0.891156462585034,0.891156462585034,0.891156462585034,0.9066047566886796,3234,3234,3234,6468,167,113,6414,0.9916512059369202,3619,0.0,3619,396,3223,385,True,1,True,local_similarity,HPI
standard,ca_hepth,ca-HepTh,scientific_collaboration,1,ia1,0.9379658573892424,0.9380082105367024,0.891156462585034,0.891156462585034,0.891156462585034,0.9068473742439184,3234,3234,3234,6468,1368,274,5374,0.8308596165739023,3619,0.0,3619,396,3223,385,True,1,True,enhanced_local,IA1
standard,ca_hepth,ca-HepTh,scientific_collaboration,1,ia2,0.937926952375052,0.937969104547424,0.891156462585034,0.891156462585034,0.891156462585034,0.9068440900618412,3234,3234,3234,6468,1356,275,5387,0.83286951144094,3619,0.0,3619,396,3223,385,True,1,True,enhanced_local,IA2
standard,ca_hepth,ca-HepTh,scientific_collaboration,1,ja,0.9368999569809842,0.9375320544814316,0.891156462585034,0.891156462585034,0.891156462585034,0.9067082202099678,3234,3234,3234,6468,319,212,6361,0.9834570191713048,3619,0.0,3619,396,3223,385,True,1,True,local_similarity,JA
standard,ca_hepth,ca-HepTh,scientific_collaboration,1,lit,0.8894073341469251,0.8897002664561636,0.8203463203463204,0.8203463203463204,0.8203463203463204,0.8451578601554977,3234,3234,3234,6468,2412,57,4113,0.635899814471243,3929,0.0,3929,706,3223,695,True,1,True,enhanced_local,LIT-i2
standard,ca_hepth,ca-HepTh,scientific_collaboration,1,llhn,0.935797207252824,0.9371779492704486,0.891156462585034,0.891156462585034,0.891156462585034,0.9065317367851742,3234,3234,3234,6468,607,310,6171,0.9540816326530612,3619,0.0,3619,396,3223,385,True,1,True,local_similarity,LLHN
standard,ca_hepth,ca-HepTh,scientific_collaboration,1,lnb_aa,0.9379893195290904,0.9380126565721582,0.891156462585034,0.891156462585034,0.891156462585034,0.9068495208734084,3234,3234,3234,6468,1979,276,4765,0.7367037724180582,3619,0.0,3619,396,3223,385,True,1,True,local_bayesian,LNB-AA
standard,ca_hepth,ca-HepTh,scientific_collaboration,1,lnb_cn,0.9377456265624472,0.9378893627502162,0.891156462585034,0.891156462585034,0.891156462585034,0.9068185348461798,3234,3234,3234,6468,1954,284,4798,0.7418058132343847,3619,0.0,3619,396,3223,385,True,1,True,local_bayesian,LNB-CN
standard,ca_hepth,ca-HepTh,scientific_collaboration,1,lnb_ra,0.9380341020215568,0.9380321617599644,0.891156462585034,0.891156462585034,0.891156462585034,0.9068554556561572,3234,3234,3234,6468,1979,276,4765,0.7367037724180582,3619,0.0,3619,396,3223,385,True,1,True,local_bayesian,LNB-RA
standard,ca_hepth,ca-HepTh,scientific_collaboration,1,lpi,0.9676946770369844,0.9677060541425768,0.9418676561533704,0.9418676561533704,0.9418676561533704,0.9502682109448668,3234,3234,3234,6468,489,199,6178,0.9551638837353124,3346,0.0,3346,194,3152,112,True,1,True,quasi_local_path,LPI-beta-0.001
standard,ca_hepth,ca-HepTh,scientific_collaboration,1,lrw,0.9267235078580254,0.9253655979736022,0.873222016079159,0.873222016079159,0.873222016079159,0.8912222618675326,3234,3234,3234,6468,2532,156,4092,0.6326530612244898,3614,0.0,3614,462,3152,380,True,1,True,quasi_local_walk,LRW-l3
standard,ca_hepth,ca-HepTh,scientific_collaboration,1,ora_cni,0.968124458868482,0.9677558688624154,0.9418676561533704,0.9418676561533704,0.9418676561533704,0.950293521288398,3234,3234,3234,6468,2757,113,3824,0.5912183055040198,3346,0.0,3346,194,3152,112,True,1,True,quasi_local_path,ORA-CNI-beta-0.001
standard,ca_hepth,ca-HepTh,scientific_collaboration,1,pa,0.8312217888461013,0.8244042599330168,0.7455163883735312,0.7455163883735312,0.7455163883735311,0.7698140732108213,3234,3234,3234,6468,408,294,6354,0.9823747680890538,339,25.0,37,18,19,29,True,1,True,degree_based,PA
standard,ca_hepth,ca-HepTh,scientific_collaboration,1,pfp,0.9679949369452936,0.96777016310544,0.9418676561533704,0.9418676561533704,0.9418676561533704,0.9502684702231587,3234,3234,3234,6468,2772,117,3813,0.589517625231911,3346,0.0,3346,194,3152,112,True,1,True,quasi_local_walk,PFP-l3
standard,ca_hepth,ca-HepTh,scientific_collaboration,1,ra,0.9380389868808884,0.938041818740202,0.891156462585034,0.891156462585034,0.891156462585034,0.906856987415294,3234,3234,3234,6468,1245,293,5516,0.8528138528138528,3619,0.0,3619,396,3223,385,True,1,True,local_similarity,RA
standard,ca_hepth,ca-HepTh,scientific_collaboration,1,ra_cni,0.9675333038836,0.9671742031270258,0.9406307977736548,0.9406307977736548,0.9406307977736548,0.9492402791811504,3234,3234,3234,6468,2452,178,4194,0.6484230055658627,3352,0.0,3352,198,3154,118,True,1,True,enhanced_local,RA-CNI
standard,ca_hepth,ca-HepTh,scientific_collaboration,1,sa,0.9368793539746132,0.9375012668810708,0.891156462585034,0.891156462585034,0.891156462585034,0.9067039423468276,3234,3234,3234,6468,837,360,5991,0.926252319109462,3619,0.0,3619,396,3223,385,True,1,True,local_similarity,SA
standard,ca_hepth,ca-HepTh,scientific_collaboration,1,so,0.9368999569809842,0.9375320544814316,0.891156462585034,0.891156462585034,0.891156462585034,0.9067082202099678,3234,3234,3234,6468,319,212,6361,0.9834570191713048,3619,0.0,3619,396,3223,385,True,1,True,local_similarity,SO
standard,ca_hepth,ca-HepTh,scientific_collaboration,1,srw,0.9688390067054712,0.9683014404389968,0.9418676561533704,0.9418676561533704,0.9418676561533704,0.9503757046589691,3234,3234,3234,6468,2713,132,3887,0.6009585652442795,3346,0.0,3346,194,3152,112,True,1,True,quasi_local_walk,SRW-l3
standard,ca_hepth,ca-HepTh,scientific_collaboration,1,aa,0.8941333046464728,0.9380366842863528,0.8806431663574521,0.8806431663574521,0.880643166357452,0.8975195719842679,3234,3234,16170,19404,1361,289,18332,0.9447536590393734,16510,0.0,16510,396,16114,340,True,5,False,local_similarity,AA
standard,ca_hepth,ca-HepTh,scientific_collaboration,1,car_aa,0.567512103474221,0.740859237943786,0.531230674087817,0.531230674087817,0.531230674087817,0.5855014073287499,3234,3234,16170,19404,1119,194,18479,0.9523294166151308,17838,0.0,17838,1675,16163,1668,True,5,False,enhanced_local,CAR-AA
standard,ca_hepth,ca-HepTh,scientific_collaboration,1,car_cn,0.5671761646820735,0.7408400100356103,0.531230674087817,0.531230674087817,0.531230674087817,0.5854548995444417,3234,3234,16170,19404,190,88,19302,0.994743351886209,17838,0.0,17838,1675,16163,1668,True,5,False,enhanced_local,CAR-CN
standard,ca_hepth,ca-HepTh,scientific_collaboration,1,car_ra,0.5676122893874664,0.7408637509088078,0.531230674087817,0.531230674087817,0.531230674087817,0.5855173751243287,3234,3234,16170,19404,1081,205,18528,0.9548546691403834,17838,0.0,17838,1675,16163,1668,True,5,False,enhanced_local,CAR-RA
standard,ca_hepth,ca-HepTh,scientific_collaboration,1,cn,0.8903296132831207,0.9378296615773424,0.8806431663574521,0.8806431663574521,0.880643166357452,0.8972758472829755,3234,3234,16170,19404,27,26,19403,0.9999484642341784,16510,0.0,16510,396,16114,340,True,5,False,local_similarity,CN
standard,ca_hepth,ca-HepTh,scientific_collaboration,1,fl,0.939605002528394,0.967793445033042,0.924860853432282,0.924860853432282,0.924860853432282,0.9350431435637676,3234,3234,16170,19404,489,200,19115,0.9851061636775924,15956,6.7049420518678235e-09,324,73,251,110,True,5,False,quasi_local_path,FL-l3
standard,ca_hepth,ca-HepTh,scientific_collaboration,1,fsw,0.8913341917162187,0.9377453494469132,0.8806431663574521,0.8806431663574521,0.880643166357452,0.8971620368059642,3234,3234,16170,19404,962,406,18848,0.971346114203257,16510,0.0,16510,396,16114,340,True,5,False,enhanced_local,FSW
standard,ca_hepth,ca-HepTh,scientific_collaboration,1,hdi,0.8888662001332551,0.9375987832587356,0.8806431663574521,0.8806431663574521,0.880643166357452,0.8968000804336147,3234,3234,16170,19404,252,175,19327,0.996031746031746,16510,0.0,16510,396,16114,340,True,5,False,local_similarity,HDI
standard,ca_hepth,ca-HepTh,scientific_collaboration,1,hpi,0.8866674019520651,0.9374607075640736,0.8806431663574521,0.8806431663574521,0.880643166357452,0.8962478155447178,3234,3234,16170,19404,167,113,19350,0.99721706864564,16510,0.0,16510,396,16114,340,True,5,False,local_similarity,HPI
standard,ca_hepth,ca-HepTh,scientific_collaboration,1,ia1,0.8941131013452678,0.938031033518709,0.8806431663574521,0.8806431663574521,0.880643166357452,0.8975184301056978,3234,3234,16170,19404,1374,275,18305,0.9433621933621934,16510,0.0,16510,396,16114,340,True,5,False,enhanced_local,IA1
standard,ca_hepth,ca-HepTh,scientific_collaboration,1,ia2,0.8929984995805504,0.9379275699710368,0.8806431663574521,0.8806431663574521,0.880643166357452,0.8973674193359031,3234,3234,16170,19404,1362,275,18317,0.9439806225520512,16510,0.0,16510,396,16114,340,True,5,False,enhanced_local,IA2
standard,ca_hepth,ca-HepTh,scientific_collaboration,1,ja,0.88909223227395,0.9376180302896444,0.8806431663574521,0.8806431663574521,0.880643166357452,0.8968194547273727,3234,3234,16170,19404,319,213,19298,0.9945372088229232,16510,0.0,16510,396,16114,340,True,5,False,local_similarity,JA
standard,ca_hepth,ca-HepTh,scientific_collaboration,1,lit,0.8130635974425682,0.8898918858036271,0.79004329004329,0.79004329004329,0.79004329004329,0.8186546127303557,3234,3234,16170,19404,2452,59,17011,0.8766749123891981,16822,0.0,16822,706,16116,652,True,5,False,enhanced_local,LIT-i2
standard,ca_hepth,ca-HepTh,scientific_collaboration,1,llhn,0.8828627194243098,0.9372708379466926,0.8806431663574521,0.8806431663574521,0.880643166357452,0.8954453862651811,3234,3234,16170,19404,611,314,19107,0.9846938775510204,16510,0.0,16510,396,16114,340,True,5,False,local_similarity,LLHN
standard,ca_hepth,ca-HepTh,scientific_collaboration,1,lnb_aa,0.8941942213378076,0.9380327928101582,0.8806431663574521,0.8806431663574521,0.880643166357452,0.8975217216290668,3234,3234,16170,19404,1995,280,17689,0.9116161616161615,16510,0.0,16510,396,16114,340,True,5,False,local_bayesian,LNB-AA
standard,ca_hepth,ca-HepTh,scientific_collaboration,1,lnb_cn,0.8935453967621374,0.9379669914854116,0.8806431663574521,0.8806431663574521,0.880643166357452,0.8974363046061299,3234,3234,16170,19404,1969,288,17723,0.913368377654092,16510,0.0,16510,396,16114,340,True,5,False,local_bayesian,LNB-CN
standard,ca_hepth,ca-HepTh,scientific_collaboration,1,lnb_ra,0.8940078093181454,0.9380095395666558,0.8806431663574521,0.8806431663574521,0.880643166357452,0.8974989393222377,3234,3234,16170,19404,1995,280,17689,0.9116161616161615,16510,0.0,16510,396,16114,340,True,5,False,local_bayesian,LNB-RA
standard,ca_hepth,ca-HepTh,scientific_collaboration,1,lpi,0.939605002528394,0.967793445033042,0.924860853432282,0.924860853432282,0.924860853432282,0.9350431435637676,3234,3234,16170,19404,489,200,19115,0.9851061636775924,15956,0.001,324,73,251,110,True,5,False,quasi_local_path,LPI-beta-0.001
standard,ca_hepth,ca-HepTh,scientific_collaboration,1,lrw,0.870098086697392,0.9251361060531482,0.8577612863327149,0.8577612863327149,0.8577612863327149,0.8769517301995106,3234,3234,16170,19404,2747,214,16871,0.8694599051741909,16226,0.0,16226,462,15764,56,True,5,False,quasi_local_walk,LRW-l3
standard,ca_hepth,ca-HepTh,scientific_collaboration,1,ora_cni,0.9388420760699676,0.967453940028814,0.9233147804576376,0.9233147804576376,0.9233147804576376,0.933530895008108,3234,3234,16170,19404,3012,171,16563,0.853586889301175,15956,0.0369482758620689,2,0,2,1,True,5,False,quasi_local_path,ORA-CNI-beta-0.001
standard,ca_hepth,ca-HepTh,scientific_collaboration,1,pa,0.5754676794695067,0.8265035153320338,0.53865182436611,0.53865182436611,0.53865182436611,0.5734355295924125,3234,3234,16170,19404,430,320,19294,0.9943310657596371,1483,60.0,156,42,114,11,True,5,False,degree_based,PA
standard,ca_hepth,ca-HepTh,scientific_collaboration,1,pfp,0.9380006474796772,0.9675637905693564,0.9251700680272108,0.9251700680272108,0.9251700680272108,0.9348441156400904,3234,3234,16170,19404,3079,127,16452,0.8478664192949907,15956,0.0005884600216898,1,0,1,1,False,5,False,quasi_local_walk,PFP-l3
standard,ca_hepth,ca-HepTh,scientific_collaboration,1,ra,0.8939137387293213,0.9380124557834604,0.8806431663574521,0.8806431663574521,0.880643166357452,0.8974914650667469,3234,3234,16170,19404,1250,293,18447,0.9506802721088436,16510,0.0,16510,396,16114,340,True,5,False,local_similarity,RA
standard,ca_hepth,ca-HepTh,scientific_collaboration,1,ra_cni,0.9379419731417976,0.9668630953815156,0.9233147804576376,0.9233147804576376,0.9233147804576376,0.9335312757115708,3234,3234,16170,19404,2677,239,16966,0.8743558029272315,15966,0.0369458128078817,2,0,2,1,True,5,False,enhanced_local,RA-CNI
standard,ca_hepth,ca-HepTh,scientific_collaboration,1,sa,0.8891470344655272,0.937597588087914,0.8806431663574521,0.8806431663574521,0.880643166357452,0.8968190364007121,3234,3234,16170,19404,843,364,18925,0.9753143681715112,16510,0.0,16510,396,16114,340,True,5,False,local_similarity,SA
standard,ca_hepth,ca-HepTh,scientific_collaboration,1,so,0.88909223227395,0.9376180302896444,0.8806431663574521,0.8806431663574521,0.880643166357452,0.8968194547273727,3234,3234,16170,19404,319,213,19298,0.9945372088229232,16510,0.0,16510,396,16114,340,True,5,False,local_similarity,SO
standard,ca_hepth,ca-HepTh,scientific_collaboration,1,srw,0.9435806263417316,0.9681994684645095,0.9285714285714286,0.9285714285714286,0.9285714285714286,0.9385278520025008,3234,3234,16170,19404,2957,184,16631,0.8570913213770357,15956,1.846302214562814e-07,1,0,1,1,False,5,False,quasi_local_walk,SRW-l3
standard,ca_hepth,ca-HepTh,scientific_collaboration,1,aa,0.882084033516352,0.938116827660957,0.8794063079777366,0.8794063079777366,0.8794063079777366,0.89614045601412,3234,3234,32340,35574,1366,290,34498,0.9697531905324112,32630,0.0,32630,396,32234,290,True,10,False,local_similarity,AA
standard,ca_hepth,ca-HepTh,scientific_collaboration,1,car_aa,0.5276338606260361,0.7408844799515354,0.5068027210884354,0.5068027210884354,0.5068027210884354,0.5638975564161987,3234,3234,32340,35574,1122,195,34647,0.9739416427728116,34003,0.0,34003,1675,32328,1663,True,10,False,enhanced_local,CAR-AA
standard,ca_hepth,ca-HepTh,scientific_collaboration,1,car_cn,0.5270661625812413,0.7408711322838012,0.5068027210884354,0.5068027210884354,0.5068027210884354,0.5638185162304177,3234,3234,32340,35574,190,88,35472,0.9971327373924777,34003,0.0,34003,1675,32328,1663,True,10,False,enhanced_local,CAR-CN
standard,ca_hepth,ca-HepTh,scientific_collaboration,1,car_ra,0.5278677976677035,0.7408893658098534,0.5068027210884354,0.5068027210884354,0.5068027210884354,0.5639356367276107,3234,3234,32340,35574,1083,206,34697,0.975347163658852,34003,0.0,34003,1675,32328,1663,True,10,False,enhanced_local,CAR-RA
standard,ca_hepth,ca-HepTh,scientific_collaboration,1,cn,0.8746409923470083,0.9378914088826624,0.8794063079777366,0.8794063079777366,0.8794063079777366,0.8956236324526359,3234,3234,32340,35574,27,26,35573,0.9999718895822792,32630,0.0,32630,396,32234,290,True,10,False,local_similarity,CN
standard,ca_hepth,ca-HepTh,scientific_collaboration,1,fl,0.9260203948578608,0.9678168703811428,0.9137291280148424,0.9137291280148424,0.9137291280148422,0.924800441107238,3234,3234,32340,35574,491,201,35284,0.991847978860966,31709,1.3409884103735644e-08,170,45,125,120,True,10,False,quasi_local_path,FL-l3
standard,ca_hepth,ca-HepTh,scientific_collaboration,1,fsw,0.877903129926823,0.9378774014806348,0.8794063079777366,0.8794063079777366,0.8794063079777366,0.8956204237801088,3234,3234,32340,35574,972,410,35012,0.9842019452409064,32630,0.0,32630,396,32234,290,True,10,False,enhanced_local,FSW
standard,ca_hepth,ca-HepTh,scientific_collaboration,1,hdi,0.8740837800380445,0.9377522862183608,0.8794063079777366,0.8794063079777366,0.8794063079777366,0.8950876124176519,3234,3234,32340,35574,252,175,35497,0.997835497835498,32630,0.0,32630,396,32234,290,True,10,False,local_similarity,HDI
standard,ca_hepth,ca-HepTh,scientific_collaboration,1,hpi,0.8709052350991277,0.9376631360364464,0.8794063079777366,0.8794063079777366,0.8794063079777366,0.8941901029577839,3234,3234,32340,35574,168,114,35520,0.9984820374430764,32630,0.0,32630,396,32234,290,True,10,False,local_similarity,HPI
standard,ca_hepth,ca-HepTh,scientific_collaboration,1,ia1,0.8821814889387276,0.938119925543726,0.8794063079777366,0.8794063079777366,0.8794063079777366,0.8961555284805451,3234,3234,32340,35574,1379,276,34471,0.9689942092539496,32630,0.0,32630,396,32234,290,True,10,False,enhanced_local,IA1
standard,ca_hepth,ca-HepTh,scientific_collaboration,1,ia2,0.8805824548161345,0.9380454759629157,0.8794063079777366,0.8794063079777366,0.8794063079777366,0.8959327229340458,3234,3234,32340,35574,1366,276,34484,0.96935964468432,32630,0.0,32630,396,32234,290,True,10,False,enhanced_local,IA2
standard,ca_hepth,ca-HepTh,scientific_collaboration,1,ja,0.8746193136213645,0.9377793926925916,0.8794063079777366,0.8794063079777366,0.8794063079777366,0.8951398694745188,3234,3234,32340,35574,319,214,35469,0.9970484061393152,32630,0.0,32630,396,32234,290,True,10,False,local_similarity,JA
standard,ca_hepth,ca-HepTh,scientific_collaboration,1,lit,0.7930386739966735,0.8899849274617364,0.7869511440940012,0.7869511440940012,0.7869511440940012,0.81555412072285,3234,3234,32340,35574,2498,60,33136,0.9314668015966716,32945,0.0,32945,706,32239,605,True,10,False,enhanced_local,LIT-i2
standard,ca_hepth,ca-HepTh,scientific_collaboration,1,llhn,0.864782648983698,0.9374922218282936,0.8794063079777366,0.8794063079777366,0.8794063079777366,0.8931291393075045,3234,3234,32340,35574,619,318,35273,0.991538764266037,32630,0.0,32630,396,32234,290,True,10,False,local_similarity,LLHN
standard,ca_hepth,ca-HepTh,scientific_collaboration,1,lnb_aa,0.8822208456830946,0.9381153504298216,0.8794063079777366,0.8794063079777366,0.8794063079777366,0.8961473319587618,3234,3234,32340,35574,2011,289,33852,0.9515938606847698,32630,0.0,32630,396,32234,290,True,10,False,local_bayesian,LNB-AA
standard,ca_hepth,ca-HepTh,scientific_collaboration,1,lnb_cn,0.8809637660145612,0.93804369276805,0.8794063079777366,0.8794063079777366,0.8794063079777366,0.8959852475369425,3234,3234,32340,35574,1985,297,33886,0.9525496148872772,32630,0.0,32630,396,32234,290,True,10,False,local_bayesian,LNB-CN
standard,ca_hepth,ca-HepTh,scientific_collaboration,1,lnb_ra,0.8820527405737602,0.9381074049342004,0.8794063079777366,0.8794063079777366,0.8794063079777366,0.8961241648643857,3234,3234,32340,35574,2011,289,33852,0.9515938606847698,32630,0.0,32630,396,32234,290,True,10,False,local_bayesian,LNB-RA
standard,ca_hepth,ca-HepTh,scientific_collaboration,1,lpi,0.9260203948578608,0.9678168703811428,0.9137291280148424,0.9137291280148424,0.9137291280148422,0.924800441107238,3234,3234,32340,35574,491,201,35284,0.991847978860966,31709,0.002,170,45,125,120,True,10,False,quasi_local_path,LPI-beta-0.001
standard,ca_hepth,ca-HepTh,scientific_collaboration,1,lrw,0.8488380618322517,0.9250890115420992,0.8398268398268398,0.8398268398268398,0.8398268398268398,0.8605513120563143,3234,3234,32340,35574,2995,285,32864,0.9238207679766122,31982,1.5050775295537025e-07,5,1,4,1,True,10,False,quasi_local_walk,LRW-l3
standard,ca_hepth,ca-HepTh,scientific_collaboration,1,ora_cni,0.9212623708679932,0.9673517242394792,0.9010513296227582,0.9010513296227582,0.9010513296227582,0.9130875293393524,3234,3234,32340,35574,3298,249,32525,0.9142913363692584,31709,0.0757727272727272,3,1,2,3,False,10,False,quasi_local_path,ORA-CNI-beta-0.001
standard,ca_hepth,ca-HepTh,scientific_collaboration,1,pa,0.4424590402635931,0.8267472154432134,0.4458874458874459,0.4458874458874459,0.4458874458874459,0.4814974353548948,3234,3234,32340,35574,447,339,35466,0.9969640748861528,2877,88.0,76,17,59,41,True,10,False,degree_based,PA
standard,ca_hepth,ca-HepTh,scientific_collaboration,1,pfp,0.922818355067903,0.9676237546798108,0.9084724799010512,0.9084724799010512,0.9084724799010512,0.9181577182245564,3234,3234,32340,35574,3467,148,32255,0.9067015235846404,31709,0.0017303889255108,1,0,1,1,False,10,False,quasi_local_walk,PFP-l3
standard,ca_hepth,ca-HepTh,scientific_collaboration,1,ra,0.8818683097468986,0.9381089586562684,0.8794063079777366,0.8794063079777366,0.8794063079777366,0.8961094170071088,3234,3234,32340,35574,1254,293,34613,0.972985888570304,32630,0.0,32630,396,32234,290,True,10,False,local_similarity,RA
standard,ca_hepth,ca-HepTh,scientific_collaboration,1,ra_cni,0.9203821545388656,0.9667642882193638,0.9010513296227582,0.9010513296227582,0.9010513296227582,0.9130878971541676,3234,3234,32340,35574,2916,324,32982,0.9271377972676674,31729,0.0757575757575757,3,1,2,3,False,10,False,enhanced_local,RA-CNI
standard,ca_hepth,ca-HepTh,scientific_collaboration,1,sa,0.8749251423163587,0.9377781879604036,0.8794063079777366,0.8794063079777366,0.8794063079777366,0.8951591962107684,3234,3234,32340,35574,852,369,35091,0.98642266824085,32630,0.0,32630,396,32234,290,True,10,False,local_similarity,SA
standard,ca_hepth,ca-HepTh,scientific_collaboration,1,so,0.8746193136213645,0.9377793926925916,0.8794063079777366,0.8794063079777366,0.8794063079777366,0.8951398694745188,3234,3234,32340,35574,319,214,35469,0.9970484061393152,32630,0.0,32630,396,32234,290,True,10,False,local_similarity,SO
standard,ca_hepth,ca-HepTh,scientific_collaboration,1,srw,0.9338217265670709,0.9682520607613372,0.9177489177489178,0.9177489177489178,0.9177489177489178,0.9288797194769348,3234,3234,32340,35574,3234,259,32599,0.9163715072805982,31709,4.214217082750368e-07,1,0,1,1,False,10,False,quasi_local_walk,SRW-l3
standard,ca_hepth,ca-HepTh,scientific_collaboration,2,aa,0.940089775536954,0.9399555262595284,0.8945578231292517,0.8945578231292517,0.8945578231292517,0.9098494555165648,3234,3234,3234,6468,1374,284,5378,0.83147804576376,3610,0.0,3610,386,3224,376,True,1,True,local_similarity,AA
standard,ca_hepth,ca-HepTh,scientific_collaboration,2,car_aa,0.7469078540507113,0.7469078540507113,0.6626468769325912,0.6626468769325912,0.6626468769325912,0.7021942805962441,3234,3234,3234,6468,1149,191,5510,0.8518862090290662,4871,0.0,4871,1637,3234,1637,True,1,True,enhanced_local,CAR-AA
standard,ca_hepth,ca-HepTh,scientific_collaboration,2,car_cn,0.7469078540507111,0.7469078540507113,0.6626468769325912,0.6626468769325912,0.6626468769325912,0.7021942805962441,3234,3234,3234,6468,191,102,6379,0.9862399505256648,4871,0.0,4871,1637,3234,1637,True,1,True,enhanced_local,CAR-CN
standard,ca_hepth,ca-HepTh,scientific_collaboration,2,car_ra,0.7469078540507113,0.7469078540507113,0.6626468769325912,0.6626468769325912,0.6626468769325912,0.7021942805962441,3234,3234,3234,6468,1108,197,5557,0.8591527520098948,4871,0.0,4871,1637,3234,1637,True,1,True,enhanced_local,CAR-RA
standard,ca_hepth,ca-HepTh,scientific_collaboration,2,cn,0.939296998779154,0.939684318096722,0.8945578231292517,0.8945578231292517,0.8945578231292517,0.9098031160452064,3234,3234,3234,6468,26,25,6467,0.9998453927025356,3610,0.0,3610,386,3224,376,True,1,True,local_similarity,CN
standard,ca_hepth,ca-HepTh,scientific_collaboration,2,fl,0.9697541182878552,0.9694989537952696,0.9443413729128016,0.9443413729128016,0.9443413729128016,0.952463932411766,3234,3234,3234,6468,513,204,6159,0.952226345083488,3336,0.0,3336,185,3151,102,True,1,True,quasi_local_path,FL-l3
standard,ca_hepth,ca-HepTh,scientific_collaboration,2,fsw,0.9397898877318236,0.9397562195733412,0.8945578231292517,0.8945578231292517,0.8945578231292517,0.9098134178542562,3234,3234,3234,6468,987,417,5898,0.911873840445269,3610,0.0,3610,386,3224,376,True,1,True,enhanced_local,FSW
standard,ca_hepth,ca-HepTh,scientific_collaboration,2,hdi,0.9394053781208728,0.9396652909772444,0.8945578231292517,0.8945578231292517,0.8945578231292517,0.9097521353480112,3234,3234,3234,6468,239,182,6411,0.9911873840445268,3610,0.0,3610,386,3224,376,True,1,True,local_similarity,HDI
standard,ca_hepth,ca-HepTh,scientific_collaboration,2,hpi,0.9382604049826742,0.939275760903113,0.8945578231292517,0.8945578231292517,0.8945578231292517,0.9092975909654905,3234,3234,3234,6468,172,125,6421,0.9927334570191712,3610,0.0,3610,386,3224,376,True,1,True,local_similarity,HPI
standard,ca_hepth,ca-HepTh,scientific_collaboration,2,ia1,0.9400738959220056,0.9399440048128096,0.8945578231292517,0.8945578231292517,0.8945578231292517,0.9098476772905087,3234,3234,3234,6468,1397,256,5327,0.8235930735930735,3610,0.0,3610,386,3224,376,True,1,True,enhanced_local,IA1
standard,ca_hepth,ca-HepTh,scientific_collaboration,2,ia2,0.9399417011750314,0.939851928852724,0.8945578231292517,0.8945578231292517,0.8945578231292517,0.909832624206184,3234,3234,3234,6468,1395,255,5328,0.8237476808905381,3610,0.0,3610,386,3224,376,True,1,True,enhanced_local,IA2
standard,ca_hepth,ca-HepTh,scientific_collaboration,2,ja,0.9393740784354953,0.9396536739168596,0.8945578231292517,0.8945578231292517,0.8945578231292517,0.9097459302251496,3234,3234,3234,6468,332,216,6352,0.9820655534941248,3610,0.0,3610,386,3224,376,True,1,True,local_similarity,JA
standard,ca_hepth,ca-HepTh,scientific_collaboration,2,lit,0.8925978853877524,0.8923677443091701,0.8237476808905381,0.8237476808905381,0.8237476808905381,0.8483157023803191,3234,3234,3234,6468,2416,58,4110,0.6354359925788498,3918,0.0,3918,693,3225,684,True,1,True,enhanced_local,LIT-i2
standard,ca_hepth,ca-HepTh,scientific_collaboration,2,llhn,0.938142495423969,0.9393236633496372,0.8945578231292517,0.8945578231292517,0.8945578231292517,0.909236120913264,3234,3234,3234,6468,653,310,6125,0.946969696969697,3610,0.0,3610,386,3224,376,True,1,True,local_similarity,LLHN
standard,ca_hepth,ca-HepTh,scientific_collaboration,2,lnb_aa,0.9401015819703058,0.939956291168854,0.8945578231292517,0.8945578231292517,0.8945578231292517,0.9098499080340562,3234,3234,3234,6468,1985,296,4779,0.7388682745825603,3610,0.0,3610,386,3224,376,True,1,True,local_bayesian,LNB-AA
standard,ca_hepth,ca-HepTh,scientific_collaboration,2,lnb_cn,0.9400676977524696,0.9399275114554734,0.8945578231292517,0.8945578231292517,0.8945578231292517,0.909846177932226,3234,3234,3234,6468,1960,297,4805,0.7428880643166358,3610,0.0,3610,386,3224,376,True,1,True,local_bayesian,LNB-CN
standard,ca_hepth,ca-HepTh,scientific_collaboration,2,lnb_ra,0.9400620053243932,0.9399277982964704,0.8945578231292517,0.8945578231292517,0.8945578231292517,0.9098454025921512,3234,3234,3234,6468,1985,296,4779,0.7388682745825603,3610,0.0,3610,386,3224,376,True,1,True,local_bayesian,LNB-RA
standard,ca_hepth,ca-HepTh,scientific_collaboration,2,lpi,0.9697541182878552,0.9694989537952696,0.9443413729128016,0.9443413729128016,0.9443413729128016,0.952463932411766,3234,3234,3234,6468,513,204,6159,0.952226345083488,3336,0.0,3336,185,3151,102,True,1,True,quasi_local_path,LPI-beta-0.001
standard,ca_hepth,ca-HepTh,scientific_collaboration,2,lrw,0.929777366026417,0.9284744285075588,0.878169449598021,0.878169449598021,0.878169449598021,0.8954852960419284,3234,3234,3234,6468,2536,152,4084,0.6314162028447743,3592,0.0,3592,441,3151,358,True,1,True,quasi_local_walk,LRW-l3
standard,ca_hepth,ca-HepTh,scientific_collaboration,2,ora_cni,0.9695042985336974,0.969094077727791,0.9443413729128016,0.9443413729128016,0.9443413729128016,0.9524079789735036,3234,3234,3234,6468,2763,121,3826,0.5915275200989487,3336,0.0,3336,185,3151,102,True,1,True,quasi_local_path,ORA-CNI-beta-0.001
standard,ca_hepth,ca-HepTh,scientific_collaboration,2,pa,0.8371707159950738,0.8259921638864126,0.7464440321583179,0.7464440321583179,0.7464440321583178,0.7716941075770751,3234,3234,3234,6468,398,297,6367,0.9843846629560916,333,24.0,143,59,84,13,True,1,True,degree_based,PA
standard,ca_hepth,ca-HepTh,scientific_collaboration,2,pfp,0.9689731493106148,0.9690113241001128,0.9443413729128016,0.9443413729128016,0.9443413729128016,0.952318191832612,3234,3234,3234,6468,2780,104,3792,0.5862708719851577,3336,0.0,3336,185,3151,102,True,1,True,quasi_local_walk,PFP-l3
standard,ca_hepth,ca-HepTh,scientific_collaboration,2,ra,0.940051097311518,0.9399278461033032,0.8945578231292517,0.8945578231292517,0.8945578231292517,0.9098451043510084,3234,3234,3234,6468,1282,282,5468,0.8453927025355596,3610,0.0,3610,386,3224,376,True,1,True,local_similarity,RA
standard,ca_hepth,ca-HepTh,scientific_collaboration,2,ra_cni,0.9689120474727247,0.9685044760581468,0.943104514533086,0.943104514533086,0.943104514533086,0.9513556863072904,3234,3234,3234,6468,2454,175,4189,0.6476499690785406,3341,0.0,3341,189,3152,107,True,1,True,enhanced_local,RA-CNI
standard,ca_hepth,ca-HepTh,scientific_collaboration,2,sa,0.9392457648401112,0.9395710159028474,0.8945578231292517,0.8945578231292517,0.8945578231292517,0.9097304242102776,3234,3234,3234,6468,890,374,5952,0.9202226345083488,3610,0.0,3610,386,3224,376,True,1,True,local_similarity,SA
standard,ca_hepth,ca-HepTh,scientific_collaboration,2,so,0.9393740784354953,0.9396536739168596,0.8945578231292517,0.8945578231292517,0.8945578231292517,0.9097459302251496,3234,3234,3234,6468,332,216,6352,0.9820655534941248,3610,0.0,3610,386,3224,376,True,1,True,local_similarity,SO
standard,ca_hepth,ca-HepTh,scientific_collaboration,2,srw,0.9705254055467032,0.969879974253152,0.9443413729128016,0.9443413729128016,0.9443413729128016,0.9525244888231704,3234,3234,3234,6468,2724,128,3872,0.5986394557823129,3336,0.0,3336,185,3151,102,True,1,True,quasi_local_walk,SRW-l3
standard,ca_hepth,ca-HepTh,scientific_collaboration,2,aa,0.8984578678079581,0.9397990162501162,0.8840445269016698,0.8840445269016698,0.8840445269016698,0.900656859648634,3234,3234,16170,19404,1377,285,18312,0.9437229437229436,16500,0.0,16500,386,16114,330,True,5,False,local_similarity,AA
standard,ca_hepth,ca-HepTh,scientific_collaboration,2,car_aa,0.5780958610247555,0.7468849545777719,0.5432900432900433,0.5432900432900433,0.5432900432900433,0.5968463823204276,3234,3234,16170,19404,1149,191,18446,0.950628736343022,17806,0.0,17806,1637,16169,1636,True,5,False,enhanced_local,CAR-AA
standard,ca_hepth,ca-HepTh,scientific_collaboration,2,car_cn,0.5780764272182116,0.7468870963238841,0.5432900432900433,0.5432900432900433,0.5432900432900433,0.5968465196346798,3234,3234,16170,19404,191,102,19315,0.9954133168418884,17806,0.0,17806,1637,16169,1636,True,5,False,enhanced_local,CAR-CN
standard,ca_hepth,ca-HepTh,scientific_collaboration,2,car_ra,0.5780807899509434,0.7468838454592497,0.5432900432900433,0.5432900432900433,0.5432900432900433,0.5968443239885959,3234,3234,16170,19404,1108,197,18493,0.9530509173366316,17806,0.0,17806,1637,16169,1636,True,5,False,enhanced_local,CAR-RA
standard,ca_hepth,ca-HepTh,scientific_collaboration,2,cn,0.8943940938108007,0.9395467873999546,0.8840445269016698,0.8840445269016698,0.8840445269016698,0.9004921299507013,3234,3234,16170,19404,26,25,19403,0.9999484642341784,16500,0.0,16500,386,16114,330,True,5,False,local_similarity,CN
standard,ca_hepth,ca-HepTh,scientific_collaboration,2,fl,0.943374134480625,0.9693502554223464,0.9257884972170688,0.9257884972170688,0.9257884972170688,0.9360679543111124,3234,3234,16170,19404,513,204,19095,0.9840754483611628,15946,6.7049420518678235e-09,331,76,255,107,True,5,False,quasi_local_path,FL-l3
standard,ca_hepth,ca-HepTh,scientific_collaboration,2,fsw,0.8962943562866483,0.9395086757927998,0.8840445269016698,0.8840445269016698,0.8840445269016698,0.9004050129639358,3234,3234,16170,19404,995,419,18828,0.9703153988868276,16500,0.0,16500,386,16114,330,True,5,False,enhanced_local,FSW
standard,ca_hepth,ca-HepTh,scientific_collaboration,2,hdi,0.8944773132066219,0.9393899427427124,0.8840445269016698,0.8840445269016698,0.8840445269016698,0.9001624484619747,3234,3234,16170,19404,239,182,19347,0.9970624613481756,16500,0.0,16500,386,16114,330,True,5,False,local_similarity,HDI
standard,ca_hepth,ca-HepTh,scientific_collaboration,2,hpi,0.8908449679786594,0.93918914448334,0.8840445269016698,0.8840445269016698,0.8840445269016698,0.8994343030322515,3234,3234,16170,19404,172,125,19357,0.9975778190063904,16500,0.0,16500,386,16114,330,True,5,False,local_similarity,HPI
standard,ca_hepth,ca-HepTh,scientific_collaboration,2,ia1,0.8983389975660396,0.9397850757776546,0.8840445269016698,0.8840445269016698,0.8840445269016698,0.9006431033269011,3234,3234,16170,19404,1400,257,18261,0.9410946196660482,16500,0.0,16500,386,16114,330,True,5,False,enhanced_local,IA1
standard,ca_hepth,ca-HepTh,scientific_collaboration,2,ia2,0.8973439431014296,0.939663445633496,0.8840445269016698,0.8840445269016698,0.8840445269016698,0.9005263867984798,3234,3234,16170,19404,1398,256,18262,0.9411461554318696,16500,0.0,16500,386,16114,330,True,5,False,enhanced_local,IA2
standard,ca_hepth,ca-HepTh,scientific_collaboration,2,ja,0.8946951188347156,0.9394078703050344,0.8840445269016698,0.8840445269016698,0.8840445269016698,0.9001798173545533,3234,3234,16170,19404,334,217,19287,0.9939703153988868,16500,0.0,16500,386,16114,330,True,5,False,local_similarity,JA
standard,ca_hepth,ca-HepTh,scientific_collaboration,2,lit,0.8185521654136232,0.8921142629199876,0.7937538651824366,0.7937538651824366,0.7937538651824366,0.822174215476449,3234,3234,16170,19404,2455,61,17010,0.8766233766233766,16811,0.0,16811,693,16118,641,True,5,False,enhanced_local,LIT-i2
standard,ca_hepth,ca-HepTh,scientific_collaboration,2,llhn,0.8889537119114029,0.9390465271395564,0.8840445269016698,0.8840445269016698,0.8840445269016698,0.8989112672028097,3234,3234,16170,19404,658,311,19057,0.9821170892599465,16500,0.0,16500,386,16114,330,True,5,False,local_similarity,LLHN
standard,ca_hepth,ca-HepTh,scientific_collaboration,2,lnb_aa,0.8984189336251913,0.939783345170305,0.8840445269016698,0.8840445269016698,0.8840445269016698,0.9006445855488732,3234,3234,16170,19404,1996,306,17714,0.9129045557616986,16500,0.0,16500,386,16114,330,True,5,False,local_bayesian,LNB-AA
standard,ca_hepth,ca-HepTh,scientific_collaboration,2,lnb_cn,0.8978656090418142,0.939706127573872,0.8840445269016698,0.8840445269016698,0.8840445269016698,0.9005791086707798,3234,3234,16170,19404,1971,306,17739,0.9141929499072357,16500,0.0,16500,386,16114,330,True,5,False,local_bayesian,LNB-CN
standard,ca_hepth,ca-HepTh,scientific_collaboration,2,lnb_ra,0.8980798319334098,0.939742269539513,0.8840445269016698,0.8840445269016698,0.8840445269016698,0.9006040588578019,3234,3234,16170,19404,1996,306,17714,0.9129045557616986,16500,0.0,16500,386,16114,330,True,5,False,local_bayesian,LNB-RA
standard,ca_hepth,ca-HepTh,scientific_collaboration,2,lpi,0.943374134480625,0.9693502554223464,0.9257884972170688,0.9257884972170688,0.9257884972170688,0.9360679543111124,3234,3234,16170,19404,513,204,19095,0.9840754483611628,15946,0.001,331,76,255,107,True,5,False,quasi_local_path,LPI-beta-0.001
standard,ca_hepth,ca-HepTh,scientific_collaboration,2,lrw,0.8759340304127408,0.9284831675966052,0.8636363636363636,0.8636363636363636,0.8636363636363636,0.8820974801124734,3234,3234,16170,19404,2760,195,16839,0.8678107606679035,16205,0.0,16205,441,15764,35,True,5,False,quasi_local_walk,LRW-l3
standard,ca_hepth,ca-HepTh,scientific_collaboration,2,ora_cni,0.941403956230476,0.9689342594855448,0.9233147804576376,0.9233147804576376,0.9233147804576376,0.933561271683808,3234,3234,16170,19404,3019,170,16555,0.8531746031746031,15946,0.0363656565656565,1,1,0,1,False,5,False,quasi_local_path,ORA-CNI-beta-0.001
standard,ca_hepth,ca-HepTh,scientific_collaboration,2,pa,0.5795737764317593,0.8260759023348475,0.5405071119356833,0.5405071119356833,0.5405071119356833,0.5753106543538867,3234,3234,16170,19404,409,310,19305,0.9948979591836736,1428,60.0,121,30,91,7,True,5,False,degree_based,PA
standard,ca_hepth,ca-HepTh,scientific_collaboration,2,pfp,0.9405133388356184,0.9689156052593634,0.9264069264069263,0.9264069264069263,0.9264069264069263,0.9360473041893048,3234,3234,16170,19404,3085,116,16435,0.8469903112760255,15946,0.0007178081451084,1,1,0,1,False,5,False,quasi_local_walk,PFP-l3
standard,ca_hepth,ca-HepTh,scientific_collaboration,2,ra,0.8981117597309312,0.9397555598390476,0.8840445269016698,0.8840445269016698,0.8840445269016698,0.9006168247740793,3234,3234,16170,19404,1285,283,18402,0.948361162646877,16500,0.0,16500,386,16114,330,True,5,False,local_similarity,RA
standard,ca_hepth,ca-HepTh,scientific_collaboration,2,ra_cni,0.940515294717376,0.9683508248973396,0.9233147804576376,0.9233147804576376,0.9233147804576376,0.9335627003055872,3234,3234,16170,19404,2675,229,16958,0.8739435168006596,15960,0.0363636363636363,1,1,0,1,False,5,False,enhanced_local,RA-CNI
standard,ca_hepth,ca-HepTh,scientific_collaboration,2,sa,0.894555069522131,0.9393825900518188,0.8840445269016698,0.8840445269016698,0.8840445269016698,0.9001507799478916,3234,3234,16170,19404,895,379,18888,0.9734075448361162,16500,0.0,16500,386,16114,330,True,5,False,local_similarity,SA
standard,ca_hepth,ca-HepTh,scientific_collaboration,2,so,0.8946951188347156,0.9394078703050344,0.8840445269016698,0.8840445269016698,0.8840445269016698,0.9001798173545533,3234,3234,16170,19404,334,217,19287,0.9939703153988868,16500,0.0,16500,386,16114,330,True,5,False,local_similarity,SO
standard,ca_hepth,ca-HepTh,scientific_collaboration,2,srw,0.9470809531979274,0.9697459812620164,0.9288806431663574,0.9288806431663574,0.9288806431663574,0.9389601655394574,3234,3234,16170,19404,2967,173,16610,0.8560090702947846,15946,2.0299856143706013e-07,1,1,0,1,False,5,False,quasi_local_walk,SRW-l3
standard,ca_hepth,ca-HepTh,scientific_collaboration,2,aa,0.8864367346646956,0.939745410448432,0.8821892393320965,0.8821892393320965,0.8821892393320965,0.8987326729575844,3234,3234,32340,35574,1381,287,34480,0.9692472030134368,32614,0.0,32614,386,32228,274,True,10,False,local_similarity,AA
standard,ca_hepth,ca-HepTh,scientific_collaboration,2,car_aa,0.5387587659965056,0.746818307072084,0.520717377860235,0.520717377860235,0.520717377860235,0.5767355217723802,3234,3234,32340,35574,1152,192,34614,0.973013998988025,33970,0.0,33970,1637,32333,1630,True,10,False,enhanced_local,CAR-AA
standard,ca_hepth,ca-HepTh,scientific_collaboration,2,car_cn,0.5385858826272673,0.7468191580337088,0.520717377860235,0.520717377860235,0.520717377860235,0.5767332260513333,3234,3234,32340,35574,191,102,35485,0.997498172822848,33970,0.0,33970,1637,32333,1630,True,10,False,enhanced_local,CAR-CN
standard,ca_hepth,ca-HepTh,scientific_collaboration,2,car_ra,0.5388751870177747,0.7468203532045303,0.520717377860235,0.520717377860235,0.520717377860235,0.5767562716212528,3234,3234,32340,35574,1111,198,34661,0.974335188620903,33970,0.0,33970,1637,32333,1630,True,10,False,enhanced_local,CAR-RA
standard,ca_hepth,ca-HepTh,scientific_collaboration,2,cn,0.8786373961193676,0.9395033548923029,0.8821892393320965,0.8821892393320965,0.8821892393320965,0.8983681960005157,3234,3234,32340,35574,26,25,35573,0.9999718895822792,32614,0.0,32614,386,32228,274,True,10,False,local_similarity,CN
standard,ca_hepth,ca-HepTh,scientific_collaboration,2,fl,0.9299940622417068,0.969288082636214,0.9137291280148424,0.9137291280148424,0.9137291280148422,0.9250787897241244,3234,3234,32340,35574,515,205,35264,0.9912857705065498,31690,1.3409884103735644e-08,172,58,114,116,True,10,False,quasi_local_path,FL-l3
standard,ca_hepth,ca-HepTh,scientific_collaboration,2,fsw,0.8802760927679354,0.9393924382593876,0.8821892393320965,0.8821892393320965,0.8821892393320965,0.8979483024851711,3234,3234,32340,35574,1001,422,34995,0.9837240681396524,32614,0.0,32614,386,32228,274,True,10,False,enhanced_local,FSW
standard,ca_hepth,ca-HepTh,scientific_collaboration,2,hdi,0.8762501139100699,0.9392561457595912,0.8821892393320965,0.8821892393320965,0.8821892393320965,0.897418522304246,3234,3234,32340,35574,240,182,35516,0.9983695957721932,32614,0.0,32614,386,32228,274,True,10,False,local_similarity,HDI
standard,ca_hepth,ca-HepTh,scientific_collaboration,2,hpi,0.8715539302054351,0.939127248976838,0.8821892393320965,0.8821892393320965,0.8821892393320965,0.8966890428695671,3234,3234,32340,35574,173,125,35526,0.9986506999494013,32614,0.0,32614,386,32228,274,True,10,False,local_similarity,HPI
standard,ca_hepth,ca-HepTh,scientific_collaboration,2,ia1,0.886040227624634,0.939727081308714,0.8821892393320965,0.8821892393320965,0.8821892393320965,0.8986803273125406,3234,3234,32340,35574,1404,259,34429,0.9678135717096756,32614,0.0,32614,386,32228,274,True,10,False,enhanced_local,IA1
standard,ca_hepth,ca-HepTh,scientific_collaboration,2,ia2,0.884182415129184,0.9396111784231316,0.8821892393320965,0.8821892393320965,0.8821892393320965,0.8984630810841866,3234,3234,32340,35574,1402,258,34430,0.9678416821273964,32614,0.0,32614,386,32228,274,True,10,False,enhanced_local,IA2
standard,ca_hepth,ca-HepTh,scientific_collaboration,2,ja,0.87697521226755,0.9392801495703694,0.8821892393320965,0.8821892393320965,0.8821892393320965,0.8974842655866777,3234,3234,32340,35574,335,218,35457,0.9967110811266656,32614,0.0,32614,386,32228,274,True,10,False,local_similarity,JA
standard,ca_hepth,ca-HepTh,scientific_collaboration,2,lit,0.7977085756306783,0.892045129458991,0.7894248608534323,0.7894248608534323,0.7894248608534323,0.817857594504235,3234,3234,32340,35574,2501,62,33135,0.931438691178951,32928,0.0,32928,693,32235,588,True,10,False,enhanced_local,LIT-i2
standard,ca_hepth,ca-HepTh,scientific_collaboration,2,llhn,0.8655100023992528,0.9389041918560868,0.8821892393320965,0.8821892393320965,0.8821892393320965,0.8952943509121394,3234,3234,32340,35574,662,312,35224,0.9901613537977174,32614,0.0,32614,386,32228,274,True,10,False,local_similarity,LLHN
standard,ca_hepth,ca-HepTh,scientific_collaboration,2,lnb_aa,0.8863461757267757,0.9397328946195896,0.8821892393320965,0.8821892393320965,0.8821892393320965,0.8987049427669488,3234,3234,32340,35574,2013,317,33878,0.9523247315455108,32614,0.0,32614,386,32228,274,True,10,False,local_bayesian,LNB-AA
standard,ca_hepth,ca-HepTh,scientific_collaboration,2,lnb_cn,0.8852053090122629,0.9396583876705796,0.8821892393320965,0.8821892393320965,0.8821892393320965,0.8985634182884719,3234,3234,32340,35574,1987,317,33904,0.9530556024062518,32614,0.0,32614,386,32228,274,True,10,False,local_bayesian,LNB-CN
standard,ca_hepth,ca-HepTh,scientific_collaboration,2,lnb_ra,0.8858852622131979,0.9397012369348706,0.8821892393320965,0.8821892393320965,0.8821892393320965,0.8986529503254287,3234,3234,32340,35574,2013,317,33878,0.9523247315455108,32614,0.0,32614,386,32228,274,True,10,False,local_bayesian,LNB-RA
standard,ca_hepth,ca-HepTh,scientific_collaboration,2,lpi,0.9299940622417068,0.969288082636214,0.9137291280148424,0.9137291280148424,0.9137291280148422,0.9250787897241244,3234,3234,32340,35574,515,205,35264,0.9912857705065498,31690,0.002,172,58,114,116,True,10,False,quasi_local_path,LPI-beta-0.001
standard,ca_hepth,ca-HepTh,scientific_collaboration,2,lrw,0.8567349177586028,0.928476135211492,0.8429189857761287,0.8429189857761287,0.8429189857761287,0.863555462430129,3234,3234,32340,35574,3006,270,32838,0.9230898971158712,31952,1.655585282509073e-07,4,4,0,2,True,10,False,quasi_local_walk,LRW-l3
standard,ca_hepth,ca-HepTh,scientific_collaboration,2,ora_cni,0.92687785943605,0.968919544542391,0.9022881880024736,0.9022881880024736,0.9022881880024736,0.914757587021362,3234,3234,32340,35574,3300,257,32531,0.9144599988755832,31690,0.0769230769230769,8,8,0,3,True,10,False,quasi_local_path,ORA-CNI-beta-0.001
standard,ca_hepth,ca-HepTh,scientific_collaboration,2,pa,0.4512855571890921,0.8261394280543498,0.4551638837353123,0.4551638837353123,0.4551638837353123,0.4901490023764827,3234,3234,32340,35574,418,316,35472,0.9971327373924777,2852,88.0,71,19,52,2,True,10,False,degree_based,PA
standard,ca_hepth,ca-HepTh,scientific_collaboration,2,pfp,0.925241980825814,0.9689269498208009,0.9075448361162648,0.9075448361162648,0.9075448361162648,0.9189183246001116,3234,3234,32340,35574,3473,143,32244,0.9063923089897116,31690,0.0017361111111111,2,0,2,1,True,10,False,quasi_local_walk,PFP-l3
standard,ca_hepth,ca-HepTh,scientific_collaboration,2,ra,0.8859866476688478,0.9397136906148302,0.8821892393320965,0.8821892393320965,0.8821892393320965,0.8986846382226813,3234,3234,32340,35574,1289,285,34570,0.9717771406083094,32614,0.0,32614,386,32228,274,True,10,False,local_similarity,RA
standard,ca_hepth,ca-HepTh,scientific_collaboration,2,ra_cni,0.925995461247694,0.9683374437648224,0.9022881880024736,0.9022881880024736,0.9022881880024736,0.9147595355132848,3234,3234,32340,35574,2912,304,32966,0.9266880305841344,31716,0.0769230769230769,11,11,0,6,True,10,False,enhanced_local,RA-CNI
standard,ca_hepth,ca-HepTh,scientific_collaboration,2,sa,0.877076105427572,0.93926667760487,0.8821892393320965,0.8821892393320965,0.8821892393320965,0.8974817900856349,3234,3234,32340,35574,899,384,35059,0.9855231348737842,32614,0.0,32614,386,32228,274,True,10,False,local_similarity,SA
standard,ca_hepth,ca-HepTh,scientific_collaboration,2,so,0.87697521226755,0.9392801495703694,0.8821892393320965,0.8821892393320965,0.8821892393320965,0.8974842655866777,3234,3234,32340,35574,335,218,35457,0.9967110811266656,32614,0.0,32614,386,32228,274,True,10,False,local_similarity,SO
standard,ca_hepth,ca-HepTh,scientific_collaboration,2,srw,0.9374960727526104,0.969708816230152,0.9162028447742734,0.9162028447742734,0.9162028447742734,0.9277724034062752,3234,3234,32340,35574,3233,246,32587,0.9160341822679484,31690,4.6356387910254027e-07,1,1,0,1,False,10,False,quasi_local_walk,SRW-l3
standard,ca_hepth,ca-HepTh,scientific_collaboration,3,aa,0.9361695326231207,0.9360585522790664,0.8868274582560297,0.8868274582560297,0.8868274582560297,0.9031639925733362,3234,3234,3234,6468,1363,288,5393,0.8337971552257266,3633,0.0,3633,410,3223,399,True,1,True,local_similarity,AA
standard,ca_hepth,ca-HepTh,scientific_collaboration,3,car_aa,0.7388552086382119,0.7387814095672565,0.6524427952999382,0.6524427952999382,0.6524427952999382,0.6925552332865121,3234,3234,3234,6468,1104,213,5577,0.8622448979591837,4922,0.0,4922,1689,3233,1688,True,1,True,enhanced_local,CAR-AA
standard,ca_hepth,ca-HepTh,scientific_collaboration,3,car_cn,0.7387636696452073,0.7387625258682774,0.6524427952999382,0.6524427952999382,0.6524427952999382,0.6925483087318842,3234,3234,3234,6468,183,89,6374,0.9854669140383426,4922,0.0,4922,1689,3233,1688,True,1,True,enhanced_local,CAR-CN
standard,ca_hepth,ca-HepTh,scientific_collaboration,3,car_ra,0.7388558335994524,0.7387816964082536,0.6524427952999382,0.6524427952999382,0.6524427952999382,0.6925553136038718,3234,3234,3234,6468,1068,217,5617,0.8684291898577613,4922,0.0,4922,1689,3233,1688,True,1,True,enhanced_local,CAR-RA
standard,ca_hepth,ca-HepTh,scientific_collaboration,3,cn,0.9353232835417316,0.9358042199282592,0.8868274582560297,0.8868274582560297,0.8868274582560297,0.903082803488366,3234,3234,3234,6468,27,25,6466,0.9996907854050712,3633,0.0,3633,410,3223,399,True,1,True,local_similarity,CN
standard,ca_hepth,ca-HepTh,scientific_collaboration,3,fl,0.9698572295471336,0.9697816355979622,0.9455782312925172,0.9455782312925172,0.9455782312925172,0.9534865948098736,3234,3234,3234,6468,487,193,6174,0.9545454545454546,3347,0.0,3347,183,3164,113,True,1,True,quasi_local_path,FL-l3
standard,ca_hepth,ca-HepTh,scientific_collaboration,3,fsw,0.9354851985622454,0.9356634766123236,0.8868274582560297,0.8868274582560297,0.8868274582560297,0.9030811500201734,3234,3234,3234,6468,940,419,5947,0.9194495980210264,3633,0.0,3633,410,3223,399,True,1,True,enhanced_local,FSW
standard,ca_hepth,ca-HepTh,scientific_collaboration,3,hdi,0.9351293775262416,0.935519817079584,0.8868274582560297,0.8868274582560297,0.8868274582560297,0.9030358780476752,3234,3234,3234,6468,248,182,6402,0.9897959183673468,3633,0.0,3633,410,3223,399,True,1,True,local_similarity,HDI
standard,ca_hepth,ca-HepTh,scientific_collaboration,3,hpi,0.9350988571547524,0.9356395253890616,0.8868274582560297,0.8868274582560297,0.8868274582560297,0.9030082328706228,3234,3234,3234,6468,169,114,6413,0.9914965986394558,3633,0.0,3633,410,3223,399,True,1,True,local_similarity,HPI
standard,ca_hepth,ca-HepTh,scientific_collaboration,3,ia1,0.9361432119255158,0.936040146648416,0.8868274582560297,0.8868274582560297,0.8868274582560297,0.9031610997312204,3234,3234,3234,6468,1375,265,5358,0.8283858998144712,3633,0.0,3633,410,3223,399,True,1,True,enhanced_local,IA1
standard,ca_hepth,ca-HepTh,scientific_collaboration,3,ia2,0.935958238557578,0.935925266829057,0.8868274582560297,0.8868274582560297,0.8868274582560297,0.9031394878304736,3234,3234,3234,6468,1358,266,5376,0.8311688311688312,3633,0.0,3633,410,3223,399,True,1,True,enhanced_local,IA2
standard,ca_hepth,ca-HepTh,scientific_collaboration,3,ja,0.9352797584957796,0.9355880852369058,0.8868274582560297,0.8868274582560297,0.8868274582560297,0.90305305729108,3234,3234,3234,6468,316,199,6351,0.9819109461966604,3633,0.0,3633,410,3223,399,True,1,True,local_similarity,JA
standard,ca_hepth,ca-HepTh,scientific_collaboration,3,lit,0.8853847796282398,0.885344968369087,0.8119975262832406,0.8119975262832406,0.8119975262832406,0.8379583818471426,3234,3234,3234,6468,2381,68,4155,0.6423933209647495,3960,0.0,3960,736,3224,726,True,1,True,enhanced_local,LIT-i2
standard,ca_hepth,ca-HepTh,scientific_collaboration,3,llhn,0.9344116894519996,0.9353482861632876,0.8868274582560297,0.8868274582560297,0.8868274582560297,0.9028952262614596,3234,3234,3234,6468,627,306,6147,0.9503710575139148,3633,0.0,3633,410,3223,399,True,1,True,local_similarity,LLHN
standard,ca_hepth,ca-HepTh,scientific_collaboration,3,lnb_aa,0.9361659379290151,0.9360459790820248,0.8868274582560297,0.8868274582560297,0.8868274582560297,0.903162504321924,3234,3234,3234,6468,1958,301,4811,0.7438157081014224,3633,0.0,3633,410,3223,399,True,1,True,local_bayesian,LNB-AA
standard,ca_hepth,ca-HepTh,scientific_collaboration,3,lnb_cn,0.9359947151136296,0.935926270772547,0.8868274582560297,0.8868274582560297,0.8868274582560297,0.9031424897421628,3234,3234,3234,6468,1928,304,4844,0.7489177489177489,3633,0.0,3633,410,3223,399,True,1,True,local_bayesian,LNB-CN
standard,ca_hepth,ca-HepTh,scientific_collaboration,3,lnb_ra,0.9361009877405432,0.9360057257287576,0.8868274582560297,0.8868274582560297,0.8868274582560297,0.9031548087558012,3234,3234,3234,6468,1958,301,4811,0.7438157081014224,3633,0.0,3633,410,3223,399,True,1,True,local_bayesian,LNB-RA
standard,ca_hepth,ca-HepTh,scientific_collaboration,3,lpi,0.9698572295471336,0.9697816355979622,0.9455782312925172,0.9455782312925172,0.9455782312925172,0.9534865948098736,3234,3234,3234,6468,487,193,6174,0.9545454545454546,3347,0.0,3347,183,3164,113,True,1,True,quasi_local_path,LPI-beta-0.001
standard,ca_hepth,ca-HepTh,scientific_collaboration,3,lrw,0.9250914530947142,0.9239685388969776,0.8710575139146568,0.8710575139146568,0.8710575139146568,0.8893534835658022,3234,3234,3234,6468,2525,149,4092,0.6326530612244898,3637,0.0,3637,473,3164,403,True,1,True,quasi_local_walk,LRW-l3
standard,ca_hepth,ca-HepTh,scientific_collaboration,3,ora_cni,0.9697719813144278,0.9695610548711528,0.9455782312925172,0.9455782312925172,0.9455782312925172,0.953455437096372,3234,3234,3234,6468,2732,117,3853,0.5957019171304886,3347,0.0,3347,183,3164,113,True,1,True,quasi_local_path,ORA-CNI-beta-0.001
standard,ca_hepth,ca-HepTh,scientific_collaboration,3,pa,0.8368249450563778,0.8291285311560955,0.7520098948670377,0.7520098948670377,0.7520098948670376,0.7759582726545614,3234,3234,3234,6468,427,283,6324,0.9777365491651204,351,24.0,140,62,78,13,True,1,True,degree_based,PA
standard,ca_hepth,ca-HepTh,scientific_collaboration,3,pfp,0.9698725962771784,0.9698295858513192,0.9455782312925172,0.9455782312925172,0.9455782312925172,0.9534531993877504,3234,3234,3234,6468,2751,122,3839,0.5935374149659864,3347,0.0,3347,183,3164,113,True,1,True,quasi_local_walk,PFP-l3
standard,ca_hepth,ca-HepTh,scientific_collaboration,3,ra,0.9361275076041636,0.9360315414185014,0.8868274582560297,0.8868274582560297,0.8868274582560297,0.903159284163116,3234,3234,3234,6468,1265,299,5502,0.8506493506493507,3633,0.0,3633,410,3223,399,True,1,True,local_similarity,RA
standard,ca_hepth,ca-HepTh,scientific_collaboration,3,ra_cni,0.9694796503832,0.9692603498924728,0.945269016697588,0.945269016697588,0.945269016697588,0.9531914585808694,3234,3234,3234,6468,2451,178,4195,0.6485776128633272,3349,0.0,3349,185,3164,115,True,1,True,enhanced_local,RA-CNI
standard,ca_hepth,ca-HepTh,scientific_collaboration,3,sa,0.9354253456998924,0.935665054237808,0.8868274582560297,0.8868274582560297,0.8868274582560297,0.9030699879708096,3234,3234,3234,6468,819,386,6035,0.9330550401978972,3633,0.0,3633,410,3223,399,True,1,True,local_similarity,SA
standard,ca_hepth,ca-HepTh,scientific_collaboration,3,so,0.9352797584957796,0.9355880852369058,0.8868274582560297,0.8868274582560297,0.8868274582560297,0.90305305729108,3234,3234,3234,6468,316,199,6351,0.9819109461966604,3633,0.0,3633,410,3223,399,True,1,True,local_similarity,SO
standard,ca_hepth,ca-HepTh,scientific_collaboration,3,srw,0.9707289038444228,0.9702673052129718,0.9455782312925172,0.9455782312925172,0.9455782312925172,0.9535655461080432,3234,3234,3234,6468,2680,136,3924,0.6066790352504638,3347,0.0,3347,183,3164,113,True,1,True,quasi_local_walk,SRW-l3
standard,ca_hepth,ca-HepTh,scientific_collaboration,3,aa,0.8909572350248605,0.9359142999415992,0.8760049474335189,0.8760049474335189,0.8760049474335189,0.8935721822878202,3234,3234,16170,19404,1371,289,18322,0.9442383013811584,16523,0.0,16523,410,16113,353,True,5,False,local_similarity,AA
standard,ca_hepth,ca-HepTh,scientific_collaboration,3,car_aa,0.563800151616105,0.7386599037208632,0.5235003092145949,0.5235003092145949,0.5235003092145949,0.5785639057020361,3234,3234,16170,19404,1110,213,18507,0.9537724180581324,17850,0.0,17850,1689,16161,1680,True,5,False,enhanced_local,CAR-AA
standard,ca_hepth,ca-HepTh,scientific_collaboration,3,car_cn,0.5631458809121944,0.7386295559433648,0.5235003092145949,0.5235003092145949,0.5235003092145949,0.5785002912824814,3234,3234,16170,19404,183,89,19310,0.9951556380127808,17850,0.0,17850,1689,16161,1680,True,5,False,enhanced_local,CAR-CN
standard,ca_hepth,ca-HepTh,scientific_collaboration,3,car_ra,0.5641382383257728,0.7386761580440352,0.5235003092145949,0.5235003092145949,0.5235003092145949,0.5786184764547393,3234,3234,16170,19404,1074,217,18547,0.9558338486909916,17850,0.0,17850,1689,16161,1680,True,5,False,enhanced_local,CAR-RA
standard,ca_hepth,ca-HepTh,scientific_collaboration,3,cn,0.8863233566680772,0.935631235684244,0.8760049474335189,0.8760049474335189,0.8760049474335189,0.893251636235854,3234,3234,16170,19404,27,25,19402,0.9998969284683572,16523,0.0,16523,410,16113,353,True,5,False,local_similarity,CN
standard,ca_hepth,ca-HepTh,scientific_collaboration,3,fl,0.9416416331828512,0.9694976056425832,0.9279529993815708,0.9279529993815708,0.9279529993815708,0.9375521125857352,3234,3234,16170,19404,488,194,19110,0.9848484848484848,15957,6.7049420518678235e-09,325,67,258,112,True,5,False,quasi_local_path,FL-l3
standard,ca_hepth,ca-HepTh,scientific_collaboration,3,fsw,0.8883514388790832,0.9355876262913104,0.8760049474335189,0.8760049474335189,0.8760049474335189,0.8932647509927901,3234,3234,16170,19404,946,423,18881,0.973046794475366,16523,0.0,16523,410,16113,353,True,5,False,enhanced_local,FSW
standard,ca_hepth,ca-HepTh,scientific_collaboration,3,hdi,0.887154346474137,0.9355145583279696,0.8760049474335189,0.8760049474335189,0.8760049474335189,0.8931232470730005,3234,3234,16170,19404,248,183,19339,0.9966501752216038,16523,0.0,16523,410,16113,353,True,5,False,local_similarity,HDI
standard,ca_hepth,ca-HepTh,scientific_collaboration,3,hpi,0.8852781555254909,0.9354192219418832,0.8760049474335189,0.8760049474335189,0.8760049474335189,0.8929271769342597,3234,3234,16170,19404,169,114,19349,0.9971655328798186,16523,0.0,16523,410,16113,353,True,5,False,local_similarity,HPI
standard,ca_hepth,ca-HepTh,scientific_collaboration,3,ia1,0.8911295882381897,0.9359224940327512,0.8760049474335189,0.8760049474335189,0.8760049474335189,0.8935994139338878,3234,3234,16170,19404,1382,267,18289,0.9425376211090496,16523,0.0,16523,410,16113,353,True,5,False,enhanced_local,IA1
standard,ca_hepth,ca-HepTh,scientific_collaboration,3,ia2,0.8905816789571362,0.9358487663351168,0.8760049474335189,0.8760049474335189,0.8760049474335189,0.8935390105972915,3234,3234,16170,19404,1365,268,18307,0.9434652648938364,16523,0.0,16523,410,16113,353,True,5,False,enhanced_local,IA2
standard,ca_hepth,ca-HepTh,scientific_collaboration,3,ja,0.8875641248348248,0.935543012954887,0.8760049474335189,0.8760049474335189,0.8760049474335189,0.8931637904876715,3234,3234,16170,19404,317,200,19287,0.9939703153988868,16523,0.0,16523,410,16113,353,True,5,False,local_similarity,JA
standard,ca_hepth,ca-HepTh,scientific_collaboration,3,lit,0.8049227945209956,0.8851744222735477,0.7807668521954236,0.7807668521954236,0.7807668521954236,0.8104964086412323,3234,3234,16170,19404,2424,69,17049,0.8786332714904144,16851,0.0,16851,736,16115,681,True,5,False,enhanced_local,LIT-i2
standard,ca_hepth,ca-HepTh,scientific_collaboration,3,llhn,0.8834907802666081,0.9352530453908668,0.8760049474335189,0.8760049474335189,0.8760049474335189,0.8924638913000955,3234,3234,16170,19404,632,309,19081,0.983353947639662,16523,0.0,16523,410,16113,353,True,5,False,local_similarity,LLHN
standard,ca_hepth,ca-HepTh,scientific_collaboration,3,lnb_aa,0.8909933640310563,0.9358997571030436,0.8760049474335189,0.8760049474335189,0.8760049474335189,0.8935741386098401,3234,3234,16170,19404,1978,314,17740,0.914244485673057,16523,0.0,16523,410,16113,353,True,5,False,local_bayesian,LNB-AA
standard,ca_hepth,ca-HepTh,scientific_collaboration,3,lnb_cn,0.8894083390798514,0.935738303867114,0.8760049474335189,0.8760049474335189,0.8760049474335189,0.8933636754717366,3234,3234,16170,19404,1948,316,17772,0.9158936301793444,16523,0.0,16523,410,16113,353,True,5,False,local_bayesian,LNB-CN
standard,ca_hepth,ca-HepTh,scientific_collaboration,3,lnb_ra,0.8912310481328971,0.9359150744122916,0.8760049474335189,0.8760049474335189,0.8760049474335189,0.8936084540559609,3234,3234,16170,19404,1978,314,17740,0.914244485673057,16523,0.0,16523,410,16113,353,True,5,False,local_bayesian,LNB-RA
standard,ca_hepth,ca-HepTh,scientific_collaboration,3,lpi,0.9416416331828512,0.9694976056425832,0.9279529993815708,0.9279529993815708,0.9279529993815708,0.9375521125857352,3234,3234,16170,19404,488,194,19110,0.9848484848484848,15957,0.001,325,67,258,112,True,5,False,quasi_local_path,LPI-beta-0.001
standard,ca_hepth,ca-HepTh,scientific_collaboration,3,lrw,0.8661798121628839,0.9233498706729556,0.854978354978355,0.854978354978355,0.854978354978355,0.8743899769855599,3234,3234,16170,19404,2733,205,16876,0.8697175840032982,16248,0.0,16248,473,15775,78,True,5,False,quasi_local_walk,LRW-l3
standard,ca_hepth,ca-HepTh,scientific_collaboration,3,ora_cni,0.9407989807689758,0.9692128490233448,0.930117501546073,0.930117501546073,0.930117501546073,0.939167321658878,3234,3234,16170,19404,2981,178,16601,0.8555452484023912,15957,0.0388907407407407,1,0,1,1,False,5,False,quasi_local_path,ORA-CNI-beta-0.001
standard,ca_hepth,ca-HepTh,scientific_collaboration,3,pa,0.5760694362942608,0.8269800825260671,0.5358688930117501,0.5358688930117501,0.5358688930117501,0.5717822415384851,3234,3234,16170,19404,445,310,19269,0.9930426716141002,1458,60.0,176,44,132,54,True,5,False,degree_based,PA
standard,ca_hepth,ca-HepTh,scientific_collaboration,3,pfp,0.942089279823418,0.9693880132589384,0.9285714285714286,0.9285714285714286,0.9285714285714286,0.9380220173042976,3234,3234,16170,19404,3060,132,16476,0.8491032776747063,15957,0.0006376664000322,1,0,1,1,False,5,False,quasi_local_walk,PFP-l3
standard,ca_hepth,ca-HepTh,scientific_collaboration,3,ra,0.8913181758799097,0.9359363484529136,0.8760049474335189,0.8760049474335189,0.8760049474335189,0.8936267485502216,3234,3234,16170,19404,1273,300,18431,0.9498556998556998,16523,0.0,16523,410,16113,353,True,5,False,local_similarity,RA
standard,ca_hepth,ca-HepTh,scientific_collaboration,3,ra_cni,0.9403615130076214,0.9689160450822256,0.930117501546073,0.930117501546073,0.930117501546073,0.9391682649385558,3234,3234,16170,19404,2663,243,16984,0.8752834467120182,15961,0.0388888888888888,1,0,1,1,False,5,False,enhanced_local,RA-CNI
standard,ca_hepth,ca-HepTh,scientific_collaboration,3,sa,0.887852351307825,0.9355525838828253,0.8760049474335189,0.8760049474335189,0.8760049474335189,0.8931880773943908,3234,3234,16170,19404,826,387,18965,0.9773757988043702,16523,0.0,16523,410,16113,353,True,5,False,local_similarity,SA
standard,ca_hepth,ca-HepTh,scientific_collaboration,3,so,0.8875641248348248,0.935543012954887,0.8760049474335189,0.8760049474335189,0.8760049474335189,0.8931637904876715,3234,3234,16170,19404,317,200,19287,0.9939703153988868,16523,0.0,16523,410,16113,353,True,5,False,local_similarity,SO
standard,ca_hepth,ca-HepTh,scientific_collaboration,3,srw,0.946710286549536,0.9699779973832452,0.9332096474953616,0.9332096474953616,0.9332096474953616,0.9425225237608784,3234,3234,16170,19404,2923,187,16668,0.8589981447124304,15957,1.9810422183869244e-07,4,0,4,3,True,5,False,quasi_local_walk,SRW-l3
standard,ca_hepth,ca-HepTh,scientific_collaboration,3,aa,0.8791048926497129,0.9359763054038168,0.8750773036487323,0.8750773036487323,0.8750773036487323,0.8925292469166977,3234,3234,32340,35574,1372,292,34494,0.969640748861528,32637,0.0,32637,410,32227,297,True,10,False,local_similarity,AA
standard,ca_hepth,ca-HepTh,scientific_collaboration,3,car_aa,0.5241747983342329,0.7387452006720495,0.5037105751391465,0.5037105751391465,0.5037105751391465,0.5610293864735955,3234,3234,32340,35574,1110,214,34678,0.9748130657221566,34018,0.0,34018,1689,32329,1678,True,10,False,enhanced_local,CAR-AA
standard,ca_hepth,ca-HepTh,scientific_collaboration,3,car_cn,0.5233738064852321,0.7387277655201059,0.5037105751391465,0.5037105751391465,0.5037105751391465,0.5609675150073304,3234,3234,32340,35574,183,89,35480,0.9973576207342442,34018,0.0,34018,1689,32329,1678,True,10,False,enhanced_local,CAR-CN
standard,ca_hepth,ca-HepTh,scientific_collaboration,3,car_ra,0.5245119833903611,0.7387532895881691,0.5037105751391465,0.5037105751391465,0.5037105751391465,0.5610838386619971,3234,3234,32340,35574,1074,218,34718,0.9759374824309888,34018,0.0,34018,1689,32329,1678,True,10,False,enhanced_local,CAR-RA
standard,ca_hepth,ca-HepTh,scientific_collaboration,3,cn,0.870881685485267,0.9357361047528026,0.8750773036487323,0.8750773036487323,0.8750773036487323,0.8920648978367683,3234,3234,32340,35574,27,25,35572,0.9999437791645585,32637,0.0,32637,410,32227,297,True,10,False,local_similarity,CN
standard,ca_hepth,ca-HepTh,scientific_collaboration,3,fl,0.92936373170619,0.9695993959511056,0.9168212739641312,0.9168212739641312,0.9168212739641312,0.9274536506059946,3234,3234,32340,35574,490,194,35278,0.991679316354641,31739,1.3409884103735644e-08,171,57,114,115,True,10,False,quasi_local_path,FL-l3
standard,ca_hepth,ca-HepTh,scientific_collaboration,3,fsw,0.874742941295169,0.9356991213869033,0.8750773036487323,0.8750773036487323,0.8750773036487323,0.8920087499073356,3234,3234,32340,35574,953,427,35048,0.9852139202788552,32637,0.0,32637,410,32227,297,True,10,False,enhanced_local,FSW
standard,ca_hepth,ca-HepTh,scientific_collaboration,3,hdi,0.8720663142706973,0.9356104779574168,0.8750773036487323,0.8750773036487323,0.8750773036487323,0.8916774217775112,3234,3234,32340,35574,248,183,35509,0.9981728228481476,32637,0.0,32637,410,32227,297,True,10,False,local_similarity,HDI
standard,ca_hepth,ca-HepTh,scientific_collaboration,3,hpi,0.8662432549503223,0.93543899006727,0.8750773036487323,0.8750773036487323,0.8750773036487323,0.8910604356538881,3234,3234,32340,35574,169,115,35520,0.9984820374430764,32637,0.0,32637,410,32227,297,True,10,False,local_similarity,HPI
standard,ca_hepth,ca-HepTh,scientific_collaboration,3,ia1,0.878972472909443,0.935960686911522,0.8750773036487323,0.8750773036487323,0.8750773036487323,0.8925209061559806,3234,3234,32340,35574,1384,269,34459,0.9686568842412998,32637,0.0,32637,410,32227,297,True,10,False,enhanced_local,IA1
standard,ca_hepth,ca-HepTh,scientific_collaboration,3,ia2,0.877050314903133,0.9358399842199208,0.8750773036487323,0.8750773036487323,0.8750773036487323,0.8922954724831185,3234,3234,32340,35574,1367,270,34477,0.9691628717602744,32637,0.0,32637,410,32227,297,True,10,False,enhanced_local,IA2
standard,ca_hepth,ca-HepTh,scientific_collaboration,3,ja,0.8726393549614615,0.9356300500747892,0.8750773036487323,0.8750773036487323,0.8750773036487323,0.8917283067155801,3234,3234,32340,35574,318,200,35456,0.9966829707089448,32637,0.0,32637,410,32227,297,True,10,False,local_similarity,JA
standard,ca_hepth,ca-HepTh,scientific_collaboration,3,lit,0.7845222695752525,0.8852817294905818,0.7770562770562771,0.7770562770562771,0.777056277056277,0.8069220783547574,3234,3234,32340,35574,2477,69,33166,0.932310114128296,32967,0.0,32967,736,32231,627,True,10,False,enhanced_local,LIT-i2
standard,ca_hepth,ca-HepTh,scientific_collaboration,3,llhn,0.8633298517366507,0.935287217714994,0.8750773036487323,0.8750773036487323,0.8750773036487323,0.8900559454797186,3234,3234,32340,35574,636,309,35247,0.990807893405296,32637,0.0,32637,410,32227,297,True,10,False,local_similarity,LLHN
standard,ca_hepth,ca-HepTh,scientific_collaboration,3,lnb_aa,0.8792071590184212,0.9359680204796824,0.8750773036487323,0.8750773036487323,0.8750773036487323,0.892530940812697,3234,3234,32340,35574,1993,327,33908,0.953168044077135,32637,0.0,32637,410,32227,297,True,10,False,local_bayesian,LNB-AA
standard,ca_hepth,ca-HepTh,scientific_collaboration,3,lnb_cn,0.8773367372314373,0.9358669233702366,0.8750773036487323,0.8750773036487323,0.8750773036487323,0.8922860760707185,3234,3234,32340,35574,1962,328,33940,0.9540675774442008,32637,0.0,32637,410,32227,297,True,10,False,local_bayesian,LNB-CN
standard,ca_hepth,ca-HepTh,scientific_collaboration,3,lnb_ra,0.8788998567593903,0.93594041681439,0.8750773036487323,0.8750773036487323,0.8750773036487323,0.8925006002803523,3234,3234,32340,35574,1993,327,33908,0.953168044077135,32637,0.0,32637,410,32227,297,True,10,False,local_bayesian,LNB-RA
standard,ca_hepth,ca-HepTh,scientific_collaboration,3,lpi,0.92936373170619,0.9695993959511056,0.9168212739641312,0.9168212739641312,0.9168212739641312,0.9274536506059946,3234,3234,32340,35574,490,194,35278,0.991679316354641,31739,0.002,171,57,114,115,True,10,False,quasi_local_path,LPI-beta-0.001
standard,ca_hepth,ca-HepTh,scientific_collaboration,3,lrw,0.8449344261782308,0.9233877767107292,0.8401360544217688,0.8401360544217688,0.8401360544217686,0.8606412173082901,3234,3234,32340,35574,2979,262,32857,0.9236239950525664,32032,1.3714907665755633e-07,1,1,0,1,False,10,False,quasi_local_walk,LRW-l3
standard,ca_hepth,ca-HepTh,scientific_collaboration,3,ora_cni,0.9269828783394406,0.9692959994477356,0.9050711193568336,0.9050711193568336,0.9050711193568336,0.9169835170536056,3234,3234,32340,35574,3257,246,32563,0.9153595322426492,31739,0.0788566308243727,1,0,1,1,False,10,False,quasi_local_path,ORA-CNI-beta-0.001
standard,ca_hepth,ca-HepTh,scientific_collaboration,3,pa,0.4400980073526805,0.8264086139881264,0.4452690166975881,0.4452690166975881,0.4452690166975881,0.4805612820404495,3234,3234,32340,35574,459,330,35445,0.996373756114016,2932,88.0,69,14,55,63,True,10,False,degree_based,PA
standard,ca_hepth,ca-HepTh,scientific_collaboration,3,pfp,0.9273452906417118,0.969375817735876,0.9106369820655535,0.9106369820655535,0.9106369820655535,0.921749344219374,3234,3234,32340,35574,3423,151,32302,0.9080227132175184,31739,0.0017006802721088,1,0,1,1,False,10,False,quasi_local_walk,PFP-l3
standard,ca_hepth,ca-HepTh,scientific_collaboration,3,ra,0.8788568454269319,0.9359493088853016,0.8750773036487323,0.8750773036487323,0.8750773036487323,0.8925121001589998,3234,3234,32340,35574,1274,303,34603,0.972704784393096,32637,0.0,32637,410,32227,297,True,10,False,local_similarity,RA
standard,ca_hepth,ca-HepTh,scientific_collaboration,3,ra_cni,0.9265514679077348,0.9690060701291818,0.9050711193568336,0.9050711193568336,0.9050711193568336,0.9169881095280776,3234,3234,32340,35574,2888,305,32991,0.9273907910271548,31752,0.078853046594982,1,0,1,1,False,10,False,enhanced_local,RA-CNI
standard,ca_hepth,ca-HepTh,scientific_collaboration,3,sa,0.8726218407339199,0.9356098612492728,0.8750773036487323,0.8750773036487323,0.8750773036487323,0.8917072354887443,3234,3234,32340,35574,831,391,35134,0.9876314162028448,32637,0.0,32637,410,32227,297,True,10,False,local_similarity,SA
standard,ca_hepth,ca-HepTh,scientific_collaboration,3,so,0.8726393549614615,0.9356300500747892,0.8750773036487323,0.8750773036487323,0.8750773036487323,0.8917283067155801,3234,3234,32340,35574,318,200,35456,0.9966829707089448,32637,0.0,32637,410,32227,297,True,10,False,local_similarity,SO
standard,ca_hepth,ca-HepTh,scientific_collaboration,3,srw,0.9370841369780456,0.97000403298442,0.919294990723562,0.919294990723562,0.9192949907235622,0.930250836182942,3234,3234,32340,35574,3190,252,32636,0.917411592736268,31739,4.2922581398383363e-07,1,0,1,1,False,10,False,quasi_local_walk,SRW-l3
standard,ca_hepth,ca-HepTh,scientific_collaboration,4,aa,0.9334650297994548,0.9333500083566344,0.8815708101422387,0.8815708101422387,0.8815708101422387,0.8986352112002807,3234,3234,3234,6468,1364,276,5380,0.8317872603586889,3652,0.0,3652,428,3224,418,True,1,True,local_similarity,AA
standard,ca_hepth,ca-HepTh,scientific_collaboration,4,car_aa,0.7393320964749536,0.7393320964749537,0.6573902288188003,0.6573902288188003,0.6573902288188003,0.6971365858258558,3234,3234,3234,6468,1085,203,5586,0.8636363636363636,4920,0.0,4920,1686,3234,1686,True,1,True,enhanced_local,CAR-AA
standard,ca_hepth,ca-HepTh,scientific_collaboration,4,car_cn,0.7393320964749537,0.7393320964749537,0.6573902288188003,0.6573902288188003,0.6573902288188003,0.6971365858258558,3234,3234,3234,6468,163,98,6403,0.9899505256648112,4920,0.0,4920,1686,3234,1686,True,1,True,enhanced_local,CAR-CN
standard,ca_hepth,ca-HepTh,scientific_collaboration,4,car_ra,0.7393320964749537,0.7393320964749537,0.6573902288188003,0.6573902288188003,0.6573902288188003,0.6971365858258558,3234,3234,3234,6468,1042,219,5645,0.8727581941867656,4920,0.0,4920,1686,3234,1686,True,1,True,enhanced_local,CAR-RA
standard,ca_hepth,ca-HepTh,scientific_collaboration,4,cn,0.9327761321470736,0.9331654739818006,0.8815708101422387,0.8815708101422387,0.8815708101422387,0.898599269018648,3234,3234,3234,6468,27,25,6466,0.9996907854050712,3652,0.0,3652,428,3224,418,True,1,True,local_similarity,CN
standard,ca_hepth,ca-HepTh,scientific_collaboration,4,fl,0.9658110871759796,0.9655991592116692,0.938157081014224,0.938157081014224,0.938157081014224,0.9471805310757742,3234,3234,3234,6468,453,211,6226,0.9625850340136054,3379,0.0,3379,211,3168,145,True,1,True,quasi_local_path,FL-l3
standard,ca_hepth,ca-HepTh,scientific_collaboration,4,fsw,0.9330616984399416,0.9330976360859744,0.8815708101422387,0.8815708101422387,0.8815708101422387,0.8985892609080279,3234,3234,3234,6468,958,437,5947,0.9194495980210264,3652,0.0,3652,428,3224,418,True,1,True,enhanced_local,FSW
standard,ca_hepth,ca-HepTh,scientific_collaboration,4,hdi,0.9324534983739622,0.9328821228834482,0.8815708101422387,0.8815708101422387,0.8815708101422387,0.8985080108773411,3234,3234,3234,6468,239,177,6406,0.9904143475572048,3652,0.0,3652,428,3224,418,True,1,True,local_similarity,HDI
standard,ca_hepth,ca-HepTh,scientific_collaboration,4,hpi,0.9324774613995443,0.9330009706699344,0.8815708101422387,0.8815708101422387,0.8815708101422387,0.8985360722148196,3234,3234,3234,6468,164,119,6423,0.9930426716141002,3652,0.0,3652,428,3224,418,True,1,True,local_similarity,HPI
standard,ca_hepth,ca-HepTh,scientific_collaboration,4,ia1,0.9334002535230304,0.9333104242990276,0.8815708101422387,0.8815708101422387,0.8815708101422387,0.8986277122583518,3234,3234,3234,6468,1358,271,5381,0.8319418676561534,3652,0.0,3652,428,3224,418,True,1,True,enhanced_local,IA1
standard,ca_hepth,ca-HepTh,scientific_collaboration,4,ia2,0.9331079362293762,0.933150127988453,0.8815708101422387,0.8815708101422387,0.8815708101422387,0.8985926525283956,3234,3234,3234,6468,1379,254,5343,0.8260667903525046,3652,0.0,3652,428,3224,418,True,1,True,enhanced_local,IA2
standard,ca_hepth,ca-HepTh,scientific_collaboration,4,ja,0.9325278913777904,0.9329508213022658,0.8815708101422387,0.8815708101422387,0.8815708101422387,0.898511971059098,3234,3234,3234,6468,302,204,6370,0.9848484848484848,3652,0.0,3652,428,3224,418,True,1,True,local_similarity,JA
standard,ca_hepth,ca-HepTh,scientific_collaboration,4,lit,0.8865194730016899,0.8863653096027864,0.8172541743970315,0.8172541743970315,0.8172541743970315,0.8424983322410328,3234,3234,3234,6468,2397,61,4132,0.6388373531230674,3954,0.0,3954,730,3224,720,True,1,True,enhanced_local,LIT-i2
standard,ca_hepth,ca-HepTh,scientific_collaboration,4,llhn,0.931492977275412,0.9327540005713874,0.8815708101422387,0.8815708101422387,0.8815708101422387,0.8982686085458129,3234,3234,3234,6468,626,323,6165,0.9531539888682746,3652,0.0,3652,428,3224,418,True,1,True,local_similarity,LLHN
standard,ca_hepth,ca-HepTh,scientific_collaboration,4,lnb_aa,0.9334338223009608,0.933318742687945,0.8815708101422387,0.8815708101422387,0.8815708101422387,0.8986302195140048,3234,3234,3234,6468,1981,286,4773,0.7379406307977736,3652,0.0,3652,428,3224,418,True,1,True,local_bayesian,LNB-AA
standard,ca_hepth,ca-HepTh,scientific_collaboration,4,lnb_cn,0.9333609804464508,0.9332588885332062,0.8815708101422387,0.8815708101422387,0.8815708101422387,0.8986221013389599,3234,3234,3234,6468,1956,290,4802,0.7424242424242424,3652,0.0,3652,428,3224,418,True,1,True,local_bayesian,LNB-CN
standard,ca_hepth,ca-HepTh,scientific_collaboration,4,lnb_ra,0.933308153107714,0.9332466499839944,0.8815708101422387,0.8815708101422387,0.8815708101422387,0.8986150946759937,3234,3234,3234,6468,1981,286,4773,0.7379406307977736,3652,0.0,3652,428,3224,418,True,1,True,local_bayesian,LNB-RA
standard,ca_hepth,ca-HepTh,scientific_collaboration,4,lpi,0.9658110871759796,0.9655991592116692,0.938157081014224,0.938157081014224,0.938157081014224,0.9471805310757742,3234,3234,3234,6468,453,211,6226,0.9625850340136054,3379,0.0,3379,211,3168,145,True,1,True,quasi_local_path,LPI-beta-0.001
standard,ca_hepth,ca-HepTh,scientific_collaboration,4,lrw,0.9256687568666092,0.9246427108539486,0.8701298701298701,0.8701298701298701,0.8701298701298701,0.888594459152571,3234,3234,3234,6468,2493,147,4122,0.637291280148423,3639,0.0,3639,471,3168,405,True,1,True,quasi_local_walk,LRW-l3
standard,ca_hepth,ca-HepTh,scientific_collaboration,4,ora_cni,0.9658448788699714,0.9654859526314604,0.938157081014224,0.938157081014224,0.938157081014224,0.9471532783783996,3234,3234,3234,6468,2728,124,3864,0.5974025974025974,3379,0.0,3379,211,3168,145,True,1,True,quasi_local_path,ORA-CNI-beta-0.001
standard,ca_hepth,ca-HepTh,scientific_collaboration,4,pa,0.8369773687788266,0.8248917462076751,0.743661100803958,0.743661100803958,0.743661100803958,0.769304480224707,3234,3234,3234,6468,404,295,6359,0.983147804576376,324,24.0,161,78,83,39,True,1,True,degree_based,PA
standard,ca_hepth,ca-HepTh,scientific_collaboration,4,pfp,0.9658124508866268,0.9655928965165648,0.938157081014224,0.938157081014224,0.938157081014224,0.9471410910410734,3234,3234,3234,6468,2754,105,3819,0.5904452690166976,3379,0.0,3379,211,3168,145,True,1,True,quasi_local_walk,PFP-l3
standard,ca_hepth,ca-HepTh,scientific_collaboration,4,ra,0.9333248883775918,0.9332675893767864,0.8815708101422387,0.8815708101422387,0.8815708101422387,0.8986187946466446,3234,3234,3234,6468,1275,276,5469,0.8455473098330241,3652,0.0,3652,428,3224,418,True,1,True,local_similarity,RA
standard,ca_hepth,ca-HepTh,scientific_collaboration,4,ra_cni,0.9654023573203396,0.9650327916627944,0.9372294372294372,0.9372294372294372,0.9372294372294372,0.946362558672198,3234,3234,3234,6468,2414,169,4223,0.6529066171923315,3382,0.0,3382,214,3168,148,True,1,True,enhanced_local,RA-CNI
standard,ca_hepth,ca-HepTh,scientific_collaboration,4,sa,0.9326217713260744,0.9330056079327216,0.8815708101422387,0.8815708101422387,0.8815708101422387,0.8985194663426546,3234,3234,3234,6468,845,391,6014,0.929808286951144,3652,0.0,3652,428,3224,418,True,1,True,local_similarity,SA
standard,ca_hepth,ca-HepTh,scientific_collaboration,4,so,0.9325278913777904,0.9329508213022658,0.8815708101422387,0.8815708101422387,0.8815708101422387,0.898511971059098,3234,3234,3234,6468,302,204,6370,0.9848484848484848,3652,0.0,3652,428,3224,418,True,1,True,local_similarity,SO
standard,ca_hepth,ca-HepTh,scientific_collaboration,4,srw,0.9664953773155858,0.9660080510531082,0.938157081014224,0.938157081014224,0.938157081014224,0.9472261989851968,3234,3234,3234,6468,2657,149,3960,0.6122448979591837,3379,0.0,3379,211,3168,145,True,1,True,quasi_local_walk,SRW-l3
standard,ca_hepth,ca-HepTh,scientific_collaboration,4,aa,0.8872041768088387,0.9332393737840332,0.8698206555349413,0.8698206555349413,0.8698206555349413,0.8883438306911097,3234,3234,16170,19404,1367,279,18316,0.9439290867862296,16540,0.0,16540,428,16112,370,True,5,False,local_similarity,AA
standard,ca_hepth,ca-HepTh,scientific_collaboration,4,car_aa,0.5650375012625475,0.7392350103587847,0.525664811379097,0.525664811379097,0.525664811379097,0.5805497648996396,3234,3234,16170,19404,1089,203,18518,0.9543393114821688,17852,0.0,17852,1686,16166,1682,True,5,False,enhanced_local,CAR-AA
standard,ca_hepth,ca-HepTh,scientific_collaboration,4,car_cn,0.5647940875949241,0.7392220547070799,0.525664811379097,0.525664811379097,0.525664811379097,0.5805250615356082,3234,3234,16170,19404,163,98,19339,0.9966501752216038,17852,0.0,17852,1686,16166,1682,True,5,False,enhanced_local,CAR-CN
standard,ca_hepth,ca-HepTh,scientific_collaboration,4,car_ra,0.5651547852476819,0.7392411296333905,0.525664811379097,0.525664811379097,0.525664811379097,0.580567871890015,3234,3234,16170,19404,1046,219,18577,0.957379921665636,17852,0.0,17852,1686,16166,1682,True,5,False,enhanced_local,CAR-RA
standard,ca_hepth,ca-HepTh,scientific_collaboration,4,cn,0.8827240218836917,0.9329477042967635,0.8698206555349413,0.8698206555349413,0.8698206555349413,0.8880699483586281,3234,3234,16170,19404,27,25,19402,0.9998969284683572,16540,0.0,16540,428,16112,370,True,5,False,local_similarity,CN
standard,ca_hepth,ca-HepTh,scientific_collaboration,4,fl,0.9353893391798892,0.9651193220302684,0.91991341991342,0.91991341991342,0.91991341991342,0.9308328864664532,3234,3234,16170,19404,454,211,19161,0.9874768089053804,15978,6.7049420518678235e-09,332,81,251,140,True,5,False,quasi_local_path,FL-l3
standard,ca_hepth,ca-HepTh,scientific_collaboration,4,fsw,0.8844108742095463,0.93286951144094,0.8698206555349413,0.8698206555349413,0.8698206555349413,0.8880236429101421,3234,3234,16170,19404,967,439,18876,0.9727891156462584,16540,0.0,16540,428,16112,370,True,5,False,enhanced_local,FSW
standard,ca_hepth,ca-HepTh,scientific_collaboration,4,hdi,0.882506642463443,0.932744611309414,0.8698206555349413,0.8698206555349413,0.8698206555349413,0.8877748038186528,3234,3234,16170,19404,240,180,19344,0.9969078540507113,16540,0.0,16540,428,16112,370,True,5,False,local_similarity,HDI
standard,ca_hepth,ca-HepTh,scientific_collaboration,4,hpi,0.8791776121839713,0.9325577439611366,0.8698206555349413,0.8698206555349413,0.8698206555349413,0.8870429957167871,3234,3234,16170,19404,164,119,19359,0.9976808905380334,16540,0.0,16540,428,16112,370,True,5,False,local_similarity,HPI
standard,ca_hepth,ca-HepTh,scientific_collaboration,4,ia1,0.8871691061797755,0.9332352241509412,0.8698206555349413,0.8698206555349413,0.8698206555349413,0.8883411932060189,3234,3234,16170,19404,1363,272,18313,0.9437744794887652,16540,0.0,16540,428,16112,370,True,5,False,enhanced_local,IA1
standard,ca_hepth,ca-HepTh,scientific_collaboration,4,ia2,0.8862410928048361,0.9331280890385052,0.8698206555349413,0.8698206555349413,0.8698206555349413,0.8882317236931533,3234,3234,16170,19404,1384,255,18275,0.9418161203875488,16540,0.0,16540,428,16112,370,True,5,False,enhanced_local,IA2
standard,ca_hepth,ca-HepTh,scientific_collaboration,4,ja,0.8826803960691736,0.9327586856410076,0.8698206555349413,0.8698206555349413,0.8698206555349413,0.8877821609438151,3234,3234,16170,19404,302,204,19306,0.9949494949494948,16540,0.0,16540,428,16112,370,True,5,False,local_similarity,JA
standard,ca_hepth,ca-HepTh,scientific_collaboration,4,lit,0.8077959784721465,0.8862127675605014,0.782622139764997,0.782622139764997,0.782622139764997,0.812279934962002,3234,3234,16170,19404,2441,61,17024,0.8773448773448773,16844,0.0,16844,730,16114,674,True,5,False,enhanced_local,LIT-i2
standard,ca_hepth,ca-HepTh,scientific_collaboration,4,llhn,0.8769784059467471,0.932385103926318,0.8698206555349413,0.8698206555349413,0.8698206555349413,0.8867832116588753,3234,3234,16170,19404,632,325,19097,0.9841785198928056,16540,0.0,16540,428,16112,370,True,5,False,local_similarity,LLHN
standard,ca_hepth,ca-HepTh,scientific_collaboration,4,lnb_aa,0.8871832376810254,0.9332251942774076,0.8698206555349413,0.8698206555349413,0.8698206555349413,0.8883361511415783,3234,3234,16170,19404,2006,295,17693,0.9118223046794476,16540,0.0,16540,428,16112,370,True,5,False,local_bayesian,LNB-AA
standard,ca_hepth,ca-HepTh,scientific_collaboration,4,lnb_cn,0.8863416158954252,0.9331212813455062,0.8698206555349413,0.8698206555349413,0.8698206555349413,0.8882306537048591,3234,3234,16170,19404,1981,299,17722,0.9133168418882704,16540,0.0,16540,428,16112,370,True,5,False,local_bayesian,LNB-CN
standard,ca_hepth,ca-HepTh,scientific_collaboration,4,lnb_ra,0.8870330483121169,0.9332063775079944,0.8698206555349413,0.8698206555349413,0.8698206555349413,0.8883202288352463,3234,3234,16170,19404,2006,295,17693,0.9118223046794476,16540,0.0,16540,428,16112,370,True,5,False,local_bayesian,LNB-RA
standard,ca_hepth,ca-HepTh,scientific_collaboration,4,lpi,0.9353893391798892,0.9651193220302684,0.91991341991342,0.91991341991342,0.91991341991342,0.9308328864664532,3234,3234,16170,19404,454,211,19161,0.9874768089053804,15978,0.001,332,81,251,140,True,5,False,quasi_local_path,LPI-beta-0.001
standard,ca_hepth,ca-HepTh,scientific_collaboration,4,lrw,0.8683571659347505,0.9238320121437004,0.8546691403834261,0.8546691403834261,0.8546691403834261,0.8743474831960192,3234,3234,16170,19404,2717,206,16893,0.8705936920222634,16240,0.0,16240,471,15769,70,True,5,False,quasi_local_walk,LRW-l3
standard,ca_hepth,ca-HepTh,scientific_collaboration,4,ora_cni,0.9344435987018034,0.9648555812947543,0.9230055658627088,0.9230055658627088,0.9230055658627088,0.9331727117945842,3234,3234,16170,19404,3002,168,16570,0.8539476396619253,15978,0.0307701923076923,1,0,1,1,False,5,False,quasi_local_path,ORA-CNI-beta-0.001
standard,ca_hepth,ca-HepTh,scientific_collaboration,4,pa,0.579184164290071,0.823622513040748,0.5374149659863946,0.5374149659863946,0.5374149659863946,0.573915579969098,3234,3234,16170,19404,419,318,19303,0.9947948876520304,1410,60.0,197,49,148,68,True,5,False,degree_based,PA
standard,ca_hepth,ca-HepTh,scientific_collaboration,4,pfp,0.9345065568090956,0.964956004327857,0.9230055658627088,0.9230055658627088,0.9230055658627088,0.9331645660501138,3234,3234,16170,19404,3070,119,16453,0.8479179550608122,15978,0.0005875440658049,1,0,1,1,False,5,False,quasi_local_walk,PFP-l3
standard,ca_hepth,ca-HepTh,scientific_collaboration,4,ra,0.8870712724367071,0.9332200980690248,0.8698206555349413,0.8698206555349413,0.8698206555349413,0.8883325182285728,3234,3234,16170,19404,1278,279,18405,0.9485157699443414,16540,0.0,16540,428,16112,370,True,5,False,local_similarity,RA
standard,ca_hepth,ca-HepTh,scientific_collaboration,4,ra_cni,0.9337777512309764,0.9644199941178472,0.9230055658627088,0.9230055658627088,0.9230055658627088,0.933172472959116,3234,3234,16170,19404,2650,219,16973,0.8747165532879818,15989,0.0307692307692307,1,0,1,1,False,5,False,enhanced_local,RA-CNI
standard,ca_hepth,ca-HepTh,scientific_collaboration,4,sa,0.8827354857734626,0.9327433778931264,0.8698206555349413,0.8698206555349413,0.8698206555349413,0.8877799755575047,3234,3234,16170,19404,852,393,18945,0.9763450834879406,16540,0.0,16540,428,16112,370,True,5,False,local_similarity,SA
standard,ca_hepth,ca-HepTh,scientific_collaboration,4,so,0.8826803960691736,0.9327586856410076,0.8698206555349413,0.8698206555349413,0.8698206555349413,0.8877821609438151,3234,3234,16170,19404,302,204,19306,0.9949494949494948,16540,0.0,16540,428,16112,370,True,5,False,local_similarity,SO
standard,ca_hepth,ca-HepTh,scientific_collaboration,4,srw,0.9403925380418364,0.9656937402497964,0.927643784786642,0.927643784786642,0.927643784786642,0.9378299459218188,3234,3234,16170,19404,2917,196,16683,0.8597711811997526,15978,1.8381866004328682e-07,1,0,1,1,False,5,False,quasi_local_walk,SRW-l3
standard,ca_hepth,ca-HepTh,scientific_collaboration,4,aa,0.8741956528447825,0.9331875272737982,0.8685837971552257,0.8685837971552257,0.8685837971552257,0.8869520125261182,3234,3234,32340,35574,1372,280,34482,0.9693034238488784,32649,0.0,32649,428,32221,309,True,10,False,local_similarity,AA
standard,ca_hepth,ca-HepTh,scientific_collaboration,4,car_aa,0.5251540210650301,0.7392271461347792,0.505256648113791,0.505256648113791,0.505256648113791,0.5624075762816448,3234,3234,32340,35574,1090,204,34688,0.9750941698993648,34017,0.0,34017,1686,32331,1677,True,10,False,enhanced_local,CAR-AA
standard,ca_hepth,ca-HepTh,scientific_collaboration,4,car_cn,0.5247700649388354,0.7392240100065438,0.505256648113791,0.505256648113791,0.505256648113791,0.5623874970748891,3234,3234,32340,35574,163,98,35509,0.9981728228481476,34017,0.0,34017,1686,32331,1677,True,10,False,enhanced_local,CAR-CN
standard,ca_hepth,ca-HepTh,scientific_collaboration,4,car_ra,0.5252267821394634,0.7392287237602636,0.505256648113791,0.505256648113791,0.505256648113791,0.5624194264257434,3234,3234,32340,35574,1047,220,34747,0.9767526845448924,34017,0.0,34017,1686,32331,1677,True,10,False,enhanced_local,CAR-RA
standard,ca_hepth,ca-HepTh,scientific_collaboration,4,cn,0.8657493824715082,0.9329258087673142,0.8685837971552257,0.8685837971552257,0.8685837971552257,0.8864687022078669,3234,3234,32340,35574,27,25,35572,0.9999437791645585,32649,0.0,32649,428,32221,309,True,10,False,local_similarity,CN
standard,ca_hepth,ca-HepTh,scientific_collaboration,4,fl,0.921121343235529,0.965096135716332,0.9090909090909092,0.9090909090909092,0.9090909090909092,0.9208536601631502,3234,3234,32340,35574,456,212,35330,0.993141058076123,31744,1.3409884103735644e-08,175,39,136,155,True,10,False,quasi_local_path,FL-l3
standard,ca_hepth,ca-HepTh,scientific_collaboration,4,fsw,0.8685270289930642,0.9328299656287996,0.8685837971552257,0.8685837971552257,0.8685837971552257,0.8862821659390037,3234,3234,32340,35574,972,444,35046,0.9851576994434136,32649,0.0,32649,428,32221,309,True,10,False,enhanced_local,FSW
standard,ca_hepth,ca-HepTh,scientific_collaboration,4,hdi,0.8640881582871901,0.9327043005879476,0.8685837971552257,0.8685837971552257,0.8685837971552257,0.8855831271834795,3234,3234,32340,35574,240,180,35514,0.9983133749367517,32649,0.0,32649,428,32221,309,True,10,False,local_similarity,HDI
standard,ca_hepth,ca-HepTh,scientific_collaboration,4,hpi,0.8565154402415964,0.932487778661248,0.8685837971552257,0.8685837971552257,0.8685837971552257,0.8841296441037096,3234,3234,32340,35574,164,119,35529,0.9987350312025636,32649,0.0,32649,428,32221,309,True,10,False,local_similarity,HPI
standard,ca_hepth,ca-HepTh,scientific_collaboration,4,ia1,0.8738619741058249,0.9331707375140982,0.8685837971552257,0.8685837971552257,0.8685837971552257,0.8869119597235047,3234,3234,32340,35574,1368,273,34479,0.969219092595716,32649,0.0,32649,428,32221,309,True,10,False,enhanced_local,IA1
standard,ca_hepth,ca-HepTh,scientific_collaboration,4,ia2,0.8716383127179556,0.9330437530046596,0.8685837971552257,0.8685837971552257,0.8685837971552257,0.8866423849341493,3234,3234,32340,35574,1389,256,34441,0.9681508967223252,32649,0.0,32649,428,32221,309,True,10,False,enhanced_local,IA2
standard,ca_hepth,ca-HepTh,scientific_collaboration,4,ja,0.8641766601761178,0.9327011596790288,0.8685837971552257,0.8685837971552257,0.8685837971552257,0.8855738864580129,3234,3234,32340,35574,303,205,35476,0.9972451790633609,32649,0.0,32649,428,32221,309,True,10,False,local_similarity,JA
standard,ca_hepth,ca-HepTh,scientific_collaboration,4,lit,0.7858093155141515,0.8861725428913342,0.7786023500309215,0.7786023500309215,0.7786023500309215,0.8082137616119236,3234,3234,32340,35574,2493,62,33143,0.9316635745207174,32958,0.0,32958,730,32228,618,True,10,False,enhanced_local,LIT-i2
standard,ca_hepth,ca-HepTh,scientific_collaboration,4,llhn,0.8523174098381643,0.932289442453768,0.8685837971552257,0.8685837971552257,0.8685837971552257,0.8834826957897813,3234,3234,32340,35574,636,329,35267,0.9913701017597122,32649,0.0,32649,428,32221,309,True,10,False,local_similarity,LLHN
standard,ca_hepth,ca-HepTh,scientific_collaboration,4,lnb_aa,0.8740298270519311,0.933164914641856,0.8685837971552257,0.8685837971552257,0.8685837971552257,0.886919277269959,3234,3234,32340,35574,2031,307,33850,0.9515376398493282,32649,0.0,32649,428,32221,309,True,10,False,local_bayesian,LNB-AA
standard,ca_hepth,ca-HepTh,scientific_collaboration,4,lnb_cn,0.8724146491047933,0.9330564361574168,0.8685837971552257,0.8685837971552257,0.8685837971552257,0.8867217120517041,3234,3234,32340,35574,2006,310,33878,0.9523247315455108,32649,0.0,32649,428,32221,309,True,10,False,local_bayesian,LNB-CN
standard,ca_hepth,ca-HepTh,scientific_collaboration,4,lnb_ra,0.8734815756109997,0.933135379580516,0.8685837971552257,0.8685837971552257,0.8685837971552257,0.8868535984873671,3234,3234,32340,35574,2031,307,33850,0.9515376398493282,32649,0.0,32649,428,32221,309,True,10,False,local_bayesian,LNB-RA
standard,ca_hepth,ca-HepTh,scientific_collaboration,4,lpi,0.921121343235529,0.965096135716332,0.9090909090909092,0.9090909090909092,0.9090909090909092,0.9208536601631502,3234,3234,32340,35574,456,212,35330,0.993141058076123,31744,0.002,175,39,136,155,True,10,False,quasi_local_path,LPI-beta-0.001
standard,ca_hepth,ca-HepTh,scientific_collaboration,4,lrw,0.8463823025276133,0.9237598333874506,0.8407544836116265,0.8407544836116265,0.8407544836116265,0.8612700410833324,3234,3234,32340,35574,2962,266,32878,0.9242143138247034,32010,1.4857816637901933e-07,3,0,3,2,True,10,False,quasi_local_walk,LRW-l3
standard,ca_hepth,ca-HepTh,scientific_collaboration,4,ora_cni,0.9182288849830158,0.9647887186583184,0.9022881880024736,0.9022881880024736,0.9022881880024736,0.914434552737472,3234,3234,32340,35574,3260,259,32573,0.9156406364198572,31744,0.0677451612903225,1,0,1,1,False,10,False,quasi_local_path,ORA-CNI-beta-0.001
standard,ca_hepth,ca-HepTh,scientific_collaboration,4,pa,0.4483923257029881,0.8234787531136589,0.4486703772418058,0.4486703772418058,0.4486703772418058,0.4863299018509859,3234,3234,32340,35574,427,335,35482,0.9974138415696856,2834,90.0,114,23,91,108,True,10,False,degree_based,PA
standard,ca_hepth,ca-HepTh,scientific_collaboration,4,pfp,0.9155777775884072,0.9647828671019768,0.904143475572047,0.904143475572047,0.904143475572047,0.9155501478937004,3234,3234,32340,35574,3441,134,32267,0.90703884859729,31744,0.0015782828282828,1,0,1,1,False,10,False,quasi_local_walk,PFP-l3
standard,ca_hepth,ca-HepTh,scientific_collaboration,4,ra,0.8735520306469824,0.9331500228134206,0.8685837971552257,0.8685837971552257,0.8685837971552257,0.8868782969645576,3234,3234,32340,35574,1283,280,34571,0.9718052510260302,32649,0.0,32649,428,32221,309,True,10,False,local_similarity,RA
standard,ca_hepth,ca-HepTh,scientific_collaboration,4,ra_cni,0.9175942800111052,0.9643556748049192,0.9022881880024736,0.9022881880024736,0.9022881880024736,0.9144349798819248,3234,3234,32340,35574,2864,312,33022,0.9282622139764996,31765,0.0677419354838709,1,0,1,1,False,10,False,enhanced_local,RA-CNI
standard,ca_hepth,ca-HepTh,scientific_collaboration,4,sa,0.8638890447505029,0.9326725329475132,0.8685837971552257,0.8685837971552257,0.8685837971552257,0.8855181544986235,3234,3234,32340,35574,857,401,35118,0.987181649519312,32649,0.0,32649,428,32221,309,True,10,False,local_similarity,SA
standard,ca_hepth,ca-HepTh,scientific_collaboration,4,so,0.8641766601761178,0.9327011596790288,0.8685837971552257,0.8685837971552257,0.8685837971552257,0.8855738864580129,3234,3234,32340,35574,303,205,35476,0.9972451790633609,32649,0.0,32649,428,32221,309,True,10,False,local_similarity,SO
standard,ca_hepth,ca-HepTh,scientific_collaboration,4,srw,0.9294136060247504,0.9656113069278984,0.9165120593692022,0.9165120593692022,0.9165120593692022,0.9277930163685076,3234,3234,32340,35574,3172,269,32671,0.9183954573564964,31744,4.2922581398383363e-07,7,0,7,1,True,10,False,quasi_local_walk,SRW-l3
standard,ca_hepth,ca-HepTh,scientific_collaboration,5,aa,0.9351348952728769,0.9351481287974338,0.8855552118775132,0.8855552118775132,0.8855552118775132,0.9020413618415118,3233,3233,3233,6466,1327,267,5406,0.8360655737704918,3642,0.0,3642,416,3226,409,True,1,True,local_similarity,AA
standard,ca_hepth,ca-HepTh,scientific_collaboration,5,car_aa,0.7367114253326499,0.7365861200355251,0.6566656356325394,0.6566656356325394,0.6566656356325394,0.6964140054022189,3233,3233,3233,6466,1111,191,5546,0.8577172904423136,4933,0.0,4933,1702,3231,1700,True,1,True,enhanced_local,CAR-AA
standard,ca_hepth,ca-HepTh,scientific_collaboration,5,car_cn,0.7365364512055231,0.7365351742570455,0.6566656356325394,0.6566656356325394,0.6566656356325394,0.6963975141242839,3233,3233,3233,6466,195,92,6363,0.9840705227343024,4933,0.0,4933,1702,3231,1700,True,1,True,enhanced_local,CAR-CN
standard,ca_hepth,ca-HepTh,scientific_collaboration,5,car_ra,0.7367066541908207,0.7365843022518799,0.6566656356325394,0.6566656356325394,0.6566656356325394,0.696413359411401,3233,3233,3233,6466,1070,199,5595,0.8652953912774513,4933,0.0,4933,1702,3231,1700,True,1,True,enhanced_local,CAR-RA
standard,ca_hepth,ca-HepTh,scientific_collaboration,5,cn,0.9345221705097656,0.9349662547600818,0.8855552118775132,0.8855552118775132,0.8855552118775132,0.9020228721239504,3233,3233,3233,6466,27,26,6465,0.9998453448809156,3642,0.0,3642,416,3226,409,True,1,True,local_similarity,CN
standard,ca_hepth,ca-HepTh,scientific_collaboration,5,fl,0.9661152728619248,0.9660382046458916,0.9381379523662232,0.9381379523662232,0.9381379523662232,0.9471228988599076,3233,3233,3233,6466,487,191,6170,0.9542220847510052,3365,0.0,3365,207,3158,132,True,1,True,quasi_local_path,FL-l3
standard,ca_hepth,ca-HepTh,scientific_collaboration,5,fsw,0.9345473395576952,0.9348731172664668,0.8855552118775132,0.8855552118775132,0.8855552118775132,0.9019657092275954,3233,3233,3233,6466,940,430,5956,0.9211258892669348,3642,0.0,3642,416,3226,409,True,1,True,enhanced_local,FSW
standard,ca_hepth,ca-HepTh,scientific_collaboration,5,hdi,0.9342727263216796,0.9347596971342832,0.8855552118775132,0.8855552118775132,0.8855552118775132,0.9019321027986676,3233,3233,3233,6466,251,169,6384,0.9873182802350756,3642,0.0,3642,416,3226,409,True,1,True,local_similarity,HDI
standard,ca_hepth,ca-HepTh,scientific_collaboration,5,hpi,0.9348630077635046,0.9350227495623208,0.8855552118775132,0.8855552118775132,0.8855552118775132,0.9020171747651712,3233,3233,3233,6466,166,116,6416,0.992267244045778,3642,0.0,3642,416,3226,409,True,1,True,local_similarity,HPI
standard,ca_hepth,ca-HepTh,scientific_collaboration,5,ia1,0.9351679317744226,0.9351688419637076,0.8855552118775132,0.8855552118775132,0.8855552118775132,0.9020454520771942,3233,3233,3233,6466,1353,240,5353,0.8278688524590164,3642,0.0,3642,416,3226,409,True,1,True,enhanced_local,IA1
standard,ca_hepth,ca-HepTh,scientific_collaboration,5,ia2,0.9351256436395416,0.9351478896153752,0.8855552118775132,0.8855552118775132,0.8855552118775132,0.9020409695407952,3233,3233,3233,6466,1346,236,5356,0.8283328178162698,3642,0.0,3642,416,3226,409,True,1,True,enhanced_local,IA2
standard,ca_hepth,ca-HepTh,scientific_collaboration,5,ja,0.9344828210655703,0.9348371442848548,0.8855552118775132,0.8855552118775132,0.8855552118775132,0.9019601540200812,3233,3233,3233,6466,310,210,6366,0.984534488091556,3642,0.0,3642,416,3226,409,True,1,True,local_similarity,JA
standard,ca_hepth,ca-HepTh,scientific_collaboration,5,lit,0.8849493321044433,0.8850893809002027,0.8162697185276833,0.8162697185276833,0.8162697185276832,0.8415969552718441,3233,3233,3233,6466,2379,56,4143,0.640736158366842,3964,0.0,3964,738,3226,731,True,1,True,enhanced_local,LIT-i2
standard,ca_hepth,ca-HepTh,scientific_collaboration,5,llhn,0.9341129347925402,0.9347254462634932,0.8855552118775132,0.8855552118775132,0.8855552118775132,0.9019038522931973,3233,3233,3233,6466,637,312,6141,0.9497370862975564,3642,0.0,3642,416,3226,409,True,1,True,local_similarity,LLHN
standard,ca_hepth,ca-HepTh,scientific_collaboration,5,lnb_aa,0.9350886574787174,0.9351109599055288,0.8855552118775132,0.8855552118775132,0.8855552118775132,0.9020343986792976,3233,3233,3233,6466,1923,297,4840,0.7485307763686978,3642,0.0,3642,416,3226,409,True,1,True,local_bayesian,LNB-AA
standard,ca_hepth,ca-HepTh,scientific_collaboration,5,lnb_cn,0.9347854354931842,0.934949751198039,0.8855552118775132,0.8855552118775132,0.8855552118775132,0.9019961482079818,3233,3233,3233,6466,1895,292,4863,0.75208784410764,3642,0.0,3642,416,3226,409,True,1,True,local_bayesian,LNB-CN
standard,ca_hepth,ca-HepTh,scientific_collaboration,5,lnb_ra,0.9351332873505356,0.9351425319372628,0.8855552118775132,0.8855552118775132,0.8855552118775132,0.9020395448643074,3233,3233,3233,6466,1923,297,4840,0.7485307763686978,3642,0.0,3642,416,3226,409,True,1,True,local_bayesian,LNB-RA
standard,ca_hepth,ca-HepTh,scientific_collaboration,5,lpi,0.9661152728619248,0.9660382046458916,0.9381379523662232,0.9381379523662232,0.9381379523662232,0.9471228988599076,3233,3233,3233,6466,487,191,6170,0.9542220847510052,3365,0.0,3365,207,3158,132,True,1,True,quasi_local_path,LPI-beta-0.001
standard,ca_hepth,ca-HepTh,scientific_collaboration,5,lrw,0.9227326223191932,0.9213831056527424,0.8666872873492113,0.8666872873492113,0.8666872873492113,0.8855952793354198,3233,3233,3233,6466,2511,149,4104,0.6347046087225487,3647,0.0,3647,489,3158,414,True,1,True,quasi_local_walk,LRW-l3
standard,ca_hepth,ca-HepTh,scientific_collaboration,5,ora_cni,0.9662118624836128,0.9657902685239568,0.9381379523662232,0.9381379523662232,0.9381379523662232,0.9471157888108171,3233,3233,3233,6466,2732,121,3855,0.5961954840705227,3365,0.0,3365,207,3158,132,True,1,True,quasi_local_path,ORA-CNI-beta-0.001
standard,ca_hepth,ca-HepTh,scientific_collaboration,5,pa,0.8342137977950215,0.8225243293598178,0.7438911227961645,0.7438911227961645,0.7438911227961644,0.7691468482047428,3233,3233,3233,6466,394,298,6370,0.9851531085678936,333,24.0,151,76,75,27,True,1,True,degree_based,PA
standard,ca_hepth,ca-HepTh,scientific_collaboration,5,pfp,0.9660481227659738,0.9657964872574802,0.9381379523662232,0.9381379523662232,0.9381379523662232,0.9470909579377248,3233,3233,3233,6466,2753,117,3830,0.5923291060934117,3365,0.0,3365,207,3158,132,True,1,True,quasi_local_walk,PFP-l3
standard,ca_hepth,ca-HepTh,scientific_collaboration,5,ra,0.9351756116720844,0.9351717121484108,0.8855552118775132,0.8855552118775132,0.8855552118775132,0.9020467338984356,3233,3233,3233,6466,1248,262,5480,0.8475100525827405,3642,0.0,3642,416,3226,409,True,1,True,local_similarity,RA
standard,ca_hepth,ca-HepTh,scientific_collaboration,5,ra_cni,0.9657714757257744,0.9653585927446132,0.9372100216517166,0.9372100216517166,0.9372100216517166,0.9463251851167096,3233,3233,3233,6466,2438,164,4192,0.6483142592019796,3370,0.0,3370,210,3160,137,True,1,True,enhanced_local,RA-CNI
standard,ca_hepth,ca-HepTh,scientific_collaboration,5,sa,0.934649546521542,0.9349127258153692,0.8855552118775132,0.8855552118775132,0.8855552118775132,0.9019796081339504,3233,3233,3233,6466,829,383,6020,0.931023816888339,3642,0.0,3642,416,3226,409,True,1,True,local_similarity,SA
standard,ca_hepth,ca-HepTh,scientific_collaboration,5,so,0.9344828210655703,0.9348371442848548,0.8855552118775132,0.8855552118775132,0.8855552118775132,0.9019601540200812,3233,3233,3233,6466,310,210,6366,0.984534488091556,3642,0.0,3642,416,3226,409,True,1,True,local_similarity,SO
standard,ca_hepth,ca-HepTh,scientific_collaboration,5,srw,0.9670621725725173,0.9664685888421188,0.9381379523662232,0.9381379523662232,0.9381379523662232,0.9472116734629458,3233,3233,3233,6466,2695,136,3907,0.6042375502629137,3365,0.0,3365,207,3158,132,True,1,True,quasi_local_walk,SRW-l3
standard,ca_hepth,ca-HepTh,scientific_collaboration,5,aa,0.8895501811105763,0.9350061981638664,0.8722548716362512,0.8722548716362512,0.8722548716362512,0.8903697709629881,3233,3233,16165,19398,1330,270,18338,0.9453551912568308,16529,0.0,16529,416,16113,364,True,5,False,local_similarity,AA
standard,ca_hepth,ca-HepTh,scientific_collaboration,5,car_aa,0.5607471181376655,0.7366419451280001,0.5233529229817507,0.5233529229817507,0.5233529229817507,0.5783362543188728,3233,3233,16165,19398,1113,192,18477,0.9525208784410764,17861,0.0,17861,1702,16159,1696,True,5,False,enhanced_local,CAR-AA
standard,ca_hepth,ca-HepTh,scientific_collaboration,5,car_cn,0.5604765955274089,0.7366316985686102,0.5233529229817507,0.5233529229817507,0.5233529229817507,0.578327572121975,3233,3233,16165,19398,195,92,19295,0.9946901742447676,17861,0.0,17861,1702,16159,1696,True,5,False,enhanced_local,CAR-CN
standard,ca_hepth,ca-HepTh,scientific_collaboration,5,car_ra,0.5606880543775645,0.7366391132124264,0.5233529229817507,0.5233529229817507,0.5233529229817507,0.5783267835222733,3233,3233,16165,19398,1072,200,18526,0.9550469120527888,17861,0.0,17861,1702,16159,1696,True,5,False,enhanced_local,CAR-RA
standard,ca_hepth,ca-HepTh,scientific_collaboration,5,cn,0.8857850787126231,0.9347862941791985,0.8722548716362512,0.8722548716362512,0.8722548716362512,0.8901940922759131,3233,3233,16165,19398,27,26,19397,0.9999484482936384,16529,0.0,16529,416,16113,364,True,5,False,local_similarity,CN
standard,ca_hepth,ca-HepTh,scientific_collaboration,5,fl,0.9367961084922002,0.9657965924975858,0.9189607175997524,0.9189607175997524,0.9189607175997524,0.9300837995475304,3233,3233,16165,19398,487,192,19103,0.9847922466233632,15964,6.7049420518678235e-09,335,80,255,134,True,5,False,quasi_local_path,FL-l3
standard,ca_hepth,ca-HepTh,scientific_collaboration,5,fsw,0.886548558829666,0.934688746168423,0.8722548716362512,0.8722548716362512,0.8722548716362512,0.8899946725198746,3233,3233,16165,19398,946,433,18885,0.9735539746365603,16529,0.0,16529,416,16113,364,True,5,False,enhanced_local,FSW
standard,ca_hepth,ca-HepTh,scientific_collaboration,5,hdi,0.8833483895035987,0.9345138658144642,0.8722548716362512,0.8722548716362512,0.8722548716362512,0.889478043550983,3233,3233,16165,19398,251,169,19316,0.9957727600783586,16529,0.0,16529,416,16113,364,True,5,False,local_similarity,HDI
standard,ca_hepth,ca-HepTh,scientific_collaboration,5,hpi,0.8850017465768835,0.9346573463477712,0.8722548716362512,0.8722548716362512,0.8722548716362512,0.8898029821322814,3233,3233,16165,19398,166,116,19348,0.997422414681926,16529,0.0,16529,416,16113,364,True,5,False,local_similarity,HPI
standard,ca_hepth,ca-HepTh,scientific_collaboration,5,ia1,0.889394543517166,0.9349984869342972,0.8722548716362512,0.8722548716362512,0.8722548716362512,0.8903464045816449,3233,3233,16165,19398,1357,244,18285,0.9426229508196722,16529,0.0,16529,416,16113,364,True,5,False,enhanced_local,IA1
standard,ca_hepth,ca-HepTh,scientific_collaboration,5,ia2,0.888666776592594,0.9349181026280464,0.8722548716362512,0.8722548716362512,0.8722548716362512,0.8902588297761596,3233,3233,16165,19398,1349,241,18290,0.9428807093514796,16529,0.0,16529,416,16113,364,True,5,False,enhanced_local,IA2
standard,ca_hepth,ca-HepTh,scientific_collaboration,5,ja,0.8841871497328979,0.934587036389828,0.8722548716362512,0.8722548716362512,0.8722548716362512,0.8895835359620364,3233,3233,16165,19398,312,210,19296,0.994741725951129,16529,0.0,16529,416,16113,364,True,5,False,local_similarity,JA
standard,ca_hepth,ca-HepTh,scientific_collaboration,5,lit,0.8053261983577059,0.8850082503459289,0.7819362820909372,0.7819362820909372,0.7819362820909371,0.8115693606639209,3233,3233,16165,19398,2415,61,17044,0.8786472832250748,16854,0.0,16854,738,16116,689,True,5,False,enhanced_local,LIT-i2
standard,ca_hepth,ca-HepTh,scientific_collaboration,5,llhn,0.8804261544152896,0.9343617651597654,0.8722548716362512,0.8722548716362512,0.8722548716362512,0.8888196693163444,3233,3233,16165,19398,639,315,19074,0.9832972471388804,16529,0.0,16529,416,16113,364,True,5,False,local_similarity,LLHN
standard,ca_hepth,ca-HepTh,scientific_collaboration,5,lnb_aa,0.8894203466417312,0.9349868339844029,0.8722548716362512,0.8722548716362512,0.8722548716362512,0.8903467704070527,3233,3233,16165,19398,1941,307,17764,0.9157645118053408,16529,0.0,16529,416,16113,364,True,5,False,local_bayesian,LNB-AA
standard,ca_hepth,ca-HepTh,scientific_collaboration,5,lnb_cn,0.8887442749598469,0.9349019052190386,0.8722548716362512,0.8722548716362512,0.8722548716362512,0.890264535534504,3233,3233,16165,19398,1913,301,17786,0.9168986493452932,16529,0.0,16529,416,16113,364,True,5,False,local_bayesian,LNB-CN
standard,ca_hepth,ca-HepTh,scientific_collaboration,5,lnb_ra,0.8891715881659003,0.9349622652033444,0.8722548716362512,0.8722548716362512,0.8722548716362512,0.8903151875030004,3233,3233,16165,19398,1941,307,17764,0.9157645118053408,16529,0.0,16529,416,16113,364,True,5,False,local_bayesian,LNB-RA
standard,ca_hepth,ca-HepTh,scientific_collaboration,5,lpi,0.9367961084922002,0.9657965924975858,0.9189607175997524,0.9189607175997524,0.9189607175997524,0.9300837995475304,3233,3233,16165,19398,487,192,19103,0.9847922466233632,15964,0.001,335,80,255,134,True,5,False,quasi_local_path,LPI-beta-0.001
standard,ca_hepth,ca-HepTh,scientific_collaboration,5,lrw,0.8638865511352914,0.9209566631768408,0.8499845344880915,0.8499845344880915,0.8499845344880915,0.8702959134379228,3233,3233,16165,19398,2734,200,16864,0.8693679760800083,16248,0.0,16248,489,15759,83,True,5,False,quasi_local_walk,LRW-l3
standard,ca_hepth,ca-HepTh,scientific_collaboration,5,ora_cni,0.9365780753401448,0.9655187777528922,0.9214351995051036,0.9214351995051036,0.9214351995051036,0.9320406572287568,3233,3233,16165,19398,2977,184,16605,0.8560160841323848,15964,0.0324570175438596,1,0,1,1,False,5,False,quasi_local_path,ORA-CNI-beta-0.001
standard,ca_hepth,ca-HepTh,scientific_collaboration,5,pa,0.5717575153300058,0.8219036040813645,0.5412929167955459,0.5412929167955459,0.5412929167955459,0.5755457716120965,3233,3233,16165,19398,411,319,19306,0.9952572430147438,1435,63.0,77,19,58,40,True,5,False,degree_based,PA
standard,ca_hepth,ca-HepTh,scientific_collaboration,5,pfp,0.9329390747210876,0.9653427780268992,0.923291060934117,0.923291060934117,0.923291060934117,0.9330003234945968,3233,3233,16165,19398,3060,129,16467,0.8489019486545004,15964,0.0005668934240362,1,0,1,1,False,5,False,quasi_local_walk,PFP-l3
standard,ca_hepth,ca-HepTh,scientific_collaboration,5,ra,0.8892984567682374,0.9349800986176328,0.8722548716362512,0.8722548716362512,0.8722548716362512,0.8903403817483749,3233,3233,16165,19398,1250,265,18413,0.9492215692339416,16529,0.0,16529,416,16113,364,True,5,False,local_similarity,RA
standard,ca_hepth,ca-HepTh,scientific_collaboration,5,ra_cni,0.935902654484253,0.9650877334141832,0.9214351995051036,0.9214351995051036,0.9214351995051036,0.9320418556857516,3233,3233,16165,19398,2644,224,16978,0.875244870605217,15976,0.0324561403508772,1,0,1,1,False,5,False,enhanced_local,RA-CNI
standard,ca_hepth,ca-HepTh,scientific_collaboration,5,sa,0.8847747311917377,0.9346403165851996,0.8722548716362512,0.8722548716362512,0.8722548716362512,0.8896540439342875,3233,3233,16165,19398,833,385,18950,0.9769048355500568,16529,0.0,16529,416,16113,364,True,5,False,local_similarity,SA
standard,ca_hepth,ca-HepTh,scientific_collaboration,5,so,0.8841871497328979,0.934587036389828,0.8722548716362512,0.8722548716362512,0.8722548716362512,0.8895835359620364,3233,3233,16165,19398,312,210,19296,0.994741725951129,16529,0.0,16529,416,16113,364,True,5,False,local_similarity,SO
standard,ca_hepth,ca-HepTh,scientific_collaboration,5,srw,0.9405596892506448,0.9661758682715336,0.9242189916486236,0.9242189916486236,0.9242189916486236,0.9348481805098544,3233,3233,16165,19398,2949,190,16639,0.8577688421486751,15964,1.823030236523293e-07,1,1,0,1,False,5,False,quasi_local_walk,SRW-l3
standard,ca_hepth,ca-HepTh,scientific_collaboration,5,aa,0.8771866586791105,0.935012230335384,0.8716362511599134,0.8716362511599134,0.8716362511599134,0.8895507704858178,3233,3233,32330,35563,1334,274,34503,0.970193740685544,32632,0.0,32632,416,32216,302,True,10,False,local_similarity,AA
standard,ca_hepth,ca-HepTh,scientific_collaboration,5,car_aa,0.5207404030934302,0.7366632610330618,0.5023198267862666,0.5023198267862666,0.5023198267862666,0.5595326002920303,3233,3233,32330,35563,1114,195,34644,0.9741585355566178,34021,0.0,34021,1702,32319,1691,True,10,False,enhanced_local,CAR-AA
standard,ca_hepth,ca-HepTh,scientific_collaboration,5,car_cn,0.5200808162434037,0.7366513401992617,0.5023198267862666,0.5023198267862666,0.5023198267862666,0.559514616543916,3233,3233,32330,35563,195,92,35460,0.9971037314062368,34021,0.0,34021,1702,32319,1691,True,10,False,enhanced_local,CAR-CN
standard,ca_hepth,ca-HepTh,scientific_collaboration,5,car_ra,0.5206788476981995,0.7366617494024515,0.5023198267862666,0.5023198267862666,0.5023198267862666,0.5595227921658166,3233,3233,32330,35563,1073,203,34693,0.9755363720720974,34021,0.0,34021,1702,32319,1691,True,10,False,enhanced_local,CAR-RA
standard,ca_hepth,ca-HepTh,scientific_collaboration,5,cn,0.8687334669802694,0.9347465134192138,0.8716362511599134,0.8716362511599134,0.8716362511599134,0.8891633797738175,3233,3233,32330,35563,27,26,35562,0.9999718808874392,32632,0.0,32632,416,32216,302,True,10,False,local_similarity,CN
standard,ca_hepth,ca-HepTh,scientific_collaboration,5,fl,0.9218456158303984,0.9656353216027608,0.907516238787504,0.907516238787504,0.907516238787504,0.9195193715878394,3233,3233,32330,35563,489,195,35269,0.9917329809071226,31681,1.3409884103735644e-08,170,44,126,130,True,10,False,quasi_local_path,FL-l3
standard,ca_hepth,ca-HepTh,scientific_collaboration,5,fsw,0.8707422297702008,0.9346465544532876,0.8716362511599134,0.8716362511599134,0.8716362511599134,0.8887626652253844,3233,3233,32330,35563,953,436,35046,0.9854624188060624,32632,0.0,32632,416,32216,302,True,10,False,enhanced_local,FSW
standard,ca_hepth,ca-HepTh,scientific_collaboration,5,hdi,0.8653485051332543,0.9344791748486864,0.8716362511599134,0.8716362511599134,0.8716362511599134,0.8879489192754433,3233,3233,32330,35563,252,169,35480,0.997666113657453,32632,0.0,32632,416,32216,302,True,10,False,local_similarity,HDI
standard,ca_hepth,ca-HepTh,scientific_collaboration,5,hpi,0.8623735298688795,0.9344554384211916,0.8716362511599134,0.8716362511599134,0.8716362511599134,0.8875520505566241,3233,3233,32330,35563,166,116,35513,0.9985940443719596,32632,0.0,32632,416,32216,302,True,10,False,local_similarity,HPI
standard,ca_hepth,ca-HepTh,scientific_collaboration,5,ia1,0.8769892590082681,0.9350062699184838,0.8716362511599134,0.8716362511599134,0.8716362511599134,0.8895228911105076,3233,3233,32330,35563,1362,247,34448,0.9686471894946996,32632,0.0,32632,416,32216,302,True,10,False,enhanced_local,IA1
standard,ca_hepth,ca-HepTh,scientific_collaboration,5,ia2,0.8754082819409515,0.9349173611636646,0.8716362511599134,0.8716362511599134,0.8716362511599134,0.889331462028515,3233,3233,32330,35563,1354,244,34453,0.9687877850575036,32632,0.0,32632,416,32216,302,True,10,False,enhanced_local,IA2
standard,ca_hepth,ca-HepTh,scientific_collaboration,5,ja,0.8664289042477581,0.9345246481416656,0.8716362511599134,0.8716362511599134,0.8716362511599134,0.8880866964907221,3233,3233,32330,35563,313,211,35461,0.9971318505187976,32632,0.0,32632,416,32216,302,True,10,False,local_similarity,JA
standard,ca_hepth,ca-HepTh,scientific_collaboration,5,lit,0.7835766533353301,0.8849268614750319,0.7754407670893907,0.7754407670893907,0.7754407670893907,0.8054581703502772,3233,3233,32330,35563,2475,62,33150,0.9321485813907712,32957,0.0,32957,738,32219,627,True,10,False,enhanced_local,LIT-i2
standard,ca_hepth,ca-HepTh,scientific_collaboration,5,llhn,0.8560199908051125,0.934204263774184,0.8716362511599134,0.8716362511599134,0.8716362511599134,0.8861729430944877,3233,3233,32330,35563,644,318,35237,0.9908331693051768,32632,0.0,32632,416,32216,302,True,10,False,local_similarity,LLHN
standard,ca_hepth,ca-HepTh,scientific_collaboration,5,lnb_aa,0.876879429006704,0.9349844421638168,0.8716362511599134,0.8716362511599134,0.8716362511599134,0.8895005357326313,3233,3233,32330,35563,1957,325,33931,0.954109608300762,32632,0.0,32632,416,32216,302,True,10,False,local_bayesian,LNB-AA
standard,ca_hepth,ca-HepTh,scientific_collaboration,5,lnb_cn,0.8752512506566772,0.9348720839999736,0.8716362511599134,0.8716362511599134,0.8716362511599134,0.8893054754535045,3233,3233,32330,35563,1929,319,33953,0.9547282287770998,32632,0.0,32632,416,32216,302,True,10,False,local_bayesian,LNB-CN
standard,ca_hepth,ca-HepTh,scientific_collaboration,5,lnb_ra,0.87647064363798,0.9349664174038816,0.8716362511599134,0.8716362511599134,0.8716362511599134,0.8894480951713678,3233,3233,32330,35563,1957,325,33931,0.954109608300762,32632,0.0,32632,416,32216,302,True,10,False,local_bayesian,LNB-RA
standard,ca_hepth,ca-HepTh,scientific_collaboration,5,lpi,0.9218456158303984,0.9656353216027608,0.907516238787504,0.907516238787504,0.907516238787504,0.9195193715878394,3233,3233,32330,35563,489,195,35269,0.9917329809071226,31681,0.002,170,44,126,130,True,10,False,quasi_local_path,LPI-beta-0.001
standard,ca_hepth,ca-HepTh,scientific_collaboration,5,lrw,0.8424453930955748,0.9207535545563272,0.8274048871017631,0.8274048871017631,0.8274048871017631,0.8500410575054436,3233,3233,32330,35563,3003,277,32837,0.9233472991592384,31965,1.5148444148746814e-07,4,1,3,4,False,10,False,quasi_local_walk,LRW-l3
standard,ca_hepth,ca-HepTh,scientific_collaboration,5,ora_cni,0.9203098566682192,0.9653093547260316,0.8976183111660996,0.8976183111660996,0.8976183111660996,0.9107481840247378,3233,3233,32330,35563,3274,270,32559,0.915530185867334,31681,0.075025,2,1,1,2,False,10,False,quasi_local_path,ORA-CNI-beta-0.001
standard,ca_hepth,ca-HepTh,scientific_collaboration,5,pa,0.440927167912631,0.8204700903314097,0.4441695020105165,0.4441695020105165,0.4441695020105165,0.4806922122476076,3233,3233,32330,35563,424,334,35473,0.9974692798695272,2805,90.0,119,34,85,33,True,10,False,degree_based,PA
standard,ca_hepth,ca-HepTh,scientific_collaboration,5,pfp,0.915349591955689,0.9652462393644108,0.904732446643984,0.904732446643984,0.904732446643984,0.9158835759383132,3233,3233,32330,35563,3472,157,32248,0.9067851418609228,31681,0.0016144349477682,1,1,0,1,False,10,False,quasi_local_walk,PFP-l3
standard,ca_hepth,ca-HepTh,scientific_collaboration,5,ra,0.8766968969446569,0.934986920089944,0.8716362511599134,0.8716362511599134,0.8716362511599134,0.8894929371954564,3233,3233,32330,35563,1254,269,34578,0.9723026741276044,32632,0.0,32632,416,32216,302,True,10,False,local_similarity,RA
standard,ca_hepth,ca-HepTh,scientific_collaboration,5,ra_cni,0.919664286184924,0.9648788365878516,0.8976183111660996,0.8976183111660996,0.8976183111660996,0.9107501080964134,3233,3233,32330,35563,2899,317,32981,0.9273964513679948,31703,0.075,3,1,2,2,True,10,False,enhanced_local,RA-CNI
standard,ca_hepth,ca-HepTh,scientific_collaboration,5,sa,0.8668527203749042,0.9345352821759904,0.8716362511599134,0.8716362511599134,0.8716362511599134,0.8881166251495095,3233,3233,32330,35563,840,387,35110,0.9872620420099542,32632,0.0,32632,416,32216,302,True,10,False,local_similarity,SA
standard,ca_hepth,ca-HepTh,scientific_collaboration,5,so,0.8664289042477581,0.9345246481416656,0.8716362511599134,0.8716362511599134,0.8716362511599134,0.8880866964907221,3233,3233,32330,35563,313,211,35461,0.9971318505187976,32632,0.0,32632,416,32216,302,True,10,False,local_similarity,SO
standard,ca_hepth,ca-HepTh,scientific_collaboration,5,srw,0.9302031456201498,0.96612041630307,0.9121558923600372,0.9121558923600372,0.9121558923600372,0.9241533955523316,3233,3233,32330,35563,3242,268,32589,0.9163737592441582,31681,3.973220493871307e-07,1,0,1,1,False,10,False,quasi_local_walk,SRW-l3
standard,ego_facebook,ego-Facebook,social,1,aa,0.9921061337789396,0.9931957810974886,0.9747624703087886,0.9747624703087886,0.9747624703087886,0.977286001070857,16840,16840,16840,33680,17031,230,16879,0.5011579572446556,14740,0.4744567694571399,1,1,0,1,False,1,True,local_similarity,AA
standard,ego_facebook,ego-Facebook,social,1,car_aa,0.981325912240824,0.9825249924537778,0.9720902612826604,0.9720902612826604,0.9720902612826604,0.9748487435587864,16840,16840,16840,33680,16758,148,17070,0.5068289786223278,16725,0.3969388377273247,1,0,1,1,False,1,True,enhanced_local,CAR-AA
standard,ego_facebook,ego-Facebook,social,1,car_cn,0.9809299280119192,0.9822731584396388,0.9703681710213776,0.9703681710213776,0.9703681710213776,0.9733056382107372,16840,16840,16840,33680,7777,2151,28054,0.832957244655582,16725,2.0,368,196,172,253,True,1,True,enhanced_local,CAR-CN
standard,ego_facebook,ego-Facebook,social,1,car_ra,0.9824456789003227,0.9832808330183198,0.9718527315914488,0.9718527315914488,0.9718527315914488,0.9747539261668622,16840,16840,16840,33680,16753,152,17079,0.5070961995249407,16725,0.0173195084485407,1,0,1,1,False,1,True,enhanced_local,CAR-RA
standard,ego_facebook,ego-Facebook,social,1,cn,0.989986505136902,0.9921230432715906,0.971080760095012,0.971080760095012,0.971080760095012,0.9739588717928748,16840,16840,16840,33680,141,135,33674,0.9998218527315914,14740,2.0,536,281,255,221,True,1,True,local_similarity,CN
standard,ego_facebook,ego-Facebook,social,1,fl,0.9919669225576206,0.9933634094961098,0.9684085510688836,0.9684085510688836,0.9684085510688836,0.9715879815657088,16840,16840,16840,33680,15044,1870,20506,0.6088479809976247,11714,0.0004983326921712,2,1,1,2,False,1,True,quasi_local_path,FL-l3
standard,ego_facebook,ego-Facebook,social,1,fsw,0.9911311303188156,0.9923608920904304,0.9705463182897862,0.9705463182897862,0.9705463182897862,0.9735379801377356,16840,16840,16840,33680,12174,1558,23064,0.6847980997624703,14740,0.0072602311581025,7,5,2,5,True,1,True,enhanced_local,FSW
standard,ego_facebook,ego-Facebook,social,1,hdi,0.9869525891516312,0.9889884888372328,0.95041567695962,0.95041567695962,0.95041567695962,0.9548919537463094,16840,16840,16840,33680,4637,2917,31960,0.9489311163895487,14740,0.0488095238095238,4,4,0,1,True,1,True,local_similarity,HDI
standard,ego_facebook,ego-Facebook,social,1,hpi,0.9663007787773836,0.9857718145773268,0.9574228028503564,0.9574228028503564,0.9574228028503564,0.9568511435915787,16840,16840,16840,33680,2867,1948,32761,0.9727137767220904,14740,0.1929824561403508,2,2,0,2,False,1,True,local_similarity,HPI
standard,ego_facebook,ego-Facebook,social,1,ia1,0.9927471814953606,0.9937110135352428,0.9755938242280284,0.9755938242280284,0.9755938242280284,0.9780744817743152,16840,16840,16840,33680,17056,211,16835,0.4998515439429928,14740,0.0982615268329554,1,1,0,1,False,1,True,enhanced_local,IA1
standard,ego_facebook,ego-Facebook,social,1,ia2,0.9927104310840053,0.993674331489328,0.976187648456057,0.976187648456057,0.976187648456057,0.9785936717145616,16840,16840,16840,33680,17047,212,16845,0.5001484560570071,14740,0.049137443438914,2,0,2,2,False,1,True,enhanced_local,IA2
standard,ego_facebook,ego-Facebook,social,1,ja,0.9877863021624196,0.98979861107193,0.953206650831354,0.953206650831354,0.953206650831354,0.9573999982900508,16840,16840,16840,33680,5657,3035,31058,0.9221496437054632,14740,0.0384615384615384,36,16,20,32,True,1,True,local_similarity,JA
standard,ego_facebook,ego-Facebook,social,1,lit,0.990766356966091,0.9917074192060528,0.9667458432304038,0.9667458432304038,0.9667458432304038,0.9701678632455624,16840,16840,16840,33680,18420,230,15490,0.459916864608076,14750,0.0130737824539506,1,1,0,1,False,1,True,enhanced_local,LIT-i2
standard,ego_facebook,ego-Facebook,social,1,llhn,0.9101041381623494,0.9579451178056994,0.9307600950118764,0.9307600950118764,0.9307600950118764,0.9255815256091968,16840,16840,16840,33680,11609,2581,24652,0.7319477434679335,14740,0.0026833631484794,1,1,0,1,False,1,True,local_similarity,LLHN
standard,ego_facebook,ego-Facebook,social,1,lnb_aa,0.9919016034777102,0.9930526215012326,0.9744655581947744,0.9744655581947744,0.9744655581947744,0.9770105020234836,16840,16840,16840,33680,17196,148,16632,0.4938242280285035,14740,1.701423041247651,1,1,0,1,False,1,True,local_bayesian,LNB-AA
standard,ego_facebook,ego-Facebook,social,1,lnb_cn,0.990981549729034,0.9923559129941716,0.9720308788598576,0.9720308788598576,0.9720308788598576,0.974785651820647,16840,16840,16840,33680,17194,150,16636,0.4939429928741092,14740,6.329969809065327,1,0,1,1,False,1,True,local_bayesian,LNB-CN
standard,ego_facebook,ego-Facebook,social,1,lnb_ra,0.9938376609170858,0.9942668016288556,0.9760095011876484,0.9760095011876484,0.9760095011876484,0.9785608055413748,16840,16840,16840,33680,17196,148,16632,0.4938242280285035,14740,0.1312398591428934,1,0,1,1,False,1,True,local_bayesian,LNB-RA
standard,ego_facebook,ego-Facebook,social,1,lpi,0.9918949110529702,0.9933290406847174,0.9684085510688836,0.9684085510688836,0.9684085510688836,0.9715799817416534,16840,16840,16840,33680,14659,2207,21228,0.6302850356294537,11714,2.095,2,1,1,2,False,1,True,quasi_local_path,LPI-beta-0.001
standard,ego_facebook,ego-Facebook,social,1,lrw,0.9944506141526924,0.995198816512545,0.973396674584323,0.973396674584323,0.973396674584323,0.9761667961388252,16840,16840,16840,33680,20257,187,13610,0.4040973871733966,11723,4.709657022780795e-07,1,0,1,1,False,1,True,quasi_local_walk,LRW-l3
standard,ego_facebook,ego-Facebook,social,1,ora_cni,0.9889010582458072,0.9903128420483974,0.9527315914489312,0.9527315914489312,0.9527315914489312,0.9576016885992704,16840,16840,16840,33680,20155,181,13706,0.4069477434679335,11714,1.8501515965870623,1,0,1,1,False,1,True,quasi_local_path,ORA-CNI-beta-0.001
standard,ego_facebook,ego-Facebook,social,1,pa,0.8528709810164854,0.8406426066767847,0.7581353919239905,0.7581353919239905,0.7581353919239905,0.7769481155127518,16840,16840,16840,33680,6536,4265,31409,0.9325712589073634,124,1284.0,1,0,1,1,False,1,True,degree_based,PA
standard,ego_facebook,ego-Facebook,social,1,pfp,0.9848031114865106,0.9898938662611922,0.96146080760095,0.96146080760095,0.96146080760095,0.9646170226403128,16840,16840,16840,33680,21409,373,12644,0.3754156769596199,11714,0.0019620800113021,1,0,1,1,False,1,True,quasi_local_walk,PFP-l3
standard,ego_facebook,ego-Facebook,social,1,ra,0.9939966209839524,0.99435772302966,0.976187648456057,0.976187648456057,0.976187648456057,0.9787334233740004,16840,16840,16840,33680,17015,238,16903,0.5018705463182898,14740,0.0342505854800936,1,0,1,1,False,1,True,local_similarity,RA
standard,ego_facebook,ego-Facebook,social,1,ra_cni,0.9889005715080896,0.9903123906855636,0.9527315914489312,0.9527315914489312,0.9527315914489312,0.9576016553773224,16840,16840,16840,33680,20143,181,13718,0.4073040380047505,11715,1.850148537034271,1,0,1,1,False,1,True,enhanced_local,RA-CNI
standard,ego_facebook,ego-Facebook,social,1,sa,0.9886160407119188,0.9908471410396013,0.960688836104513,0.960688836104513,0.9606888361045128,0.9639839462033812,16840,16840,16840,33680,14227,2340,21793,0.647060570071259,14740,0.1026992331926193,1,1,0,1,False,1,True,local_similarity,SA
standard,ego_facebook,ego-Facebook,social,1,so,0.9877863021624196,0.98979861107193,0.953206650831354,0.953206650831354,0.953206650831354,0.9573999982900508,16840,16840,16840,33680,5657,3035,31058,0.9221496437054632,14740,0.074074074074074,36,16,20,32,True,1,True,local_similarity,SO
standard,ego_facebook,ego-Facebook,social,1,srw,0.995554220858211,0.996182304390632,0.9761282660332542,0.9761282660332542,0.9761282660332542,0.9786493077936173,16840,16840,16840,33680,20262,189,13607,0.4040083135391924,11714,1.0587750722114907e-06,1,1,0,1,False,1,True,quasi_local_walk,SRW-l3
standard,ego_facebook,ego-Facebook,social,1,aa,0.97019066065336,0.9933516405628492,0.932125890736342,0.932125890736342,0.932125890736342,0.9381708876748462,16840,16840,84200,101040,18770,477,82747,0.8189528899445764,73459,1.1079588652111565,1,0,1,1,False,5,False,local_similarity,AA
standard,ego_facebook,ego-Facebook,social,1,car_aa,0.9524012586098604,0.9826652640331528,0.9262470308788598,0.9262470308788598,0.9262470308788598,0.9326575699594016,16840,16840,84200,101040,18342,323,83021,0.8216646872525732,81954,2.139928380318468,5,0,5,3,True,5,False,enhanced_local,CAR-AA
standard,ego_facebook,ego-Facebook,social,1,car_cn,0.9506823245344151,0.9824261506931242,0.923040380047506,0.923040380047506,0.923040380047506,0.9297306329775294,16840,16840,84200,101040,7856,2220,95404,0.9442201108471892,81954,16.0,191,116,75,27,True,5,False,enhanced_local,CAR-CN
standard,ego_facebook,ego-Facebook,social,1,car_ra,0.9575736765877056,0.9834023430667848,0.932957244655582,0.932957244655582,0.932957244655582,0.9390608131566864,16840,16840,84200,101040,18337,326,83029,0.8217438638163104,81954,0.1752959066881222,2,0,2,1,True,5,False,enhanced_local,CAR-RA
standard,ego_facebook,ego-Facebook,social,1,cn,0.9621387942883004,0.9923034180861086,0.9243467933491688,0.9243467933491688,0.9243467933491688,0.9309807316007768,16840,16840,84200,101040,141,135,101034,0.9999406175771972,73459,4.0,680,402,278,249,True,5,False,local_similarity,CN
standard,ego_facebook,ego-Facebook,social,1,fl,0.9654003313119872,0.9935378887362404,0.920249406175772,0.920249406175772,0.920249406175772,0.9273212072375486,16840,16840,84200,101040,16287,2377,87130,0.8623317498020586,58288,0.0009958368245365,2,1,1,2,False,5,False,quasi_local_path,FL-l3
standard,ego_facebook,ego-Facebook,social,1,fsw,0.9671138756758616,0.9925835497289,0.9239311163895488,0.9239311163895488,0.9239311163895488,0.9309298861023434,16840,16840,84200,101040,13634,1932,89338,0.8841844813935075,73459,0.0244748103342009,370,237,133,22,True,5,False,enhanced_local,FSW
standard,ego_facebook,ego-Facebook,social,1,hdi,0.950373761024474,0.989158126153091,0.895249406175772,0.895249406175772,0.895249406175772,0.9033645550225478,16840,16840,84200,101040,4811,3096,99325,0.983026524148852,73459,0.1041666666666666,7,5,2,6,True,5,False,local_similarity,HDI
standard,ego_facebook,ego-Facebook,social,1,hpi,0.8759829218365738,0.98622445603726,0.8871140142517815,0.8871140142517815,0.8871140142517815,0.8805493360343284,16840,16840,84200,101040,3000,2058,100098,0.9906769596199524,73459,0.3333333333333333,683,156,527,453,True,5,False,local_similarity,HPI
standard,ego_facebook,ego-Facebook,social,1,ia1,0.9731739908645364,0.9938447244853053,0.9366983372921616,0.9366983372921616,0.9366983372921616,0.942449659851016,16840,16840,84200,101040,18826,467,82681,0.818299683293745,73459,0.3845617684989172,1,1,0,1,False,5,False,enhanced_local,IA1
standard,ego_facebook,ego-Facebook,social,1,ia2,0.9729492902408856,0.9938044960675012,0.9364014251781472,0.9364014251781472,0.9364014251781472,0.9421668366299576,16840,16840,84200,101040,18816,464,82688,0.8183689627870151,73459,0.1551964427445759,1,0,1,1,False,5,False,enhanced_local,IA2
standard,ego_facebook,ego-Facebook,social,1,ja,0.9534850336311744,0.9899659358585202,0.8998218527315914,0.8998218527315914,0.8998218527315914,0.9075085684999624,16840,16840,84200,101040,5974,3284,98350,0.9733768804433888,73459,0.0786384976525821,2,2,0,1,True,5,False,local_similarity,JA
standard,ego_facebook,ego-Facebook,social,1,lit,0.9660745156414222,0.9919400389159392,0.9177553444180524,0.9177553444180524,0.9177553444180524,0.9254457480747392,16840,16840,84200,101040,24527,664,77177,0.763826207442597,73475,0.0410162359914055,1,0,1,1,False,5,False,enhanced_local,LIT-i2
standard,ego_facebook,ego-Facebook,social,1,llhn,0.6793990609416443,0.958240587321782,0.7549881235154394,0.7549881235154394,0.7549881235154394,0.7376288649903276,16840,16840,84200,101040,13353,3445,91132,0.9019398258115596,73459,0.004420731707317,1,1,0,1,False,5,False,local_similarity,LLHN
standard,ego_facebook,ego-Facebook,social,1,lnb_aa,0.9694987642151744,0.993202861146687,0.9324821852731592,0.9324821852731592,0.9324821852731592,0.9384348048183564,16840,16840,84200,101040,19245,445,82240,0.8139350752177356,73459,4.2707454286257285,2,2,0,2,False,5,False,local_bayesian,LNB-AA
standard,ego_facebook,ego-Facebook,social,1,lnb_cn,0.9654530526345212,0.9925357218420116,0.9259501187648456,0.9259501187648456,0.9259501187648456,0.9323532647459756,16840,16840,84200,101040,19240,449,82249,0.8140241488519399,73459,15.490468747139444,1,1,0,1,False,5,False,local_bayesian,LNB-CN
standard,ego_facebook,ego-Facebook,social,1,lnb_ra,0.9782531574050182,0.9944224237761012,0.93812351543943,0.93812351543943,0.93812351543943,0.9442452867475642,16840,16840,84200,101040,19245,445,82240,0.8139350752177356,73459,0.3773591148887067,1,1,0,1,False,5,False,local_bayesian,LNB-RA
standard,ego_facebook,ego-Facebook,social,1,lpi,0.9650593060418902,0.993502315702913,0.920249406175772,0.920249406175772,0.920249406175772,0.9272835605892896,16840,16840,84200,101040,15833,2765,87972,0.8706650831353919,58288,4.163,2,1,1,2,False,5,False,quasi_local_path,LPI-beta-0.001
standard,ego_facebook,ego-Facebook,social,1,lrw,0.9757677125270656,0.995314418292043,0.928622327790974,0.928622327790974,0.928622327790974,0.9354675017840216,16840,16840,84200,101040,32567,935,69408,0.686935866983373,58303,1.0591976102053508e-06,1,0,1,1,False,5,False,quasi_local_walk,LRW-l3
standard,ego_facebook,ego-Facebook,social,1,ora_cni,0.952487150116099,0.990469225870425,0.895249406175772,0.895249406175772,0.895249406175772,0.9047477345533976,16840,16840,84200,101040,32047,888,69881,0.6916171813143309,58288,2.8442812148416388,1,1,0,1,False,5,False,quasi_local_path,ORA-CNI-beta-0.001
standard,ego_facebook,ego-Facebook,social,1,pa,0.6230167641843456,0.8427122614829524,0.5692399049881235,0.5692399049881235,0.5692399049881235,0.59633217105264,16840,16840,84200,101040,7249,5457,99248,0.982264449722882,520,3375.0,15,0,15,12,True,5,False,degree_based,PA
standard,ego_facebook,ego-Facebook,social,1,pfp,0.9312450205079756,0.9900204174683056,0.8957838479809976,0.8957838479809976,0.8957838479809976,0.901970242041898,16840,16840,84200,101040,36651,1763,66152,0.6547110055423595,58288,0.0045503148477113,1,1,0,1,False,5,False,quasi_local_walk,PFP-l3
standard,ego_facebook,ego-Facebook,social,1,ra,0.978800379320966,0.9944938604075806,0.9382422802850356,0.9382422802850356,0.9382422802850356,0.9444042325909224,16840,16840,84200,101040,18745,486,82781,0.8192893903404592,73459,0.0917854513907145,1,0,1,1,False,5,False,local_similarity,RA
standard,ego_facebook,ego-Facebook,social,1,ra_cni,0.9524849702255218,0.990468704334776,0.895249406175772,0.895249406175772,0.895249406175772,0.9047476296828536,16840,16840,84200,101040,31997,887,69930,0.6921021377672208,58291,2.844193036409409,1,1,0,1,False,5,False,enhanced_local,RA-CNI
standard,ego_facebook,ego-Facebook,social,1,sa,0.9559055749388912,0.9909989622181096,0.9034441805225654,0.9034441805225654,0.9034441805225654,0.9105514333845184,16840,16840,84200,101040,16496,3373,87917,0.8701207442596991,73459,0.1819017187772497,2,2,0,1,True,5,False,local_similarity,SA
standard,ego_facebook,ego-Facebook,social,1,so,0.9534850336311744,0.9899659358585202,0.8998218527315914,0.8998218527315914,0.8998218527315914,0.9075085684999624,16840,16840,84200,101040,5974,3284,98350,0.9733768804433888,73459,0.1458106637649619,2,2,0,1,True,5,False,local_similarity,SO
standard,ego_facebook,ego-Facebook,social,1,srw,0.9801955236213412,0.9962991156814732,0.9366983372921616,0.9366983372921616,0.9366983372921616,0.9428964605554384,16840,16840,84200,101040,32579,940,69401,0.6868665874901029,58288,2.4197852827916894e-06,1,0,1,1,False,5,False,quasi_local_walk,SRW-l3
standard,ego_facebook,ego-Facebook,social,1,aa,0.9477285805494238,0.9934037458178412,0.8967933491686461,0.8967933491686461,0.8967933491686461,0.9054741058688136,16840,16840,168400,185240,20815,705,165130,0.8914381343122436,147013,1.545337304548048,1,0,1,1,False,10,False,local_similarity,AA
standard,ego_facebook,ego-Facebook,social,1,car_aa,0.927946619158164,0.9827092221889968,0.8888361045130642,0.8888361045130642,0.8888361045130642,0.8978813686577275,16840,16840,168400,185240,20246,505,165499,0.8934301446771755,163414,4.626206307180593,1,1,0,1,False,10,False,enhanced_local,CAR-AA
standard,ego_facebook,ego-Facebook,social,1,car_cn,0.9249152084555216,0.9824707763722842,0.8852731591448931,0.8852731591448931,0.8852731591448931,0.8945753293505505,16840,16840,168400,185240,7934,2289,179595,0.9695260202979918,163414,54.0,85,51,34,84,True,10,False,enhanced_local,CAR-CN
standard,ego_facebook,ego-Facebook,social,1,car_ra,0.9374572595785452,0.9834394445627704,0.8997030878859857,0.8997030878859857,0.8997030878859857,0.9083214594534704,16840,16840,168400,185240,20238,510,165512,0.8935003239041244,163414,0.3781701374460374,1,0,1,1,False,10,False,enhanced_local,CAR-RA
standard,ego_facebook,ego-Facebook,social,1,cn,0.9348070504297156,0.9923600729374128,0.8862232779097388,0.8862232779097388,0.8862232779097388,0.895590035214182,16840,16840,168400,185240,141,135,185234,0.999967609587562,147013,6.0,639,403,236,406,True,10,False,local_similarity,CN
standard,ego_facebook,ego-Facebook,social,1,fl,0.938188718957057,0.9935942295730108,0.8826603325415677,0.8826603325415677,0.8826603325415678,0.8923711968243662,16840,16840,168400,185240,17513,2927,170654,0.9212589073634204,116773,0.0014907325278831,1,1,0,1,False,10,False,quasi_local_path,FL-l3
standard,ego_facebook,ego-Facebook,social,1,fsw,0.943317970914666,0.9926383924289528,0.8859857482185273,0.8859857482185273,0.8859857482185274,0.8959920806744738,16840,16840,168400,185240,15125,2358,172473,0.9310786007341828,147013,0.0467579730216104,11,2,9,4,True,10,False,enhanced_local,FSW
standard,ego_facebook,ego-Facebook,social,1,hdi,0.9147936296620304,0.9892452400615546,0.8560570071258907,0.8560570071258907,0.8560570071258907,0.8657725550897875,16840,16840,168400,185240,4947,3242,183535,0.9907957244655582,147013,0.1388888888888889,6,1,5,2,True,10,False,local_similarity,HDI
standard,ego_facebook,ego-Facebook,social,1,hpi,0.79382249905463,0.9863316906782288,0.8352137767220903,0.8352137767220903,0.8352137767220904,0.8224453932380971,16840,16840,168400,185240,3108,2138,184270,0.9947635499892032,147013,0.3888888888888889,42,32,10,41,True,10,False,local_similarity,HPI
standard,ego_facebook,ego-Facebook,social,1,ia1,0.9531650917992154,0.9938893707931574,0.9051068883610452,0.9051068883610452,0.9051068883610452,0.9132320635173954,16840,16840,168400,185240,20923,700,165017,0.8908281148779961,147013,0.6587957853217549,1,0,1,1,False,10,False,enhanced_local,IA1
standard,ego_facebook,ego-Facebook,social,1,ia2,0.9527143771883864,0.9938473358661368,0.9045724465558196,0.9045724465558196,0.9045724465558196,0.9127212278322924,16840,16840,168400,185240,20910,698,165028,0.890887497300799,147013,0.2617521367521367,1,1,0,1,False,10,False,enhanced_local,IA2
standard,ego_facebook,ego-Facebook,social,1,ja,0.9193078080793908,0.9900351135600678,0.8652019002375297,0.8652019002375297,0.8652019002375296,0.8739212772754652,16840,16840,168400,185240,6194,3487,182533,0.985386525588426,147013,0.1041666666666666,12,7,5,3,True,10,False,local_similarity,JA
standard,ego_facebook,ego-Facebook,social,1,lit,0.9413543361376407,0.9919783451628008,0.8792755344418052,0.8792755344418052,0.8792755344418052,0.8900100575082321,16840,16840,168400,185240,31633,1251,154858,0.8359857482185273,147043,0.0696003538674786,1,1,0,1,False,10,False,enhanced_local,LIT-i2
standard,ego_facebook,ego-Facebook,social,1,llhn,0.5238190967393591,0.9588275857448332,0.5654394299287411,0.5654394299287411,0.5654394299287411,0.5482678828444305,16840,16840,168400,185240,14750,4305,174795,0.9436136903476572,147013,0.005050505050505,67,15,52,17,True,10,False,local_similarity,LLHN
standard,ego_facebook,ego-Facebook,social,1,lnb_aa,0.9466554420160214,0.9932545799222527,0.8969714964370546,0.8969714964370546,0.8969714964370546,0.9055413463019472,16840,16840,168400,185240,21626,780,164394,0.8874649103865256,147013,6.264602273121406,4,4,0,4,False,10,False,local_bayesian,LNB-AA
standard,ego_facebook,ego-Facebook,social,1,lnb_cn,0.9393595174178456,0.992586960339312,0.8876484560570072,0.8876484560570072,0.8876484560570072,0.8967642161735785,16840,16840,168400,185240,21619,784,164405,0.8875242928093284,147013,22.978768587218653,1,1,0,1,False,10,False,local_bayesian,LNB-CN
standard,ego_facebook,ego-Facebook,social,1,lnb_ra,0.9620956769236082,0.994437432648202,0.9104513064133016,0.9104513064133016,0.9104513064133016,0.91886734731229,16840,16840,168400,185240,21626,780,164394,0.8874649103865256,147013,0.5269775346952325,1,0,1,1,False,10,False,local_bayesian,LNB-RA
standard,ego_facebook,ego-Facebook,social,1,lpi,0.937548105702164,0.9935589465755666,0.8826009501187648,0.8826009501187648,0.8826009501187648,0.8922473955333861,16840,16840,168400,185240,16950,3388,171678,0.9267868710861584,116773,6.147,1,1,0,1,False,10,False,quasi_local_path,LPI-beta-0.001
standard,ego_facebook,ego-Facebook,social,1,lrw,0.9553161992435496,0.9953352232976568,0.8953087885985748,0.8953087885985748,0.8953087885985748,0.9048163653724756,16840,16840,168400,185240,46837,1800,140203,0.7568721658389117,116802,1.4547852799928862e-06,1,1,0,1,False,10,False,quasi_local_walk,LRW-l3
standard,ego_facebook,ego-Facebook,social,1,ora_cni,0.9167863835539976,0.9905208563128736,0.8524940617577197,0.8524940617577197,0.8524940617577197,0.8649206092360209,16840,16840,168400,185240,45822,1663,141081,0.7616119628589937,116773,3.491551605353404,1,1,0,1,False,10,False,quasi_local_path,ORA-CNI-beta-0.001
standard,ego_facebook,ego-Facebook,social,1,pa,0.4955160183092468,0.8422414516110832,0.4881828978622328,0.4881828978622328,0.4881828978622328,0.5146310719850817,16840,16840,168400,185240,7669,6082,183653,0.9914327359101706,1083,4890.0,6,0,6,6,False,10,False,degree_based,PA
standard,ego_facebook,ego-Facebook,social,1,pfp,0.8702318857299649,0.989960740778093,0.8421615201900238,0.8421615201900238,0.8421615201900238,0.8481174136642964,16840,16840,168400,185240,53964,3121,134397,0.7255290434031527,116773,0.0060562303023386,1,0,1,1,False,10,False,quasi_local_walk,PFP-l3
standard,ego_facebook,ego-Facebook,social,1,ra,0.9629577313855636,0.9945042406948732,0.9106294536817102,0.9106294536817102,0.9106294536817104,0.9191058179602832,16840,16840,168400,185240,20777,716,165179,0.8917026560138199,147013,0.1261920564283627,1,1,0,1,False,10,False,local_similarity,RA
standard,ego_facebook,ego-Facebook,social,1,ra_cni,0.9167830291029342,0.9905203347772242,0.8524940617577197,0.8524940617577197,0.8524940617577197,0.8649204815817944,16840,16840,168400,185240,45725,1649,141164,0.7620600302310516,116780,3.491454737865717,1,1,0,1,False,10,False,enhanced_local,RA-CNI
standard,ego_facebook,ego-Facebook,social,1,sa,0.9216594231358416,0.9910489733963924,0.8651425178147268,0.8651425178147268,0.8651425178147268,0.8735163809941475,16840,16840,168400,185240,18442,4353,171151,0.9239419131936948,147013,0.2236067977499789,74,9,65,40,True,10,False,local_similarity,SA
standard,ego_facebook,ego-Facebook,social,1,so,0.9193078080793908,0.9900351135600678,0.8652019002375297,0.8652019002375297,0.8652019002375296,0.8739212772754652,16840,16840,168400,185240,6194,3487,182533,0.985386525588426,147013,0.1886792452830188,12,7,5,3,True,10,False,local_similarity,SO
standard,ego_facebook,ego-Facebook,social,1,srw,0.9630192432382632,0.9963097394578568,0.9074821852731592,0.9074821852731592,0.9074821852731592,0.9160690367169824,16840,16840,168400,185240,46866,1809,140183,0.756764197797452,116773,3.3157809312279603e-06,1,0,1,1,False,10,False,quasi_local_walk,SRW-l3
standard,ego_facebook,ego-Facebook,social,2,aa,0.9932208544295542,0.9939393216101684,0.9750579013005524,0.9750579013005524,0.9750579013005524,0.9776468738589964,16839,16839,16839,33678,16975,227,16930,0.5027020606924402,14799,0.4641332181741144,1,0,1,1,False,1,True,local_similarity,AA
standard,ego_facebook,ego-Facebook,social,2,car_aa,0.9820663666373168,0.9827556220294482,0.9722667616841856,0.9722667616841856,0.9722667616841856,0.9751238477283422,16839,16839,16839,33678,16695,151,17134,0.5087594275194489,16746,0.3824539684698513,1,0,1,1,False,1,True,enhanced_local,CAR-AA
standard,ego_facebook,ego-Facebook,social,2,car_cn,0.9816335698315456,0.9824889036812414,0.9700100956113784,0.9700100956113784,0.9700100956113784,0.97310774035998,16839,16839,16839,33678,7781,2113,28010,0.8317002197280123,16746,2.0,420,241,179,327,True,1,True,enhanced_local,CAR-CN
standard,ego_facebook,ego-Facebook,social,2,car_ra,0.9830936300523724,0.9834817077469208,0.9723855335827544,0.9723855335827544,0.9723855335827544,0.9753307094746432,16839,16839,16839,33678,16694,152,17136,0.5088188134687333,16746,0.0142678714044475,5,0,5,4,True,1,True,enhanced_local,CAR-RA
standard,ego_facebook,ego-Facebook,social,2,cn,0.9912460458813376,0.9929548281917652,0.9715541302927728,0.9715541302927728,0.9715541302927728,0.9744840707299528,16839,16839,16839,33678,141,134,33671,0.9997921491775046,14799,2.0,567,341,226,288,True,1,True,local_similarity,CN
standard,ego_facebook,ego-Facebook,social,2,fl,0.9931344677248268,0.9941192992305632,0.9686442187778372,0.9686442187778372,0.9686442187778372,0.9719027555396524,16839,16839,16839,33678,15004,1879,20553,0.6102797078211295,11263,0.000497473444965,6,4,2,3,True,1,True,quasi_local_path,FL-l3
standard,ego_facebook,ego-Facebook,social,2,fsw,0.9925412938738578,0.9933486837495276,0.9728012352277452,0.9728012352277452,0.9728012352277452,0.9756486918471536,16839,16839,16839,33678,12025,1569,23222,0.6895302571411605,14799,0.0065899686123988,9,4,5,1,True,1,True,enhanced_local,FSW
standard,ego_facebook,ego-Facebook,social,2,hdi,0.9893980129385158,0.9902265553686728,0.9532632579131778,0.9532632579131778,0.9532632579131778,0.958238905986998,16839,16839,16839,33678,4652,2864,31890,0.946908961339747,14799,0.0483870967741935,4,4,0,3,True,1,True,local_similarity,HDI
standard,ego_facebook,ego-Facebook,social,2,hpi,0.9692506411932718,0.9871020799749758,0.9599738701823148,0.9599738701823148,0.9599738701823148,0.9592559539061484,16839,16839,16839,33678,2867,1901,32712,0.9713165864956352,14799,0.2,173,68,105,119,True,1,True,local_similarity,HPI
standard,ego_facebook,ego-Facebook,social,2,ia1,0.9938907069438814,0.9944558919070065,0.9767800938298,0.9767800938298,0.9767800938298,0.9792239819178874,16839,16839,16839,33678,16998,213,16893,0.5016034206306788,14799,0.0869565217391304,1,1,0,1,False,1,True,enhanced_local,IA1
standard,ego_facebook,ego-Facebook,social,2,ia2,0.993853622747189,0.9944246612951,0.9771364095255064,0.9771364095255064,0.9771364095255064,0.9795339521625356,16839,16839,16839,33678,16992,215,16901,0.5018409644278163,14799,0.0448994252873563,1,1,0,1,False,1,True,enhanced_local,IA2
standard,ego_facebook,ego-Facebook,social,2,ja,0.99005930369478,0.9909960740488158,0.956410713225251,0.956410713225251,0.956410713225251,0.9610360702717672,16839,16839,16839,33678,5641,3016,31053,0.922055941564226,14799,0.0377777777777777,1,1,0,1,False,1,True,local_similarity,JA
standard,ego_facebook,ego-Facebook,social,2,lit,0.9921393662153634,0.9926975895888924,0.9667438684007365,0.9667438684007365,0.9667438684007365,0.9702786553457892,16839,16839,16839,33678,18331,252,15599,0.4631807114436724,14804,0.012115848715865,1,1,0,1,False,1,True,enhanced_local,LIT-i2
standard,ego_facebook,ego-Facebook,social,2,llhn,0.9125325390062974,0.959840499546466,0.9352099293307204,0.9352099293307204,0.9352099293307204,0.9297040684648944,16839,16839,16839,33678,11543,2497,24632,0.731397351386662,14799,0.0026595744680851,4,3,1,1,True,1,True,local_similarity,LLHN
standard,ego_facebook,ego-Facebook,social,2,lnb_aa,0.9930961460628424,0.9938359860379856,0.9748797434526992,0.9748797434526992,0.9748797434526992,0.9774843500741056,16839,16839,16839,33678,17139,158,16697,0.4957835976008076,14799,1.544934531315683,1,1,0,1,False,1,True,local_bayesian,LNB-AA
standard,ego_facebook,ego-Facebook,social,2,lnb_cn,0.9922511112777568,0.9931782652250132,0.9720886038363324,0.9720886038363324,0.9720886038363324,0.9749521759012806,16839,16839,16839,33678,17138,159,16699,0.495842983550092,14799,5.982718283126577,1,0,1,1,False,1,True,local_bayesian,LNB-CN
standard,ego_facebook,ego-Facebook,social,2,lnb_ra,0.9946123338435064,0.9949261073777032,0.9774927252212128,0.9774927252212128,0.9774927252212128,0.9799241041082756,16839,16839,16839,33678,17139,158,16697,0.4957835976008076,14799,0.1182557376343045,1,1,0,1,False,1,True,local_bayesian,LNB-RA
standard,ego_facebook,ego-Facebook,social,2,lpi,0.993063208796743,0.9940807383914708,0.9686442187778372,0.9686442187778372,0.9686442187778372,0.9718952160771064,16839,16839,16839,33678,14645,2202,21235,0.6305303165271097,11263,2.067,6,4,2,3,True,1,True,quasi_local_path,LPI-beta-0.001
standard,ego_facebook,ego-Facebook,social,2,lrw,0.995014678143835,0.9956767670778712,0.9739889542134332,0.9739889542134332,0.9739889542134332,0.9767290278984254,16839,16839,16839,33678,20236,197,13639,0.4049824811449611,11267,4.3674140933578076e-07,1,1,0,1,False,1,True,quasi_local_walk,LRW-l3
standard,ego_facebook,ego-Facebook,social,2,ora_cni,0.9895881302937763,0.990869721528002,0.9541540471524438,0.9541540471524438,0.9541540471524438,0.958906053649286,16839,16839,16839,33678,20131,185,13732,0.4077439277866856,11263,1.81403494363349,1,0,1,1,False,1,True,quasi_local_path,ORA-CNI-beta-0.001
standard,ego_facebook,ego-Facebook,social,2,pa,0.8535112209824577,0.8391808179638466,0.7599026070431736,0.7599026070431736,0.7599026070431736,0.7787826227024822,16839,16839,16839,33678,6495,4227,31410,0.9326563335114912,130,1258.0,6,3,3,2,True,1,True,degree_based,PA
standard,ego_facebook,ego-Facebook,social,2,pfp,0.9858571773622332,0.9905321378513954,0.9637745709365164,0.9637745709365164,0.9637745709365164,0.9667592613584668,16839,16839,16839,33678,21567,477,12588,0.3737751647960092,11263,0.0019592051151623,1,1,0,1,False,1,True,quasi_local_walk,PFP-l3
standard,ego_facebook,ego-Facebook,social,2,ra,0.9946341972846948,0.9949653682649536,0.9774927252212128,0.9774927252212128,0.9774927252212128,0.979923668701962,16839,16839,16839,33678,16960,235,16953,0.5033849991092108,14799,0.0309886192239133,1,1,0,1,False,1,True,local_similarity,RA
standard,ego_facebook,ego-Facebook,social,2,ra_cni,0.9895875175773112,0.9908691907610104,0.9541540471524438,0.9541540471524438,0.9541540471524438,0.9589060105095788,16839,16839,16839,33678,20114,183,13747,0.4081893224063186,11264,1.814012587223324,1,0,1,1,False,1,True,enhanced_local,RA-CNI
standard,ego_facebook,ego-Facebook,social,2,sa,0.9907350819108508,0.9919259513674747,0.9624086941029752,0.9624086941029752,0.9624086941029752,0.96629910817675,16839,16839,16839,33678,14105,2347,21920,0.6508700041570165,14799,0.1070959105203331,2,2,0,1,True,1,True,local_similarity,SA
standard,ego_facebook,ego-Facebook,social,2,so,0.99005930369478,0.9909960740488158,0.956410713225251,0.956410713225251,0.956410713225251,0.9610360702717672,16839,16839,16839,33678,5641,3016,31053,0.922055941564226,14799,0.0728051391862955,1,1,0,1,False,1,True,local_similarity,SO
standard,ego_facebook,ego-Facebook,social,2,srw,0.9960675178161966,0.9965986388080228,0.9768988657283688,0.9768988657283688,0.9768988657283688,0.9793717931643768,16839,16839,16839,33678,20244,193,13627,0.4046261654492547,11263,9.92320539985237e-07,1,0,1,1,False,1,True,quasi_local_walk,SRW-l3
standard,ego_facebook,ego-Facebook,social,2,aa,0.971169877857817,0.9935591735948776,0.93129045667795,0.93129045667795,0.93129045667795,0.937550893867125,16839,16839,84195,101034,18784,450,82700,0.8185363343033039,73404,1.1390216374057858,1,1,0,1,False,5,False,local_similarity,AA
standard,ego_facebook,ego-Facebook,social,2,car_aa,0.9529669035188668,0.9823767291634746,0.9261238790902072,0.9261238790902072,0.9261238790902072,0.9326878059553876,16839,16839,84195,101034,18349,299,82984,0.8213472692360987,81852,2.1800013376376866,1,1,0,1,False,5,False,enhanced_local,CAR-AA
standard,ego_facebook,ego-Facebook,social,2,car_cn,0.9510907179011072,0.9821127813836958,0.9221450204881524,0.9221450204881524,0.9221450204881524,0.929080486325954,16839,16839,84195,101034,7864,2165,95335,0.9435932458380348,81852,20.0,213,118,95,198,True,5,False,enhanced_local,CAR-CN
standard,ego_facebook,ego-Facebook,social,2,car_ra,0.9580193245273092,0.9831224797098094,0.9331314211057664,0.9331314211057664,0.9331314211057664,0.9393282848072352,16839,16839,84195,101034,18347,301,82988,0.821386859868955,81852,0.1862251828631139,1,1,0,1,False,5,False,enhanced_local,CAR-RA
standard,ego_facebook,ego-Facebook,social,2,cn,0.9632091087682652,0.992539922873596,0.9233921254231248,0.9233921254231248,0.9233921254231248,0.9302659713618698,16839,16839,84195,101034,141,134,101027,0.9999307163925016,73404,4.0,658,382,276,172,True,5,False,local_similarity,CN
standard,ego_facebook,ego-Facebook,social,2,fl,0.9664094363246944,0.9936959446661622,0.9194132668210702,0.9194132668210702,0.9194132668210702,0.9267073195630172,16839,16839,84195,101034,16298,2401,87137,0.8624522437991171,56250,0.000998414566155,2,0,2,1,True,5,False,quasi_local_path,FL-l3
standard,ego_facebook,ego-Facebook,social,2,fsw,0.968155337931016,0.9928882844704834,0.9246986163073816,0.9246986163073816,0.9246986163073816,0.9316954936699424,16839,16839,84195,101034,13435,1897,89496,0.8858008195261001,73404,0.0255010667207014,4,4,0,1,True,5,False,enhanced_local,FSW
standard,ego_facebook,ego-Facebook,social,2,hdi,0.953492218861159,0.9896422017186756,0.8960152028030168,0.8960152028030168,0.8960152028030168,0.9045732849643048,16839,16839,84195,101034,4855,3063,99242,0.9822633964803928,73404,0.1048387096774193,1,1,0,1,False,5,False,local_similarity,HDI
standard,ego_facebook,ego-Facebook,social,2,hpi,0.8712210897804693,0.9860617671498688,0.8893639764831641,0.8893639764831641,0.8893639764831641,0.8802618995770162,16839,16839,84195,101034,3006,2034,100062,0.9903794762159271,73404,0.3333333333333333,727,174,553,333,True,5,False,local_similarity,HPI
standard,ego_facebook,ego-Facebook,social,2,ia1,0.9742234021192684,0.9940731704653132,0.9371102797078212,0.9371102797078212,0.9371102797078212,0.9429238326163696,16839,16839,84195,101034,18848,442,82628,0.817823702911891,73404,0.3974965886999239,1,0,1,1,False,5,False,enhanced_local,IA1
standard,ego_facebook,ego-Facebook,social,2,ia2,0.9740617576711564,0.994042501655279,0.9371696656571056,0.9371696656571056,0.9371696656571056,0.9429601128229108,16839,16839,84195,101034,18840,445,82639,0.8179325771522458,73404,0.1594952246435297,1,1,0,1,False,5,False,enhanced_local,IA2
standard,ego_facebook,ego-Facebook,social,2,ja,0.9566508483070608,0.9904742031354464,0.9020725696300256,0.9020725696300256,0.9020725696300256,0.9100252140077444,16839,16839,84195,101034,5949,3252,98337,0.9733060157966624,73404,0.08,32,14,18,22,True,5,False,local_similarity,JA
standard,ego_facebook,ego-Facebook,social,2,lit,0.9667351399312574,0.9922511782242518,0.918047389987529,0.918047389987529,0.918047389987529,0.9257646515051646,16839,16839,84195,101034,24411,684,77307,0.765158263554843,73414,0.0405803358345275,1,0,1,1,False,5,False,enhanced_local,LIT-i2
standard,ego_facebook,ego-Facebook,social,2,llhn,0.6779654750422052,0.9580098549217728,0.7523605914840549,0.7523605914840549,0.7523605914840548,0.7351317323939393,16839,16839,84195,101034,13287,3338,91085,0.9015281984282518,73404,0.0044690566404352,2,2,0,1,True,5,False,local_similarity,LLHN
standard,ego_facebook,ego-Facebook,social,2,lnb_aa,0.9706665820358488,0.993454075029878,0.93129045667795,0.93129045667795,0.93129045667795,0.9375166923743328,16839,16839,84195,101034,19245,424,82213,0.8137161747530535,73404,4.407963529877642,1,1,0,1,False,5,False,local_bayesian,LNB-AA
standard,ego_facebook,ego-Facebook,social,2,lnb_cn,0.9666110073312896,0.9927727282087432,0.9244016865609596,0.9244016865609596,0.9244016865609596,0.9311259028865968,16839,16839,84195,101034,19242,427,82219,0.8137755607023378,73404,15.83931717625394,1,0,1,1,False,5,False,local_bayesian,LNB-CN
standard,ego_facebook,ego-Facebook,social,2,lnb_ra,0.9786984347390392,0.9946194707670486,0.9397826474256192,0.9397826474256192,0.9397826474256192,0.9457376992488932,16839,16839,84195,101034,19245,424,82213,0.8137161747530535,73404,0.3788356943495021,1,1,0,1,False,5,False,local_bayesian,LNB-RA
standard,ego_facebook,ego-Facebook,social,2,lpi,0.9660735843318548,0.9936582566830856,0.9194132668210702,0.9194132668210702,0.9194132668210702,0.9266710932904716,16839,16839,84195,101034,15861,2776,87949,0.8704891422689391,56250,4.247,2,0,2,1,True,5,False,quasi_local_path,LPI-beta-0.001
standard,ego_facebook,ego-Facebook,social,2,lrw,0.9756458605686308,0.9954376091142758,0.9279054575687392,0.9279054575687392,0.9279054575687392,0.9348450782215092,16839,16839,84195,101034,32569,982,69447,0.6873626699922798,56259,1.0304517091971818e-06,1,1,0,1,False,5,False,quasi_local_walk,LRW-l3
standard,ego_facebook,ego-Facebook,social,2,ora_cni,0.9526072528061332,0.990467093679115,0.8925114317952373,0.8925114317952373,0.8925114317952372,0.9023843067537036,16839,16839,84195,101034,31984,938,69988,0.6927173030860898,56250,2.8643063217090385,1,0,1,1,False,5,False,quasi_local_path,ORA-CNI-beta-0.001
standard,ego_facebook,ego-Facebook,social,2,pa,0.6149904238949354,0.8387493548315619,0.567373359463151,0.567373359463151,0.567373359463151,0.5931715892708428,16839,16839,84195,101034,7311,5408,99131,0.9811647564186312,557,3339.0,7,1,6,3,True,5,False,degree_based,PA
standard,ego_facebook,ego-Facebook,social,2,pfp,0.9306688873785878,0.9901171485979812,0.8954213433101729,0.8954213433101729,0.8954213433101729,0.901483273201771,16839,16839,84195,101034,36612,2192,66614,0.6593226042718293,56250,0.0046154059392752,1,1,0,1,False,5,False,quasi_local_walk,PFP-l3
standard,ego_facebook,ego-Facebook,social,2,ra,0.9790433124677888,0.9946698893991976,0.939901419324188,0.939901419324188,0.939901419324188,0.9458719631041428,16839,16839,84195,101034,18762,459,82731,0.8188431617079399,73404,0.0920483066454388,1,1,0,1,False,5,False,local_similarity,RA
standard,ego_facebook,ego-Facebook,social,2,ra_cni,0.9526051416686094,0.9904665830142622,0.8925114317952373,0.8925114317952373,0.8925114317952372,0.9023842097082913,16839,16839,84195,101034,31922,930,70042,0.6932517766296494,56251,2.8641739175357963,1,1,0,1,False,5,False,enhanced_local,RA-CNI
standard,ego_facebook,ego-Facebook,social,2,sa,0.958897579109588,0.9914439186606674,0.9072391472177684,0.9072391472177684,0.9072391472177684,0.914430065910152,16839,16839,84195,101034,16390,3388,88032,0.8713106479007067,73404,0.1841149235796646,1,1,0,1,False,5,False,local_similarity,SA
standard,ego_facebook,ego-Facebook,social,2,so,0.9566508483070608,0.9904742031354464,0.9020725696300256,0.9020725696300256,0.9020725696300256,0.9100252140077444,16839,16839,84195,101034,5949,3252,98337,0.9733060157966624,73404,0.1481481481481481,32,14,18,22,True,5,False,local_similarity,SO
standard,ego_facebook,ego-Facebook,social,2,srw,0.9801888125401044,0.9963297004078486,0.9371696656571056,0.9371696656571056,0.9371696656571056,0.9433225588467394,16839,16839,84195,101034,32585,975,69424,0.6871350238533563,56250,2.4375142390813893e-06,1,1,0,1,False,5,False,quasi_local_walk,SRW-l3
standard,ego_facebook,ego-Facebook,social,2,aa,0.948275556874744,0.9935317689136728,0.8958370449551636,0.8958370449551636,0.8958370449551636,0.9047171601817892,16839,16839,168390,185229,20784,673,165118,0.8914262885401314,146715,1.570181342165592,1,1,0,1,False,10,False,local_similarity,AA
standard,ego_facebook,ego-Facebook,social,2,car_aa,0.9280390587249544,0.9823361309550076,0.887879327751054,0.887879327751054,0.887879327751054,0.8971416168489917,16839,16839,168390,185229,20214,490,165505,0.8935155942104098,163289,4.6946577196036055,1,1,0,1,False,10,False,enhanced_local,CAR-AA
standard,ego_facebook,ego-Facebook,social,2,car_cn,0.9247408729940472,0.9820739059637684,0.8837223113011462,0.8837223113011462,0.8837223113011462,0.8933061744729403,16839,16839,168390,185229,7954,2238,179513,0.9691409012627612,163289,54.0,96,54,42,58,True,10,False,enhanced_local,CAR-CN
standard,ego_facebook,ego-Facebook,social,2,car_ra,0.9377253835268642,0.983099243930003,0.9001128333036403,0.9001128333036403,0.9001128333036403,0.9087794488213148,16839,16839,168390,185229,20205,498,165522,0.8936073724956676,163289,0.3823092451124796,1,0,1,1,False,10,False,enhanced_local,CAR-RA
standard,ego_facebook,ego-Facebook,social,2,cn,0.9352740077659738,0.9925089830373603,0.8847318724389809,0.8847318724389809,0.8847318724389809,0.8943590936900179,16839,16839,168390,185229,141,134,185222,0.9999622089413644,146715,6.0,655,398,257,360,True,10,False,local_similarity,CN
standard,ego_facebook,ego-Facebook,social,2,fl,0.9385903566586506,0.9936651987979302,0.8809905576340638,0.8809905576340638,0.8809905576340638,0.8909792583323722,16839,16839,168390,185229,17560,2931,170600,0.9210220861744112,112531,0.0014915917750893,4,4,0,4,False,10,False,quasi_local_path,FL-l3
standard,ego_facebook,ego-Facebook,social,2,fsw,0.9438988703504484,0.992874176824921,0.8867509947146505,0.8867509947146505,0.8867509947146506,0.8966987303387463,16839,16839,168390,185229,14936,2292,172585,0.931738550658914,146715,0.0527264289430106,12,6,6,9,True,10,False,enhanced_local,FSW
standard,ego_facebook,ego-Facebook,social,2,hdi,0.9189269166745102,0.989617208941427,0.8543856523546529,0.8543856523546529,0.8543856523546529,0.8648822139690341,16839,16839,168390,185229,4998,3198,183429,0.9902822992080074,146715,0.1415094339622641,1,0,1,1,False,10,False,local_similarity,HDI
standard,ego_facebook,ego-Facebook,social,2,hpi,0.7856800159817849,0.9860324765706666,0.8301561850466179,0.8301561850466179,0.8301561850466179,0.8153928866655075,16839,16839,168390,185229,3088,2136,184277,0.9948604160255684,146715,0.4,230,134,96,158,True,10,False,local_similarity,HPI
standard,ego_facebook,ego-Facebook,social,2,ia1,0.95405051438455,0.9940535472514044,0.90510125304353,0.90510125304353,0.90510125304353,0.9133275256029384,16839,16839,168390,185229,20886,674,165017,0.8908810175512474,146715,0.6734334781881661,1,1,0,1,False,10,False,enhanced_local,IA1
standard,ego_facebook,ego-Facebook,social,2,ia2,0.953692562877986,0.994018736695492,0.904210463804264,0.904210463804264,0.904210463804264,0.912511550334866,16839,16839,168390,185229,20880,677,165026,0.8909296060552073,146715,0.2664482204082283,1,1,0,1,False,10,False,enhanced_local,IA2
standard,ego_facebook,ego-Facebook,social,2,ja,0.92357916972729,0.9904401917277084,0.864659421580854,0.864659421580854,0.864659421580854,0.874021885526708,16839,16839,168390,185229,6199,3472,182502,0.9852776833001312,146715,0.1063122923588039,1,1,0,1,False,10,False,local_similarity,JA
standard,ego_facebook,ego-Facebook,social,2,lit,0.9414261080166316,0.992225294428529,0.8793277510541005,0.8793277510541005,0.8793277510541007,0.8900859793214111,16839,16839,168390,185229,31462,1240,155007,0.836839803702444,146735,0.0714522957420701,1,0,1,1,False,10,False,enhanced_local,LIT-i2
standard,ego_facebook,ego-Facebook,social,2,llhn,0.5179672770187799,0.9580116627035654,0.556208800997684,0.556208800997684,0.556208800997684,0.5393708916760662,16839,16839,168390,185229,14711,4149,174667,0.9429786912416522,146715,0.0051282051282051,50,18,32,15,True,10,False,local_similarity,LLHN
standard,ego_facebook,ego-Facebook,social,2,lnb_aa,0.9474434722761468,0.9934274761975602,0.8962527466001544,0.8962527466001544,0.8962527466001544,0.9050133142757272,16839,16839,168390,185229,21563,761,164427,0.8876957711805387,146715,6.34793323685006,1,0,1,1,False,10,False,local_bayesian,LNB-AA
standard,ego_facebook,ego-Facebook,social,2,lnb_cn,0.939978778048678,0.992742671808596,0.8864540649682285,0.8864540649682285,0.8864540649682285,0.8958110451752702,16839,16839,168390,185229,21557,764,164436,0.8877443596844986,146715,23.28300023108013,1,1,0,1,False,10,False,local_bayesian,LNB-CN
standard,ego_facebook,ego-Facebook,social,2,lnb_ra,0.9628757682669976,0.9946164037802444,0.910327216580557,0.910327216580557,0.910327216580557,0.9188326744316696,16839,16839,168390,185229,21563,761,164427,0.8876957711805387,146715,0.5425896652945499,1,0,1,1,False,10,False,local_bayesian,LNB-RA
standard,ego_facebook,ego-Facebook,social,2,lpi,0.9379454219783802,0.9936277742586692,0.8809905576340638,0.8809905576340638,0.8809905576340638,0.8909082075292726,16839,16839,168390,185229,17027,3371,171573,0.9262750433247494,112531,6.174,4,4,0,4,False,10,False,quasi_local_path,LPI-beta-0.001
standard,ego_facebook,ego-Facebook,social,2,lrw,0.955038571248932,0.995420134184173,0.8936397648316409,0.8936397648316409,0.8936397648316409,0.9033788892721152,16839,16839,168390,185229,46948,1853,140134,0.7565446015472739,112549,1.4457761730086978e-06,1,1,0,1,False,10,False,quasi_local_walk,LRW-l3
standard,ego_facebook,ego-Facebook,social,2,ora_cni,0.9167986257188468,0.9904573016452956,0.8503474078033137,0.8503474078033137,0.8503474078033137,0.8631308364438091,16839,16839,168390,185229,45939,1670,140960,0.7610039464662661,112531,3.5269866997158013,1,0,1,1,False,10,False,quasi_local_path,ORA-CNI-beta-0.001
standard,ego_facebook,ego-Facebook,social,2,pa,0.4917632146207595,0.8395304130209014,0.4848862759071203,0.4848862759071203,0.4848862759071203,0.5110632704996477,16839,16839,168390,185229,7702,6027,183554,0.9909571395407848,1027,4864.0,16,6,10,3,True,10,False,degree_based,PA
standard,ego_facebook,ego-Facebook,social,2,pfp,0.8724700459624801,0.9901091474178372,0.8399548666785439,0.8399548666785439,0.8399548666785439,0.8472768370395005,16839,16839,168390,185229,53603,3560,135186,0.7298317218146186,112531,0.0059677667680448,1,0,1,1,False,10,False,quasi_local_walk,PFP-l3
standard,ego_facebook,ego-Facebook,social,2,ra,0.9636059427171864,0.994670411525796,0.9110992339212542,0.9110992339212542,0.911099233921254,0.9195764640682108,16839,16839,168390,185229,20753,681,165157,0.8916368387239579,146715,0.1285241640080349,1,1,0,1,False,10,False,local_similarity,RA
standard,ego_facebook,ego-Facebook,social,2,ra_cni,0.9167952806711528,0.9904567860430752,0.8503474078033137,0.8503474078033137,0.8503474078033137,0.8631307032692314,16839,16839,168390,185229,45827,1657,141059,0.7615384200098256,112533,3.526937538735699,1,0,1,1,False,10,False,enhanced_local,RA-CNI
standard,ego_facebook,ego-Facebook,social,2,sa,0.9257418167175748,0.9913907409218362,0.8665597719579547,0.8665597719579547,0.8665597719579547,0.8753352507509728,16839,16839,168390,185229,18360,4331,171200,0.924261319771742,146715,0.2267786838055363,6,2,4,2,True,10,False,local_similarity,SA
standard,ego_facebook,ego-Facebook,social,2,so,0.92357916972729,0.9904401917277084,0.864659421580854,0.864659421580854,0.864659421580854,0.874021885526708,16839,16839,168390,185229,6199,3472,182502,0.9852776833001312,146715,0.1921921921921922,1,1,0,1,False,10,False,local_similarity,SO
standard,ego_facebook,ego-Facebook,social,2,srw,0.963212902833936,0.9963194805864142,0.9064077439277868,0.9064077439277868,0.9064077439277868,0.9151765057663112,16839,16839,168390,185229,46975,1846,140100,0.7563610449767585,112531,3.3257772570925667e-06,1,0,1,1,False,10,False,quasi_local_walk,SRW-l3
standard,ego_facebook,ego-Facebook,social,3,aa,0.9931946779594788,0.993893409383744,0.975889304590534,0.975889304590534,0.975889304590534,0.9783914851569522,16839,16839,16839,33678,16897,250,17031,0.5057010511313024,14842,0.4520053700102782,5,4,1,4,True,1,True,local_similarity,AA
standard,ego_facebook,ego-Facebook,social,3,car_aa,0.9814523997909512,0.9821564971869824,0.9713165864956352,0.9713165864956352,0.9713165864956352,0.9743067270293132,16839,16839,16839,33678,16607,169,17240,0.5119068828315221,16831,0.3407519245628869,7,1,6,5,True,1,True,enhanced_local,CAR-AA
standard,ego_facebook,ego-Facebook,social,3,car_cn,0.9810558880568976,0.981917161830831,0.971138428647782,0.971138428647782,0.971138428647782,0.9741221472413129,16839,16839,16839,33678,7663,2084,28099,0.8343428944711682,16831,2.0,412,260,152,404,True,1,True,enhanced_local,CAR-CN
standard,ego_facebook,ego-Facebook,social,3,car_ra,0.9823557195067087,0.9827798556864652,0.9713165864956352,0.9713165864956352,0.9713165864956352,0.9743973211006872,16839,16839,16839,33678,16603,173,17248,0.5121444266286597,16831,0.0066892486247324,7,1,6,5,True,1,True,enhanced_local,CAR-RA
standard,ego_facebook,ego-Facebook,social,3,cn,0.9912361210322465,0.992943479300216,0.9722073757349012,0.9722073757349012,0.9722073757349012,0.975078676196152,16839,16839,16839,33678,142,131,33667,0.9996733772789358,14842,2.0,591,375,216,367,True,1,True,local_similarity,CN
standard,ego_facebook,ego-Facebook,social,3,fl,0.9933004923218264,0.9942561806872752,0.9694162361185344,0.9694162361185344,0.9694162361185344,0.9726027748602804,16839,16839,16839,33678,14840,1906,20744,0.6159510659777897,11075,0.0004969517591613,5,2,3,2,True,1,True,quasi_local_path,FL-l3
standard,ego_facebook,ego-Facebook,social,3,fsw,0.9924765853135358,0.993207090633676,0.9722073757349012,0.9722073757349012,0.9722073757349012,0.9751420709633776,16839,16839,16839,33678,11887,1596,23387,0.6944295979571233,14842,0.0053738118806611,6,6,0,5,True,1,True,enhanced_local,FSW
standard,ego_facebook,ego-Facebook,social,3,hdi,0.9887565392127994,0.989660793022806,0.9513035215867924,0.9513035215867924,0.9513035215867924,0.95647814516958,16839,16839,16839,33678,4590,2838,31926,0.9479779084268662,14842,0.0434782608695652,39,11,28,18,True,1,True,local_similarity,HDI
standard,ego_facebook,ego-Facebook,social,3,hpi,0.966020601002771,0.9861592861506306,0.9593800106894708,0.9593800106894708,0.9593800106894708,0.957941635258156,16839,16839,16839,33678,2784,1897,32791,0.9736623314923688,14842,0.1764705882352941,21,15,6,1,True,1,True,local_similarity,HPI
standard,ego_facebook,ego-Facebook,social,3,ia1,0.9937958995891344,0.9943576770901158,0.9774927252212128,0.9774927252212128,0.9774927252212128,0.979857219444169,16839,16839,16839,33678,16924,233,16987,0.5043945602470455,14842,0.0817696035789735,1,1,0,1,False,1,True,enhanced_local,IA1
standard,ego_facebook,ego-Facebook,social,3,ia2,0.9937529279702604,0.9943243040134438,0.9774927252212128,0.9774927252212128,0.9774927252212128,0.9798532612600864,16839,16839,16839,33678,16924,236,16990,0.5044836391709722,14842,0.0436003254434702,1,0,1,1,False,1,True,enhanced_local,IA2
standard,ego_facebook,ego-Facebook,social,3,ja,0.9896478044949704,0.9905439804796812,0.954807292594572,0.954807292594572,0.954807292594572,0.9596140010370048,16839,16839,16839,33678,5649,3034,31063,0.922352871310648,14842,0.0344827586206896,31,4,27,19,True,1,True,local_similarity,JA
standard,ego_facebook,ego-Facebook,social,3,lit,0.9920965240068604,0.9925783909607158,0.9676940435892868,0.9676940435892868,0.9676940435892868,0.9711341701416444,16839,16839,16839,33678,18320,266,15624,0.4639230358097274,14844,0.0115399726872225,1,0,1,1,False,1,True,enhanced_local,LIT-i2
standard,ego_facebook,ego-Facebook,social,3,llhn,0.9143397606645,0.9605838149126842,0.9350317714828672,0.9350317714828672,0.9350317714828672,0.9306887305471432,16839,16839,16839,33678,11485,2576,24769,0.7354652889126433,14842,0.0024784609937448,1,1,0,1,False,1,True,local_similarity,LLHN
standard,ego_facebook,ego-Facebook,social,3,lnb_aa,0.9931446219988488,0.9938461552514049,0.9756517607933964,0.9756517607933964,0.9756517607933964,0.9781812953638556,16839,16839,16839,33678,17098,192,16772,0.4980105706989726,14842,1.4583496569874073,2,2,0,2,False,1,True,local_bayesian,LNB-AA
standard,ego_facebook,ego-Facebook,social,3,lnb_cn,0.992373023538094,0.9932457167165516,0.9725636914306076,0.9725636914306076,0.9725636914306076,0.975396233091699,16839,16839,16839,33678,17094,194,16778,0.4981887285468258,14842,5.633114291938536,2,1,1,2,False,1,True,local_bayesian,LNB-CN
standard,ego_facebook,ego-Facebook,social,3,lnb_ra,0.9944849793902036,0.9947515626247512,0.9776114971197816,0.9776114971197816,0.9776114971197816,0.9800351564433588,16839,16839,16839,33678,17098,192,16772,0.4980105706989726,14842,0.1152539485792696,1,1,0,1,False,1,True,local_bayesian,LNB-RA
standard,ego_facebook,ego-Facebook,social,3,lpi,0.9932478139181328,0.9942294042860672,0.9694162361185344,0.9694162361185344,0.9694162361185344,0.9725971028376968,16839,16839,16839,33678,14446,2266,21498,0.6383395688580082,11075,2.05,5,2,3,2,True,1,True,quasi_local_path,LPI-beta-0.001
standard,ego_facebook,ego-Facebook,social,3,lrw,0.9953170667558764,0.9958846496405857,0.9747609715541304,0.9747609715541304,0.9747609715541304,0.9774430245842712,16839,16839,16839,33678,20228,201,13651,0.4053387968406675,11077,4.03973509578276e-07,1,1,0,1,False,1,True,quasi_local_walk,LRW-l3
standard,ego_facebook,ego-Facebook,social,3,ora_cni,0.9896800617802402,0.9909117808445388,0.9516004513332146,0.9516004513332146,0.9516004513332146,0.9566813682260736,16839,16839,16839,33678,20104,200,13774,0.408991032721658,11075,1.746247456037783,1,0,1,1,False,1,True,quasi_local_path,ORA-CNI-beta-0.001
standard,ego_facebook,ego-Facebook,social,3,pa,0.8498350195430742,0.8370497726234766,0.7574083971732288,0.7574083971732288,0.7574083971732288,0.7761086844740137,16839,16839,16839,33678,6440,4253,31491,0.9350614644575094,128,1225.0,10,5,5,5,True,1,True,degree_based,PA
standard,ego_facebook,ego-Facebook,social,3,pfp,0.9847867325120108,0.9904094442724652,0.9630025535958192,0.9630025535958192,0.9630025535958192,0.965888393620671,16839,16839,16839,33678,21707,487,12458,0.3699150780925233,11075,0.0019202806522367,1,1,0,1,False,1,True,quasi_local_walk,PFP-l3
standard,ego_facebook,ego-Facebook,social,3,ra,0.994486462223244,0.9947655424277658,0.9779084268662036,0.9779084268662036,0.9779084268662036,0.9802949698893584,16839,16839,16839,33678,16878,257,17057,0.5064730684719996,14842,0.0301323752655335,1,1,0,1,False,1,True,local_similarity,RA
standard,ego_facebook,ego-Facebook,social,3,ra_cni,0.989679433233278,0.9909112059939102,0.9516004513332146,0.9516004513332146,0.9516004513332146,0.9566813230159598,16839,16839,16839,33678,20089,196,13785,0.4093176554427222,11075,1.7462444331824023,1,0,1,1,False,1,True,enhanced_local,RA-CNI
standard,ego_facebook,ego-Facebook,social,3,sa,0.9905056371519906,0.9915795439100552,0.9618148346101312,0.9618148346101312,0.9618148346101314,0.9657819766264162,16839,16839,16839,33678,14161,2305,21822,0.6479600926420809,14842,0.1,9,2,7,3,True,1,True,local_similarity,SA
standard,ego_facebook,ego-Facebook,social,3,so,0.9896478044949704,0.9905439804796812,0.954807292594572,0.954807292594572,0.954807292594572,0.9596140010370048,16839,16839,16839,33678,5649,3034,31063,0.922352871310648,14842,0.0666666666666666,31,4,27,19,True,1,True,local_similarity,SO
standard,ego_facebook,ego-Facebook,social,3,srw,0.9962117854055104,0.9966779276378098,0.9777302690183504,0.9777302690183504,0.9777302690183504,0.9801208764738424,16839,16839,16839,33678,20228,202,13652,0.4053684898153097,11075,9.091610859353788e-07,1,1,0,1,False,1,True,quasi_local_walk,SRW-l3
standard,ego_facebook,ego-Facebook,social,3,aa,0.970668366354268,0.9933080707289584,0.9310529128808124,0.9310529128808124,0.9310529128808124,0.9373113362879294,16839,16839,84195,101034,18656,484,82862,0.8201397549339826,73799,1.0470738580463048,2,2,0,2,False,5,False,local_similarity,AA
standard,ego_facebook,ego-Facebook,social,3,car_aa,0.951379691737545,0.9814744062340526,0.9248767741552348,0.9248767741552348,0.9248767741552348,0.9315606760868592,16839,16839,84195,101034,18216,334,83152,0.8230100758160619,82041,1.8880937962439597,1,1,0,1,False,5,False,enhanced_local,CAR-AA
standard,ego_facebook,ego-Facebook,social,3,car_cn,0.949446781995672,0.9812088287703754,0.9219074766910148,0.9219074766910148,0.9219074766910148,0.9288337389709496,16839,16839,84195,101034,7736,2151,95449,0.9447215788744384,82041,16.0,182,108,74,146,True,5,False,enhanced_local,CAR-CN
standard,ego_facebook,ego-Facebook,social,3,car_ra,0.95648536078704,0.982216286237045,0.9320624740186472,0.9320624740186472,0.9320624740186472,0.9383703973989426,16839,16839,84195,101034,18211,337,83160,0.8230892570817745,82041,0.149003858961964,1,1,0,1,False,5,False,enhanced_local,CAR-RA
standard,ego_facebook,ego-Facebook,social,3,cn,0.9624424660811288,0.9922570734408812,0.922679494031712,0.922679494031712,0.922679494031712,0.9296004661479844,16839,16839,84195,101034,142,131,101023,0.9998911257596452,73799,4.0,648,399,249,322,True,5,False,local_similarity,CN
standard,ego_facebook,ego-Facebook,social,3,fl,0.9658138607142828,0.9935605183221452,0.9184037056832354,0.9184037056832354,0.9184037056832354,0.9257757429105808,16839,16839,84195,101034,16092,2383,87325,0.8643130035433616,55607,0.000994793452929,4,3,1,2,True,5,False,quasi_local_path,FL-l3
standard,ego_facebook,ego-Facebook,social,3,fsw,0.9677549647880098,0.9925855430900078,0.9235108973216936,0.9235108973216936,0.9235108973216936,0.9306561349994532,16839,16839,84195,101034,13264,1911,89681,0.8876318862957024,73799,0.0244741783510798,361,237,124,177,True,5,False,enhanced_local,FSW
standard,ego_facebook,ego-Facebook,social,3,hdi,0.9516172825318092,0.9891071339276872,0.8922145020488153,0.8922145020488153,0.8922145020488153,0.9015988023892642,16839,16839,84195,101034,4777,3023,99280,0.9826395074925272,73799,0.0967741935483871,22,16,6,1,True,5,False,local_similarity,HDI
standard,ego_facebook,ego-Facebook,social,3,hpi,0.8696906006626703,0.9857578333951756,0.8864540649682285,0.8864540649682285,0.8864540649682285,0.877674068289674,16839,16839,84195,101034,2922,2017,100129,0.9910426193162698,73799,0.3333333333333333,683,205,478,448,True,5,False,local_similarity,HPI
standard,ego_facebook,ego-Facebook,social,3,ia1,0.973872576676488,0.9938347746196364,0.9361007185699864,0.9361007185699864,0.9361007185699864,0.9420205636662968,16839,16839,84195,101034,18712,473,82795,0.8194766118336402,73799,0.3460802355539197,1,0,1,1,False,5,False,enhanced_local,IA1
standard,ego_facebook,ego-Facebook,social,3,ia2,0.9736897261842836,0.9938053782397052,0.9361601045192708,0.9361601045192708,0.9361601045192708,0.942052521962684,16839,16839,84195,101034,18711,479,82802,0.8195458954411386,73799,0.1425526546689713,2,1,1,2,False,5,False,enhanced_local,IA2
standard,ego_facebook,ego-Facebook,social,3,ja,0.9550414076219438,0.9899191763895686,0.8976186234336956,0.8976186234336956,0.8976186234336956,0.9065243191103156,16839,16839,84195,101034,5942,3259,98351,0.9734445830116596,73799,0.074074074074074,30,10,20,16,True,5,False,local_similarity,JA
standard,ego_facebook,ego-Facebook,social,3,lit,0.96663080644453,0.9920014419510844,0.9169784429004098,0.9169784429004098,0.91697844290041,0.9248646516584916,16839,16839,84195,101034,24300,681,77415,0.7662272106419621,73807,0.0378591373960221,1,0,1,1,False,5,False,enhanced_local,LIT-i2
standard,ego_facebook,ego-Facebook,social,3,llhn,0.6899212245460273,0.9599647670875768,0.7635251499495219,0.7635251499495219,0.7635251499495219,0.7468751272434422,16839,16839,84195,101034,13167,3438,91305,0.9037056832353464,73799,0.0043787629994526,1,1,0,1,False,5,False,local_similarity,LLHN
standard,ego_facebook,ego-Facebook,social,3,lnb_aa,0.9702708785797765,0.993230746618712,0.9304590533879684,0.9304590533879684,0.9304590533879684,0.9367630052276318,16839,16839,84195,101034,19135,473,82372,0.81528990240909,73799,4.0463714574716185,1,1,0,1,False,5,False,local_bayesian,LNB-AA
standard,ego_facebook,ego-Facebook,social,3,lnb_cn,0.9661402371566216,0.9925370264023003,0.9239265989666844,0.9239265989666844,0.9239265989666844,0.9306804576548744,16839,16839,84195,101034,19129,477,82382,0.8153888789912307,73799,14.629194336331162,1,0,1,1,False,5,False,local_bayesian,LNB-CN
standard,ego_facebook,ego-Facebook,social,3,lnb_ra,0.9784425595156774,0.9943865271856156,0.9384761565413624,0.9384761565413624,0.9384761565413624,0.9445874488448932,16839,16839,84195,101034,19135,473,82372,0.81528990240909,73799,0.3514246419892999,1,0,1,1,False,5,False,local_bayesian,LNB-RA
standard,ego_facebook,ego-Facebook,social,3,lpi,0.9654876876694314,0.9935258548292468,0.9184037056832354,0.9184037056832354,0.9184037056832354,0.925740128753672,16839,16839,84195,101034,15624,2797,88207,0.8730427380881683,55607,4.129,4,3,1,2,True,5,False,quasi_local_path,LPI-beta-0.001
standard,ego_facebook,ego-Facebook,social,3,lrw,0.97593184540074,0.9954169797354324,0.9288556327572896,0.9288556327572896,0.9288556327572896,0.9357123122396164,16839,16839,84195,101034,32361,976,69649,0.6893619969515212,55614,1.0072777482869386e-06,1,1,0,1,False,5,False,quasi_local_walk,LRW-l3
standard,ego_facebook,ego-Facebook,social,3,ora_cni,0.95146319656888,0.9902606426002666,0.892036344200962,0.892036344200962,0.892036344200962,0.901868624958875,16839,16839,84195,101034,31800,959,70193,0.6947463230199735,55607,2.735557108881871,1,1,0,1,False,5,False,quasi_local_path,ORA-CNI-beta-0.001
standard,ego_facebook,ego-Facebook,social,3,pa,0.6144992465895365,0.8381313699511137,0.5641665182017934,0.5641665182017934,0.5641665182017934,0.591116420704368,16839,16839,84195,101034,7270,5403,99167,0.9815210721143376,546,3294.0,9,1,8,4,True,5,False,degree_based,PA
standard,ego_facebook,ego-Facebook,social,3,pfp,0.9307594627782284,0.99021517650025,0.895896430904448,0.895896430904448,0.895896430904448,0.9018627779265128,16839,16839,84195,101034,37165,2230,66099,0.654225310291585,55607,0.0044000776868285,1,0,1,1,False,5,False,quasi_local_walk,PFP-l3
standard,ego_facebook,ego-Facebook,social,3,ra,0.9787793742641264,0.9944433583999596,0.9382386127442248,0.9382386127442248,0.9382386127442248,0.944404928406464,16839,16839,84195,101034,18628,494,82900,0.8205158659461171,73799,0.0856905520147457,1,1,0,1,False,5,False,local_similarity,RA
standard,ego_facebook,ego-Facebook,social,3,ra_cni,0.9514608729856552,0.9902600910257984,0.892036344200962,0.892036344200962,0.892036344200962,0.9018685092916424,16839,16839,84195,101034,31742,956,70248,0.6952906942217472,55607,2.7353745820059774,1,1,0,1,False,5,False,enhanced_local,RA-CNI
standard,ego_facebook,ego-Facebook,social,3,sa,0.9575283312023364,0.9909544344085048,0.9030821307678604,0.9030821307678604,0.9030821307678604,0.9111931005227526,16839,16839,84195,101034,16376,3272,87930,0.8703010867628719,73799,0.1740776559556978,25,4,21,19,True,5,False,local_similarity,SA
standard,ego_facebook,ego-Facebook,social,3,so,0.9550414076219438,0.9899191763895686,0.8976186234336956,0.8976186234336956,0.8976186234336956,0.9065243191103156,16839,16839,84195,101034,5942,3259,98351,0.9734445830116596,73799,0.1379310344827586,30,10,20,16,True,5,False,local_similarity,SO
standard,ego_facebook,ego-Facebook,social,3,srw,0.9803035418069224,0.9962984444037676,0.9368727359106837,0.9368727359106837,0.9368727359106837,0.9430723538239978,16839,16839,84195,101034,32368,977,69643,0.6893026110022369,55607,2.2910568350305137e-06,1,1,0,1,False,5,False,quasi_local_walk,SRW-l3
standard,ego_facebook,ego-Facebook,social,3,aa,0.9465569790069032,0.9931882843777314,0.8939366945780628,0.8939366945780628,0.8939366945780628,0.90291936045801,16839,16839,168390,185229,20681,682,165230,0.8920309454782999,147433,1.479081974264496,1,1,0,1,False,10,False,local_similarity,AA
standard,ego_facebook,ego-Facebook,social,3,car_aa,0.9253531547701538,0.9813534324459752,0.885325731931825,0.885325731931825,0.885325731931825,0.8947815155467277,16839,16839,168390,185229,20101,492,165620,0.8941364473165649,163523,4.101850190009613,1,1,0,1,False,10,False,enhanced_local,CAR-AA
standard,ego_facebook,ego-Facebook,social,3,car_cn,0.9219703419583049,0.9810871203725684,0.8809311716847794,0.8809311716847794,0.8809311716847795,0.8907303534298975,16839,16839,168390,185229,7834,2206,179601,0.9696159888570364,163523,45.0,85,43,42,50,True,10,False,enhanced_local,CAR-CN
standard,ego_facebook,ego-Facebook,social,3,car_ra,0.9349416354019618,0.9821005993114044,0.8966090622958608,0.8966090622958608,0.8966090622958608,0.905584643227014,16839,16839,168390,185229,20095,496,165630,0.894190434543187,163523,0.3437913741315285,1,1,0,1,False,10,False,enhanced_local,CAR-RA
standard,ego_facebook,ego-Facebook,social,3,cn,0.9331714446601868,0.992130503852238,0.8831284518083021,0.8831284518083021,0.8831284518083021,0.8928228710746375,16839,16839,168390,185229,142,131,185218,0.9999406140507155,147433,6.0,712,441,271,623,True,10,False,local_similarity,CN
standard,ego_facebook,ego-Facebook,social,3,fl,0.9366576006933756,0.9934338454014564,0.881168715481917,0.881168715481917,0.881168715481917,0.8910078389973967,16839,16839,168390,185229,17337,2876,170768,0.9219290715816638,111152,0.0014887378468688,3,3,0,1,True,10,False,quasi_local_path,FL-l3
standard,ego_facebook,ego-Facebook,social,3,fsw,0.94205174707221,0.9924418944423232,0.8818219609240454,0.8818219609240454,0.8818219609240454,0.8922800812371859,16839,16839,168390,185229,14818,2344,172755,0.9326563335114912,147433,0.042882765972911,4,4,0,2,True,10,False,enhanced_local,FSW
standard,ego_facebook,ego-Facebook,social,3,hdi,0.9142234644070396,0.9888940861733748,0.8515351267890017,0.8515351267890017,0.8515351267890017,0.8630377912582466,16839,16839,168390,185229,4898,3170,183501,0.990671007239687,147433,0.1320754716981132,8,5,3,7,True,10,False,local_similarity,HDI
standard,ego_facebook,ego-Facebook,social,3,hpi,0.7834649179993465,0.9856608702009112,0.8271275016331137,0.8271275016331137,0.8271275016331137,0.8124427774627448,16839,16839,168390,185229,3029,2114,184314,0.9950601687640704,147433,0.4,247,116,131,216,True,10,False,local_similarity,HPI
standard,ego_facebook,ego-Facebook,social,3,ia1,0.9524324368226084,0.9937136699913244,0.9016568679850347,0.9016568679850347,0.9016568679850347,0.9101837428594028,16839,16839,168390,185229,20769,686,165146,0.8915774527746735,147433,0.6200983991775592,1,1,0,1,False,10,False,enhanced_local,IA1
standard,ego_facebook,ego-Facebook,social,3,ia2,0.9520308543728264,0.99367916872621,0.9013005522893284,0.9013005522893284,0.9013005522893284,0.9098297172378886,16839,16839,168390,185229,20765,695,165159,0.8916476361692823,147433,0.2456560148427401,1,1,0,1,False,10,False,enhanced_local,IA2
standard,ego_facebook,ego-Facebook,social,3,ja,0.9194639447858148,0.9897255395423684,0.8584832828552764,0.8584832828552764,0.8584832828552764,0.8693516893260045,16839,16839,168390,185229,6203,3490,182516,0.9853532654174022,147433,0.1,213,48,165,89,True,10,False,local_similarity,JA
standard,ego_facebook,ego-Facebook,social,3,lit,0.9400420209623744,0.9918547878573531,0.8760615238434586,0.8760615238434586,0.8760615238434585,0.8871641601083871,16839,16839,168390,185229,31297,1264,155196,0.8378601622856032,147453,0.0654163430212091,1,0,1,1,False,10,False,enhanced_local,LIT-i2
standard,ego_facebook,ego-Facebook,social,3,llhn,0.5274724914532545,0.9593009729600808,0.570342656927371,0.570342656927371,0.570342656927371,0.5533472985080591,16839,16839,168390,185229,14592,4220,174857,0.9440044485474736,147433,0.005050505050505,68,23,45,20,True,10,False,local_similarity,LLHN
standard,ego_facebook,ego-Facebook,social,3,lnb_aa,0.945816032648138,0.9931083318247031,0.8932834491359345,0.8932834491359345,0.8932834491359345,0.9022853075132488,16839,16839,168390,185229,21452,820,164597,0.8886135540331158,147433,5.962279583315479,1,1,0,1,False,10,False,local_bayesian,LNB-AA
standard,ego_facebook,ego-Facebook,social,3,lnb_cn,0.9382905367365916,0.9924099084132108,0.8827127501633114,0.8827127501633114,0.8827127501633114,0.8924056977387059,16839,16839,168390,185229,21445,822,164606,0.8886621425370758,147433,21.90830094263564,1,0,1,1,False,10,False,local_bayesian,LNB-CN
standard,ego_facebook,ego-Facebook,social,3,lnb_ra,0.961238833971864,0.9942708938656776,0.9073579191163372,0.9073579191163372,0.9073579191163372,0.9161061170070742,16839,16839,168390,185229,21452,820,164597,0.8886135540331158,147433,0.51329994640367,1,0,1,1,False,10,False,local_bayesian,LNB-RA
standard,ego_facebook,ego-Facebook,social,3,lpi,0.9360120535042532,0.9933974391942136,0.8810499435833482,0.8810499435833482,0.8810499435833482,0.8908317918811938,16839,16839,168390,185229,16792,3349,171786,0.9274249712518018,111152,6.082,3,3,0,1,True,10,False,quasi_local_path,LPI-beta-0.001
standard,ego_facebook,ego-Facebook,social,3,lrw,0.953959954288027,0.9952823001682292,0.8901953797731457,0.8901953797731457,0.8901953797731457,0.9002609205513812,16839,16839,168390,185229,46586,1906,140549,0.7587850714520944,111171,1.4248986987166816e-06,1,0,1,1,False,10,False,quasi_local_walk,LRW-l3
standard,ego_facebook,ego-Facebook,social,3,ora_cni,0.913280595561819,0.9901230279445012,0.8485658293247818,0.8485658293247818,0.8485658293247818,0.8612452094578436,16839,16839,168390,185229,45529,1736,141436,0.7635737384534819,111152,3.412867219766781,1,1,0,1,False,10,False,quasi_local_path,ORA-CNI-beta-0.001
standard,ego_facebook,ego-Facebook,social,3,pa,0.4893952089454233,0.8378753986646418,0.4815012767979096,0.4815012767979096,0.4815012767979096,0.5086520459495134,16839,16839,168390,185229,7704,6052,183577,0.9910813101620156,1080,4830.0,31,6,25,2,True,10,False,degree_based,PA
standard,ego_facebook,ego-Facebook,social,3,pfp,0.8677109295055506,0.9898995993753116,0.8406081121206722,0.8406081121206722,0.8406081121206721,0.8464787099185875,16839,16839,168390,185229,54704,3803,134328,0.7251996177704355,111152,0.0058917957889352,1,1,0,1,False,10,False,quasi_local_walk,PFP-l3
standard,ego_facebook,ego-Facebook,social,3,ra,0.9619408625726849,0.9943319047378276,0.9083080943048876,0.9083080943048876,0.9083080943048876,0.9169988218656004,16839,16839,168390,185229,20645,690,165274,0.8922684892754374,147433,0.1235757740181873,1,0,1,1,False,10,False,local_similarity,RA
standard,ego_facebook,ego-Facebook,social,3,ra_cni,0.9132770473706204,0.990122474077684,0.8485658293247818,0.8485658293247818,0.8485658293247818,0.8612450698615856,16839,16839,168390,185229,45439,1723,141513,0.7639894400984727,111153,3.412651733495082,1,1,0,1,False,10,False,enhanced_local,RA-CNI
standard,ego_facebook,ego-Facebook,social,3,sa,0.922139838766588,0.9907754469066004,0.86109626462379,0.86109626462379,0.86109626462379,0.8713042219748026,16839,16839,168390,185229,18337,4228,171120,0.9238294219587646,147433,0.2182178902359924,52,7,45,28,True,10,False,local_similarity,SA
standard,ego_facebook,ego-Facebook,social,3,so,0.9194639447858148,0.9897255395423684,0.8584832828552764,0.8584832828552764,0.8584832828552764,0.8693516893260045,16839,16839,168390,185229,6203,3490,182516,0.9853532654174022,147433,0.1818181818181818,213,48,165,89,True,10,False,local_similarity,SO
standard,ego_facebook,ego-Facebook,social,3,srw,0.961932169439806,0.9961760969695564,0.903913534057842,0.903913534057842,0.903913534057842,0.912876127363608,16839,16839,168390,185229,46597,1912,140544,0.7587580778387834,111152,3.2260398286327207e-06,1,1,0,1,False,10,False,quasi_local_walk,SRW-l3
standard,ego_facebook,ego-Facebook,social,4,aa,0.9935035896342548,0.9944244267701504,0.975889304590534,0.975889304590534,0.975889304590534,0.97834765597634,16839,16839,16839,33678,17017,221,16882,0.5012767979096145,14768,0.4866357192331688,1,1,0,1,False,1,True,local_similarity,AA
standard,ego_facebook,ego-Facebook,social,4,car_aa,0.9825593500949976,0.9834206995197892,0.9731575509234516,0.9731575509234516,0.9731575509234516,0.9758717146227948,16839,16839,16839,33678,16747,151,17082,0.5072153928380545,16717,0.3949674629797677,3,2,1,1,True,1,True,enhanced_local,CAR-AA
standard,ego_facebook,ego-Facebook,social,4,car_cn,0.98216604413812,0.9831794844373496,0.9712572005463508,0.9712572005463508,0.9712572005463508,0.9741718912108116,16839,16839,16839,33678,7716,2127,28089,0.8340459647247461,16717,2.0,364,184,180,242,True,1,True,enhanced_local,CAR-CN
standard,ego_facebook,ego-Facebook,social,4,car_ra,0.9835951387666392,0.9841657024076378,0.9730981649741672,0.9730981649741672,0.9730981649741672,0.9759222558141804,16839,16839,16839,33678,16743,155,17090,0.5074529366351921,16717,0.015730515867103,3,1,2,1,True,1,True,enhanced_local,CAR-RA
standard,ego_facebook,ego-Facebook,social,4,cn,0.9914904416579258,0.9933897926228474,0.9722667616841856,0.9722667616841856,0.9722667616841856,0.9750804763291244,16839,16839,16839,33678,136,132,33674,0.9998812281014312,14768,2.0,502,281,221,210,True,1,True,local_similarity,CN
standard,ego_facebook,ego-Facebook,social,4,fl,0.9930073994180152,0.9941548130086552,0.9692974642199657,0.9692974642199657,0.9692974642199657,0.9724490510482104,16839,16839,16839,33678,15006,1891,20563,0.6105766375675515,11101,0.0004979951307688,4,2,2,4,False,1,True,quasi_local_path,FL-l3
standard,ego_facebook,ego-Facebook,social,4,fsw,0.9927124096787536,0.9936779885190762,0.9728606211770296,0.9728606211770296,0.9728606211770296,0.9756700743778172,16839,16839,16839,33678,12029,1613,23262,0.6907179761268484,14768,0.0073457017460104,6,6,0,1,True,1,True,enhanced_local,FSW
standard,ego_facebook,ego-Facebook,social,4,hdi,0.9877429634047749,0.9901776807218317,0.952847556268187,0.952847556268187,0.9528475562681868,0.9568734711388502,16839,16839,16839,33678,4586,2856,31948,0.9486311538689944,14768,0.048780487804878,3,1,2,1,True,1,True,local_similarity,HDI
standard,ego_facebook,ego-Facebook,social,4,hpi,0.9659790484599612,0.9865076456315032,0.9589049230951956,0.9589049230951956,0.9589049230951956,0.9575521361145828,16839,16839,16839,33678,2753,1899,32824,0.9746421996555616,14768,0.2,189,87,102,118,True,1,True,local_similarity,HPI
standard,ego_facebook,ego-Facebook,social,4,ia1,0.9941416582864484,0.9949211100565952,0.9773145673733594,0.9773145673733594,0.9773145673733594,0.9796591324216072,16839,16839,16839,33678,17040,209,16847,0.5002375437971376,14768,0.1004398826979472,1,0,1,1,False,1,True,enhanced_local,IA1
standard,ego_facebook,ego-Facebook,social,4,ia2,0.9940793628741864,0.9948706184219432,0.9774927252212128,0.9774927252212128,0.9774927252212128,0.9798102953029522,16839,16839,16839,33678,17039,208,16847,0.5002375437971376,14768,0.0516638935108153,2,1,1,1,True,1,True,enhanced_local,IA2
standard,ego_facebook,ego-Facebook,social,4,ja,0.9885288515912788,0.9909390844860472,0.956410713225251,0.956410713225251,0.956410713225251,0.9600557560177084,16839,16839,16839,33678,5706,3031,31003,0.920571292832116,14768,0.0384615384615384,30,12,18,15,True,1,True,local_similarity,JA
standard,ego_facebook,ego-Facebook,social,4,lit,0.9923927595511236,0.9931518697064304,0.96935685016925,0.96935685016925,0.96935685016925,0.9725524650533116,16839,16839,16839,33678,18378,241,15541,0.4614585189144248,14776,0.0129189470156487,1,1,0,1,False,1,True,enhanced_local,LIT-i2
standard,ego_facebook,ego-Facebook,social,4,llhn,0.9104635643178056,0.9588701746090446,0.932478175663638,0.932478175663638,0.932478175663638,0.9267886017890152,16839,16839,16839,33678,11500,2586,24764,0.7353168240394322,14768,0.0026455026455026,5,4,1,3,True,1,True,local_similarity,LLHN
standard,ego_facebook,ego-Facebook,social,4,lnb_aa,0.9934477921535638,0.994364210285142,0.9757705326919652,0.9757705326919652,0.9757705326919652,0.978241733329432,16839,16839,16839,33678,17163,162,16677,0.4951897381079636,14768,1.729668519907809,1,1,0,1,False,1,True,local_bayesian,LNB-AA
standard,ego_facebook,ego-Facebook,social,4,lnb_cn,0.992539342812153,0.9936388757528468,0.9735732525684424,0.9735732525684424,0.9735732525684424,0.9762317863256508,16839,16839,16839,33678,17161,164,16681,0.4953085100065325,14768,6.295901947891805,2,2,0,1,True,1,True,local_bayesian,LNB-CN
standard,ego_facebook,ego-Facebook,social,4,lnb_ra,0.9949249900772118,0.9954197171529654,0.9776114971197816,0.9776114971197816,0.9776114971197816,0.9800033297757168,16839,16839,16839,33678,17163,162,16677,0.4951897381079636,14768,0.1344489586682733,1,1,0,1,False,1,True,local_bayesian,LNB-RA
standard,ego_facebook,ego-Facebook,social,4,lpi,0.9929449967196976,0.9941180719421048,0.9692974642199657,0.9692974642199657,0.9692974642199657,0.972442608311458,16839,16839,16839,33678,14631,2228,21275,0.6317180355127977,11101,2.084,4,2,2,4,False,1,True,quasi_local_path,LPI-beta-0.001
standard,ego_facebook,ego-Facebook,social,4,lrw,0.9951347797607372,0.99595993920281,0.9754736029455432,0.9754736029455432,0.9754736029455432,0.9780272582982524,16839,16839,16839,33678,20311,206,13573,0.4030227448185759,11104,4.498264300040312e-07,1,1,0,1,False,1,True,quasi_local_walk,LRW-l3
standard,ego_facebook,ego-Facebook,social,4,ora_cni,0.9896064124830016,0.9910668811868146,0.9542728190510126,0.9542728190510126,0.9542728190510126,0.9589919413793704,16839,16839,16839,33678,20198,194,13674,0.406021735257438,11101,1.821592393954396,1,1,0,1,False,1,True,quasi_local_path,ORA-CNI-beta-0.001
standard,ego_facebook,ego-Facebook,social,4,pa,0.8563205481857242,0.8443582859733122,0.7632282202031,0.7632282202031,0.7632282202031,0.7815668991629956,16839,16839,16839,33678,6399,4204,31483,0.9348239206603718,123,1242.0,15,11,4,15,False,1,True,degree_based,PA
standard,ego_facebook,ego-Facebook,social,4,pfp,0.984785129132222,0.990266019040654,0.9644872023279292,0.9644872023279292,0.9644872023279292,0.967246877676272,16839,16839,16839,33678,21761,482,12399,0.3681631925886335,11101,0.0019414855682162,1,1,0,1,False,1,True,quasi_local_walk,PFP-l3
standard,ego_facebook,ego-Facebook,social,4,ra,0.994957289003756,0.9954641058488896,0.9780271987647724,0.9780271987647724,0.9780271987647724,0.9803700377445892,16839,16839,16839,33678,17013,224,16889,0.50148464873211,14768,0.0356164383561643,1,1,0,1,False,1,True,local_similarity,RA
standard,ego_facebook,ego-Facebook,social,4,ra_cni,0.9896058529160728,0.9910663486564776,0.9542728190510126,0.9542728190510126,0.9542728190510126,0.9589919031353265,16839,16839,16839,33678,20183,189,13684,0.4063186650038601,11101,1.8214532788134543,1,1,0,1,False,1,True,enhanced_local,RA-CNI
standard,ego_facebook,ego-Facebook,social,4,sa,0.9893043173166308,0.9919381484282026,0.9621117643565532,0.9621117643565532,0.9621117643565532,0.9650692949735824,16839,16839,16839,33678,14177,2373,21874,0.6495041273234753,14768,0.1066003581778052,10,3,7,8,True,1,True,local_similarity,SA
standard,ego_facebook,ego-Facebook,social,4,so,0.9885288515912788,0.9909390844860472,0.956410713225251,0.956410713225251,0.956410713225251,0.9600557560177084,16839,16839,16839,33678,5706,3031,31003,0.920571292832116,14768,0.074074074074074,30,12,18,15,True,1,True,local_similarity,SO
standard,ego_facebook,ego-Facebook,social,4,srw,0.9959924379060716,0.9966845331300012,0.9780271987647724,0.9780271987647724,0.9780271987647724,0.9803423044143244,16839,16839,16839,33678,20315,205,13568,0.4028742799453649,11101,1.0272348043663036e-06,1,1,0,1,False,1,True,quasi_local_walk,SRW-l3
standard,ego_facebook,ego-Facebook,social,4,aa,0.9724354667856292,0.9943096601345192,0.934853613635014,0.934853613635014,0.934853613635014,0.9406694198120282,16839,16839,84195,101034,18789,496,82741,0.8189421382900806,73694,1.1207710677828804,1,1,0,1,False,5,False,local_similarity,AA
standard,ego_facebook,ego-Facebook,social,4,car_aa,0.9544084385085462,0.9833133213017448,0.928618088960152,0.928618088960152,0.928618088960152,0.9348649784783174,16839,16839,84195,101034,18354,355,83035,0.8218520498050161,81869,2.134903409631432,1,1,0,1,False,5,False,enhanced_local,CAR-AA
standard,ego_facebook,ego-Facebook,social,4,car_cn,0.9526722274667074,0.9830723721318044,0.9254706336480788,0.9254706336480788,0.9254706336480788,0.931990029178067,16839,16839,84195,101034,7794,2182,95422,0.9444543421026586,81869,16.0,205,120,85,38,True,5,False,enhanced_local,CAR-CN
standard,ego_facebook,ego-Facebook,social,4,car_ra,0.9593886822155844,0.984039259956204,0.9352693152800048,0.9352693152800048,0.9352693152800048,0.9411886158919696,16839,16839,84195,101034,18349,358,83043,0.8219312310707286,81869,0.1792143118443256,2,1,1,1,True,5,False,enhanced_local,CAR-RA
standard,ego_facebook,ego-Facebook,social,4,cn,0.9645855937882726,0.9932870259059188,0.9263020369380603,0.9263020369380603,0.9263020369380603,0.9328114184964904,16839,16839,84195,101034,136,132,101030,0.9999604093671436,73694,4.0,642,384,258,186,True,5,False,local_similarity,CN
standard,ego_facebook,ego-Facebook,social,4,fl,0.9673222749526886,0.9940474206838472,0.9236296692202624,0.9236296692202624,0.9236296692202624,0.9304073573121856,16839,16839,84195,101034,16301,2381,87114,0.8622245976601935,55205,0.0009971256953458,1,1,0,1,False,5,False,quasi_local_path,FL-l3
standard,ego_facebook,ego-Facebook,social,4,fsw,0.9692620071317556,0.9935544887385898,0.9264208088366293,0.9264208088366293,0.9264208088366293,0.93320800310122,16839,16839,84195,101034,13480,1952,89506,0.8858997961082408,73694,0.0249381793708959,7,7,0,7,False,5,False,enhanced_local,FSW
standard,ego_facebook,ego-Facebook,social,4,hdi,0.9513890540021545,0.9901382911103608,0.8974998515351268,0.8974998515351268,0.8974998515351268,0.9046185427859044,16839,16839,84195,101034,4755,3054,99333,0.9831640833778728,73694,0.1,193,43,150,43,True,5,False,local_similarity,HDI
standard,ego_facebook,ego-Facebook,social,4,hpi,0.8765539106004471,0.9869580185281128,0.8877605558524853,0.8877605558524853,0.8877605558524853,0.8803757373103175,16839,16839,84195,101034,2904,2024,100154,0.9912900607716214,73694,0.3333333333333333,667,180,487,407,True,5,False,local_similarity,HPI
standard,ego_facebook,ego-Facebook,social,4,ia1,0.975337920627483,0.9947865156589788,0.9386543143892156,0.9386543143892156,0.9386543143892156,0.944259366487672,16839,16839,84195,101034,18848,480,82666,0.8181998139240255,73694,0.3830454635695851,1,0,1,1,False,5,False,enhanced_local,IA1
standard,ego_facebook,ego-Facebook,social,4,ia2,0.9750793204207658,0.994741087647225,0.9380604548963716,0.9380604548963716,0.9380604548963716,0.9437124525603504,16839,16839,84195,101034,18846,480,82668,0.8182196092404537,73694,0.1551123931785656,1,1,0,1,False,5,False,enhanced_local,IA2
standard,ego_facebook,ego-Facebook,social,4,ja,0.9542580714982554,0.9909311388512864,0.903913534057842,0.903913534057842,0.903913534057842,0.910347534187615,16839,16839,84195,101034,6010,3289,98313,0.973068471999525,73694,0.0773809523809523,1,0,1,1,False,5,False,local_similarity,JA
standard,ego_facebook,ego-Facebook,social,4,lit,0.9683253112574424,0.9930165202442766,0.920600985806758,0.920600985806758,0.920600985806758,0.9280289616085564,16839,16839,84195,101034,24290,684,77428,0.766355880198745,73711,0.0412549821940743,1,1,0,1,False,5,False,enhanced_local,LIT-i2
standard,ego_facebook,ego-Facebook,social,4,llhn,0.6847860643971746,0.959860781546248,0.7585367302096324,0.7585367302096324,0.7585367302096324,0.7411843703830118,16839,16839,84195,101034,13191,3421,91264,0.9032998792485698,73694,0.0044117647058823,7,6,1,6,True,5,False,local_similarity,LLHN
standard,ego_facebook,ego-Facebook,social,4,lnb_aa,0.9720241521293688,0.9942385514644424,0.935150543381436,0.935150543381436,0.935150543381436,0.9408985970689392,16839,16839,84195,101034,19247,459,82246,0.8140427974741177,73694,4.336339482266199,1,1,0,1,False,5,False,local_bayesian,LNB-AA
standard,ego_facebook,ego-Facebook,social,4,lnb_cn,0.967944311102372,0.9935235032317062,0.9279648435180236,0.9279648435180236,0.9279648435180236,0.9342518509023128,16839,16839,84195,101034,19243,463,82254,0.8141219787398302,73694,15.702073328060637,1,0,1,1,False,5,False,local_bayesian,LNB-CN
standard,ego_facebook,ego-Facebook,social,4,lnb_ra,0.9799085562605696,0.9953229588594464,0.940079577172041,0.940079577172041,0.9400795771720412,0.9459969741731704,16839,16839,84195,101034,19247,459,82246,0.8140427974741177,73694,0.3792954301988788,1,1,0,1,False,5,False,local_bayesian,LNB-RA
standard,ego_facebook,ego-Facebook,social,4,lpi,0.967006327009228,0.994011903026395,0.9236296692202624,0.9236296692202624,0.9236296692202624,0.9303732664778316,16839,16839,84195,101034,15862,2766,87938,0.8703802680285845,55205,4.205,1,1,0,1,False,5,False,quasi_local_path,LPI-beta-0.001
standard,ego_facebook,ego-Facebook,social,4,lrw,0.9771008296661656,0.9958104427724896,0.9311122988300968,0.9311122988300968,0.9311122988300968,0.9377387569355026,16839,16839,84195,101034,32562,993,69465,0.687540827840133,55217,1.0633332928463745e-06,1,0,1,1,False,5,False,quasi_local_walk,LRW-l3
standard,ego_facebook,ego-Facebook,social,4,ora_cni,0.9539613482229138,0.9909094987228106,0.8952431854623196,0.8952431854623196,0.8952431854623196,0.9047909975971484,16839,16839,84195,101034,32001,960,69993,0.6927667913771601,55205,2.792502122951197,1,0,1,1,False,5,False,quasi_local_path,ORA-CNI-beta-0.001
standard,ego_facebook,ego-Facebook,social,4,pa,0.6209187053395895,0.8416498938125694,0.5668982718688759,0.5668982718688759,0.5668982718688759,0.5941970726246864,16839,16839,84195,101034,7269,5372,99137,0.9812241423679158,536,3355.0,3,1,2,1,True,5,False,degree_based,PA
standard,ego_facebook,ego-Facebook,social,4,pfp,0.9323141272483906,0.9904141841451322,0.89767800938298,0.89767800938298,0.89767800938298,0.9036304627978422,16839,16839,84195,101034,37497,2327,65864,0.6518993606112794,55205,0.0045246492388441,1,1,0,1,False,5,False,quasi_local_walk,PFP-l3
standard,ego_facebook,ego-Facebook,social,4,ra,0.980215978512297,0.9953752050228571,0.940495278817032,0.940495278817032,0.940495278817032,0.9463873720658966,16839,16839,84195,101034,18774,501,82761,0.819140091454362,73694,0.0920604329580537,2,2,0,2,False,5,False,local_similarity,RA
standard,ego_facebook,ego-Facebook,social,4,ra_cni,0.953959059348392,0.9909089577284156,0.8952431854623196,0.8952431854623196,0.8952431854623196,0.9047908953737422,16839,16839,84195,101034,31956,943,70021,0.693043925807154,55205,2.792487454190403,1,0,1,1,False,5,False,enhanced_local,RA-CNI
standard,ego_facebook,ego-Facebook,social,4,sa,0.9565773440187076,0.9919328368789292,0.9070609893699152,0.9070609893699152,0.9070609893699152,0.9129686626388164,16839,16839,84195,101034,16375,3357,88016,0.8711522853692816,73694,0.1825741858350553,57,6,51,46,True,5,False,local_similarity,SA
standard,ego_facebook,ego-Facebook,social,4,so,0.9542580714982554,0.9909311388512864,0.903913534057842,0.903913534057842,0.903913534057842,0.910347534187615,16839,16839,84195,101034,6010,3289,98313,0.973068471999525,73694,0.143646408839779,1,0,1,1,False,5,False,local_similarity,SO
standard,ego_facebook,ego-Facebook,social,4,srw,0.981028402996814,0.9965705741066024,0.9392481738820596,0.9392481738820596,0.9392481738820596,0.9451750414903124,16839,16839,84195,101034,32575,995,69454,0.6874319535997783,55205,2.442951318864618e-06,1,0,1,1,False,5,False,quasi_local_walk,SRW-l3
standard,ego_facebook,ego-Facebook,social,4,aa,0.94905238342335,0.994235918613297,0.8985687986222459,0.8985687986222459,0.8985687986222459,0.9070110047082326,16839,16839,168390,185229,20806,719,165142,0.8915558578840247,147274,1.5480184425123718,2,2,0,1,True,10,False,local_similarity,AA
standard,ego_facebook,ego-Facebook,social,4,car_aa,0.929024060117206,0.9832489378550182,0.8909673971138429,0.8909673971138429,0.8909673971138429,0.8997499486026952,16839,16839,168390,185229,20212,528,165545,0.8937315431168985,163294,4.550989717874188,1,0,1,1,False,10,False,enhanced_local,CAR-AA
standard,ego_facebook,ego-Facebook,social,4,car_cn,0.9259302451088428,0.9830033676618964,0.8878199418017697,0.8878199418017697,0.8878199418017697,0.8968045100279116,16839,16839,168390,185229,7892,2257,179594,0.9695781977984008,163294,50.0,40,20,20,17,True,10,False,enhanced_local,CAR-CN
standard,ego_facebook,ego-Facebook,social,4,car_ra,0.9384649204085462,0.9839786855120618,0.9028445869707228,0.9028445869707228,0.9028445869707228,0.9110609694167164,16839,16839,168390,185229,20205,532,165556,0.893790929066183,163294,0.3682710727969348,1,0,1,1,False,10,False,enhanced_local,CAR-RA
standard,ego_facebook,ego-Facebook,social,4,cn,0.9362556383930728,0.9932069772505616,0.8887107310410357,0.8887107310410357,0.8887107310410357,0.8977562707814383,16839,16839,168390,185229,136,132,185225,0.9999784051093512,147274,6.0,620,388,232,409,True,10,False,local_similarity,CN
standard,ego_facebook,ego-Facebook,social,4,fl,0.939192921794253,0.9939637638709562,0.8852069600332562,0.8852069600332562,0.8852069600332562,0.8945897631821288,16839,16839,168390,185229,17525,2909,170613,0.92109226956902,110628,0.0014906404656825,4,4,0,3,True,10,False,quasi_local_path,FL-l3
standard,ego_facebook,ego-Facebook,social,4,fsw,0.94462925733599,0.993505449924284,0.8895421343310173,0.8895421343310173,0.8895421343310171,0.8990847240235752,16839,16839,168390,185229,14992,2374,172611,0.9318789174481318,147274,0.0480596143173313,1,0,1,1,False,10,False,enhanced_local,FSW
standard,ego_facebook,ego-Facebook,social,4,hdi,0.9179476982214386,0.9901782367046632,0.8577706514638637,0.8577706514638637,0.8577706514638638,0.8674524109484519,16839,16839,168390,185229,4894,3191,183526,0.9908059753062426,147274,0.1363636363636363,35,23,12,24,True,10,False,local_similarity,HDI
standard,ego_facebook,ego-Facebook,social,4,hpi,0.7919395916427958,0.98689416866973,0.8302155709959024,0.8302155709959024,0.8302155709959025,0.8168466101690904,16839,16839,168390,185229,3004,2110,184335,0.995173541939977,147274,0.4,232,114,118,214,True,10,False,local_similarity,HPI
standard,ego_facebook,ego-Facebook,social,4,ia1,0.9545198761851352,0.9947224760646216,0.907476691014906,0.907476691014906,0.907476691014906,0.9152891765108508,16839,16839,168390,185229,20918,707,165018,0.8908864162739096,147274,0.6560895048798274,1,1,0,1,False,10,False,enhanced_local,IA1
standard,ego_facebook,ego-Facebook,social,4,ia2,0.9540669930145804,0.994678708242643,0.90658590177564,0.90658590177564,0.90658590177564,0.9144661343491028,16839,16839,168390,185229,20916,706,165019,0.8908918149965718,147274,0.2580729705371697,1,0,1,1,False,10,False,enhanced_local,IA2
standard,ego_facebook,ego-Facebook,social,4,ja,0.9220984851549248,0.9909392976745164,0.866441000059386,0.866441000059386,0.8664410000593858,0.8751565304958329,16839,16839,168390,185229,6235,3477,182471,0.9851103228976024,147274,0.1029411764705882,7,5,2,7,False,10,False,local_similarity,JA
standard,ego_facebook,ego-Facebook,social,4,lit,0.9432208936508876,0.992971500799672,0.8833659956054397,0.8833659956054397,0.8833659956054397,0.8936215991037979,16839,16839,168390,185229,31265,1289,155253,0.8381678894773497,147299,0.0690911145868545,1,0,1,1,False,10,False,enhanced_local,LIT-i2
standard,ego_facebook,ego-Facebook,social,4,llhn,0.5272747237188051,0.9600132539747456,0.5695706395866738,0.5695706395866738,0.5695706395866738,0.5521795140014722,16839,16839,168390,185229,14604,4227,174852,0.9439774549341626,147274,0.0050573818323283,1,0,1,1,False,10,False,local_similarity,LLHN
standard,ego_facebook,ego-Facebook,social,4,lnb_aa,0.9482593342666212,0.9941611217298012,0.8989251143179524,0.8989251143179524,0.8989251143179524,0.9072502325952428,16839,16839,168390,185229,21583,792,164438,0.8877551571298231,147274,6.277583415404961,1,0,1,1,False,10,False,local_bayesian,LNB-AA
standard,ego_facebook,ego-Facebook,social,4,lnb_cn,0.9408675033748812,0.9934416199917052,0.8889482748381733,0.8889482748381733,0.8889482748381733,0.8979007531690548,16839,16839,168390,185229,21576,799,164452,0.8878307392470941,147274,22.916499566828,1,1,0,1,False,10,False,local_bayesian,LNB-CN
standard,ego_facebook,ego-Facebook,social,4,lnb_ra,0.9637456013915212,0.9952756170888364,0.9131777421462082,0.9131777421462082,0.9131777421462082,0.9212741778625096,16839,16839,168390,185229,21583,792,164438,0.8877551571298231,147274,0.5384218468353219,1,0,1,1,False,10,False,local_bayesian,LNB-RA
standard,ego_facebook,ego-Facebook,social,4,lpi,0.9385814336144348,0.9939285170633708,0.8850881881346874,0.8850881881346874,0.8850881881346874,0.8944177032503746,16839,16839,168390,185229,17010,3351,171570,0.9262588471567628,110628,6.143,4,4,0,1,True,10,False,quasi_local_path,LPI-beta-0.001
standard,ego_facebook,ego-Facebook,social,4,lrw,0.9567005983792364,0.995742888654244,0.8965496763465765,0.8965496763465765,0.8965496763465765,0.9059913512853958,16839,16839,168390,185229,46867,1929,140291,0.7573922010052422,110647,1.4457540237284663e-06,1,1,0,1,False,10,False,quasi_local_walk,LRW-l3
standard,ego_facebook,ego-Facebook,social,4,ora_cni,0.9176385289177308,0.9908221290096638,0.8534354771661025,0.8534354771661025,0.8534354771661026,0.8657291336656359,16839,16839,168390,185229,45820,1781,141190,0.7622456526785762,110628,3.44921475696336,1,0,1,1,False,10,False,quasi_local_path,ORA-CNI-beta-0.001
standard,ego_facebook,ego-Facebook,social,4,pa,0.4971004438359912,0.8419746010114317,0.4866678543856523,0.4866678543856523,0.4866678543856523,0.5139604492400651,16839,16839,168390,185229,7732,6018,183515,0.990746589356958,1026,4818.0,25,9,16,6,True,10,False,degree_based,PA
standard,ego_facebook,ego-Facebook,social,4,pfp,0.8746113830538049,0.990333179932856,0.841914603004929,0.841914603004929,0.8419146030049289,0.8492229323135424,16839,16839,168390,185229,55026,3983,134186,0.7244329991524006,110628,0.0059684630280357,1,0,1,1,False,10,False,quasi_local_walk,PFP-l3
standard,ego_facebook,ego-Facebook,social,4,ra,0.9644131920076386,0.9953358790681583,0.9128214264505018,0.9128214264505018,0.9128214264505018,0.9210162069803182,16839,16839,168390,185229,20785,724,165168,0.8916962246732423,147274,0.1269208711584549,1,0,1,1,False,10,False,local_similarity,RA
standard,ego_facebook,ego-Facebook,social,4,ra_cni,0.9176351342287432,0.9908216167578,0.8534354771661025,0.8534354771661025,0.8534354771661026,0.8657289947824514,16839,16839,168390,185229,45739,1766,141256,0.7626019683742826,110629,3.449194231629916,1,0,1,1,False,10,False,enhanced_local,RA-CNI
standard,ego_facebook,ego-Facebook,social,4,sa,0.9242579141882262,0.9919116069046134,0.866441000059386,0.866441000059386,0.8664410000593858,0.8747811963193047,16839,16839,168390,185229,18339,4295,171185,0.9241803389318088,147274,0.2229112850301411,3,2,1,2,True,10,False,local_similarity,SA
standard,ego_facebook,ego-Facebook,social,4,so,0.9220984851549248,0.9909392976745164,0.866441000059386,0.866441000059386,0.8664410000593858,0.8751565304958329,16839,16839,168390,185229,6235,3477,182471,0.9851103228976024,147274,0.1866666666666666,7,5,2,7,False,10,False,local_similarity,SO
standard,ego_facebook,ego-Facebook,social,4,srw,0.9639111235560768,0.9965174466231178,0.9084862521527408,0.9084862521527408,0.9084862521527408,0.9169747240294108,16839,16839,168390,185229,46882,1936,140283,0.7573490112239444,110628,3.315238121349517e-06,1,1,0,1,False,10,False,quasi_local_walk,SRW-l3
standard,ego_facebook,ego-Facebook,social,5,aa,0.9924666305762376,0.9933337094196584,0.972623077379892,0.972623077379892,0.972623077379892,0.9754407710047835,16839,16839,16839,33678,17034,243,16887,0.5014252627828256,14691,0.489730302431473,1,1,0,1,False,1,True,local_similarity,AA
standard,ego_facebook,ego-Facebook,social,5,car_aa,0.9816214146242812,0.9824456064961732,0.9706039551042224,0.9706039551042224,0.9706039551042224,0.9735890235892632,16839,16839,16839,33678,16783,159,17054,0.506383989548073,16663,0.4204129943856203,2,1,1,2,False,1,True,enhanced_local,CAR-AA
standard,ego_facebook,ego-Facebook,social,5,car_cn,0.9811351184836586,0.9821496042694768,0.9675158857414335,0.9675158857414335,0.9675158857414335,0.970838909084719,16839,16839,16839,33678,7742,2119,28055,0.8330364035869113,16663,2.0,454,255,199,278,True,1,True,enhanced_local,CAR-CN
standard,ego_facebook,ego-Facebook,social,5,car_ra,0.9827252478822274,0.9832388439364512,0.9706633410535068,0.9706633410535068,0.9706633410535068,0.9737514055531192,16839,16839,16839,33678,16777,164,17065,0.5067106122691372,16663,0.020373954450949,3,0,3,1,True,1,True,enhanced_local,CAR-RA
standard,ego_facebook,ego-Facebook,social,5,cn,0.990276888202466,0.992206148728578,0.9686442187778372,0.9686442187778372,0.9686442187778372,0.9718523041137088,16839,16839,16839,33678,138,133,33673,0.999851535126789,14691,2.0,597,350,247,251,True,1,True,local_similarity,CN
standard,ego_facebook,ego-Facebook,social,5,fl,0.9922276564046296,0.9933735398675012,0.9657343072629015,0.9657343072629015,0.9657343072629015,0.9692708100219212,16839,16839,16839,33678,15016,1893,20555,0.610339093770414,11949,0.0004978723811679,5,4,1,1,True,1,True,quasi_local_path,FL-l3
standard,ego_facebook,ego-Facebook,social,5,fsw,0.9916873643721884,0.9925956206094614,0.9694756220678188,0.9694756220678188,0.9694756220678188,0.972659472173033,16839,16839,16839,33678,12033,1581,23226,0.6896490290397292,14691,0.007788144723744,5,3,2,4,True,1,True,enhanced_local,FSW
standard,ego_facebook,ego-Facebook,social,5,hdi,0.987699372291035,0.989246755975954,0.9517192232317834,0.9517192232317834,0.9517192232317834,0.95637686456834,16839,16839,16839,33678,4551,2800,31927,0.9480076014015084,14691,0.05,38,11,27,15,True,1,True,local_similarity,HDI
standard,ego_facebook,ego-Facebook,social,5,hpi,0.963874020289673,0.9850625187617756,0.9580141338559296,0.9580141338559296,0.9580141338559296,0.9556618850666412,16839,16839,16839,33678,2777,1871,32772,0.9730981649741672,14691,0.2,172,66,106,79,True,1,True,local_similarity,HPI
standard,ego_facebook,ego-Facebook,social,5,ia1,0.9931652766211791,0.9938737445548818,0.9745828137062772,0.9745828137062772,0.9745828137062772,0.9772291104820374,16839,16839,16839,33678,17052,233,16859,0.500593859492844,14691,0.1022928926874375,1,0,1,1,False,1,True,enhanced_local,IA1
standard,ego_facebook,ego-Facebook,social,5,ia2,0.9931221793041944,0.9938403661881732,0.9745828137062772,0.9745828137062772,0.9745828137062772,0.977223793149506,16839,16839,16839,33678,17050,234,16862,0.5006829384167706,14691,0.0531847133757961,4,3,1,2,True,1,True,enhanced_local,IA2
standard,ego_facebook,ego-Facebook,social,5,ja,0.9881448444923512,0.9900126880113784,0.9537977314567372,0.9537977314567372,0.9537977314567374,0.958194332186082,16839,16839,16839,33678,5710,3045,31013,0.920868222578538,14691,0.04,40,12,28,32,True,1,True,local_similarity,JA
standard,ego_facebook,ego-Facebook,social,5,lit,0.9912782613061298,0.9918952321257596,0.9645465882772136,0.9645465882772136,0.9645465882772136,0.9682880177869704,16839,16839,16839,33678,18382,253,15549,0.4616960627115624,14697,0.013087251125205,1,1,0,1,False,1,True,enhanced_local,LIT-i2
standard,ego_facebook,ego-Facebook,social,5,llhn,0.9073284076669036,0.9574457688121252,0.9330126492071976,0.9330126492071976,0.9330126492071976,0.9275839703816106,16839,16839,16839,33678,11372,2598,24904,0.7394738404893402,14691,0.0027223230490018,1,1,0,1,False,1,True,local_similarity,LLHN
standard,ego_facebook,ego-Facebook,social,5,lnb_aa,0.9923173301480016,0.9932021515029692,0.9727418492784607,0.9727418492784607,0.9727418492784607,0.9755391983761592,16839,16839,16839,33678,17215,158,16621,0.4935269315280005,14691,1.7195376529799389,1,0,1,1,False,1,True,local_bayesian,LNB-AA
standard,ego_facebook,ego-Facebook,social,5,lnb_cn,0.9914133355335916,0.99249694908609,0.970544569154938,0.970544569154938,0.970544569154938,0.9735235217564188,16839,16839,16839,33678,17212,161,16627,0.4937050893758536,14691,6.391803376047269,1,1,0,1,False,1,True,local_bayesian,LNB-CN
standard,ego_facebook,ego-Facebook,social,5,lnb_ra,0.9939551322503936,0.99433983027045,0.9746421996555616,0.9746421996555616,0.9746421996555616,0.9773651770791892,16839,16839,16839,33678,17215,158,16621,0.4935269315280005,14691,0.134779921956563,1,1,0,1,False,1,True,local_bayesian,LNB-RA
standard,ego_facebook,ego-Facebook,social,5,lpi,0.9921520547938112,0.9933319213873356,0.9657343072629015,0.9657343072629015,0.9657343072629015,0.9692627851396168,16839,16839,16839,33678,14616,2262,21324,0.6331729912702655,11949,2.08,5,4,1,1,True,1,True,quasi_local_path,LPI-beta-0.001
standard,ego_facebook,ego-Facebook,social,5,lrw,0.994260322714726,0.9950342639364452,0.9717916740899104,0.9717916740899104,0.9717916740899104,0.974739249286229,16839,16839,16839,33678,20320,191,13549,0.4023101134271631,11954,4.529434553873258e-07,1,0,1,1,False,1,True,quasi_local_walk,LRW-l3
standard,ego_facebook,ego-Facebook,social,5,ora_cni,0.988028827971786,0.9895645267026776,0.9491656274125542,0.9491656274125542,0.9491656274125542,0.954403172026244,16839,16839,16839,33678,20199,185,13664,0.4057248055110161,11949,1.8551571576477133,1,0,1,1,False,1,True,quasi_local_path,ORA-CNI-beta-0.001
standard,ego_facebook,ego-Facebook,social,5,pa,0.8515175607381011,0.8368164485120875,0.7558049765425501,0.7558049765425501,0.7558049765425502,0.7749815679991344,16839,16839,16839,33678,6254,4205,31629,0.9391590949581328,150,1270.0,4,0,4,4,False,1,True,degree_based,PA
standard,ego_facebook,ego-Facebook,social,5,pfp,0.9838689597826238,0.9895852477754858,0.9612803610665716,0.9612803610665716,0.9612803610665716,0.9643284852505912,16839,16839,16839,33678,21303,217,12592,0.373893936694578,11949,0.0020631507172736,1,1,0,1,False,1,True,quasi_local_walk,PFP-l3
standard,ego_facebook,ego-Facebook,social,5,ra,0.9940427017720896,0.9943888424582388,0.974701585604846,0.974701585604846,0.974701585604846,0.9774257661537404,16839,16839,16839,33678,17019,248,16907,0.5020191222756696,14691,0.0356308642464072,3,3,0,1,True,1,True,local_similarity,RA
standard,ego_facebook,ego-Facebook,social,5,ra_cni,0.988028249633856,0.9895639976990318,0.9491656274125542,0.9491656274125542,0.9491656274125542,0.9544031325879446,16839,16839,16839,33678,20193,186,13671,0.4059326563335115,11949,1.8551532132636503,1,0,1,1,False,1,True,enhanced_local,RA-CNI
standard,ego_facebook,ego-Facebook,social,5,sa,0.9887082055199644,0.9909625193475587,0.9600926420808836,0.9600926420808836,0.9600926420808836,0.9636882753148815,16839,16839,16839,33678,14068,2434,22044,0.6545519330126492,14691,0.1093435042101738,1,1,0,1,False,1,True,local_similarity,SA
standard,ego_facebook,ego-Facebook,social,5,so,0.9881448444923512,0.9900126880113784,0.9537977314567372,0.9537977314567372,0.9537977314567374,0.958194332186082,16839,16839,16839,33678,5710,3045,31013,0.920868222578538,14691,0.0769230769230769,40,12,28,32,True,1,True,local_similarity,SO
standard,ego_facebook,ego-Facebook,social,5,srw,0.9954464271538837,0.9960633505988484,0.974404655858424,0.974404655858424,0.974404655858424,0.9771281198217197,16839,16839,16839,33678,20327,190,13541,0.4020725696300255,11949,1.0369236835313129e-06,1,0,1,1,False,1,True,quasi_local_walk,SRW-l3
standard,ego_facebook,ego-Facebook,social,5,aa,0.9703403058782464,0.9933801048027462,0.9291525625037116,0.9291525625037116,0.9291525625037116,0.9355943514558452,16839,16839,84195,101034,18806,478,82706,0.8185957202525882,73380,1.1212527507136596,1,0,1,1,False,5,False,local_similarity,AA
standard,ego_facebook,ego-Facebook,social,5,car_aa,0.952500082662154,0.982506610843945,0.9244016865609596,0.9244016865609596,0.9244016865609596,0.931094216881924,16839,16839,84195,101034,18419,346,82961,0.8211196230971752,81768,2.1846940096867145,1,1,0,1,False,5,False,enhanced_local,CAR-AA
standard,ego_facebook,ego-Facebook,social,5,car_cn,0.9505638159454906,0.982238687778102,0.9211354593503176,0.9211354593503176,0.9211354593503176,0.9281109968300671,16839,16839,84195,101034,7839,2167,95362,0.9438604826098144,81768,20.0,246,141,105,196,True,5,False,enhanced_local,CAR-CN
standard,ego_facebook,ego-Facebook,social,5,car_ra,0.9576414821040388,0.9832590949013532,0.9309341409822436,0.9309341409822436,0.9309341409822436,0.9373246385556878,16839,16839,84195,101034,18407,355,82982,0.8213274739196706,81768,0.1839606090955725,1,1,0,1,False,5,False,enhanced_local,CAR-RA
standard,ego_facebook,ego-Facebook,social,5,cn,0.96213991816907,0.992307049120644,0.9225607221331432,0.9225607221331432,0.9225607221331432,0.9294575048685216,16839,16839,84195,101034,138,133,101029,0.9999505117089296,73380,4.0,643,381,262,166,True,5,False,local_similarity,CN
standard,ego_facebook,ego-Facebook,social,5,fl,0.9653366726727168,0.9934955704285284,0.918225547835382,0.918225547835382,0.918225547835382,0.925583513223322,16839,16839,84195,101034,16295,2409,87148,0.8625611180394719,60069,0.0009980463173523,2,0,2,2,False,5,False,quasi_local_path,FL-l3
standard,ego_facebook,ego-Facebook,social,5,fsw,0.967822053657984,0.9926833079011304,0.922679494031712,0.922679494031712,0.922679494031712,0.929932124467622,16839,16839,84195,101034,13495,1936,89475,0.8855929687036047,73380,0.0258139808366823,4,2,2,4,False,5,False,enhanced_local,FSW
standard,ego_facebook,ego-Facebook,social,5,hdi,0.9523844424931224,0.9893883847113843,0.8958370449551636,0.8958370449551636,0.8958370449551636,0.9047490717660782,16839,16839,84195,101034,4728,2991,99297,0.9828077676821664,73380,0.1052631578947368,31,14,17,26,True,5,False,local_similarity,HDI
standard,ego_facebook,ego-Facebook,social,5,hpi,0.8663242017702557,0.9854789278609756,0.8848506443375498,0.8848506443375498,0.8848506443375498,0.8753101173011226,16839,16839,84195,101034,2924,1990,100100,0.990755587228062,73380,0.3333333333333333,723,189,534,299,True,5,False,local_similarity,HPI
standard,ego_facebook,ego-Facebook,social,5,ia1,0.9733903476774098,0.9938852927044708,0.9340815962943168,0.9340815962943168,0.9340815962943168,0.9401867451692256,16839,16839,84195,101034,18870,471,82635,0.8178929865193895,73380,0.3916166883963494,1,0,1,1,False,5,False,enhanced_local,IA1
standard,ego_facebook,ego-Facebook,social,5,ia2,0.9731987275130504,0.993854639411877,0.9343191400914544,0.9343191400914544,0.9343191400914544,0.9403748187301024,16839,16839,84195,101034,18868,470,82636,0.8179028841776036,73380,0.1567808409913673,2,2,0,2,False,5,False,enhanced_local,IA2
standard,ego_facebook,ego-Facebook,social,5,ja,0.954699040595775,0.9901483065600534,0.9010036225429064,0.9010036225429064,0.9010036225429064,0.9093105772379144,16839,16839,84195,101034,5988,3311,98357,0.9735039689609438,73380,0.081967213114754,9,7,2,2,True,5,False,local_similarity,JA
standard,ego_facebook,ego-Facebook,social,5,lit,0.9664348996489228,0.9920161263869556,0.9163845834075658,0.9163845834075658,0.9163845834075658,0.9243189302304928,16839,16839,84195,101034,24286,578,77326,0.7653463190609102,73389,0.0413978941903043,1,0,1,1,False,5,False,enhanced_local,LIT-i2
standard,ego_facebook,ego-Facebook,social,5,llhn,0.6779227868448412,0.9579850640475824,0.7517667319912109,0.7517667319912109,0.751766731991211,0.7352442325830645,16839,16839,84195,101034,13080,3481,91435,0.9049923788031752,73380,0.0044709388971684,5,3,2,2,True,5,False,local_similarity,LLHN
standard,ego_facebook,ego-Facebook,social,5,lnb_aa,0.9697514044941926,0.9932412385243548,0.9288556327572896,0.9288556327572896,0.9288556327572896,0.9352995589194842,16839,16839,84195,101034,19288,447,82193,0.8135182215887721,73380,4.319727852457708,1,1,0,1,False,5,False,local_bayesian,LNB-AA
standard,ego_facebook,ego-Facebook,social,5,lnb_cn,0.9657625337639152,0.9925831731536744,0.922976423778134,0.922976423778134,0.922976423778134,0.9297986857517913,16839,16839,84195,101034,19282,450,82202,0.8136073005126987,73380,15.755174940817316,1,1,0,1,False,5,False,local_bayesian,LNB-CN
standard,ego_facebook,ego-Facebook,social,5,lnb_ra,0.977874262270668,0.9944007341075288,0.9366945780628304,0.9366945780628304,0.9366945780628304,0.9429599068911532,16839,16839,84195,101034,19288,447,82193,0.8135182215887721,73380,0.3741206424582852,1,1,0,1,False,5,False,local_bayesian,LNB-RA
standard,ego_facebook,ego-Facebook,social,5,lpi,0.9650017580823976,0.9934594236094064,0.918225547835382,0.918225547835382,0.918225547835382,0.9255470513938744,16839,16839,84195,101034,15832,2823,88025,0.8712413642932082,60069,4.235,2,0,2,2,False,5,False,quasi_local_path,LPI-beta-0.001
standard,ego_facebook,ego-Facebook,social,5,lrw,0.9748850330439124,0.995216240837952,0.9249955460538036,0.9249955460538036,0.9249955460538036,0.9322444033485666,16839,16839,84195,101034,32612,963,69385,0.6867490151830077,60077,1.047660950375938e-06,1,1,0,1,False,5,False,quasi_local_walk,LRW-l3
standard,ego_facebook,ego-Facebook,social,5,ora_cni,0.9501124888888528,0.9899518508287586,0.8895421343310173,0.8895421343310173,0.8895421343310171,0.8995961331310594,16839,16839,84195,101034,32037,919,69916,0.692004671694677,60069,2.857552333067483,1,0,1,1,False,5,False,quasi_local_path,ORA-CNI-beta-0.001
standard,ego_facebook,ego-Facebook,social,5,pa,0.6169586797418307,0.8394332620303426,0.5677296751588574,0.5677296751588574,0.5677296751588574,0.5944792262356372,16839,16839,84195,101034,7016,5235,99253,0.9823722707207476,547,3325.0,6,1,5,3,True,5,False,degree_based,PA
standard,ego_facebook,ego-Facebook,social,5,pfp,0.9270756937563174,0.9898643021360451,0.8962527466001544,0.8962527466001544,0.8962527466001544,0.9016383596097528,16839,16839,84195,101034,36662,1556,65928,0.6525328107369797,60069,0.0047117559927883,1,0,1,1,False,5,False,quasi_local_walk,PFP-l3
standard,ego_facebook,ego-Facebook,social,5,ra,0.9783413574301952,0.9944694770733014,0.9376447532513807,0.9376447532513807,0.9376447532513807,0.9438364027092484,16839,16839,84195,101034,18784,482,82732,0.8188530593661539,73380,0.0924202543430281,1,1,0,1,False,5,False,local_similarity,RA
standard,ego_facebook,ego-Facebook,social,5,ra_cni,0.9501104479083164,0.9899513465119496,0.8895421343310173,0.8895421343310173,0.8895421343310171,0.8995960432633356,16839,16839,84195,101034,31995,919,69958,0.6924203733396679,60070,2.8575220668329906,1,0,1,1,False,5,False,enhanced_local,RA-CNI
standard,ego_facebook,ego-Facebook,social,5,sa,0.9561077428473076,0.9910778294462692,0.9042698497535484,0.9042698497535484,0.9042698497535484,0.9119148432898658,16839,16839,84195,101034,16334,3470,88170,0.8726765247342478,73380,0.1854345299891061,1,1,0,1,False,5,False,local_similarity,SA
standard,ego_facebook,ego-Facebook,social,5,so,0.954699040595775,0.9901483065600534,0.9010036225429064,0.9010036225429064,0.9010036225429064,0.9093105772379144,16839,16839,84195,101034,5988,3311,98357,0.9735039689609438,73380,0.1515151515151515,9,7,2,2,True,5,False,local_similarity,SO
standard,ego_facebook,ego-Facebook,social,5,srw,0.9795285522658798,0.9961801838753898,0.9349723855335828,0.9349723855335828,0.9349723855335828,0.941344603811484,16839,16839,84195,101034,32628,965,69371,0.6866104479680107,60069,2.414043316859952e-06,1,0,1,1,False,5,False,quasi_local_walk,SRW-l3
standard,ego_facebook,ego-Facebook,social,5,aa,0.9451765733540638,0.99327591312633,0.8924520458459528,0.8924520458459528,0.8924520458459528,0.9014334867483792,16839,16839,168390,185229,20867,680,165042,0.8910159856178028,146706,1.581060522767805,1,1,0,1,False,10,False,local_similarity,AA
standard,ego_facebook,ego-Facebook,social,5,car_aa,0.9250711375536098,0.9823915303328168,0.8845537145911277,0.8845537145911277,0.8845537145911277,0.8938747243593274,16839,16839,168390,185229,20337,518,165410,0.8930027155574991,163220,4.789423747852607,1,1,0,1,False,10,False,enhanced_local,CAR-AA
standard,ego_facebook,ego-Facebook,social,5,car_cn,0.9217443525092892,0.9821252930252587,0.8805154700397886,0.8805154700397886,0.8805154700397886,0.8901397929708056,16839,16839,168390,185229,7945,2245,179529,0.9692272808253568,163220,56.0,21,18,3,14,True,10,False,enhanced_local,CAR-CN
standard,ego_facebook,ego-Facebook,social,5,car_ra,0.9349551258034884,0.9831632457887668,0.8954807292594572,0.8954807292594572,0.8954807292594572,0.9043946271821448,16839,16839,168390,185229,20322,527,165434,0.8931322849013923,163220,0.38875572689686,1,1,0,1,False,10,False,enhanced_local,CAR-RA
standard,ego_facebook,ego-Facebook,social,5,cn,0.9318573276326592,0.9921958194033887,0.8815250311776234,0.8815250311776234,0.8815250311776234,0.8912125536176058,16839,16839,168390,185229,138,133,185224,0.999973006386689,146706,6.0,664,432,232,343,True,10,False,local_similarity,CN
standard,ego_facebook,ego-Facebook,social,5,fl,0.9351133478725258,0.9933854593776495,0.8772492428291466,0.8772492428291466,0.8772492428291466,0.8873601410389598,16839,16839,168390,185229,17619,2897,170507,0.9205200049668248,119903,0.0014917145246902,4,1,3,3,True,10,False,quasi_local_path,FL-l3
standard,ego_facebook,ego-Facebook,social,5,fsw,0.94122097619159,0.9925675241678226,0.8833066096561554,0.8833066096561554,0.8833066096561554,0.8934510639852331,16839,16839,168390,185229,15043,2419,172605,0.9318465251121584,146706,0.0531930126435236,2,2,0,1,True,10,False,enhanced_local,FSW
standard,ego_facebook,ego-Facebook,social,5,hdi,0.9159259230604886,0.9893213056384126,0.8545044242532217,0.8545044242532217,0.8545044242532217,0.8652845907490059,16839,16839,168390,185229,4860,3153,183522,0.9907843804155936,146706,0.1428571428571428,353,75,278,325,True,10,False,local_similarity,HDI
standard,ego_facebook,ego-Facebook,social,5,hpi,0.7809026371092217,0.9855806543804018,0.8230892570817745,0.8230892570817745,0.8230892570817745,0.8083189761862897,16839,16839,168390,185229,3014,2100,184315,0.9950655674867328,146706,0.4,260,143,117,25,True,10,False,local_similarity,HPI
standard,ego_facebook,ego-Facebook,social,5,ia1,0.9508307581721882,0.9937887350796684,0.9008848506443377,0.9008848506443377,0.9008848506443377,0.9093031393394536,16839,16839,168390,185229,20975,684,164938,0.8904545184609322,146706,0.681035107051112,1,0,1,1,False,10,False,enhanced_local,IA1
standard,ego_facebook,ego-Facebook,social,5,ia2,0.9504281537803384,0.9937518889177268,0.9006473068472,0.9006473068472,0.9006473068472,0.9090571450482656,16839,16839,168390,185229,20969,686,164946,0.8904977082422298,146706,0.2686898470180204,1,1,0,1,False,10,False,enhanced_local,IA2
standard,ego_facebook,ego-Facebook,social,5,ja,0.9197297252114148,0.9900795694133208,0.863471702595166,0.863471702595166,0.863471702595166,0.8731946341070977,16839,16839,168390,185229,6208,3547,182568,0.9856339989958376,146706,0.1063829787234042,8,4,4,7,True,10,False,local_similarity,JA
standard,ego_facebook,ego-Facebook,social,5,lit,0.9391388408984988,0.99191136021258,0.876714769285587,0.876714769285587,0.876714769285587,0.8876032328792929,16839,16839,168390,185229,31334,1062,154957,0.836569867569333,146721,0.0716040332186139,1,1,0,1,False,10,False,enhanced_local,LIT-i2
standard,ego_facebook,ego-Facebook,social,5,llhn,0.5180836562030748,0.957972904193444,0.5540709068234456,0.5540709068234456,0.5540709068234456,0.5383931724676739,16839,16839,168390,185229,14482,4333,175080,0.9452083637011484,146706,0.0051296665716728,1,1,0,1,False,10,False,local_similarity,LLHN
standard,ego_facebook,ego-Facebook,social,5,lnb_aa,0.9440207061442452,0.9931254542620432,0.8927489755923749,0.8927489755923749,0.8927489755923749,0.901600379098773,16839,16839,168390,185229,21665,759,164323,0.887134304023668,146706,6.413552186255113,1,0,1,1,False,10,False,local_bayesian,LNB-AA
standard,ego_facebook,ego-Facebook,social,5,lnb_cn,0.936612809826944,0.99246053988116,0.8828909080111645,0.8828909080111645,0.8828909080111645,0.8923343375915003,16839,16839,168390,185229,21654,764,164339,0.8872206835862635,146706,23.397491639960244,1,1,0,1,False,10,False,local_bayesian,LNB-CN
standard,ego_facebook,ego-Facebook,social,5,lnb_ra,0.9602424437184212,0.994342524486018,0.9079517786091812,0.9079517786091812,0.9079517786091812,0.9165144651538916,16839,16839,168390,185229,21665,759,164323,0.887134304023668,146706,0.5375052133849528,1,1,0,1,False,10,False,local_bayesian,LNB-RA
standard,ego_facebook,ego-Facebook,social,5,lpi,0.934430768191843,0.9933469844134823,0.8772492428291466,0.8772492428291466,0.8772492428291466,0.8872839187254441,16839,16839,168390,185229,17053,3394,171570,0.9262588471567628,119903,6.178,4,1,3,3,True,10,False,quasi_local_path,LPI-beta-0.001
standard,ego_facebook,ego-Facebook,social,5,lrw,0.9526451004443184,0.9951572056180852,0.8900766078745769,0.8900766078745769,0.8900766078745769,0.9000645794601086,16839,16839,168390,185229,47131,1876,139974,0.755680805921319,119917,1.4542062408294962e-06,1,1,0,1,False,10,False,quasi_local_walk,LRW-l3
standard,ego_facebook,ego-Facebook,social,5,ora_cni,0.9122263556169066,0.9899361790957504,0.846368549201259,0.846368549201259,0.846368549201259,0.8592677478926436,16839,16839,168390,185229,46069,1659,140819,0.7602427265708933,119903,3.5464577455007,1,0,1,1,False,10,False,quasi_local_path,ORA-CNI-beta-0.001
standard,ego_facebook,ego-Facebook,social,5,pa,0.49500138664466,0.8395631343650816,0.48542074945068,0.48542074945068,0.48542074945068,0.5129434513064932,16839,16839,168390,185229,7367,5843,183705,0.9917723466627796,1065,4788.0,16,3,13,8,True,10,False,degree_based,PA
standard,ego_facebook,ego-Facebook,social,5,pfp,0.867905284659615,0.9898983361146052,0.839836094779975,0.839836094779975,0.8398360947799749,0.8465253575789344,16839,16839,168390,185229,54470,3164,133923,0.7230131350922372,119903,0.0060924473445656,1,1,0,1,False,10,False,quasi_local_walk,PFP-l3
standard,ego_facebook,ego-Facebook,social,5,ra,0.961304130559778,0.9944210355041114,0.9084862521527408,0.9084862521527408,0.9084862521527408,0.9170820918505034,16839,16839,168390,185229,20835,685,165079,0.8912157383563049,146706,0.128235265693983,1,0,1,1,False,10,False,local_similarity,RA
standard,ego_facebook,ego-Facebook,social,5,ra_cni,0.9122231094359594,0.9899356578508244,0.846368549201259,0.846368549201259,0.846368549201259,0.8592676241408764,16839,16839,168390,185229,45991,1656,140894,0.7606476307705596,119907,3.546429199147795,1,0,1,1,False,10,False,enhanced_local,RA-CNI
standard,ego_facebook,ego-Facebook,social,5,sa,0.9210951621236384,0.9910195863211944,0.8654908248708355,0.8654908248708355,0.8654908248708355,0.8745086044123489,16839,16839,168390,185229,18289,4477,171417,0.9254328425894434,146706,0.2253744679276044,1,1,0,1,False,10,False,local_similarity,SA
standard,ego_facebook,ego-Facebook,social,5,so,0.9197297252114148,0.9900795694133208,0.863471702595166,0.863471702595166,0.863471702595166,0.8731946341070977,16839,16839,168390,185229,6208,3547,182568,0.9856339989958376,146706,0.1923076923076923,8,4,4,7,True,10,False,local_similarity,SO
standard,ego_facebook,ego-Facebook,social,5,srw,0.9609164195813472,0.9961250507627492,0.9030821307678604,0.9030821307678604,0.9030821307678604,0.9120600399349502,16839,16839,168390,185229,47150,1879,139958,0.7555944263587235,119903,3.322056138671248e-06,1,1,0,1,False,10,False,quasi_local_walk,SRW-l3
standard,email_eu_core,email-Eu-core,communication,1,aa,0.9439215317417832,0.9476532432684392,0.8852785145888594,0.8852785145888594,0.8852785145888594,0.89743995659368,3016,3016,3016,6032,3523,124,2633,0.4365053050397878,1967,0.69237673103463,1,1,0,1,False,1,True,local_similarity,AA
standard,email_eu_core,email-Eu-core,communication,1,car_aa,0.9226896232506075,0.9246183814527648,0.8826259946949602,0.8826259946949602,0.8826259946949603,0.8960736650779925,3016,3016,3016,6032,3218,46,2860,0.4741379310344827,2752,0.5367610145543783,1,0,1,1,False,1,True,enhanced_local,CAR-AA
standard,email_eu_core,email-Eu-core,communication,1,car_cn,0.919686201814286,0.9233351062239236,0.8803050397877984,0.8803050397877984,0.8803050397877984,0.8937561492173325,3016,3016,3016,6032,946,400,5486,0.9094827586206896,2752,3.0,83,49,34,7,True,1,True,enhanced_local,CAR-CN
standard,email_eu_core,email-Eu-core,communication,1,car_ra,0.9278414824914346,0.9278998414292652,0.886604774535809,0.886604774535809,0.886604774535809,0.9000965958286206,3016,3016,3016,6032,3218,46,2860,0.4741379310344827,2752,0.037012987012987,1,1,0,1,False,1,True,enhanced_local,CAR-RA
standard,email_eu_core,email-Eu-core,communication,1,cn,0.933220335007201,0.9424675382926776,0.8789787798408488,0.8789787798408488,0.8789787798408487,0.8921447592866556,3016,3016,3016,6032,67,55,6020,0.9980106100795756,1967,3.0,240,138,102,124,True,1,True,local_similarity,CN
standard,email_eu_core,email-Eu-core,communication,1,fl,0.9417339316777078,0.9467742002863596,0.8769893899204244,0.8769893899204244,0.8769893899204244,0.8904104719540055,3016,3016,3016,6032,3226,604,3410,0.5653183023872679,313,0.0031232166339974,2,1,1,2,False,1,True,quasi_local_path,FL-l3
standard,email_eu_core,email-Eu-core,communication,1,fsw,0.9372391777254409,0.9402566286612868,0.8759946949602122,0.8759946949602122,0.8759946949602122,0.8901232080752406,3016,3016,3016,6032,2738,477,3771,0.6251657824933687,1967,0.0193965517241379,1,0,1,1,False,1,True,enhanced_local,FSW
standard,email_eu_core,email-Eu-core,communication,1,hdi,0.9206827679030692,0.926351676997657,0.8514588859416445,0.8514588859416445,0.8514588859416445,0.8673883623817291,3016,3016,3016,6032,1294,706,5444,0.9025198938992044,1967,0.054054054054054,12,5,7,9,True,1,True,local_similarity,HDI
standard,email_eu_core,email-Eu-core,communication,1,hpi,0.8354688428760175,0.9043853866909638,0.8461538461538461,0.8461538461538461,0.8461538461538461,0.8338421836495724,3016,3016,3016,6032,830,484,5686,0.9426392572944297,1967,0.1818181818181818,18,11,7,17,True,1,True,local_similarity,HPI
standard,email_eu_core,email-Eu-core,communication,1,ia1,0.9498211488168116,0.9510691541662856,0.8919098143236074,0.8919098143236074,0.8919098143236074,0.9047125375706052,3016,3016,3016,6032,3525,121,2628,0.4356763925729442,1967,0.1335830212234706,1,1,0,1,False,1,True,enhanced_local,IA1
standard,email_eu_core,email-Eu-core,communication,1,ia2,0.9489066042186292,0.950270858691752,0.8902519893899205,0.8902519893899205,0.8902519893899205,0.9032208681245522,3016,3016,3016,6032,3521,121,2632,0.4363395225464191,1967,0.0598489265696981,1,1,0,1,False,1,True,enhanced_local,IA2
standard,email_eu_core,email-Eu-core,communication,1,ja,0.926865828039702,0.932000594530321,0.8607427055702918,0.8607427055702918,0.8607427055702918,0.8759020960304359,3016,3016,3016,6032,1610,716,5138,0.851790450928382,1967,0.0416666666666666,29,13,16,20,True,1,True,local_similarity,JA
standard,email_eu_core,email-Eu-core,communication,1,lit,0.942314650696106,0.9457267363627408,0.881631299734748,0.881631299734748,0.881631299734748,0.8949338914573769,3016,3016,3016,6032,4054,10,1988,0.3295755968169761,1970,0.0504405594828571,1,1,0,1,False,1,True,enhanced_local,LIT-i2
standard,email_eu_core,email-Eu-core,communication,1,llhn,0.7750218692141759,0.8533176177099678,0.7808355437665783,0.7808355437665783,0.7808355437665783,0.7742610931830151,3016,3016,3016,6032,2718,599,3913,0.6487068965517241,1967,0.0023668639053254,1,1,0,1,False,1,True,local_similarity,LLHN
standard,email_eu_core,email-Eu-core,communication,1,lnb_aa,0.9472977036159828,0.9501521834917576,0.889920424403183,0.889920424403183,0.889920424403183,0.9017529250238544,3016,3016,3016,6032,3622,123,2533,0.4199270557029178,1967,1.490678693986413,1,0,1,1,False,1,True,local_bayesian,LNB-AA
standard,email_eu_core,email-Eu-core,communication,1,lnb_cn,0.9437513315354532,0.9474217194414932,0.8872679045092838,0.8872679045092838,0.8872679045092838,0.8991309983312094,3016,3016,3016,6032,3621,124,2535,0.4202586206896552,1967,6.296372574538344,1,1,0,1,False,1,True,local_bayesian,LNB-CN
standard,email_eu_core,email-Eu-core,communication,1,lnb_ra,0.9502673914441756,0.9522944934707204,0.8925729442970822,0.8925729442970822,0.8925729442970822,0.90463586392843,3016,3016,3016,6032,3622,123,2533,0.4199270557029178,1967,0.1052788298131383,1,1,0,1,False,1,True,local_bayesian,LNB-RA
standard,email_eu_core,email-Eu-core,communication,1,lpi,0.9417281311900096,0.946773540674317,0.8769893899204244,0.8769893899204244,0.8769893899204244,0.8904092740232471,3016,3016,3016,6032,3219,611,3424,0.5676392572944297,313,3.144,2,1,1,2,False,1,True,quasi_local_path,LPI-beta-0.001
standard,email_eu_core,email-Eu-core,communication,1,lrw,0.9493322454010684,0.9545494322059538,0.8879310344827587,0.8879310344827587,0.8879310344827587,0.898122705028219,3016,3016,3016,6032,5705,14,341,0.0565318302387267,314,3.440942381179484e-06,1,1,0,1,False,1,True,quasi_local_walk,LRW-l3
standard,email_eu_core,email-Eu-core,communication,1,ora_cni,0.930185913638876,0.9389663175706576,0.870026525198939,0.870026525198939,0.870026525198939,0.8830326535107033,3016,3016,3016,6032,5701,19,350,0.058023872679045,313,2.0871238083678274,1,0,1,1,False,1,True,quasi_local_path,ORA-CNI-beta-0.001
standard,email_eu_core,email-Eu-core,communication,1,pa,0.871340474294399,0.8792553771573712,0.7887931034482759,0.7887931034482759,0.7887931034482759,0.8067836523886048,3016,3016,3016,6032,2119,1062,4975,0.8247679045092838,37,780.0,9,6,3,7,True,1,True,degree_based,PA
standard,email_eu_core,email-Eu-core,communication,1,pfp,0.9208893926808877,0.9336398403914754,0.8610742705570292,0.8610742705570292,0.8610742705570292,0.8739402007875787,3016,3016,3016,6032,5719,2,315,0.0522214854111405,313,0.0024772960890373,1,1,0,1,False,1,True,quasi_local_walk,PFP-l3
standard,email_eu_core,email-Eu-core,communication,1,ra,0.949858923919802,0.9521074384889784,0.8905835543766578,0.8905835543766578,0.8905835543766578,0.9027466903299944,3016,3016,3016,6032,3522,124,2634,0.4366710875331565,1967,0.0458675158633077,1,0,1,1,False,1,True,local_similarity,RA
standard,email_eu_core,email-Eu-core,communication,1,ra_cni,0.9301854122568368,0.9389659877646364,0.870026525198939,0.870026525198939,0.870026525198939,0.8830325888341766,3016,3016,3016,6032,5697,22,357,0.059184350132626,313,2.087051600520365,1,0,1,1,False,1,True,enhanced_local,RA-CNI
standard,email_eu_core,email-Eu-core,communication,1,sa,0.9257152286943,0.9322341521610648,0.8614058355437666,0.8614058355437666,0.8614058355437667,0.8761893277647604,3016,3016,3016,6032,3341,478,3169,0.5253647214854111,1967,0.1042572070285373,2,2,0,2,False,1,True,local_similarity,SA
standard,email_eu_core,email-Eu-core,communication,1,so,0.926865828039702,0.932000594530321,0.8607427055702918,0.8607427055702918,0.8607427055702918,0.8759020960304359,3016,3016,3016,6032,1610,716,5138,0.851790450928382,1967,0.08,29,13,16,20,True,1,True,local_similarity,SO
standard,email_eu_core,email-Eu-core,communication,1,srw,0.9553281655838236,0.9595528094196116,0.8958885941644562,0.8958885941644562,0.8958885941644562,0.9065231158297434,3016,3016,3016,6032,5706,14,340,0.056366047745358,313,7.25518074806492e-06,1,1,0,1,False,1,True,quasi_local_walk,SRW-l3
standard,email_eu_core,email-Eu-core,communication,1,aa,0.8219068732283088,0.9473764480683042,0.7596153846153846,0.7596153846153846,0.7596153846153846,0.781755230389501,3016,3016,15080,18096,5807,398,12687,0.7010941644562334,9310,1.4168575671365622,1,0,1,1,False,5,False,local_similarity,AA
standard,email_eu_core,email-Eu-core,communication,1,car_aa,0.7959921629131559,0.9247917934587596,0.7486737400530504,0.7486737400530504,0.7486737400530504,0.7731608462769134,3016,3016,15080,18096,5003,239,13332,0.736737400530504,12607,3.3854297133532536,1,1,0,1,False,5,False,enhanced_local,CAR-AA
standard,email_eu_core,email-Eu-core,communication,1,car_cn,0.7866680227967677,0.9236131326998712,0.7437002652519894,0.7437002652519894,0.7437002652519894,0.7679210217856348,3016,3016,15080,18096,972,429,17553,0.9699933687002652,12607,42.0,73,25,48,38,True,5,False,enhanced_local,CAR-CN
standard,email_eu_core,email-Eu-core,communication,1,car_ra,0.8151184755622269,0.9280037303259716,0.7622679045092838,0.7622679045092838,0.7622679045092838,0.7869526818745903,3016,3016,15080,18096,5002,240,13334,0.7368479221927497,12607,0.2154736208902318,1,0,1,1,False,5,False,enhanced_local,CAR-RA
standard,email_eu_core,email-Eu-core,communication,1,cn,0.7924550704345455,0.9422336728429808,0.7440318302387268,0.7440318302387268,0.7440318302387268,0.7675730276716367,3016,3016,15080,18096,67,56,18085,0.999392130857648,9310,6.0,393,158,235,244,True,5,False,local_similarity,CN
standard,email_eu_core,email-Eu-core,communication,1,fl,0.8048244285669468,0.9463673076043596,0.7380636604774535,0.7380636604774535,0.7380636604774534,0.7622703197995061,3016,3016,15080,18096,4296,1323,15123,0.835709549071618,1472,0.0062164520424451,1,1,0,1,False,5,False,quasi_local_path,FL-l3
standard,email_eu_core,email-Eu-core,communication,1,fsw,0.8040581370921803,0.9397624693060528,0.7354111405835544,0.7354111405835544,0.7354111405835545,0.7613017270832549,3016,3016,15080,18096,3888,855,15063,0.832393899204244,9310,0.0538632251015739,7,3,4,5,True,5,False,enhanced_local,FSW
standard,email_eu_core,email-Eu-core,communication,1,hdi,0.7403245681620603,0.9231092880411458,0.6787135278514589,0.6787135278514589,0.6787135278514589,0.7056910125437571,3016,3016,15080,18096,1403,898,17591,0.9720932802829354,9310,0.1,45,16,29,18,True,5,False,local_similarity,HDI
standard,email_eu_core,email-Eu-core,communication,1,hpi,0.5359256748647188,0.902483021586024,0.6120689655172413,0.6120689655172413,0.6120689655172413,0.586379694500306,3016,3016,15080,18096,912,553,17737,0.9801613616268788,9310,0.3181818181818182,6,5,1,4,True,5,False,local_similarity,HPI
standard,email_eu_core,email-Eu-core,communication,1,ia1,0.8401840831470389,0.9505425089179548,0.7702254641909815,0.7702254641909815,0.7702254641909814,0.7939845024783131,3016,3016,15080,18096,5833,376,12639,0.6984416445623343,9310,0.4161784689523844,1,0,1,1,False,5,False,enhanced_local,IA1
standard,email_eu_core,email-Eu-core,communication,1,ia2,0.8365425921073644,0.949713255651556,0.7675729442970822,0.7675729442970822,0.7675729442970822,0.7913500788053327,3016,3016,15080,18096,5827,375,12644,0.6987179487179487,9310,0.1572151125226633,1,0,1,1,False,5,False,enhanced_local,IA2
standard,email_eu_core,email-Eu-core,communication,1,ja,0.7599821076884095,0.929572991349408,0.7025862068965517,0.7025862068965517,0.7025862068965517,0.7264526619097159,3016,3016,15080,18096,1837,947,17206,0.9508178603006188,9310,0.073170731707317,14,6,8,7,True,5,False,local_similarity,JA
standard,email_eu_core,email-Eu-core,communication,1,lit,0.8215940167085278,0.9456622592855785,0.7543103448275862,0.7543103448275862,0.7543103448275862,0.7785037453695371,3016,3016,15080,18096,8587,126,9635,0.5324381078691424,9321,0.1112869197994467,1,0,1,1,False,5,False,enhanced_local,LIT-i2
standard,email_eu_core,email-Eu-core,communication,1,llhn,0.4034748898384483,0.8448995718678102,0.4370026525198939,0.4370026525198939,0.4370026525198939,0.4237315646108555,3016,3016,15080,18096,3851,1238,15483,0.8556034482758621,9310,0.0048309178743961,14,2,12,12,True,5,False,local_similarity,LLHN
standard,email_eu_core,email-Eu-core,communication,1,lnb_aa,0.8323115571877384,0.9497322524783822,0.7675729442970822,0.7675729442970822,0.7675729442970822,0.7895864784582738,3016,3016,15080,18096,6121,471,12446,0.6877763041556145,9310,3.2418614241375185,1,1,0,1,False,5,False,local_bayesian,LNB-AA
standard,email_eu_core,email-Eu-core,communication,1,lnb_cn,0.8211120774029873,0.9471061390532544,0.7579575596816976,0.7579575596816976,0.7579575596816976,0.7803084441680456,3016,3016,15080,18096,6118,472,12450,0.6879973474801061,9310,13.14851539303264,1,1,0,1,False,5,False,local_bayesian,LNB-CN
standard,email_eu_core,email-Eu-core,communication,1,lnb_ra,0.8383241196805045,0.9511484615208718,0.7712201591511937,0.7712201591511937,0.7712201591511938,0.7936318093591321,3016,3016,15080,18096,6121,471,12446,0.6877763041556145,9310,0.2444884097812888,1,0,1,1,False,5,False,local_bayesian,LNB-RA
standard,email_eu_core,email-Eu-core,communication,1,lpi,0.8047975169517959,0.9463663291798295,0.7380636604774535,0.7380636604774535,0.7380636604774534,0.7622652081485797,3016,3016,15080,18096,4288,1331,15139,0.8365937223695844,1472,6.23,1,1,0,1,False,5,False,quasi_local_path,LPI-beta-0.001
standard,email_eu_core,email-Eu-core,communication,1,lrw,0.8229252805629672,0.9541125821436864,0.7559681697612732,0.7559681697612732,0.7559681697612732,0.7760886926053419,3016,3016,15080,18096,16323,192,1965,0.1085875331564986,1478,6.580908735299468e-06,1,1,0,1,False,5,False,quasi_local_walk,LRW-l3
standard,email_eu_core,email-Eu-core,communication,1,ora_cni,0.7632821133809429,0.9385166930218324,0.7015915119363395,0.7015915119363395,0.7015915119363395,0.726202420954937,3016,3016,15080,18096,16285,216,2027,0.1120137046861184,1472,3.764958369943157,1,1,0,1,False,5,False,quasi_local_path,ORA-CNI-beta-0.001
standard,email_eu_core,email-Eu-core,communication,1,pa,0.6232286056922882,0.875859958206981,0.5716180371352785,0.5716180371352785,0.5716180371352785,0.6018815761090773,3016,3016,15080,18096,2577,1603,17122,0.9461759504862952,171,1750.0,11,7,4,7,True,5,False,degree_based,PA
standard,email_eu_core,email-Eu-core,communication,1,pfp,0.7239968504010664,0.9316967992105762,0.6840185676392573,0.6840185676392573,0.6840185676392573,0.7014355315692296,3016,3016,15080,18096,16580,44,1560,0.0862068965517241,1472,0.0049902682035054,1,0,1,1,False,5,False,quasi_local_walk,PFP-l3
standard,email_eu_core,email-Eu-core,communication,1,ra,0.8380215334410708,0.9511289699850136,0.7751989389920424,0.7751989389920424,0.7751989389920424,0.7966543485197595,3016,3016,15080,18096,5796,400,12700,0.7018125552608311,9310,0.0989595200121515,1,0,1,1,False,5,False,local_similarity,RA
standard,email_eu_core,email-Eu-core,communication,1,ra_cni,0.7632797878303378,0.9385160773839256,0.7015915119363395,0.7015915119363395,0.7015915119363395,0.7262021585011764,3016,3016,15080,18096,16250,233,2079,0.1148872679045092,1477,3.764828317103265,1,1,0,1,False,5,False,enhanced_local,RA-CNI
standard,email_eu_core,email-Eu-core,communication,1,sa,0.7574318240930844,0.930618762268784,0.7065649867374005,0.7065649867374005,0.7065649867374005,0.7284121924855954,3016,3016,15080,18096,5044,1287,14339,0.7923850574712644,9310,0.1643989873053573,6,4,2,3,True,5,False,local_similarity,SA
standard,email_eu_core,email-Eu-core,communication,1,so,0.7599821076884095,0.929572991349408,0.7025862068965517,0.7025862068965517,0.7025862068965517,0.7264526619097159,3016,3016,15080,18096,1837,947,17206,0.9508178603006188,9310,0.1363636363636363,14,6,8,7,True,5,False,local_similarity,SO
standard,email_eu_core,email-Eu-core,communication,1,srw,0.8434780033813181,0.9588278628042132,0.7708885941644562,0.7708885941644562,0.7708885941644562,0.7920908661659036,3016,3016,15080,18096,16330,191,1957,0.1081454465075154,1472,1.4250177425511582e-05,1,0,1,1,False,5,False,quasi_local_walk,SRW-l3
standard,email_eu_core,email-Eu-core,communication,1,aa,0.7222343721279818,0.9465764211121586,0.6720822281167109,0.6720822281167109,0.6720822281167109,0.699012172392886,3016,3016,30160,33176,8356,701,25521,0.7692609115022908,18586,1.8349131274296715,1,1,0,1,False,10,False,local_similarity,AA
standard,email_eu_core,email-Eu-core,communication,1,car_aa,0.7002395054586041,0.9241481330340748,0.6624668435013262,0.6624668435013262,0.6624668435013262,0.6918046168412489,3016,3016,30160,33176,7032,485,26629,0.8026585483482035,24971,6.027251664345755,1,0,1,1,False,10,False,enhanced_local,CAR-AA
standard,email_eu_core,email-Eu-core,communication,1,car_cn,0.6859006421894345,0.9228877243560428,0.6525198938992043,0.6525198938992043,0.6525198938992043,0.6815913272297844,3016,3016,30160,33176,1012,459,32623,0.9833313238485653,24971,96.0,32,14,18,8,True,10,False,enhanced_local,CAR-CN
standard,email_eu_core,email-Eu-core,communication,1,car_ra,0.7313379530155837,0.9274305824286388,0.6790450928381963,0.6790450928381963,0.6790450928381963,0.7097667129011013,3016,3016,30160,33176,7029,488,26635,0.8028394019773331,24971,0.3864701925317028,1,0,1,1,False,10,False,enhanced_local,CAR-RA
standard,email_eu_core,email-Eu-core,communication,1,cn,0.6835989915851389,0.9414679072356804,0.6541777188328912,0.6541777188328912,0.6541777188328912,0.6819398409967388,3016,3016,30160,33176,67,57,33166,0.9996985772847842,18586,8.0,381,148,233,315,True,10,False,local_similarity,CN
standard,email_eu_core,email-Eu-core,communication,1,fl,0.695030233935726,0.9455846339417008,0.648209549071618,0.648209549071618,0.648209549071618,0.6764562343311393,3016,3016,30160,33176,5151,1865,29890,0.900952495780082,3052,0.0082525907914216,1,0,1,1,False,10,False,quasi_local_path,FL-l3
standard,email_eu_core,email-Eu-core,communication,1,fsw,0.7078449661241117,0.939586363884218,0.6561671087533156,0.6561671087533156,0.6561671087533156,0.6866030330774815,3016,3016,30160,33176,5033,1258,29401,0.8862129250060284,18586,0.0741341439181968,3,1,2,3,False,10,False,enhanced_local,FSW
standard,email_eu_core,email-Eu-core,communication,1,hdi,0.6234255217988768,0.9230764888323284,0.5898541114058355,0.5898541114058355,0.5898541114058355,0.6174183902716487,3016,3016,30160,33176,1467,1011,32720,0.9862551241861588,18586,0.125,114,20,94,18,True,10,False,local_similarity,HDI
standard,email_eu_core,email-Eu-core,communication,1,hpi,0.3711236298036314,0.9018418786806351,0.4542440318302387,0.4542440318302387,0.4542440318302387,0.4238965860481847,3016,3016,30160,33176,977,615,32814,0.9890884977091874,18586,0.3939393939393939,9,7,2,6,True,10,False,local_similarity,HPI
standard,email_eu_core,email-Eu-core,communication,1,ia1,0.7528870308026478,0.9498630975205624,0.6850132625994695,0.6850132625994695,0.6850132625994695,0.7151946128373968,3016,3016,30160,33176,8445,657,25388,0.7652519893899205,18586,0.6471416036165766,1,0,1,1,False,10,False,enhanced_local,IA1
standard,email_eu_core,email-Eu-core,communication,1,ia2,0.7465403887455165,0.9488947320743832,0.6810344827586207,0.6810344827586207,0.6810344827586207,0.711091126355519,3016,3016,30160,33176,8432,661,25405,0.7657644080057873,18586,0.2502641517708482,1,0,1,1,False,10,False,enhanced_local,IA2
standard,email_eu_core,email-Eu-core,communication,1,ja,0.6461728435481326,0.9294801564511818,0.618368700265252,0.618368700265252,0.618368700265252,0.641668646949329,3016,3016,30160,33176,2021,1122,32277,0.972902097902098,18586,0.0909090909090909,75,20,55,19,True,10,False,local_similarity,JA
standard,email_eu_core,email-Eu-core,communication,1,lit,0.7297971188742669,0.9453350257512542,0.6710875331564987,0.6710875331564987,0.6710875331564987,0.7005479691237478,3016,3016,30160,33176,14002,317,19491,0.5875030142271521,18608,0.1454582404795872,1,0,1,1,False,10,False,enhanced_local,LIT-i2
standard,email_eu_core,email-Eu-core,communication,1,llhn,0.2550142125698991,0.8456076983761232,0.2947612732095491,0.2947612732095491,0.2947612732095491,0.2791477243088475,3016,3016,30160,33176,4758,1748,30166,0.9092717627200386,18586,0.0073529411764705,36,4,32,28,True,10,False,local_similarity,LLHN
standard,email_eu_core,email-Eu-core,communication,1,lnb_aa,0.738686571365742,0.9489912333162128,0.6803713527851459,0.6803713527851459,0.6803713527851459,0.7079044328937993,3016,3016,30160,33176,8892,796,25080,0.7559681697612732,18586,4.239747826613814,1,0,1,1,False,10,False,local_bayesian,LNB-AA
standard,email_eu_core,email-Eu-core,communication,1,lnb_cn,0.7212337381757271,0.94633881236412,0.6710875331564987,0.6710875331564987,0.6710875331564987,0.6981019286319756,3016,3016,30160,33176,8886,797,25087,0.7561791656619243,18586,17.228186047940536,1,0,1,1,False,10,False,local_bayesian,LNB-CN
standard,email_eu_core,email-Eu-core,communication,1,lnb_ra,0.7499624975113894,0.9503786612865776,0.6893236074270557,0.6893236074270557,0.6893236074270557,0.7173604902247996,3016,3016,30160,33176,8892,796,25080,0.7559681697612732,18586,0.3286458367834475,1,1,0,1,False,10,False,local_bayesian,LNB-RA
standard,email_eu_core,email-Eu-core,communication,1,lpi,0.6949681571938003,0.9455835071044616,0.648209549071618,0.648209549071618,0.648209549071618,0.6764438280967048,3016,3016,30160,33176,5143,1873,29906,0.9014347721244272,3052,8.237,1,0,1,1,False,10,False,quasi_local_path,LPI-beta-0.001
standard,email_eu_core,email-Eu-core,communication,1,lrw,0.7167767215235357,0.9531551167865108,0.6730769230769231,0.6730769230769231,0.6730769230769231,0.696246211850883,3016,3016,30160,33176,29193,532,4515,0.1360923559199421,3062,8.639075613652006e-06,1,0,1,1,False,10,False,quasi_local_walk,LRW-l3
standard,email_eu_core,email-Eu-core,communication,1,ora_cni,0.6341942997800929,0.9372997582741734,0.5994694960212201,0.5994694960212201,0.5994694960212201,0.6274321040806186,3016,3016,30160,33176,29081,584,4679,0.1410356884494815,3052,4.935343736008647,1,0,1,1,False,10,False,quasi_local_path,ORA-CNI-beta-0.001
standard,email_eu_core,email-Eu-core,communication,1,pa,0.4799846677497892,0.8748181284695594,0.4645225464190981,0.4645225464190981,0.4645225464190981,0.4968738652285822,3016,3016,30160,33176,2841,1937,32272,0.97275138654449,360,2379.0,4,1,3,3,True,10,False,degree_based,PA
standard,email_eu_core,email-Eu-core,communication,1,pfp,0.589772950509892,0.9320559194903923,0.5845490716180372,0.5845490716180372,0.5845490716180372,0.6014488018342312,3016,3016,30160,33176,29940,169,3405,0.1026344345309862,3052,0.0065645889092585,1,1,0,1,False,10,False,quasi_local_walk,PFP-l3
standard,email_eu_core,email-Eu-core,communication,1,ra,0.7487208121940057,0.9503040041968916,0.6863395225464191,0.6863395225464191,0.6863395225464191,0.7142695127718403,3016,3016,30160,33176,8336,705,25545,0.7699843260188087,18586,0.1319939443276739,1,0,1,1,False,10,False,local_similarity,RA
standard,email_eu_core,email-Eu-core,communication,1,ra_cni,0.634191226977292,0.9372990327009268,0.5994694960212201,0.5994694960212201,0.5994694960212201,0.6274317861749177,3016,3016,30160,33176,28988,616,4804,0.1448034723896792,3063,4.93525691475229,1,0,1,1,False,10,False,enhanced_local,RA-CNI
standard,email_eu_core,email-Eu-core,communication,1,sa,0.6376809022183249,0.9304364839775836,0.6177055702917772,0.6177055702917772,0.6177055702917772,0.638300848072653,3016,3016,30160,33176,6409,2070,28837,0.8692126838678563,18586,0.1941839093451543,1,0,1,1,False,10,False,local_similarity,SA
standard,email_eu_core,email-Eu-core,communication,1,so,0.6461728435481326,0.9294801564511818,0.618368700265252,0.618368700265252,0.618368700265252,0.641668646949329,3016,3016,30160,33176,2021,1122,32277,0.972902097902098,18586,0.1666666666666666,75,20,55,19,True,10,False,local_similarity,SO
standard,email_eu_core,email-Eu-core,communication,1,srw,0.7496865412436042,0.9579380736426064,0.6936339522546419,0.6936339522546419,0.6936339522546419,0.7188876164285082,3016,3016,30160,33176,29210,528,4494,0.1354593682179889,3052,1.8647726354598e-05,1,0,1,1,False,10,False,quasi_local_walk,SRW-l3
standard,email_eu_core,email-Eu-core,communication,2,aa,0.9444339782156655,0.9467694180990508,0.8862732095490716,0.8862732095490716,0.8862732095490716,0.8993898602026854,3016,3016,3016,6032,3578,137,2591,0.4295424403183024,1886,0.7241209073178639,1,0,1,1,False,1,True,local_similarity,AA
standard,email_eu_core,email-Eu-core,communication,2,car_aa,0.9233781009614213,0.9246544402444258,0.8769893899204244,0.8769893899204244,0.8769893899204244,0.8913656018080505,3016,3016,3016,6032,3244,53,2841,0.4709880636604774,2724,0.757791237025028,3,0,3,2,True,1,True,enhanced_local,CAR-AA
standard,email_eu_core,email-Eu-core,communication,2,car_cn,0.92044493060632,0.9234064542598626,0.876657824933687,0.876657824933687,0.8766578249336872,0.89079591018237,3016,3016,3016,6032,918,431,5545,0.9192639257294428,2724,6.0,98,49,49,96,True,1,True,enhanced_local,CAR-CN
standard,email_eu_core,email-Eu-core,communication,2,car_ra,0.9290383442576712,0.9280695815948892,0.883289124668435,0.883289124668435,0.8832891246684349,0.8974585806863474,3016,3016,3016,6032,3244,53,2841,0.4709880636604774,2724,0.0403301072404573,1,0,1,1,False,1,True,enhanced_local,CAR-RA
standard,email_eu_core,email-Eu-core,communication,2,cn,0.9332228569866556,0.9417623030838184,0.8756631299734748,0.8756631299734748,0.8756631299734748,0.8898235529243954,3016,3016,3016,6032,62,56,6026,0.9990053050397878,1886,3.0,285,135,150,102,True,1,True,local_similarity,CN
standard,email_eu_core,email-Eu-core,communication,2,fl,0.9409869389813332,0.9448010807963187,0.8743368700265252,0.8743368700265252,0.8743368700265252,0.8886021638468053,3016,3016,3016,6032,3283,611,3360,0.5570291777188329,303,0.0031382072467723,5,0,5,5,False,1,True,quasi_local_path,FL-l3
standard,email_eu_core,email-Eu-core,communication,2,fsw,0.9406860295605936,0.9406747127609426,0.873342175066313,0.873342175066313,0.873342175066313,0.8884436114474608,3016,3016,3016,6032,2794,457,3695,0.6125663129973474,1886,0.0197447153372855,59,26,33,26,True,1,True,enhanced_local,FSW
standard,email_eu_core,email-Eu-core,communication,2,hdi,0.9180279179852469,0.9227487660857392,0.8478116710875332,0.8478116710875332,0.8478116710875332,0.8643490117326854,3016,3016,3016,6032,1228,731,5535,0.917606100795756,1886,0.0566037735849056,7,5,2,3,True,1,True,local_similarity,HDI
standard,email_eu_core,email-Eu-core,communication,2,hpi,0.8374955045580761,0.904970627475744,0.8464854111405835,0.8464854111405835,0.8464854111405835,0.8351991043562413,3016,3016,3016,6032,805,476,5703,0.9454575596816976,1886,0.1935483870967742,3,3,0,1,True,1,True,local_similarity,HPI
standard,email_eu_core,email-Eu-core,communication,2,ia1,0.950247149177339,0.9501952781452062,0.8885941644562334,0.8885941644562334,0.8885941644562335,0.902132116172946,3016,3016,3016,6032,3582,132,2582,0.4280503978779841,1886,0.1420940170940171,1,0,1,1,False,1,True,enhanced_local,IA1
standard,email_eu_core,email-Eu-core,communication,2,ia2,0.9486255670633326,0.9490332066291892,0.8849469496021221,0.8849469496021221,0.8849469496021221,0.8988465458701196,3016,3016,3016,6032,3581,133,2584,0.4283819628647214,1886,0.0617000585578049,1,1,0,1,False,1,True,enhanced_local,IA2
standard,email_eu_core,email-Eu-core,communication,2,ja,0.9249893990433604,0.929769511763961,0.8594164456233422,0.8594164456233422,0.8594164456233422,0.8747761962649507,3016,3016,3016,6032,1636,726,5122,0.8491379310344828,1886,0.0434782608695652,18,10,8,11,True,1,True,local_similarity,JA
standard,email_eu_core,email-Eu-core,communication,2,lit,0.9450404218448748,0.9450363424248392,0.8806366047745358,0.8806366047745358,0.8806366047745358,0.8949409414577686,3016,3016,3016,6032,4136,6,1902,0.3153183023872679,1892,0.0523207311131757,1,1,0,1,False,1,True,enhanced_local,LIT-i2
standard,email_eu_core,email-Eu-core,communication,2,llhn,0.7665163374339081,0.8493641779650882,0.7768567639257294,0.7768567639257294,0.7768567639257294,0.7673061598566564,3016,3016,3016,6032,2689,620,3963,0.6569960212201591,1886,0.0024585921325051,1,1,0,1,False,1,True,local_similarity,LLHN
standard,email_eu_core,email-Eu-core,communication,2,lnb_aa,0.9470840772658822,0.9486061078316176,0.8869363395225465,0.8869363395225465,0.8869363395225464,0.9002631245222468,3016,3016,3016,6032,3673,142,2501,0.4146220159151194,1886,1.5853199565280898,1,0,1,1,False,1,True,local_bayesian,LNB-AA
standard,email_eu_core,email-Eu-core,communication,2,lnb_cn,0.9435085428867082,0.94598711821655,0.8846153846153846,0.8846153846153846,0.8846153846153846,0.8978825729568163,3016,3016,3016,6032,3672,142,2502,0.414787798408488,1886,6.616041350746917,1,1,0,1,False,1,True,local_bayesian,LNB-CN
standard,email_eu_core,email-Eu-core,communication,2,lnb_ra,0.949951194709944,0.9502882284755398,0.8859416445623343,0.8859416445623343,0.8859416445623343,0.8998365309103445,3016,3016,3016,6032,3673,142,2501,0.4146220159151194,1886,0.1099872823149014,1,1,0,1,False,1,True,local_bayesian,LNB-RA
standard,email_eu_core,email-Eu-core,communication,2,lpi,0.9409778770278494,0.944799321830872,0.8743368700265252,0.8743368700265252,0.8743368700265252,0.8886005249385425,3016,3016,3016,6032,3281,613,3364,0.5576923076923077,303,3.173,5,0,5,5,False,1,True,quasi_local_path,LPI-beta-0.001
standard,email_eu_core,email-Eu-core,communication,2,lrw,0.9457841930347336,0.9493325605611804,0.879973474801061,0.879973474801061,0.879973474801061,0.8937603975847679,3016,3016,3016,6032,5712,15,335,0.0555371352785145,306,3.391384140863538e-06,1,1,0,1,False,1,True,quasi_local_walk,LRW-l3
standard,email_eu_core,email-Eu-core,communication,2,ora_cni,0.9246455727397468,0.9323838291270607,0.8590848806366048,0.8590848806366048,0.8590848806366048,0.8738587974678067,3016,3016,3016,6032,5710,19,341,0.0565318302387267,303,2.092396942729245,1,0,1,1,False,1,True,quasi_local_path,ORA-CNI-beta-0.001
standard,email_eu_core,email-Eu-core,communication,2,pa,0.8575763795083575,0.8663348964672939,0.7718832891246684,0.7718832891246684,0.7718832891246685,0.7933484572617663,3016,3016,3016,6032,2045,1083,5070,0.8405172413793104,46,782.0,8,5,3,2,True,1,True,degree_based,PA
standard,email_eu_core,email-Eu-core,communication,2,pfp,0.9119556074898808,0.9266018898324762,0.8524535809018567,0.8524535809018567,0.8524535809018567,0.8631581686135817,3016,3016,3016,6032,5728,3,307,0.0508952254641909,303,0.0025925217554306,1,1,0,1,False,1,True,quasi_local_walk,PFP-l3
standard,email_eu_core,email-Eu-core,communication,2,ra,0.9496972934942496,0.9503778807456608,0.8875994694960212,0.8875994694960212,0.8875994694960212,0.9011785518856849,3016,3016,3016,6032,3577,137,2592,0.4297082228116711,1886,0.0478502051354218,1,1,0,1,False,1,True,local_similarity,RA
standard,email_eu_core,email-Eu-core,communication,2,ra_cni,0.9246452938611268,0.9323834993210393,0.8590848806366048,0.8590848806366048,0.8590848806366048,0.8738587719063037,3016,3016,3016,6032,5709,18,341,0.0565318302387267,305,2.0923563675216634,1,0,1,1,False,1,True,enhanced_local,RA-CNI
standard,email_eu_core,email-Eu-core,communication,2,sa,0.9252825109968984,0.9322223341119686,0.8630636604774535,0.8630636604774535,0.8630636604774534,0.8774612287062038,3016,3016,3016,6032,3302,510,3240,0.5371352785145889,1886,0.1091089451179962,5,0,5,5,False,1,True,local_similarity,SA
standard,email_eu_core,email-Eu-core,communication,2,so,0.9249893990433604,0.929769511763961,0.8594164456233422,0.8594164456233422,0.8594164456233422,0.8747761962649507,3016,3016,3016,6032,1636,726,5122,0.8491379310344828,1886,0.0833333333333333,18,10,8,11,True,1,True,local_similarity,SO
standard,email_eu_core,email-Eu-core,communication,2,srw,0.9537679033266596,0.9560002488936108,0.8875994694960212,0.8875994694960212,0.8875994694960212,0.9010611027811912,3016,3016,3016,6032,5715,15,332,0.0550397877984084,303,7.4341196745922e-06,1,1,0,1,False,1,True,quasi_local_walk,SRW-l3
standard,email_eu_core,email-Eu-core,communication,2,aa,0.8247726077536415,0.9489798769955464,0.756631299734748,0.756631299734748,0.756631299734748,0.7804055654364089,3016,3016,15080,18096,5736,381,12741,0.70407824933687,9423,1.3943677357070443,1,1,0,1,False,5,False,local_similarity,AA
standard,email_eu_core,email-Eu-core,communication,2,car_aa,0.797921022155373,0.92609943035904,0.7437002652519894,0.7437002652519894,0.7437002652519894,0.7689352431828584,3016,3016,15080,18096,4967,241,13370,0.7388373121131742,12708,3.319777154652184,1,0,1,1,False,5,False,enhanced_local,CAR-AA
standard,email_eu_core,email-Eu-core,communication,2,car_cn,0.7888266320447647,0.9249992854202872,0.7403846153846154,0.7403846153846154,0.7403846153846154,0.765169625636352,3016,3016,15080,18096,955,449,17590,0.9720380194518126,12708,40.0,53,20,33,8,True,5,False,enhanced_local,CAR-CN
standard,email_eu_core,email-Eu-core,communication,2,car_ra,0.81808573959022,0.9292993403000092,0.7596153846153846,0.7596153846153846,0.7596153846153846,0.7848065460996593,3016,3016,15080,18096,4965,243,13374,0.7390583554376657,12708,0.2094204368702238,1,0,1,1,False,5,False,enhanced_local,CAR-RA
standard,email_eu_core,email-Eu-core,communication,2,cn,0.7953830109617847,0.9443099556564812,0.7443633952254642,0.7443633952254642,0.7443633952254641,0.7682944542429178,3016,3016,15080,18096,62,56,18090,0.9996684350132626,9423,6.0,340,138,202,239,True,5,False,local_similarity,CN
standard,email_eu_core,email-Eu-core,communication,2,fl,0.8065497494401631,0.9474579211490968,0.7357427055702918,0.7357427055702918,0.7357427055702918,0.7606667152039711,3016,3016,15080,18096,4302,1317,15111,0.8350464190981433,1601,0.0062004275943064,2,1,1,2,False,5,False,quasi_local_path,FL-l3
standard,email_eu_core,email-Eu-core,communication,2,fsw,0.8186996295109067,0.943706036857362,0.7423740053050398,0.7423740053050398,0.7423740053050399,0.7690847182279917,3016,3016,15080,18096,3878,864,15082,0.8334438549955792,9423,0.052966329315198,1,0,1,1,False,5,False,enhanced_local,FSW
standard,email_eu_core,email-Eu-core,communication,2,hdi,0.7542286274167582,0.9275734653905958,0.6787135278514589,0.6787135278514589,0.6787135278514589,0.7057252446695069,3016,3016,15080,18096,1330,892,17658,0.9757957559681698,9423,0.1,73,20,53,18,True,5,False,local_similarity,HDI
standard,email_eu_core,email-Eu-core,communication,2,hpi,0.5428365867116469,0.9075883308473288,0.6206896551724138,0.6206896551724138,0.6206896551724138,0.5935830804686701,3016,3016,15080,18096,877,556,17775,0.982261273209549,9423,0.32,10,5,5,2,True,5,False,local_similarity,HPI
standard,email_eu_core,email-Eu-core,communication,2,ia1,0.8434054065249564,0.9519441405343037,0.7695623342175066,0.7695623342175066,0.7695623342175066,0.7936159400832602,3016,3016,15080,18096,5784,356,12668,0.7000442086648984,9423,0.408638193247297,1,1,0,1,False,5,False,enhanced_local,IA1
standard,email_eu_core,email-Eu-core,communication,2,ia2,0.8388886393349748,0.9507295968802988,0.76657824933687,0.76657824933687,0.76657824933687,0.7908618162794432,3016,3016,15080,18096,5780,355,12671,0.700209991158267,9423,0.1532989118389185,1,1,0,1,False,5,False,enhanced_local,IA2
standard,email_eu_core,email-Eu-core,communication,2,ja,0.7723483365258218,0.9340140822773678,0.7062334217506632,0.7062334217506632,0.7062334217506632,0.7286864944669293,3016,3016,15080,18096,1868,953,17181,0.9494363395225464,9423,0.074074074074074,17,6,11,3,True,5,False,local_similarity,JA
standard,email_eu_core,email-Eu-core,communication,2,lit,0.8312456127520379,0.9478451683857624,0.7476790450928382,0.7476790450928382,0.7476790450928382,0.7745182997134006,3016,3016,15080,18096,8502,106,9700,0.5360300618921309,9437,0.1097771117182537,1,1,0,1,False,5,False,enhanced_local,LIT-i2
standard,email_eu_core,email-Eu-core,communication,2,llhn,0.4143751523221473,0.8538416355036622,0.4535809018567639,0.4535809018567639,0.4535809018567639,0.4374069839265678,3016,3016,15080,18096,3681,1224,15639,0.8642241379310345,9423,0.0048387096774193,3,1,2,3,False,5,False,local_similarity,LLHN
standard,email_eu_core,email-Eu-core,communication,2,lnb_aa,0.8340163939463491,0.9506994855905552,0.76657824933687,0.76657824933687,0.76657824933687,0.7898801782124012,3016,3016,15080,18096,6052,426,12470,0.6891025641025641,9423,3.18844828689872,1,0,1,1,False,5,False,local_bayesian,LNB-AA
standard,email_eu_core,email-Eu-core,communication,2,lnb_cn,0.8225872776357896,0.94832606953894,0.754973474801061,0.754973474801061,0.754973474801061,0.7788480052451531,3016,3016,15080,18096,6051,426,12471,0.689157824933687,9423,12.976153027430042,1,0,1,1,False,5,False,local_bayesian,LNB-CN
standard,email_eu_core,email-Eu-core,communication,2,lnb_ra,0.8413604956476773,0.9520428075023394,0.773209549071618,0.773209549071618,0.7732095490716179,0.796366651658598,3016,3016,15080,18096,6052,426,12470,0.6891025641025641,9423,0.2355187093071646,1,0,1,1,False,5,False,local_bayesian,LNB-RA
standard,email_eu_core,email-Eu-core,communication,2,lpi,0.8065227169753116,0.9474565139767396,0.7357427055702918,0.7357427055702918,0.7357427055702918,0.7606616732066519,3016,3016,15080,18096,4300,1319,15115,0.8352674624226348,1601,6.199,2,1,1,2,False,5,False,quasi_local_path,LPI-beta-0.001
standard,email_eu_core,email-Eu-core,communication,2,lrw,0.8197539458286763,0.9518455505210056,0.754973474801061,0.754973474801061,0.754973474801061,0.7776118996582315,3016,3016,15080,18096,16146,242,2192,0.121131741821397,1608,6.540472813395937e-06,1,1,0,1,False,5,False,quasi_local_walk,LRW-l3
standard,email_eu_core,email-Eu-core,communication,2,ora_cni,0.7577882790130496,0.9354982973214476,0.7002652519893899,0.7002652519893899,0.7002652519893899,0.7251735056914388,3016,3016,15080,18096,16125,252,2223,0.1228448275862068,1601,3.85480833567134,1,0,1,1,False,5,False,quasi_local_path,ORA-CNI-beta-0.001
standard,email_eu_core,email-Eu-core,communication,2,pa,0.6110729644988472,0.870362564554032,0.5573607427055703,0.5573607427055703,0.5573607427055703,0.5907997399709556,3016,3016,15080,18096,2407,1566,17255,0.9535256410256412,188,1764.0,7,3,4,4,True,5,False,degree_based,PA
standard,email_eu_core,email-Eu-core,communication,2,pfp,0.7317048115722709,0.9323485398827824,0.6840185676392573,0.6840185676392573,0.6840185676392573,0.7015342466954126,3016,3016,15080,18096,16445,49,1700,0.0939434129089301,1601,0.0048713262211473,1,1,0,1,False,5,False,quasi_local_walk,PFP-l3
standard,email_eu_core,email-Eu-core,communication,2,ra,0.8416328192157385,0.9522621395000316,0.7735411140583555,0.7735411140583555,0.7735411140583555,0.7965219787159252,3016,3016,15080,18096,5729,383,12750,0.7045755968169761,9423,0.0966646395595381,1,0,1,1,False,5,False,local_similarity,RA
standard,email_eu_core,email-Eu-core,communication,2,ra_cni,0.7577860062948402,0.9354976816835412,0.7002652519893899,0.7002652519893899,0.7002652519893899,0.7251732673121627,3016,3016,15080,18096,16075,270,2291,0.1266025641025641,1607,3.854756207097041,1,0,1,1,False,5,False,enhanced_local,RA-CNI
standard,email_eu_core,email-Eu-core,communication,2,sa,0.7682950305546221,0.9355562332458542,0.7102122015915119,0.7102122015915119,0.7102122015915119,0.7296663606680096,3016,3016,15080,18096,4887,1263,14472,0.7997347480106101,9423,0.1649572197684645,4,0,4,1,True,5,False,local_similarity,SA
standard,email_eu_core,email-Eu-core,communication,2,so,0.7723483365258218,0.9340140822773678,0.7062334217506632,0.7062334217506632,0.7062334217506632,0.7286864944669293,3016,3016,15080,18096,1868,953,17181,0.9494363395225464,9423,0.1379310344827586,17,6,11,3,True,5,False,local_similarity,SO
standard,email_eu_core,email-Eu-core,communication,2,srw,0.8439167517608299,0.9580866897325668,0.7728779840848806,0.7728779840848806,0.7728779840848805,0.7953301242508148,3016,3016,15080,18096,16154,241,2183,0.1206343943412908,1601,1.413808873592735e-05,1,0,1,1,False,5,False,quasi_local_walk,SRW-l3
standard,email_eu_core,email-Eu-core,communication,2,aa,0.7284622671098495,0.94883488877182,0.6830238726790451,0.6830238726790451,0.6830238726790451,0.7093774173982414,3016,3016,30160,33176,8213,684,25647,0.7730588377140102,18683,1.7868939249128797,1,0,1,1,False,10,False,local_similarity,AA
standard,email_eu_core,email-Eu-core,communication,2,car_aa,0.7041701246094639,0.9261599002930436,0.6671087533156499,0.6671087533156499,0.6671087533156499,0.6954947064895248,3016,3016,30160,33176,6917,464,26723,0.8054919218712322,25166,5.747698081390802,1,0,1,1,False,10,False,enhanced_local,CAR-AA
standard,email_eu_core,email-Eu-core,communication,2,car_cn,0.6913360797178199,0.9250748989474352,0.6618037135278515,0.6618037135278515,0.6618037135278515,0.6895015898657928,3016,3016,30160,33176,991,483,32668,0.9846877260670364,25166,91.0,26,2,24,12,True,10,False,enhanced_local,CAR-CN
standard,email_eu_core,email-Eu-core,communication,2,car_ra,0.7350603487063188,0.9292226439097578,0.6936339522546419,0.6936339522546419,0.6936339522546419,0.7218123326297645,3016,3016,30160,33176,6912,467,26731,0.8057330600434048,25166,0.3614870027564036,1,0,1,1,False,10,False,enhanced_local,CAR-RA
standard,email_eu_core,email-Eu-core,communication,2,cn,0.6910700945143068,0.9442352051217556,0.6671087533156499,0.6671087533156499,0.6671087533156499,0.6935339846179165,3016,3016,30160,33176,62,56,33170,0.9998191463708704,18683,7.0,411,132,279,8,True,10,False,local_similarity,CN
standard,email_eu_core,email-Eu-core,communication,2,fl,0.7017228998359033,0.9473892500386972,0.6671087533156499,0.6671087533156499,0.6671087533156499,0.6930460177533716,3016,3016,30160,33176,5121,1870,29925,0.9020074752833374,3193,0.0074549868082607,1,1,0,1,False,10,False,quasi_local_path,FL-l3
standard,email_eu_core,email-Eu-core,communication,2,fsw,0.7236452620814946,0.943433606090242,0.65815649867374,0.65815649867374,0.65815649867374,0.6903781791984679,3016,3016,30160,33176,4932,1306,29550,0.8907041234627442,18683,0.0722268127025427,5,2,3,1,True,10,False,enhanced_local,FSW
standard,email_eu_core,email-Eu-core,communication,2,hdi,0.6286262038566023,0.9271966125403684,0.5915119363395226,0.5915119363395226,0.5915119363395226,0.6153352348342306,3016,3016,30160,33176,1372,978,32782,0.9881239450204968,18683,0.125,134,19,115,93,True,10,False,local_similarity,HDI
standard,email_eu_core,email-Eu-core,communication,2,hpi,0.3815400165564743,0.9075845985425214,0.4615384615384615,0.4615384615384615,0.4615384615384615,0.4309449954568092,3016,3016,30160,33176,930,608,32854,0.9902941885700508,18683,0.391304347826087,15,13,2,2,True,10,False,local_similarity,HPI
standard,email_eu_core,email-Eu-core,communication,2,ia1,0.7563874348895279,0.951674656034307,0.7025862068965517,0.7025862068965517,0.7025862068965517,0.7297880957178744,3016,3016,30160,33176,8304,656,25528,0.7694719074029419,18683,0.6211008553886077,1,0,1,1,False,10,False,enhanced_local,IA1
standard,email_eu_core,email-Eu-core,communication,2,ia2,0.7496172572070822,0.9504642404523356,0.6962864721485411,0.6962864721485411,0.6962864721485411,0.7239045343377941,3016,3016,30160,33176,8293,657,25540,0.7698336146612008,18683,0.2349350125027785,1,0,1,1,False,10,False,enhanced_local,IA2
standard,email_eu_core,email-Eu-core,communication,2,ja,0.6530976520545047,0.9337928648885871,0.6240053050397878,0.6240053050397878,0.6240053050397878,0.6436445044438375,3016,3016,30160,33176,2059,1120,32237,0.9716964070412346,18683,0.0901639344262295,6,5,1,2,True,10,False,local_similarity,JA
standard,email_eu_core,email-Eu-core,communication,2,lit,0.7401476703661769,0.9476963654057228,0.6763925729442971,0.6763925729442971,0.6763925729442971,0.7068560333588132,3016,3016,30160,33176,13988,293,19481,0.5872015915119363,18718,0.1405278470300675,1,0,1,1,False,10,False,enhanced_local,LIT-i2
standard,email_eu_core,email-Eu-core,communication,2,llhn,0.2626682051203415,0.8530323409983185,0.3076923076923077,0.3076923076923077,0.3076923076923077,0.2899788228756618,3016,3016,30160,33176,4527,1733,30382,0.9157824933687002,18683,0.0072463768115942,31,5,26,22,True,10,False,local_similarity,LLHN
standard,email_eu_core,email-Eu-core,communication,2,lnb_aa,0.7419592230045516,0.950526975054352,0.6923076923076923,0.6923076923076923,0.6923076923076923,0.7187704748950353,3016,3016,30160,33176,8757,773,25192,0.7593441041716904,18683,4.162541820085181,1,0,1,1,False,10,False,local_bayesian,LNB-AA
standard,email_eu_core,email-Eu-core,communication,2,lnb_cn,0.7259820012717455,0.9482666824680396,0.6813660477453581,0.6813660477453581,0.6813660477453581,0.7078344178163748,3016,3016,30160,33176,8753,772,25195,0.7594345309862551,18683,16.889601866326057,1,0,1,1,False,10,False,local_bayesian,LNB-CN
standard,email_eu_core,email-Eu-core,communication,2,lnb_ra,0.7505532363212304,0.951546603349774,0.6972811671087533,0.6972811671087533,0.6972811671087533,0.7242781527660125,3016,3016,30160,33176,8757,773,25192,0.7593441041716904,18683,0.3211506309710069,1,0,1,1,False,10,False,local_bayesian,LNB-RA
standard,email_eu_core,email-Eu-core,communication,2,lpi,0.7016893415912308,0.9473882331367984,0.6671087533156499,0.6671087533156499,0.6671087533156499,0.6930407031267295,3016,3016,30160,33176,5118,1873,29931,0.9021883289124668,3193,7.66,1,1,0,1,False,10,False,quasi_local_path,LPI-beta-0.001
standard,email_eu_core,email-Eu-core,communication,2,lrw,0.7185211945631944,0.9516783113843762,0.6773872679045093,0.6773872679045093,0.6773872679045093,0.7020772363658957,3016,3016,30160,33176,28918,621,4879,0.1470641427537979,3210,8.41928993981641e-06,1,0,1,1,False,10,False,quasi_local_walk,LRW-l3
standard,email_eu_core,email-Eu-core,communication,2,ora_cni,0.6359637903993296,0.935396480705908,0.6064323607427056,0.6064323607427056,0.6064323607427056,0.633856832371671,3016,3016,30160,33176,28870,648,4954,0.1493248131179165,3193,4.918974311321152,1,0,1,1,False,10,False,quasi_local_path,ORA-CNI-beta-0.001
standard,email_eu_core,email-Eu-core,communication,2,pa,0.4726224813001043,0.8701978484334655,0.4602122015915119,0.4602122015915119,0.4602122015915119,0.4943649685599623,3016,3016,30160,33176,2650,1853,32379,0.9759766095972991,356,2414.0,9,1,8,5,True,10,False,degree_based,PA
standard,email_eu_core,email-Eu-core,communication,2,pfp,0.5911489924839226,0.931630002497731,0.5848806366047745,0.5848806366047745,0.5848806366047745,0.6010863925645208,3016,3016,30160,33176,29742,220,3654,0.1101398601398601,3193,0.0063847322982232,1,0,1,1,False,10,False,quasi_local_walk,PFP-l3
standard,email_eu_core,email-Eu-core,communication,2,ra,0.7508900605756884,0.9517855478121988,0.7039124668435013,0.7039124668435013,0.7039124668435013,0.7294812919156755,3016,3016,30160,33176,8185,695,25686,0.7742343863033518,18683,0.1283349945291095,1,0,1,1,False,10,False,local_similarity,RA
standard,email_eu_core,email-Eu-core,communication,2,ra_cni,0.6359613711374956,0.935395975003342,0.6064323607427056,0.6064323607427056,0.6064323607427056,0.6338566094904331,3016,3016,30160,33176,28744,693,5125,0.154479141548107,3204,4.918845559825608,1,0,1,1,False,10,False,enhanced_local,RA-CNI
standard,email_eu_core,email-Eu-core,communication,2,sa,0.6472284804700601,0.9353999931400347,0.6273209549071618,0.6273209549071618,0.6273209549071618,0.6439329009782865,3016,3016,30160,33176,6223,2041,28994,0.8739450204967446,18683,0.1943112176768713,1,1,0,1,False,10,False,local_similarity,SA
standard,email_eu_core,email-Eu-core,communication,2,so,0.6530976520545047,0.9337928648885871,0.6240053050397878,0.6240053050397878,0.6240053050397878,0.6436445044438375,3016,3016,30160,33176,2059,1120,32237,0.9716964070412346,18683,0.1654135338345864,6,5,1,2,True,10,False,local_similarity,SO
standard,email_eu_core,email-Eu-core,communication,2,srw,0.7515150517665148,0.957738683915668,0.7032493368700266,0.7032493368700266,0.7032493368700266,0.7279756221400219,3016,3016,30160,33176,28942,618,4852,0.1462503014227152,3193,1.8361360444430832e-05,1,0,1,1,False,10,False,quasi_local_walk,SRW-l3
standard,email_eu_core,email-Eu-core,communication,3,aa,0.9460111561120136,0.9487353917919636,0.8826259946949602,0.8826259946949602,0.8826259946949603,0.8964223407044978,3016,3016,3016,6032,3543,139,2628,0.4356763925729442,1925,0.7306739862502561,1,0,1,1,False,1,True,local_similarity,AA
standard,email_eu_core,email-Eu-core,communication,3,car_aa,0.9233951619683838,0.9252760696268882,0.876657824933687,0.876657824933687,0.8766578249336872,0.8910873364368674,3016,3016,3016,6032,3227,50,2855,0.4733090185676392,2744,0.6335267430053004,1,1,0,1,False,1,True,enhanced_local,CAR-AA
standard,email_eu_core,email-Eu-core,communication,3,car_cn,0.9203042926340342,0.9237246071350672,0.876657824933687,0.876657824933687,0.8766578249336872,0.8908126275714261,3016,3016,3016,6032,923,381,5490,0.9101458885941645,2744,4.0,20,7,13,1,True,1,True,enhanced_local,CAR-CN
standard,email_eu_core,email-Eu-core,communication,3,car_ra,0.929146370225418,0.9286481712915732,0.8839522546419099,0.8839522546419099,0.88395225464191,0.8980250703769108,3016,3016,3016,6032,3225,52,2859,0.4739721485411141,2744,0.042084942084942,1,0,1,1,False,1,True,enhanced_local,CAR-RA
standard,email_eu_core,email-Eu-core,communication,3,cn,0.9345116077844572,0.9437412491469016,0.8753315649867374,0.8753315649867374,0.8753315649867374,0.8896400543163172,3016,3016,3016,6032,74,56,6014,0.9970159151193634,1925,3.0,250,120,130,103,True,1,True,local_similarity,CN
standard,email_eu_core,email-Eu-core,communication,3,fl,0.9420984831941344,0.9465435559421368,0.8726790450928382,0.8726790450928382,0.8726790450928382,0.8872879932738884,3016,3016,3016,6032,3231,626,3427,0.5681366047745358,323,0.0031278688931345,2,1,1,1,True,1,True,quasi_local_path,FL-l3
standard,email_eu_core,email-Eu-core,communication,3,fsw,0.938936944326052,0.9417298721583914,0.8687002652519894,0.8687002652519894,0.8687002652519894,0.8840837538897275,3016,3016,3016,6032,2712,494,3814,0.6322944297082228,1925,0.0197447153372855,73,29,44,55,True,1,True,enhanced_local,FSW
standard,email_eu_core,email-Eu-core,communication,3,hdi,0.9144643501890884,0.923262164125548,0.8454907161803713,0.8454907161803713,0.8454907161803713,0.8615725784109405,3016,3016,3016,6032,1215,721,5538,0.918103448275862,1925,0.0551724137931034,1,1,0,1,False,1,True,local_similarity,HDI
standard,email_eu_core,email-Eu-core,communication,3,hpi,0.8440287266383155,0.9098701707603656,0.8527851458885941,0.8527851458885941,0.8527851458885941,0.8465336111274933,3016,3016,3016,6032,786,457,5703,0.9454575596816976,1925,0.1904761904761904,14,9,5,3,True,1,True,local_similarity,HPI
standard,email_eu_core,email-Eu-core,communication,3,ia1,0.951730637453994,0.952640954696086,0.8892572944297082,0.8892572944297082,0.8892572944297082,0.9027070007420532,3016,3016,3016,6032,3550,134,2616,0.4336870026525199,1925,0.1466781272120538,1,0,1,1,False,1,True,enhanced_local,IA1
standard,email_eu_core,email-Eu-core,communication,3,ia2,0.950939295199398,0.9519734273089938,0.8905835543766578,0.8905835543766578,0.8905835543766578,0.9037542237921006,3016,3016,3016,6032,3550,134,2616,0.4336870026525199,1925,0.0624101927553216,1,0,1,1,False,1,True,enhanced_local,IA2
standard,email_eu_core,email-Eu-core,communication,3,ja,0.922887979184341,0.9310002928677468,0.8561007957559682,0.8561007957559682,0.8561007957559682,0.8713004189226543,3016,3016,3016,6032,1636,709,5105,0.8463196286472149,1925,0.0421052631578947,3,3,0,1,True,1,True,local_similarity,JA
standard,email_eu_core,email-Eu-core,communication,3,lit,0.9445968929683228,0.9469710395133996,0.8836206896551724,0.8836206896551724,0.8836206896551724,0.8971534230958208,3016,3016,3016,6032,4089,14,1957,0.3244363395225464,1929,0.0499484465482222,1,1,0,1,False,1,True,enhanced_local,LIT-i2
standard,email_eu_core,email-Eu-core,communication,3,llhn,0.7706399771981955,0.8561410320905657,0.78315649867374,0.78315649867374,0.7831564986737399,0.7741424082818784,3016,3016,3016,6032,2617,640,4055,0.6722480106100795,1925,0.0023923444976076,2,1,1,2,False,1,True,local_similarity,LLHN
standard,email_eu_core,email-Eu-core,communication,3,lnb_aa,0.94924172386271,0.95110609244067,0.8859416445623343,0.8859416445623343,0.8859416445623343,0.8995810581250858,3016,3016,3016,6032,3679,150,2503,0.4149535809018567,1925,1.6079320317953898,1,0,1,1,False,1,True,local_bayesian,LNB-AA
standard,email_eu_core,email-Eu-core,communication,3,lnb_cn,0.9455449695578936,0.9483785966445976,0.8803050397877984,0.8803050397877984,0.8803050397877984,0.8944056624929582,3016,3016,3016,6032,3679,150,2503,0.4149535809018567,1925,6.662612186061399,1,0,1,1,False,1,True,local_bayesian,LNB-CN
standard,email_eu_core,email-Eu-core,communication,3,lnb_ra,0.9514334357161732,0.9528078915105292,0.8902519893899205,0.8902519893899205,0.8902519893899205,0.9034590202318364,3016,3016,3016,6032,3679,150,2503,0.4149535809018567,1925,0.1105313027904985,1,0,1,1,False,1,True,local_bayesian,LNB-RA
standard,email_eu_core,email-Eu-core,communication,3,lpi,0.9420986699649032,0.9465436658774774,0.8726790450928382,0.8726790450928382,0.8726790450928382,0.8872881359477289,3016,3016,3016,6032,3226,631,3437,0.5697944297082228,323,3.153,2,1,1,1,True,1,True,quasi_local_path,LPI-beta-0.001
standard,email_eu_core,email-Eu-core,communication,3,lrw,0.9500786167365034,0.9525337677391664,0.8826259946949602,0.8826259946949602,0.8826259946949603,0.8965520191305015,3016,3016,3016,6032,5692,15,355,0.0588527851458886,326,3.356945210558123e-06,1,1,0,1,False,1,True,quasi_local_walk,LRW-l3
standard,email_eu_core,email-Eu-core,communication,3,ora_cni,0.9305924858927432,0.9370337092535654,0.8650530503978779,0.8650530503978779,0.8650530503978779,0.8795736276968396,3016,3016,3016,6032,5693,17,356,0.0590185676392572,323,2.0732845402907687,1,1,0,1,False,1,True,quasi_local_path,ORA-CNI-beta-0.001
standard,email_eu_core,email-Eu-core,communication,3,pa,0.8649689384686515,0.8707828253734283,0.78315649867374,0.78315649867374,0.7831564986737399,0.8040692821464369,3016,3016,3016,6032,2002,1101,5131,0.8506299734748011,48,800.0,5,5,0,5,False,1,True,degree_based,PA
standard,email_eu_core,email-Eu-core,communication,3,pfp,0.91826406204562,0.9310904398468997,0.8570954907161804,0.8570954907161804,0.8570954907161804,0.8706920699498661,3016,3016,3016,6032,5708,3,327,0.0542108753315649,323,0.0025798143728929,1,0,1,1,False,1,True,quasi_local_walk,PFP-l3
standard,email_eu_core,email-Eu-core,communication,3,ra,0.9515638275580556,0.9529537207396096,0.8902519893899205,0.8902519893899205,0.8902519893899205,0.9034665407954748,3016,3016,3016,6032,3538,137,2631,0.4361737400530504,1925,0.0483695839628043,1,1,0,1,False,1,True,local_similarity,RA
standard,email_eu_core,email-Eu-core,communication,3,ra_cni,0.9305917426519604,0.9370330496415228,0.8650530503978779,0.8650530503978779,0.8650530503978779,0.8795735628576818,3016,3016,3016,6032,5688,20,364,0.0603448275862069,325,2.073247474921394,1,1,0,1,False,1,True,enhanced_local,RA-CNI
standard,email_eu_core,email-Eu-core,communication,3,sa,0.9240166048514902,0.9331777271879772,0.8624005305039788,0.8624005305039788,0.8624005305039788,0.8764908753978057,3016,3016,3016,6032,3237,521,3316,0.5497347480106101,1925,0.1054092553389459,12,4,8,7,True,1,True,local_similarity,SA
standard,email_eu_core,email-Eu-core,communication,3,so,0.922887979184341,0.9310002928677468,0.8561007957559682,0.8561007957559682,0.8561007957559682,0.8713004189226543,3016,3016,3016,6032,1636,709,5105,0.8463196286472149,1925,0.0808080808080808,3,3,0,1,True,1,True,local_similarity,SO
standard,email_eu_core,email-Eu-core,communication,3,srw,0.9564793411875098,0.9588159678003784,0.8942307692307693,0.8942307692307693,0.8942307692307693,0.9069028773322813,3016,3016,3016,6032,5695,15,352,0.0583554376657824,323,7.254451766937742e-06,1,0,1,1,False,1,True,quasi_local_walk,SRW-l3
standard,email_eu_core,email-Eu-core,communication,3,aa,0.8200791231326823,0.9488529456514856,0.7509946949602122,0.7509946949602122,0.7509946949602123,0.7754143580249359,3016,3016,15080,18096,5755,383,12724,0.7031388152077808,9360,1.4191340800122294,1,0,1,1,False,5,False,local_similarity,AA
standard,email_eu_core,email-Eu-core,communication,3,car_aa,0.7906332045488493,0.9250390710199892,0.7473474801061007,0.7473474801061007,0.7473474801061009,0.7711946333303954,3016,3016,15080,18096,4959,242,13379,0.7393346595932803,12661,3.334989076983926,1,0,1,1,False,5,False,enhanced_local,CAR-AA
standard,email_eu_core,email-Eu-core,communication,3,car_cn,0.7807629053491472,0.9234398636098192,0.7410477453580901,0.7410477453580901,0.7410477453580901,0.7649161784905084,3016,3016,15080,18096,957,412,17551,0.9698828470380194,12661,42.0,53,18,35,42,True,5,False,enhanced_local,CAR-CN
standard,email_eu_core,email-Eu-core,communication,3,car_ra,0.8121182987581341,0.9283987170106032,0.7546419098143236,0.7546419098143236,0.7546419098143236,0.7800790180454148,3016,3016,15080,18096,4956,244,13384,0.7396109637488948,12661,0.2099350649350649,1,0,1,1,False,5,False,enhanced_local,CAR-RA
standard,email_eu_core,email-Eu-core,communication,3,cn,0.7873747401310083,0.9435245555973798,0.7387267904509284,0.7387267904509284,0.7387267904509284,0.7629591813269735,3016,3016,15080,18096,74,56,18078,0.9990053050397878,9360,6.0,364,163,201,203,True,5,False,local_similarity,CN
standard,email_eu_core,email-Eu-core,communication,3,fl,0.7988624328671518,0.94626218743184,0.7320954907161804,0.7320954907161804,0.7320954907161805,0.7569763585869824,3016,3016,15080,18096,4283,1298,15111,0.8350464190981433,1577,0.0062262734784011,4,1,3,4,False,5,False,quasi_local_path,FL-l3
standard,email_eu_core,email-Eu-core,communication,3,fsw,0.8031540327188491,0.9419678381962864,0.7304376657824934,0.7304376657824934,0.7304376657824934,0.7569659853249048,3016,3016,15080,18096,3809,859,15146,0.8369805481874447,9360,0.0532417942685231,1,0,1,1,False,5,False,enhanced_local,FSW
standard,email_eu_core,email-Eu-core,communication,3,hdi,0.7365706638069331,0.9245646890324986,0.6753978779840849,0.6753978779840849,0.6753978779840849,0.7026620213806197,3016,3016,15080,18096,1294,857,17659,0.9758510167992926,9360,0.1,77,20,57,33,True,5,False,local_similarity,HDI
standard,email_eu_core,email-Eu-core,communication,3,hpi,0.54366556743524,0.9086674011813212,0.6130636604774535,0.6130636604774535,0.6130636604774535,0.5897189623462382,3016,3016,15080,18096,868,536,17764,0.9816534040671973,9360,0.3142857142857143,7,6,1,6,True,5,False,local_similarity,HPI
standard,email_eu_core,email-Eu-core,communication,3,ia1,0.8393305857747431,0.9528124318400888,0.7629310344827587,0.7629310344827587,0.7629310344827587,0.7876645360914676,3016,3016,15080,18096,5808,355,12643,0.6986626878868258,9360,0.4099063222909995,1,1,0,1,False,5,False,enhanced_local,IA1
standard,email_eu_core,email-Eu-core,communication,3,ia2,0.8367073617851086,0.9521931001062416,0.7596153846153846,0.7596153846153846,0.7596153846153846,0.784586093247694,3016,3016,15080,18096,5811,353,12638,0.6983863837312113,9360,0.1527392977392977,1,0,1,1,False,5,False,enhanced_local,IA2
standard,email_eu_core,email-Eu-core,communication,3,ja,0.7550437864463484,0.9316828484158758,0.6939655172413793,0.6939655172413793,0.6939655172413793,0.7150419552952061,3016,3016,15080,18096,1858,946,17184,0.9496021220159152,9360,0.0735294117647058,4,2,2,3,True,5,False,local_similarity,JA
standard,email_eu_core,email-Eu-core,communication,3,lit,0.8189051790836065,0.9472899619359876,0.7476790450928382,0.7476790450928382,0.7476790450928382,0.7726401624698958,3016,3016,15080,18096,8527,124,9693,0.5356432360742706,9371,0.1095756664955112,1,0,1,1,False,5,False,enhanced_local,LIT-i2
standard,email_eu_core,email-Eu-core,communication,3,llhn,0.4087254984296073,0.8516003617312442,0.4492705570291777,0.4492705570291777,0.4492705570291777,0.4326300337063138,3016,3016,15080,18096,3670,1242,15668,0.8658267020335986,9360,0.0048076923076923,23,3,20,14,True,5,False,local_similarity,LLHN
standard,email_eu_core,email-Eu-core,communication,3,lnb_aa,0.83145938990483,0.9513631872278,0.7592838196286472,0.7592838196286472,0.7592838196286472,0.7836412483824379,3016,3016,15080,18096,6141,448,12403,0.6854000884173298,9360,3.2099816877381446,1,1,0,1,False,5,False,local_bayesian,LNB-AA
standard,email_eu_core,email-Eu-core,communication,3,lnb_cn,0.8180614587881174,0.9484805286922444,0.7513262599469496,0.7513262599469496,0.7513262599469496,0.7754129441229923,3016,3016,15080,18096,6141,448,12403,0.6854000884173298,9360,13.14329572964442,1,0,1,1,False,5,False,local_bayesian,LNB-CN
standard,email_eu_core,email-Eu-core,communication,3,lnb_ra,0.8420971688482894,0.9535068823920524,0.763262599469496,0.763262599469496,0.763262599469496,0.7882586043668164,3016,3016,15080,18096,6141,448,12403,0.6854000884173298,9360,0.2407078682196755,1,1,0,1,False,5,False,local_bayesian,LNB-RA
standard,email_eu_core,email-Eu-core,communication,3,lpi,0.7988579743169651,0.9462622094189082,0.7320954907161804,0.7320954907161804,0.7320954907161805,0.7569755213663375,3016,3016,15080,18096,4278,1303,15121,0.8355990274093722,1577,6.249,4,1,3,4,False,5,False,quasi_local_path,LPI-beta-0.001
standard,email_eu_core,email-Eu-core,communication,3,lrw,0.8235255215217865,0.952042961411816,0.748342175066313,0.748342175066313,0.748342175066313,0.7734926205753853,3016,3016,15080,18096,16188,220,2128,0.1175950486295313,1585,6.574086633302378e-06,1,0,1,1,False,5,False,quasi_local_walk,LRW-l3
standard,email_eu_core,email-Eu-core,communication,3,ora_cni,0.7599470984460769,0.9362031037824792,0.6939655172413793,0.6939655172413793,0.6939655172413793,0.7204754904632591,3016,3016,15080,18096,16146,244,2194,0.1212422634836428,1577,3.816430547967908,1,1,0,1,False,5,False,quasi_local_path,ORA-CNI-beta-0.001
standard,email_eu_core,email-Eu-core,communication,3,pa,0.6144055700887128,0.870711455350421,0.5553713527851459,0.5553713527851459,0.5553713527851459,0.5904789301534564,3016,3016,15080,18096,2397,1603,17302,0.9561229000884174,203,1782.0,12,5,7,1,True,5,False,degree_based,PA
standard,email_eu_core,email-Eu-core,communication,3,pfp,0.728422682452611,0.9315414715680824,0.6833554376657824,0.6833554376657824,0.6833554376657824,0.7058606798086564,3016,3016,15080,18096,16451,65,1710,0.0944960212201591,1577,0.0050056614125459,1,0,1,1,False,5,False,quasi_local_walk,PFP-l3
standard,email_eu_core,email-Eu-core,communication,3,ra,0.842564812026522,0.9535234936219914,0.7669098143236074,0.7669098143236074,0.7669098143236074,0.7913768175712083,3016,3016,15080,18096,5738,386,12744,0.7042440318302388,9360,0.0986192552656324,1,0,1,1,False,5,False,local_similarity,RA
standard,email_eu_core,email-Eu-core,communication,3,ra_cni,0.7599462537964758,0.9362027300023218,0.6939655172413793,0.6939655172413793,0.6939655172413793,0.7204754270964016,3016,3016,15080,18096,16100,265,2261,0.1249447391688771,1587,3.8162886993494793,1,1,0,1,False,5,False,enhanced_local,RA-CNI
standard,email_eu_core,email-Eu-core,communication,3,sa,0.7536626522052754,0.933865900432002,0.6962864721485411,0.6962864721485411,0.6962864721485411,0.7158923333794622,3016,3016,15080,18096,4864,1315,14547,0.8038793103448276,9360,0.1661494321471394,1,1,0,1,False,5,False,local_similarity,SA
standard,email_eu_core,email-Eu-core,communication,3,so,0.7550437864463484,0.9316828484158758,0.6939655172413793,0.6939655172413793,0.6939655172413793,0.7150419552952061,3016,3016,15080,18096,1858,946,17184,0.9496021220159152,9360,0.136986301369863,4,2,2,3,True,5,False,local_similarity,SO
standard,email_eu_core,email-Eu-core,communication,3,srw,0.8464486519309964,0.9588997385297864,0.7685676392572944,0.7685676392572944,0.7685676392572943,0.7927055325035758,3016,3016,15080,18096,16200,216,2112,0.1167108753315649,1577,1.4348342162524556e-05,1,0,1,1,False,5,False,quasi_local_walk,SRW-l3
standard,email_eu_core,email-Eu-core,communication,3,aa,0.7254496986211376,0.949861739819108,0.6727453580901857,0.6727453580901857,0.6727453580901857,0.7000488311376166,3016,3016,30160,33176,8134,680,25722,0.7753195080781288,18817,1.8154869824582804,1,0,1,1,False,10,False,local_similarity,AA
standard,email_eu_core,email-Eu-core,communication,3,car_aa,0.6985416340610222,0.9259041357235328,0.6631299734748011,0.6631299734748011,0.6631299734748011,0.6911342909040775,3016,3016,30160,33176,6850,470,26796,0.8076923076923077,25225,5.757884333100109,1,0,1,1,False,10,False,enhanced_local,CAR-AA
standard,email_eu_core,email-Eu-core,communication,3,car_cn,0.6845098656405894,0.9244129232950348,0.6568302387267905,0.6568302387267905,0.6568302387267905,0.6839396866620163,3016,3016,30160,33176,997,443,32622,0.9833011815770436,25225,91.0,32,16,16,24,True,10,False,enhanced_local,CAR-CN
standard,email_eu_core,email-Eu-core,communication,3,car_ra,0.7306984833272178,0.9290648152382692,0.6856763925729443,0.6856763925729443,0.6856763925729443,0.7144237001978664,3016,3016,30160,33176,6846,471,26801,0.8078430190499156,25225,0.374063410274947,1,1,0,1,False,10,False,enhanced_local,CAR-RA
standard,email_eu_core,email-Eu-core,communication,3,cn,0.6839341442041905,0.9447318160350808,0.6555039787798409,0.6555039787798409,0.6555039787798409,0.6824582153950572,3016,3016,30160,33176,76,56,33156,0.9993971545695683,18817,8.0,361,158,203,342,True,10,False,local_similarity,CN
standard,email_eu_core,email-Eu-core,communication,3,fl,0.6950294364142855,0.9474918581886878,0.6535145888594165,0.6535145888594165,0.6535145888594165,0.680255215598996,3016,3016,30160,33176,5099,1829,29906,0.9014347721244272,3201,0.0082086527884607,1,1,0,1,False,10,False,quasi_local_path,FL-l3
standard,email_eu_core,email-Eu-core,communication,3,fsw,0.7065359902944601,0.942988400942102,0.648209549071618,0.648209549071618,0.648209549071618,0.6770541956870678,3016,3016,30160,33176,4822,1230,29584,0.8917289606944779,18817,0.0728066982162358,1,1,0,1,False,10,False,enhanced_local,FSW
standard,email_eu_core,email-Eu-core,communication,3,hdi,0.618451291114218,0.925892949802644,0.5852122015915119,0.5852122015915119,0.5852122015915119,0.6121899596573794,3016,3016,30160,33176,1341,947,32782,0.9881239450204968,18817,0.1238938053097345,2,1,1,1,True,10,False,local_similarity,HDI
standard,email_eu_core,email-Eu-core,communication,3,hpi,0.3830528186410266,0.9095900280291144,0.4728116710875331,0.4728116710875331,0.4728116710875331,0.4425288315109366,3016,3016,30160,33176,919,591,32848,0.9901133349409212,18817,0.3809523809523809,12,5,7,2,True,10,False,local_similarity,HPI
standard,email_eu_core,email-Eu-core,communication,3,ia1,0.7542883178286327,0.9535283967381746,0.6916445623342176,0.6916445623342176,0.6916445623342176,0.7199114978002623,3016,3016,30160,33176,8254,637,25559,0.7704063178201109,18817,0.6353093682172666,1,0,1,1,False,10,False,enhanced_local,IA1
standard,email_eu_core,email-Eu-core,communication,3,ia2,0.7491747578465249,0.952732965079259,0.6906498673740054,0.6906498673740054,0.6906498673740054,0.7183064375039273,3016,3016,30160,33176,8253,637,25560,0.7704364600916325,18817,0.2401047726181212,1,0,1,1,False,10,False,enhanced_local,IA2
standard,email_eu_core,email-Eu-core,communication,3,ja,0.6411100023675025,0.9327850271584264,0.6177055702917772,0.6177055702917772,0.6177055702917772,0.6373803926773648,3016,3016,30160,33176,2015,1096,32257,0.9722992524716664,18817,0.0909090909090909,73,20,53,36,True,10,False,local_similarity,JA
standard,email_eu_core,email-Eu-core,communication,3,lit,0.7274083278279181,0.948203442163457,0.6671087533156499,0.6671087533156499,0.6671087533156499,0.696199911448952,3016,3016,30160,33176,13734,316,19758,0.5955510007234145,18838,0.1415668945576629,1,0,1,1,False,10,False,enhanced_local,LIT-i2
standard,email_eu_core,email-Eu-core,communication,3,llhn,0.260508049193955,0.85278332645871,0.3023872679045092,0.3023872679045092,0.3023872679045092,0.2850821300323068,3016,3016,30160,33176,4450,1728,30454,0.9179527369182542,18817,0.0072463768115942,18,1,17,11,True,10,False,local_similarity,LLHN
standard,email_eu_core,email-Eu-core,communication,3,lnb_aa,0.7419522139106599,0.9522478204219406,0.6853448275862069,0.6853448275862069,0.6853448275862069,0.7126667881322413,3016,3016,30160,33176,8762,793,25207,0.7597962382445141,18817,4.223502814189254,1,0,1,1,False,10,False,local_bayesian,LNB-AA
standard,email_eu_core,email-Eu-core,communication,3,lnb_cn,0.7229832100065271,0.9495464782433564,0.6674403183023873,0.6674403183023873,0.6674403183023873,0.6952388689096364,3016,3016,30160,33176,8762,793,25207,0.7597962382445141,18817,17.088663514388518,1,0,1,1,False,10,False,local_bayesian,LNB-CN
standard,email_eu_core,email-Eu-core,communication,3,lnb_ra,0.7552985166218125,0.9539785214927988,0.6952917771883289,0.6952917771883289,0.6952917771883289,0.722870336318101,3016,3016,30160,33176,8762,793,25207,0.7597962382445141,18817,0.3159349443539272,1,0,1,1,False,10,False,local_bayesian,LNB-RA
standard,email_eu_core,email-Eu-core,communication,3,lpi,0.6950258568713508,0.947491902162824,0.6535145888594165,0.6535145888594165,0.6535145888594165,0.6802545661193045,3016,3016,30160,33176,5094,1834,29916,0.9017361948396432,3201,8.152,1,1,0,1,False,10,False,quasi_local_path,LPI-beta-0.001
standard,email_eu_core,email-Eu-core,communication,3,lrw,0.7279164115683917,0.9527512967972755,0.6724137931034483,0.6724137931034483,0.6724137931034483,0.6997185840045405,3016,3016,30160,33176,28972,591,4795,0.144532191945985,3216,8.448014503560466e-06,1,0,1,1,False,10,False,quasi_local_walk,LRW-l3
standard,email_eu_core,email-Eu-core,communication,3,ora_cni,0.6414144707922277,0.93720588448698,0.600132625994695,0.600132625994695,0.600132625994695,0.6292323639117398,3016,3016,30160,33176,28875,623,4924,0.1484205449722691,3201,4.826225732295713,1,0,1,1,False,10,False,quasi_local_path,ORA-CNI-beta-0.001
standard,email_eu_core,email-Eu-core,communication,3,pa,0.4825422315251682,0.8725314678918448,0.4595490716180371,0.4595490716180371,0.4595490716180371,0.4961763944506838,3016,3016,30160,33176,2618,1864,32422,0.9772727272727272,371,2409.0,2,0,2,1,True,10,False,degree_based,PA
standard,email_eu_core,email-Eu-core,communication,3,pfp,0.5909435553581397,0.9322649505466865,0.5838859416445623,0.5838859416445623,0.5838859416445623,0.6011721930435714,3016,3016,30160,33176,29747,201,3630,0.1094164456233421,3201,0.0064538025048741,1,0,1,1,False,10,False,quasi_local_walk,PFP-l3
standard,email_eu_core,email-Eu-core,communication,3,ra,0.7560897894485258,0.954034055330017,0.6946286472148541,0.6946286472148541,0.6946286472148541,0.7222840021026987,3016,3016,30160,33176,8095,690,25771,0.7767964793826863,18817,0.1274094968190483,1,0,1,1,False,10,False,local_similarity,RA
standard,email_eu_core,email-Eu-core,communication,3,ra_cni,0.6414125722296109,0.9372053018296758,0.600132625994695,0.600132625994695,0.600132625994695,0.6292322776237242,3016,3016,30160,33176,28761,660,5075,0.1529720279720279,3216,4.826121384275929,1,0,1,1,False,10,False,enhanced_local,RA-CNI
standard,email_eu_core,email-Eu-core,communication,3,sa,0.6352146484957759,0.9348821537124724,0.6114058355437666,0.6114058355437666,0.6114058355437666,0.6298877759831549,3016,3016,30160,33176,6107,2018,29087,0.8767482517482518,18817,0.1951800145897066,8,2,6,3,True,10,False,local_similarity,SA
standard,email_eu_core,email-Eu-core,communication,3,so,0.6411100023675025,0.9327850271584264,0.6177055702917772,0.6177055702917772,0.6177055702917772,0.6373803926773648,3016,3016,30160,33176,2015,1096,32257,0.9722992524716664,18817,0.1666666666666666,73,20,53,36,True,10,False,local_similarity,SO
standard,email_eu_core,email-Eu-core,communication,3,srw,0.7590117610166656,0.95945291667253,0.6962864721485411,0.6962864721485411,0.6962864721485411,0.7234028849030008,3016,3016,30160,33176,28995,586,4767,0.1436882083433807,3201,1.81687357264368e-05,1,1,0,1,False,10,False,quasi_local_walk,SRW-l3
standard,email_eu_core,email-Eu-core,communication,4,aa,0.9474022989565252,0.9490199594206672,0.8932360742705571,0.8932360742705571,0.8932360742705571,0.9056965993632832,3016,3016,3016,6032,3507,132,2657,0.4404840848806366,1995,0.68101357237605,1,0,1,1,False,1,True,local_similarity,AA
standard,email_eu_core,email-Eu-core,communication,4,car_aa,0.9275537250820444,0.9287972436131964,0.8839522546419099,0.8839522546419099,0.88395225464191,0.8976211097635863,3016,3016,3016,6032,3211,48,2869,0.475629973474801,2753,0.5321401825529405,1,1,0,1,False,1,True,enhanced_local,CAR-AA
standard,email_eu_core,email-Eu-core,communication,4,car_cn,0.9247420099402904,0.9275384839652708,0.8822944297082228,0.8822944297082228,0.8822944297082228,0.8959566610112604,3016,3016,3016,6032,926,399,5505,0.912632625994695,2753,3.0,97,55,42,19,True,1,True,enhanced_local,CAR-CN
standard,email_eu_core,email-Eu-core,communication,4,car_ra,0.9324222150532692,0.9320781539129944,0.886604774535809,0.886604774535809,0.886604774535809,0.9004904535826761,3016,3016,3016,6032,3211,48,2869,0.475629973474801,2753,0.0349752258816671,1,0,1,1,False,1,True,enhanced_local,CAR-RA
standard,email_eu_core,email-Eu-core,communication,4,cn,0.9370167266723534,0.9446876824926652,0.8869363395225465,0.8869363395225465,0.8869363395225464,0.8998277422896181,3016,3016,3016,6032,69,59,6022,0.998342175066313,1995,3.0,276,145,131,159,True,1,True,local_similarity,CN
standard,email_eu_core,email-Eu-core,communication,4,fl,0.945661174554054,0.9490661322636478,0.8809681697612732,0.8809681697612732,0.8809681697612732,0.8946696192212522,3016,3016,3016,6032,3209,624,3447,0.5714522546419099,332,0.0031164967041328,1,1,0,1,False,1,True,quasi_local_path,FL-l3
standard,email_eu_core,email-Eu-core,communication,4,fsw,0.9419198616932664,0.9429491650191024,0.8743368700265252,0.8743368700265252,0.8743368700265252,0.8893641243824341,3016,3016,3016,6032,2701,467,3798,0.6296419098143236,1995,0.0184268927979068,1,0,1,1,False,1,True,enhanced_local,FSW
standard,email_eu_core,email-Eu-core,communication,4,hdi,0.918707624199062,0.925104295657466,0.8461538461538461,0.8461538461538461,0.8461538461538461,0.8627474862111011,3016,3016,3016,6032,1206,705,5531,0.9169429708222812,1995,0.0526315789473684,31,13,18,4,True,1,True,local_similarity,HDI
standard,email_eu_core,email-Eu-core,communication,4,hpi,0.8476626669269246,0.9098396637033962,0.8494694960212201,0.8494694960212201,0.8494694960212201,0.8427529657794306,3016,3016,3016,6032,806,468,5694,0.9439655172413792,1995,0.1818181818181818,26,16,10,14,True,1,True,local_similarity,HPI
standard,email_eu_core,email-Eu-core,communication,4,ia1,0.9520440055169485,0.95204400579755,0.8945623342175066,0.8945623342175066,0.8945623342175066,0.9074081881688628,3016,3016,3016,6032,3511,129,2650,0.4393236074270557,1995,0.1305726094458488,1,0,1,1,False,1,True,enhanced_local,IA1
standard,email_eu_core,email-Eu-core,communication,4,ia2,0.9506401114682208,0.9507047734804298,0.89157824933687,0.89157824933687,0.89157824933687,0.9047598088768772,3016,3016,3016,6032,3509,129,2652,0.4396551724137931,1995,0.0588235294117647,4,0,4,2,True,1,True,enhanced_local,IA2
standard,email_eu_core,email-Eu-core,communication,4,ja,0.9264581797433744,0.9318929128643696,0.8547745358090185,0.8547745358090185,0.8547745358090185,0.8702129608311832,3016,3016,3016,6032,1613,680,5099,0.8453249336870027,1995,0.0410958904109589,6,4,2,6,False,1,True,local_similarity,JA
standard,email_eu_core,email-Eu-core,communication,4,lit,0.9463217866452274,0.9470564043052438,0.8796419098143236,0.8796419098143236,0.8796419098143236,0.8941864048547163,3016,3016,3016,6032,4025,6,2013,0.3337201591511936,2002,0.0488684222500201,1,1,0,1,False,1,True,enhanced_local,LIT-i2
standard,email_eu_core,email-Eu-core,communication,4,llhn,0.7713685157361647,0.8546251886490442,0.7887931034482759,0.7887931034482759,0.7887931034482759,0.7789029023830424,3016,3016,3016,6032,2630,599,4001,0.6632957559681698,1995,0.00234375,1,0,1,1,False,1,True,local_similarity,LLHN
standard,email_eu_core,email-Eu-core,communication,4,lnb_aa,0.9502873825780744,0.951207232953866,0.8958885941644562,0.8958885941644562,0.8958885941644562,0.9082750734877516,3016,3016,3016,6032,3622,121,2531,0.4195954907161803,1995,1.5227338019736094,1,0,1,1,False,1,True,local_bayesian,LNB-AA
standard,email_eu_core,email-Eu-core,communication,4,lnb_cn,0.947321736575586,0.948987198689219,0.8922413793103449,0.8922413793103449,0.8922413793103449,0.904844079019274,3016,3016,3016,6032,3621,122,2533,0.4199270557029178,1995,6.276931427169517,1,0,1,1,False,1,True,local_bayesian,LNB-CN
standard,email_eu_core,email-Eu-core,communication,4,lnb_ra,0.9517999461595272,0.9522827303892942,0.894893899204244,0.894893899204244,0.894893899204244,0.9076146268774036,3016,3016,3016,6032,3622,121,2531,0.4195954907161803,1995,0.1001021504154012,1,0,1,1,False,1,True,local_bayesian,LNB-RA
standard,email_eu_core,email-Eu-core,communication,4,lpi,0.9456499328928992,0.9490634938154776,0.8809681697612732,0.8809681697612732,0.8809681697612732,0.8946677763014977,3016,3016,3016,6032,3204,629,3457,0.5731100795755968,332,3.131,1,1,0,1,False,1,True,quasi_local_path,LPI-beta-0.001
standard,email_eu_core,email-Eu-core,communication,4,lrw,0.9509048613974754,0.9546991641396196,0.8895888594164456,0.8895888594164456,0.8895888594164456,0.9023740676184024,3016,3016,3016,6032,5683,18,367,0.0608421750663129,333,3.2996755948743626e-06,1,0,1,1,False,1,True,quasi_local_walk,LRW-l3
standard,email_eu_core,email-Eu-core,communication,4,ora_cni,0.9318918131539918,0.9392456083030204,0.8693633952254642,0.8693633952254642,0.8693633952254642,0.8832472044059517,3016,3016,3016,6032,5685,17,364,0.0603448275862069,332,1.981604329694603,1,1,0,1,False,1,True,quasi_local_path,ORA-CNI-beta-0.001
standard,email_eu_core,email-Eu-core,communication,4,pa,0.8655106940646581,0.8743872204124422,0.7844827586206896,0.7844827586206896,0.7844827586206896,0.8048647634392123,3016,3016,3016,6032,2059,1075,5048,0.8368700265251989,38,768.0,7,3,4,2,True,1,True,degree_based,PA
standard,email_eu_core,email-Eu-core,communication,4,pfp,0.9236469614900286,0.9312473725453636,0.8544429708222812,0.8544429708222812,0.8544429708222812,0.8697927499191591,3016,3016,3016,6032,5698,4,338,0.0560344827586206,332,0.0025109506444838,1,0,1,1,False,1,True,quasi_local_walk,PFP-l3
standard,email_eu_core,email-Eu-core,communication,4,ra,0.9514735089140668,0.9521867018694284,0.894893899204244,0.894893899204244,0.894893899204244,0.9075531465325702,3016,3016,3016,6032,3505,133,2660,0.4409814323607427,1995,0.0437596583545529,1,1,0,1,False,1,True,local_similarity,RA
standard,email_eu_core,email-Eu-core,communication,4,ra_cni,0.931891357482919,0.9392452235293288,0.8693633952254642,0.8693633952254642,0.8693633952254642,0.8832471589260078,3016,3016,3016,6032,5683,17,366,0.0606763925729443,333,1.9815596316888315,1,1,0,1,False,1,True,enhanced_local,RA-CNI
standard,email_eu_core,email-Eu-core,communication,4,sa,0.9277279746599828,0.9339740438263832,0.8597480106100795,0.8597480106100795,0.8597480106100794,0.8743894983791272,3016,3016,3016,6032,3210,514,3336,0.553050397877984,1995,0.1020620726159657,6,3,3,6,False,1,True,local_similarity,SA
standard,email_eu_core,email-Eu-core,communication,4,so,0.9264581797433744,0.9318929128643696,0.8547745358090185,0.8547745358090185,0.8547745358090185,0.8702129608311832,3016,3016,3016,6032,1613,680,5099,0.8453249336870027,1995,0.0789473684210526,6,4,2,6,False,1,True,local_similarity,SO
standard,email_eu_core,email-Eu-core,communication,4,srw,0.9575068858983056,0.9600163517825356,0.8968832891246684,0.8968832891246684,0.8968832891246684,0.9092313483368972,3016,3016,3016,6032,5684,18,366,0.0606763925729443,332,6.82536683246923e-06,1,1,0,1,False,1,True,quasi_local_walk,SRW-l3
standard,email_eu_core,email-Eu-core,communication,4,aa,0.8207353241824357,0.94700842852268,0.7539787798408488,0.7539787798408488,0.7539787798408487,0.7779602165262905,3016,3016,15080,18096,5705,392,12783,0.7063992042440318,9543,1.3654559652837894,1,0,1,1,False,5,False,local_similarity,AA
standard,email_eu_core,email-Eu-core,communication,4,car_aa,0.797658106171166,0.9273840358055008,0.7486737400530504,0.7486737400530504,0.7486737400530504,0.7730703007430395,3016,3016,15080,18096,4936,224,13384,0.7396109637488948,12709,3.2644519534764123,1,0,1,1,False,5,False,enhanced_local,CAR-AA
standard,email_eu_core,email-Eu-core,communication,4,car_cn,0.7879907483787976,0.9260975944388548,0.7413793103448276,0.7413793103448276,0.7413793103448276,0.7659091325191186,3016,3016,15080,18096,962,432,17566,0.970711759504863,12709,40.0,42,16,26,11,True,5,False,enhanced_local,CAR-CN
standard,email_eu_core,email-Eu-core,communication,4,car_ra,0.8171442400043737,0.9307163078963476,0.7645888594164456,0.7645888594164456,0.7645888594164457,0.7888956403171373,3016,3016,15080,18096,4934,225,13387,0.7397767462422635,12709,0.2021999443052074,1,1,0,1,False,5,False,enhanced_local,CAR-RA
standard,email_eu_core,email-Eu-core,communication,4,cn,0.7911655462132051,0.9425865652857616,0.7403846153846154,0.7403846153846154,0.7403846153846154,0.7646947947235695,3016,3016,15080,18096,69,59,18086,0.999447391688771,9543,6.0,338,164,174,272,True,5,False,local_similarity,CN
standard,email_eu_core,email-Eu-core,communication,4,fl,0.803626422988085,0.9468749340387956,0.7340848806366048,0.7340848806366048,0.7340848806366047,0.7590680500323471,3016,3016,15080,18096,4248,1312,15160,0.8377541998231653,1608,0.0061849200638496,1,0,1,1,False,5,False,quasi_local_path,FL-l3
standard,email_eu_core,email-Eu-core,communication,4,fsw,0.8045118627407111,0.9406616744295676,0.7387267904509284,0.7387267904509284,0.7387267904509284,0.7642360421436101,3016,3016,15080,18096,3770,860,15186,0.8391909814323607,9543,0.0512357507063752,6,2,4,2,True,5,False,enhanced_local,FSW
standard,email_eu_core,email-Eu-core,communication,4,hdi,0.7396776753929655,0.9237811248935826,0.6800397877984085,0.6800397877984085,0.6800397877984085,0.7030917895906043,3016,3016,15080,18096,1302,875,17669,0.9764036251105216,9543,0.0975609756097561,17,1,16,14,True,5,False,local_similarity,HDI
standard,email_eu_core,email-Eu-core,communication,4,hpi,0.5451820370467191,0.9067129267250176,0.6104111405835544,0.6104111405835544,0.6104111405835544,0.5884139114729108,3016,3016,15080,18096,888,548,17756,0.981211317418214,9543,0.320754716981132,5,4,1,1,True,5,False,local_similarity,HPI
standard,email_eu_core,email-Eu-core,communication,4,ia1,0.8393905818732262,0.9502449359384786,0.771551724137931,0.771551724137931,0.771551724137931,0.7951798627003247,3016,3016,15080,18096,5744,373,12725,0.7031940760389036,9543,0.4032091097308488,1,0,1,1,False,5,False,enhanced_local,IA1
standard,email_eu_core,email-Eu-core,communication,4,ia2,0.835277355960214,0.949018673177184,0.7659151193633952,0.7659151193633952,0.7659151193633951,0.7900662456668038,3016,3016,15080,18096,5741,372,12727,0.7033045977011494,9543,0.1504064270686671,2,1,1,1,True,5,False,enhanced_local,IA2
standard,email_eu_core,email-Eu-core,communication,4,ja,0.7625494145248715,0.9307334578094548,0.7029177718832891,0.7029177718832891,0.7029177718832891,0.7243416727375449,3016,3016,15080,18096,1836,928,17188,0.9498231653404068,9543,0.072463768115942,10,4,6,8,True,5,False,local_similarity,JA
standard,email_eu_core,email-Eu-core,communication,4,lit,0.8198200029960823,0.9450903646511266,0.7509946949602122,0.7509946949602122,0.7509946949602123,0.7759575377006813,3016,3016,15080,18096,8390,108,9814,0.5423297966401415,9563,0.1070209414268957,1,0,1,1,False,5,False,enhanced_local,LIT-i2
standard,email_eu_core,email-Eu-core,communication,4,llhn,0.4168929788759505,0.8531459097017499,0.4562334217506631,0.4562334217506631,0.4562334217506631,0.4421221329941916,3016,3016,15080,18096,3643,1245,15698,0.8674845269672856,9543,0.0048,1,1,0,1,False,5,False,local_similarity,LLHN
standard,email_eu_core,email-Eu-core,communication,4,lnb_aa,0.8310416018436527,0.9491666571389372,0.7606100795755968,0.7606100795755968,0.7606100795755968,0.7846682215256912,3016,3016,15080,18096,6060,466,12502,0.6908709106984969,9543,3.151115432807796,1,1,0,1,False,5,False,local_bayesian,LNB-AA
standard,email_eu_core,email-Eu-core,communication,4,lnb_cn,0.8199757931997993,0.9468866091719492,0.7519893899204244,0.7519893899204244,0.7519893899204244,0.7761842244203319,3016,3016,15080,18096,6058,466,12504,0.6909814323607427,9543,12.742481251790986,1,0,1,1,False,5,False,local_bayesian,LNB-CN
standard,email_eu_core,email-Eu-core,communication,4,lnb_ra,0.8366304356927939,0.9500808134687504,0.7712201591511937,0.7712201591511937,0.7712201591511938,0.7943797046213783,3016,3016,15080,18096,6060,466,12502,0.6908709106984969,9543,0.2366003596084211,1,1,0,1,False,5,False,local_bayesian,LNB-RA
standard,email_eu_core,email-Eu-core,communication,4,lpi,0.8036027132267209,0.946874230452617,0.7340848806366048,0.7340848806366048,0.7340848806366047,0.7590628306017297,3016,3016,15080,18096,4243,1317,15170,0.8383068081343943,1608,6.169,1,0,1,1,False,5,False,quasi_local_path,LPI-beta-0.001
standard,email_eu_core,email-Eu-core,communication,4,lrw,0.819376755019825,0.9524700712029216,0.751657824933687,0.751657824933687,0.751657824933687,0.7751149505285738,3016,3016,15080,18096,16189,198,2105,0.1163240495137046,1618,6.4616382743319325e-06,1,1,0,1,False,5,False,quasi_local_walk,LRW-l3
standard,email_eu_core,email-Eu-core,communication,4,ora_cni,0.761087868749311,0.936996012425332,0.7005968169761273,0.7005968169761273,0.7005968169761273,0.7258380043379108,3016,3016,15080,18096,16145,230,2181,0.120523872679045,1608,3.741722115799823,1,1,0,1,False,5,False,quasi_local_path,ORA-CNI-beta-0.001
standard,email_eu_core,email-Eu-core,communication,4,pa,0.6136176763622458,0.8709280389646026,0.5613395225464191,0.5613395225464191,0.5613395225464191,0.5949615125918299,3016,3016,15080,18096,2439,1548,17205,0.950762599469496,171,1728.0,13,4,9,2,True,5,False,degree_based,PA
standard,email_eu_core,email-Eu-core,communication,4,pfp,0.7264216747386384,0.9304122047576496,0.6886604774535809,0.6886604774535809,0.6886604774535809,0.7064167921515272,3016,3016,15080,18096,16439,49,1706,0.0942749778956675,1608,0.0049531499159025,1,1,0,1,False,5,False,quasi_local_walk,PFP-l3
standard,email_eu_core,email-Eu-core,communication,4,ra,0.8361290311605072,0.9501159378100176,0.7718832891246684,0.7718832891246684,0.7718832891246685,0.7947860151909883,3016,3016,15080,18096,5691,394,12799,0.7072833775419982,9543,0.0974371794314405,1,0,1,1,False,5,False,local_similarity,RA
standard,email_eu_core,email-Eu-core,communication,4,ra_cni,0.7610854025932604,0.93699546274863,0.7005968169761273,0.7005968169761273,0.7005968169761273,0.7258376931689364,3016,3016,15080,18096,16111,244,2229,0.1231763925729443,1612,3.7415680804146207,1,1,0,1,False,5,False,enhanced_local,RA-CNI
standard,email_eu_core,email-Eu-core,communication,4,sa,0.7629802474473554,0.932706225506406,0.7065649867374005,0.7065649867374005,0.7065649867374005,0.7268623107690075,3016,3016,15080,18096,4797,1283,14582,0.8058134394341291,9543,0.1622214211307625,8,2,6,2,True,5,False,local_similarity,SA
standard,email_eu_core,email-Eu-core,communication,4,so,0.7625494145248715,0.9307334578094548,0.7029177718832891,0.7029177718832891,0.7029177718832891,0.7243416727375449,3016,3016,15080,18096,1836,928,17188,0.9498231653404068,9543,0.1351351351351351,10,4,6,8,True,5,False,local_similarity,SO
standard,email_eu_core,email-Eu-core,communication,4,srw,0.8417675447075735,0.9579655519809468,0.7708885941644562,0.7708885941644562,0.7708885941644562,0.7937432853512644,3016,3016,15080,18096,16202,199,2093,0.1156609195402298,1608,1.411036155693707e-05,1,1,0,1,False,5,False,quasi_local_walk,SRW-l3
standard,email_eu_core,email-Eu-core,communication,4,aa,0.7221745666284047,0.9460973668727002,0.6760610079575596,0.6760610079575596,0.6760610079575596,0.7028535572274354,3016,3016,30160,33176,8209,710,25677,0.7739631058596576,18818,1.766238980547565,1,1,0,1,False,10,False,local_similarity,AA
standard,email_eu_core,email-Eu-core,communication,4,car_aa,0.7024986388482126,0.9265376546130628,0.656498673740053,0.656498673740053,0.656498673740053,0.6869365886644195,3016,3016,30160,33176,6942,456,26690,0.80449722691102,25092,5.638290216979374,1,0,1,1,False,10,False,enhanced_local,CAR-AA
standard,email_eu_core,email-Eu-core,communication,4,car_cn,0.688304784763075,0.9252385926693356,0.6505305039787799,0.6505305039787799,0.6505305039787799,0.6802504011060517,3016,3016,30160,33176,996,467,32647,0.9840547383650832,25092,91.0,39,9,30,23,True,10,False,enhanced_local,CAR-CN
standard,email_eu_core,email-Eu-core,communication,4,car_ra,0.7333182711342652,0.9299155608637224,0.6876657824933687,0.6876657824933687,0.6876657824933687,0.7170861704748286,3016,3016,30160,33176,6934,462,26704,0.8049192187123222,25092,0.3556258118755727,1,0,1,1,False,10,False,enhanced_local,CAR-RA
standard,email_eu_core,email-Eu-core,communication,4,cn,0.6836955674238314,0.9416000824954794,0.653183023872679,0.653183023872679,0.653183023872679,0.6815341175098546,3016,3016,30160,33176,69,59,33166,0.9996985772847842,18818,7.0,445,142,303,45,True,10,False,local_similarity,CN
standard,email_eu_core,email-Eu-core,communication,4,fl,0.6955901327444074,0.9458537831389092,0.6511936339522546,0.6511936339522546,0.6511936339522546,0.679469625448049,3016,3016,30160,33176,5083,1855,29948,0.9027007475283336,3180,0.0073919228510698,1,0,1,1,False,10,False,quasi_local_path,FL-l3
standard,email_eu_core,email-Eu-core,communication,4,fsw,0.7076435191958893,0.939799039297047,0.6541777188328912,0.6541777188328912,0.6541777188328912,0.6852857326967857,3016,3016,30160,33176,4847,1234,29563,0.8910959729925247,18818,0.0698280869792969,1,1,0,1,False,10,False,enhanced_local,FSW
standard,email_eu_core,email-Eu-core,communication,4,hdi,0.6174919555106229,0.9227429999771336,0.5905172413793104,0.5905172413793104,0.5905172413793104,0.6146089402060654,3016,3016,30160,33176,1352,960,32784,0.98818422956354,18818,0.1232876712328767,2,1,1,1,True,10,False,local_similarity,HDI
standard,email_eu_core,email-Eu-core,communication,4,hpi,0.3784791662036302,0.9053936586657192,0.4668435013262599,0.4668435013262599,0.4668435013262599,0.4372530022510799,3016,3016,30160,33176,939,615,32852,0.9902339040270076,18818,0.3888888888888889,33,18,15,16,True,10,False,local_similarity,HPI
standard,email_eu_core,email-Eu-core,communication,4,ia1,0.7523150635001786,0.9493698616221884,0.6956233421750663,0.6956233421750663,0.6956233421750663,0.72415799706521,3016,3016,30160,33176,8305,676,25547,0.7700446105618519,18818,0.6180585212395515,1,1,0,1,False,10,False,enhanced_local,IA1
standard,email_eu_core,email-Eu-core,communication,4,ia2,0.7464665017662961,0.9481056162007752,0.6919761273209549,0.6919761273209549,0.6919761273209549,0.7205135036952667,3016,3016,30160,33176,8301,674,25549,0.7701048951048951,18818,0.2383906235867384,1,0,1,1,False,10,False,enhanced_local,IA2
standard,email_eu_core,email-Eu-core,communication,4,ja,0.6438131820365829,0.9296772705165728,0.6163793103448276,0.6163793103448276,0.6163793103448276,0.6382558185762955,3016,3016,30160,33176,2030,1089,32235,0.9716361224981914,18818,0.0888888888888888,6,3,3,1,True,10,False,local_similarity,JA
standard,email_eu_core,email-Eu-core,communication,4,lit,0.7286573588869646,0.9441139849186304,0.6724137931034483,0.6724137931034483,0.6724137931034483,0.7027363952996254,3016,3016,30160,33176,13883,277,19570,0.5898842536773571,18846,0.1391521625131235,1,1,0,1,False,10,False,enhanced_local,LIT-i2
standard,email_eu_core,email-Eu-core,communication,4,llhn,0.2636552613952398,0.8513998066896975,0.3053713527851459,0.3053713527851459,0.3053713527851459,0.2901484488169511,3016,3016,30160,33176,4483,1759,30452,0.917892452375211,18818,0.0071428571428571,33,4,29,5,True,10,False,local_similarity,LLHN
standard,email_eu_core,email-Eu-core,communication,4,lnb_aa,0.7382209337469241,0.9482739766778772,0.6850132625994695,0.6850132625994695,0.6850132625994695,0.7118529847808615,3016,3016,30160,33176,8788,806,25194,0.7594043887147336,18818,4.128739939571522,1,0,1,1,False,10,False,local_bayesian,LNB-AA
standard,email_eu_core,email-Eu-core,communication,4,lnb_cn,0.7216104826493491,0.9459209371416109,0.6677718832891246,0.6677718832891246,0.6677718832891246,0.6961359962169616,3016,3016,30160,33176,8786,806,25196,0.7594646732577767,18818,16.77551462947129,1,0,1,1,False,10,False,local_bayesian,LNB-CN
standard,email_eu_core,email-Eu-core,communication,4,lnb_ra,0.7465206753285546,0.9492640543537914,0.6949602122015915,0.6949602122015915,0.6949602122015915,0.7217073951135928,3016,3016,30160,33176,8788,806,25194,0.7594043887147336,18818,0.3194049162798894,1,0,1,1,False,10,False,local_bayesian,LNB-RA
standard,email_eu_core,email-Eu-core,communication,4,lpi,0.69553872844184,0.9458528816691176,0.6511936339522546,0.6511936339522546,0.6511936339522546,0.6794588680620318,3016,3016,30160,33176,5076,1862,29962,0.9031227393296358,3180,7.538,1,0,1,1,False,10,False,quasi_local_path,LPI-beta-0.001
standard,email_eu_core,email-Eu-core,communication,4,lrw,0.7176468180695709,0.9515931224890768,0.6677718832891246,0.6677718832891246,0.6677718832891246,0.6943737912233818,3016,3016,30160,33176,29028,543,4691,0.1413973957077405,3196,8.402045228602492e-06,1,0,1,1,False,10,False,quasi_local_walk,LRW-l3
standard,email_eu_core,email-Eu-core,communication,4,ora_cni,0.6376379991624306,0.9359418479427142,0.5954907161803713,0.5954907161803713,0.5954907161803713,0.6256245650808694,3016,3016,30160,33176,28923,596,4849,0.1461598746081504,3180,4.892764665402959,1,1,0,1,False,10,False,quasi_local_path,ORA-CNI-beta-0.001
standard,email_eu_core,email-Eu-core,communication,4,pa,0.4742702879130566,0.8697299581278274,0.4638594164456233,0.4638594164456233,0.4638594164456233,0.4981917425223369,3016,3016,30160,33176,2664,1841,32353,0.9751929105377382,333,2394.0,7,2,5,5,True,10,False,degree_based,PA
standard,email_eu_core,email-Eu-core,communication,4,pfp,0.5883897581927775,0.9299416650103076,0.588527851458886,0.588527851458886,0.588527851458886,0.6040423614542079,3016,3016,30160,33176,29790,181,3567,0.1075174825174825,3180,0.0065881166866577,1,0,1,1,False,10,False,quasi_local_walk,PFP-l3
standard,email_eu_core,email-Eu-core,communication,4,ra,0.7451025434044105,0.9493336654113516,0.6952917771883289,0.6952917771883289,0.6952917771883289,0.7213545866557349,3016,3016,30160,33176,8184,714,25706,0.7748372317337835,18818,0.1278650657920642,1,0,1,1,False,10,False,local_similarity,RA
standard,email_eu_core,email-Eu-core,communication,4,ra_cni,0.637634442773382,0.9359411718403704,0.5954907161803713,0.5954907161803713,0.5954907161803713,0.6256241510403632,3016,3016,30160,33176,28837,625,4964,0.1496262358331324,3187,4.89268498863293,1,1,0,1,False,10,False,enhanced_local,RA-CNI
standard,email_eu_core,email-Eu-core,communication,4,sa,0.6412799960747548,0.9317544493030978,0.620026525198939,0.620026525198939,0.620026525198939,0.6398243080108272,3016,3016,30160,33176,6141,2012,29047,0.8755425608873885,18818,0.1919530770468843,1,0,1,1,False,10,False,local_similarity,SA
standard,email_eu_core,email-Eu-core,communication,4,so,0.6438131820365829,0.9296772705165728,0.6163793103448276,0.6163793103448276,0.6163793103448276,0.6382558185762955,3016,3016,30160,33176,2030,1089,32235,0.9716361224981914,18818,0.1632653061224489,6,3,3,1,True,10,False,local_similarity,SO
standard,email_eu_core,email-Eu-core,communication,4,srw,0.748878064470776,0.9571578020671362,0.6946286472148541,0.6946286472148541,0.6946286472148541,0.7191023206051381,3016,3016,30160,33176,29049,545,4672,0.1408246925488304,3180,1.819369803264383e-05,1,0,1,1,False,10,False,quasi_local_walk,SRW-l3
standard,email_eu_core,email-Eu-core,communication,5,aa,0.9494931324848384,0.9511905920920548,0.8835820895522388,0.8835820895522388,0.8835820895522388,0.8976051819149743,3015,3015,3015,6030,3573,133,2590,0.4295190713101161,1929,0.7470972450851208,1,1,0,1,False,1,True,local_similarity,AA
standard,email_eu_core,email-Eu-core,communication,5,car_aa,0.9284229144021516,0.9292631370510628,0.8782752902155887,0.8782752902155887,0.8782752902155887,0.8928255991706043,3015,3015,3015,6030,3267,50,2813,0.4665008291873963,2699,0.7720164853562124,1,0,1,1,False,1,True,enhanced_local,CAR-AA
standard,email_eu_core,email-Eu-core,communication,5,car_cn,0.9256751516767938,0.927816088160634,0.8769485903814263,0.8769485903814263,0.8769485903814263,0.8914762626253411,3015,3015,3015,6030,939,401,5492,0.9107794361525704,2699,6.0,80,39,41,75,True,1,True,enhanced_local,CAR-CN
standard,email_eu_core,email-Eu-core,communication,5,car_ra,0.9333587298060664,0.9324440264129874,0.8845771144278607,0.8845771144278607,0.8845771144278608,0.898798790955188,3015,3015,3015,6030,3267,50,2813,0.4665008291873963,2699,0.044700460829493,1,1,0,1,False,1,True,enhanced_local,CAR-RA
standard,email_eu_core,email-Eu-core,communication,5,cn,0.9383167628898385,0.9458659714143488,0.8779436152570481,0.8779436152570481,0.8779436152570481,0.892316767671027,3015,3015,3015,6030,69,59,6020,0.9983416252072967,1929,3.0,252,134,118,87,True,1,True,local_similarity,CN
standard,email_eu_core,email-Eu-core,communication,5,fl,0.9454577279828016,0.9478846783220436,0.8776119402985074,0.8776119402985074,0.8776119402985074,0.8919044088354499,3015,3015,3015,6030,3249,625,3406,0.5648424543946932,311,0.003135105740681,2,2,0,2,False,1,True,quasi_local_path,FL-l3
standard,email_eu_core,email-Eu-core,communication,5,fsw,0.9408399623784371,0.9433604778759602,0.8729684908789387,0.8729684908789387,0.8729684908789387,0.8878670268938498,3015,3015,3015,6030,2726,484,3788,0.6281923714759535,1929,0.0197419017980013,66,29,37,10,True,1,True,enhanced_local,FSW
standard,email_eu_core,email-Eu-core,communication,5,hdi,0.916831818471498,0.926639989659222,0.8454394693200663,0.8454394693200663,0.8454394693200663,0.8589093344093967,3015,3015,3015,6030,1248,768,5550,0.9203980099502488,1929,0.0555555555555555,37,16,21,27,True,1,True,local_similarity,HDI
standard,email_eu_core,email-Eu-core,communication,5,hpi,0.8394044120862532,0.9064203031278104,0.8467661691542289,0.8467661691542289,0.8467661691542289,0.8408059841521937,3015,3015,3015,6030,841,485,5674,0.9409618573797678,1929,0.1886792452830188,5,3,2,5,False,1,True,local_similarity,HPI
standard,email_eu_core,email-Eu-core,communication,5,ia1,0.954697914613686,0.9552975861433574,0.8925373134328358,0.8925373134328358,0.8925373134328358,0.9057362568364667,3015,3015,3015,6030,3580,125,2575,0.4270315091210613,1929,0.1559432672590567,1,0,1,1,False,1,True,enhanced_local,IA1
standard,email_eu_core,email-Eu-core,communication,5,ia2,0.9542492393847608,0.9550666787675772,0.8951907131011608,0.8951907131011608,0.8951907131011608,0.9079366414150628,3015,3015,3015,6030,3579,127,2578,0.4275290215588723,1929,0.0639609053497942,1,1,0,1,False,1,True,enhanced_local,IA2
standard,email_eu_core,email-Eu-core,communication,5,ja,0.923334406857603,0.9335966931511596,0.8550580431177446,0.8550580431177446,0.8550580431177446,0.8668298021003574,3015,3015,3015,6030,1630,743,5143,0.8529021558872305,1929,0.0427350427350427,4,2,2,3,True,1,True,local_similarity,JA
standard,email_eu_core,email-Eu-core,communication,5,lit,0.9450247342549792,0.9477907862566656,0.8792703150912106,0.8792703150912106,0.8792703150912107,0.8934722768291574,3015,3015,3015,6030,4091,8,1947,0.3228855721393034,1932,0.0540477030211601,1,1,0,1,False,1,True,enhanced_local,LIT-i2
standard,email_eu_core,email-Eu-core,communication,5,llhn,0.7717909012808484,0.8497085055650438,0.7728026533996684,0.7728026533996684,0.7728026533996684,0.7678250136863897,3015,3015,3015,6030,2704,624,3950,0.6550580431177446,1929,0.0023809523809523,7,2,5,2,True,1,True,local_similarity,LLHN
standard,email_eu_core,email-Eu-core,communication,5,lnb_aa,0.952093692429406,0.9534163345791772,0.8875621890547264,0.8875621890547264,0.8875621890547264,0.9012332799040812,3015,3015,3015,6030,3683,131,2478,0.4109452736318408,1929,1.6744654697898698,1,0,1,1,False,1,True,local_bayesian,LNB-AA
standard,email_eu_core,email-Eu-core,communication,5,lnb_cn,0.9485268829277108,0.9505509489589092,0.8839137645107794,0.8839137645107794,0.8839137645107795,0.8977791570880964,3015,3015,3015,6030,3683,131,2478,0.4109452736318408,1929,6.902949351671859,1,1,0,1,False,1,True,local_bayesian,LNB-CN
standard,email_eu_core,email-Eu-core,communication,5,lnb_ra,0.9551493144020604,0.955954005538917,0.8971807628524047,0.8971807628524047,0.8971807628524047,0.9096782589391132,3015,3015,3015,6030,3683,131,2478,0.4109452736318408,1929,0.1136757848975585,1,1,0,1,False,1,True,local_bayesian,LNB-RA
standard,email_eu_core,email-Eu-core,communication,5,lpi,0.9454567455655885,0.9478846783220436,0.8776119402985074,0.8776119402985074,0.8776119402985074,0.891904176747308,3015,3015,3015,6030,3245,628,3413,0.5660033167495854,311,3.167,2,2,0,2,False,1,True,quasi_local_path,LPI-beta-0.001
standard,email_eu_core,email-Eu-core,communication,5,lrw,0.9514582253722554,0.954077594338974,0.8849087893864013,0.8849087893864013,0.8849087893864013,0.898554123112588,3015,3015,3015,6030,5699,16,347,0.0575456053067993,314,3.5932448293284443e-06,1,1,0,1,False,1,True,quasi_local_walk,LRW-l3
standard,email_eu_core,email-Eu-core,communication,5,ora_cni,0.9317677547910976,0.9380661644788768,0.8630182421227197,0.8630182421227197,0.8630182421227197,0.8779189523488248,3015,3015,3015,6030,5699,18,349,0.0578772802653399,311,2.0679439795922936,1,0,1,1,False,1,True,quasi_local_path,ORA-CNI-beta-0.001
standard,email_eu_core,email-Eu-core,communication,5,pa,0.872268225859836,0.8758536229851296,0.7840796019900498,0.7840796019900498,0.7840796019900498,0.8058469659285455,3015,3015,3015,6030,2145,1111,4996,0.8285240464344942,43,810.0,6,1,5,4,True,1,True,degree_based,PA
standard,email_eu_core,email-Eu-core,communication,5,pfp,0.9204171498422744,0.9326997956596236,0.8623548922056384,0.8623548922056384,0.8623548922056384,0.87549987930514,3015,3015,3015,6030,5717,4,317,0.0525704809286898,311,0.0026306447575394,1,1,0,1,False,1,True,quasi_local_walk,PFP-l3
standard,email_eu_core,email-Eu-core,communication,5,ra,0.9556766763644732,0.9561114273849108,0.8955223880597015,0.8955223880597015,0.8955223880597015,0.9083601246853272,3015,3015,3015,6030,3567,133,2596,0.430514096185738,1929,0.0496391114585369,1,1,0,1,False,1,True,local_similarity,RA
standard,email_eu_core,email-Eu-core,communication,5,ra_cni,0.9317669463185598,0.93806599946646,0.8630182421227197,0.8630182421227197,0.8630182421227197,0.8779188579469455,3015,3015,3015,6030,5695,19,354,0.0587064676616915,314,2.0679053720179565,1,0,1,1,False,1,True,enhanced_local,RA-CNI
standard,email_eu_core,email-Eu-core,communication,5,sa,0.9243974509137366,0.935796638697062,0.860033167495854,0.860033167495854,0.860033167495854,0.8708005764585812,3015,3015,3015,6030,3312,501,3219,0.5338308457711443,1929,0.1060660171779821,2,1,1,1,True,1,True,local_similarity,SA
standard,email_eu_core,email-Eu-core,communication,5,so,0.923334406857603,0.9335966931511596,0.8550580431177446,0.8550580431177446,0.8550580431177446,0.8668298021003574,3015,3015,3015,6030,1630,743,5143,0.8529021558872305,1929,0.081967213114754,4,2,2,3,True,1,True,local_similarity,SO
standard,email_eu_core,email-Eu-core,communication,5,srw,0.9591029218005588,0.9605893693500438,0.8965174129353234,0.8965174129353234,0.8965174129353234,0.9091347404696062,3015,3015,3015,6030,5701,17,346,0.057379767827529,311,7.760041286848925e-06,1,0,1,1,False,1,True,quasi_local_walk,SRW-l3
standard,email_eu_core,email-Eu-core,communication,5,aa,0.8311688716997803,0.9509255381467456,0.7608623548922057,0.7608623548922057,0.7608623548922057,0.7850037826198454,3015,3015,15075,18090,5818,359,12631,0.6982310668877834,9372,1.457727640497385,1,0,1,1,False,5,False,local_similarity,AA
standard,email_eu_core,email-Eu-core,communication,5,car_aa,0.8048166316313723,0.9292810353979136,0.7502487562189055,0.7502487562189055,0.7502487562189054,0.7751898815107315,3015,3015,15075,18090,5046,221,13265,0.7332780541735766,12601,3.638635611656672,1,0,1,1,False,5,False,enhanced_local,CAR-AA
standard,email_eu_core,email-Eu-core,communication,5,car_cn,0.7960157905395726,0.927906932996708,0.745273631840796,0.745273631840796,0.745273631840796,0.7701963770451075,3015,3015,15075,18090,974,425,17541,0.9696517412935324,12601,48.0,70,28,42,64,True,5,False,enhanced_local,CAR-CN
standard,email_eu_core,email-Eu-core,communication,5,car_ra,0.8232824483771037,0.9324307704154738,0.7645107794361525,0.7645107794361525,0.7645107794361525,0.7894478255665716,3015,3015,15075,18090,5045,221,13266,0.7333333333333333,12601,0.2256944075982496,1,1,0,1,False,5,False,enhanced_local,CAR-RA
standard,email_eu_core,email-Eu-core,communication,5,cn,0.8010065492022901,0.945783729225624,0.7459369817578773,0.7459369817578773,0.7459369817578773,0.7707119865828213,3015,3015,15075,18090,69,59,18080,0.9994472084024324,9372,6.0,367,143,224,159,True,5,False,local_similarity,CN
standard,email_eu_core,email-Eu-core,communication,5,fl,0.8124175976452566,0.9479792854412292,0.7393034825870647,0.7393034825870647,0.7393034825870647,0.764765473970896,3015,3015,15075,18090,4310,1294,15074,0.8332780541735766,1597,0.0062578054569965,2,1,1,2,False,5,False,quasi_local_path,FL-l3
standard,email_eu_core,email-Eu-core,communication,5,fsw,0.8072294574564823,0.9437831296805084,0.7376451077943615,0.7376451077943615,0.7376451077943615,0.7627228012510698,3015,3015,15075,18090,3867,810,15033,0.831011608623549,9372,0.0525131482591039,7,3,4,1,True,5,False,enhanced_local,FSW
standard,email_eu_core,email-Eu-core,communication,5,hdi,0.7366463776229879,0.9263956392718552,0.6825870646766169,0.6825870646766169,0.6825870646766169,0.7030977269218396,3015,3015,15075,18090,1340,919,17669,0.9767274737423992,9372,0.1,54,12,42,1,True,5,False,local_similarity,HDI
standard,email_eu_core,email-Eu-core,communication,5,hpi,0.5387860035836323,0.906864791575566,0.608955223880597,0.608955223880597,0.608955223880597,0.5855195966374172,3015,3015,15075,18090,913,571,17748,0.981094527363184,9372,0.3218390804597701,1,1,0,1,False,5,False,local_similarity,HPI
standard,email_eu_core,email-Eu-core,communication,5,ia1,0.8483107607652454,0.9547353338338712,0.7721393034825871,0.7721393034825871,0.7721393034825871,0.7963525120063475,3015,3015,15075,18090,5866,345,12569,0.6948037589828635,9372,0.4345268571375512,1,0,1,1,False,5,False,enhanced_local,IA1
standard,email_eu_core,email-Eu-core,communication,5,ia2,0.8459001110799514,0.9540651083994072,0.7714759535655058,0.7714759535655058,0.7714759535655058,0.7955903785932246,3015,3015,15075,18090,5861,344,12573,0.6950248756218905,9372,0.1643099547511312,1,0,1,1,False,5,False,enhanced_local,IA2
standard,email_eu_core,email-Eu-core,communication,5,ja,0.7572516023716808,0.9333390977671068,0.7091210613598673,0.7091210613598673,0.7091210613598673,0.7261709821841932,3015,3015,15075,18090,1833,997,17254,0.9537866224433388,9372,0.0735294117647058,15,5,10,5,True,5,False,local_similarity,JA
standard,email_eu_core,email-Eu-core,communication,5,lit,0.821632627840991,0.9487260546356112,0.751575456053068,0.751575456053068,0.751575456053068,0.7756260613684047,3015,3015,15075,18090,8546,120,9664,0.5342177998894417,9381,0.1125957495070933,1,0,1,1,False,5,False,enhanced_local,LIT-i2
standard,email_eu_core,email-Eu-core,communication,5,llhn,0.4046357486598856,0.8484645429568575,0.44212271973466,0.44212271973466,0.44212271973466,0.4280857459002607,3015,3015,15075,18090,3784,1199,15505,0.8571033720287452,9372,0.0048076923076923,8,2,6,5,True,5,False,local_similarity,LLHN
standard,email_eu_core,email-Eu-core,communication,5,lnb_aa,0.841550154667213,0.953433803893743,0.7684908789386401,0.7684908789386401,0.7684908789386401,0.7924538897438924,3015,3015,15075,18090,6183,432,12339,0.682089552238806,9372,3.3064988809918057,1,1,0,1,False,5,False,local_bayesian,LNB-AA
standard,email_eu_core,email-Eu-core,communication,5,lnb_cn,0.8303500241858117,0.9507558283760852,0.760530679933665,0.760530679933665,0.7605306799336651,0.7845724444232293,3015,3015,15075,18090,6179,433,12344,0.6823659480375899,9372,13.520532272751732,1,0,1,1,False,5,False,local_bayesian,LNB-CN
standard,email_eu_core,email-Eu-core,communication,5,lnb_ra,0.8470428151207106,0.9551252691765056,0.7751243781094528,0.7751243781094528,0.7751243781094527,0.7984921715000077,3015,3015,15075,18090,6183,432,12339,0.682089552238806,9372,0.2491041662663102,1,0,1,1,False,5,False,local_bayesian,LNB-RA
standard,email_eu_core,email-Eu-core,communication,5,lpi,0.8124087963423245,0.9479789444155674,0.7393034825870647,0.7393034825870647,0.7393034825870647,0.7647639820752998,3015,3015,15075,18090,4305,1298,15083,0.8337755666113875,1597,6.31,2,1,1,2,False,5,False,quasi_local_path,LPI-beta-0.001
standard,email_eu_core,email-Eu-core,communication,5,lrw,0.8302989454439332,0.9539253538828796,0.7565505804311774,0.7565505804311774,0.7565505804311773,0.7808945266853569,3015,3015,15075,18090,16184,211,2117,0.1170259812050856,1602,7.05735237648607e-06,1,1,0,1,False,5,False,quasi_local_walk,LRW-l3
standard,email_eu_core,email-Eu-core,communication,5,ora_cni,0.7684529792554616,0.9379175542959608,0.7041459369817579,0.7041459369817579,0.7041459369817579,0.7301292004552358,3015,3015,15075,18090,16142,230,2178,0.1203980099502487,1597,3.970084360135853,1,0,1,1,False,5,False,quasi_local_path,ORA-CNI-beta-0.001
standard,email_eu_core,email-Eu-core,communication,5,pa,0.6278365441882382,0.8743278301692202,0.5761194029850746,0.5761194029850746,0.5761194029850746,0.6095473499728259,3015,3015,15075,18090,2537,1640,17193,0.9504145936981758,157,1862.0,3,0,3,2,True,5,False,degree_based,PA
standard,email_eu_core,email-Eu-core,communication,5,pfp,0.7298158496961307,0.9333681619541871,0.6935323383084577,0.6935323383084577,0.6935323383084577,0.7091569808040842,3015,3015,15075,18090,16431,59,1718,0.0949695964621337,1597,0.0051244316526871,1,1,0,1,False,5,False,quasi_local_walk,PFP-l3
standard,email_eu_core,email-Eu-core,communication,5,ra,0.8480780093437263,0.9552013509016554,0.7751243781094528,0.7751243781094528,0.7751243781094527,0.7986245703201806,3015,3015,15075,18090,5805,360,12645,0.6990049751243781,9372,0.1016332350750654,1,1,0,1,False,5,False,local_similarity,RA
standard,email_eu_core,email-Eu-core,communication,5,ra_cni,0.7684497075410359,0.9379168502429808,0.7041459369817579,0.7041459369817579,0.7041459369817579,0.7301288088469741,3015,3015,15075,18090,16115,244,2219,0.1226644555002764,1601,3.9700186924337695,1,0,1,1,False,5,False,enhanced_local,RA-CNI
standard,email_eu_core,email-Eu-core,communication,5,sa,0.7575742083583554,0.9354018959926732,0.7101160862354893,0.7101160862354893,0.7101160862354893,0.7260569648698845,3015,3015,15075,18090,4957,1254,14387,0.7953012714206744,9372,0.1649572197684645,2,2,0,1,True,5,False,local_similarity,SA
standard,email_eu_core,email-Eu-core,communication,5,so,0.7572516023716808,0.9333390977671068,0.7091210613598673,0.7091210613598673,0.7091210613598673,0.7261709821841932,3015,3015,15075,18090,1833,997,17254,0.9537866224433388,9372,0.136986301369863,15,5,10,5,True,5,False,local_similarity,SO
standard,email_eu_core,email-Eu-core,communication,5,srw,0.8520587364915804,0.9600035642682112,0.7751243781094528,0.7751243781094528,0.7751243781094527,0.7986353593998059,3015,3015,15075,18090,16191,210,2109,0.1165837479270315,1597,1.491021943602662e-05,1,1,0,1,False,5,False,quasi_local_walk,SRW-l3
standard,email_eu_core,email-Eu-core,communication,5,aa,0.7355996725876213,0.9506347697664252,0.6829187396351576,0.6829187396351576,0.6829187396351576,0.7102320368589431,3015,3015,30150,33165,8335,671,25501,0.7689130107040555,18645,1.8493627865501252,1,1,0,1,False,10,False,local_similarity,AA
standard,email_eu_core,email-Eu-core,communication,5,car_aa,0.7133363801741761,0.929059885756403,0.6709784411276949,0.6709784411276949,0.6709784411276949,0.6999392577958493,3015,3015,30150,33165,7062,462,26565,0.8009950248756219,24984,6.042588168597252,1,1,0,1,False,10,False,enhanced_local,CAR-AA
standard,email_eu_core,email-Eu-core,communication,5,car_cn,0.6994482676641443,0.9275975787177986,0.6633499170812603,0.6633499170812603,0.6633499170812603,0.6918753255712065,3015,3015,30150,33165,1012,450,32603,0.9830544248454696,24984,98.0,45,18,27,12,True,10,False,enhanced_local,CAR-CN
standard,email_eu_core,email-Eu-core,communication,5,car_ra,0.7437149707989195,0.932318341955232,0.6928689883913765,0.6928689883913765,0.6928689883913765,0.7221543237893616,3015,3015,30150,33165,7061,462,26566,0.8010251771445801,24984,0.3837506811291977,1,1,0,1,False,10,False,enhanced_local,CAR-RA
standard,email_eu_core,email-Eu-core,communication,5,cn,0.6959512188262867,0.9453722267600638,0.6620232172470979,0.6620232172470979,0.6620232172470979,0.6899778560731663,3015,3015,30150,33165,70,59,33154,0.9996683250414594,18645,8.0,385,154,231,316,True,10,False,local_similarity,CN
standard,email_eu_core,email-Eu-core,communication,5,fl,0.7070069734463574,0.9475561661014992,0.6553897180762852,0.6553897180762852,0.6553897180762852,0.6839380375927756,3015,3015,30150,33165,5170,1876,29871,0.9006784260515603,3178,0.0082432862731475,1,0,1,1,False,10,False,quasi_local_path,FL-l3
standard,email_eu_core,email-Eu-core,communication,5,fsw,0.7155992583773352,0.943660321939226,0.6610281923714759,0.6610281923714759,0.6610281923714759,0.6911410547984516,3015,3015,30150,33165,4985,1232,29412,0.8868385345997286,18645,0.0736497545008183,1,1,0,1,False,10,False,enhanced_local,FSW
standard,email_eu_core,email-Eu-core,communication,5,hdi,0.6249769346607463,0.9264964948612384,0.6013266998341625,0.6013266998341625,0.6013266998341625,0.6241165952604643,3015,3015,30150,33165,1375,994,32784,0.9885119855269108,18645,0.125,88,13,75,8,True,10,False,local_similarity,HDI
standard,email_eu_core,email-Eu-core,communication,5,hpi,0.376363431809503,0.906675450827675,0.4464344941956882,0.4464344941956882,0.4464344941956882,0.4197249387027604,3015,3015,30150,33165,957,625,32833,0.9899894467058646,18645,0.3974358974358974,1,1,0,1,False,10,False,local_similarity,HPI
standard,email_eu_core,email-Eu-core,communication,5,ia1,0.7656203644454391,0.954664829528422,0.7024875621890547,0.7024875621890547,0.7024875621890547,0.7307559855921505,3015,3015,30150,33165,8457,635,25343,0.7641489522086538,18645,0.6513114417096765,1,0,1,1,False,10,False,enhanced_local,IA1
standard,email_eu_core,email-Eu-core,communication,5,ia2,0.761885650911334,0.954019592474334,0.6998341625207297,0.6998341625207297,0.6998341625207297,0.7281274469551978,3015,3015,30150,33165,8451,632,25346,0.7642394090155284,18645,0.2494749468772058,1,1,0,1,False,10,False,enhanced_local,IA2
standard,email_eu_core,email-Eu-core,communication,5,ja,0.6500641410090116,0.933404206166514,0.6222222222222222,0.6222222222222222,0.6222222222222222,0.6424981126800747,3015,3015,30150,33165,1993,1154,32326,0.9747022463440372,18645,0.0909090909090909,71,15,56,27,True,10,False,local_similarity,JA
standard,email_eu_core,email-Eu-core,communication,5,lit,0.7366013692936331,0.9488978160606584,0.675290215588723,0.675290215588723,0.675290215588723,0.7050358798715957,3015,3015,30150,33165,13991,302,19476,0.5872455902306648,18671,0.1463599402434025,1,0,1,1,False,10,False,enhanced_local,LIT-i2
standard,email_eu_core,email-Eu-core,communication,5,llhn,0.2551543847363381,0.8481328459966613,0.2892205638474295,0.2892205638474295,0.2892205638474295,0.2749927432940108,3015,3015,30150,33165,4710,1772,30227,0.9114126338006936,18645,0.0073260073260073,6,0,6,5,True,10,False,local_similarity,LLHN
standard,email_eu_core,email-Eu-core,communication,5,lnb_aa,0.7519409774426786,0.9532080504057932,0.694195688225539,0.694195688225539,0.694195688225539,0.7216954582080821,3015,3015,30150,33165,8917,772,25020,0.7544097693351425,18645,4.271265356816549,1,0,1,1,False,10,False,local_bayesian,LNB-AA
standard,email_eu_core,email-Eu-core,communication,5,lnb_cn,0.7344947025545913,0.9504401541215975,0.681592039800995,0.681592039800995,0.681592039800995,0.7090782384368118,3015,3015,30150,33165,8912,769,25022,0.754470073873059,18645,17.252434387843586,1,1,0,1,False,10,False,local_bayesian,LNB-CN
standard,email_eu_core,email-Eu-core,communication,5,lnb_ra,0.7627431872287899,0.9550938013085486,0.7034825870646766,0.7034825870646766,0.7034825870646766,0.7310163877985734,3015,3015,30150,33165,8917,772,25020,0.7544097693351425,18645,0.3295039936624009,1,1,0,1,False,10,False,local_bayesian,LNB-RA
standard,email_eu_core,email-Eu-core,communication,5,lpi,0.7069856151119291,0.9475555390543136,0.6553897180762852,0.6553897180762852,0.6553897180762852,0.6839335516856397,3015,3015,30150,33165,5164,1881,29882,0.901010101010101,3178,8.219,1,0,1,1,False,10,False,quasi_local_path,LPI-beta-0.001
standard,email_eu_core,email-Eu-core,communication,5,lrw,0.7308166186378374,0.9538630891974622,0.6812603648424544,0.6812603648424544,0.6812603648424544,0.7078949200841101,3015,3015,30150,33165,29044,542,4663,0.1406000301522689,3188,8.784095698290412e-06,1,0,1,1,False,10,False,quasi_local_walk,LRW-l3
standard,email_eu_core,email-Eu-core,communication,5,ora_cni,0.6465288400942387,0.937817325753763,0.6066334991708126,0.6066334991708126,0.6066334991708126,0.635895191212835,3015,3015,30150,33165,28912,590,4843,0.146027438564752,3178,5.0169100564036375,1,0,1,1,False,10,False,quasi_local_path,ORA-CNI-beta-0.001
standard,email_eu_core,email-Eu-core,communication,5,pa,0.4888610491121539,0.8737607429959104,0.4689883913764511,0.4689883913764511,0.4689883913764511,0.5049496302622616,3015,3015,30150,33165,2774,1977,32368,0.9759686416402834,345,2520.0,15,4,11,13,True,10,False,degree_based,PA
standard,email_eu_core,email-Eu-core,communication,5,pfp,0.6054435807603069,0.9340845193600816,0.5917081260364843,0.5917081260364843,0.5917081260364843,0.6102330660906173,3015,3015,30150,33165,29765,191,3591,0.1082767978290366,3178,0.0065078271987291,1,1,0,1,False,10,False,quasi_local_walk,PFP-l3
standard,email_eu_core,email-Eu-core,communication,5,ra,0.7629747441691178,0.9551698830336984,0.7077943615257049,0.7077943615257049,0.7077943615257049,0.7344183935262331,3015,3015,30150,33165,8312,673,25526,0.7696668174280115,18645,0.1315505520766653,1,1,0,1,False,10,False,local_similarity,RA
standard,email_eu_core,email-Eu-core,communication,5,ra_cni,0.6465255819956788,0.937816803214442,0.6066334991708126,0.6066334991708126,0.6066334991708126,0.6358948245638526,3015,3015,30150,33165,28809,619,4975,0.1500075380672395,3187,5.0167828255397735,1,0,1,1,False,10,False,enhanced_local,RA-CNI
standard,email_eu_core,email-Eu-core,communication,5,sa,0.6472835500193161,0.9353677879260416,0.6245439469320067,0.6245439469320067,0.6245439469320067,0.6426191983208153,3015,3015,30150,33165,6397,2017,28785,0.8679330619629128,18645,0.1949220467688218,1,1,0,1,False,10,False,local_similarity,SA
standard,email_eu_core,email-Eu-core,communication,5,so,0.6500641410090116,0.933404206166514,0.6222222222222222,0.6222222222222222,0.6222222222222222,0.6424981126800747,3015,3015,30150,33165,1993,1154,32326,0.9747022463440372,18645,0.1666666666666666,71,15,56,27,True,10,False,local_similarity,SO
standard,email_eu_core,email-Eu-core,communication,5,srw,0.7638269919696004,0.9599558701792308,0.7064676616915423,0.7064676616915423,0.7064676616915423,0.7325944549583758,3015,3015,30150,33165,29062,541,4644,0.1400271370420624,3178,1.926343180321701e-05,1,0,1,1,False,10,False,quasi_local_walk,SRW-l3
standard,email_univ,email-univ,communication,1,aa,0.8645778235556864,0.8616322123628258,0.7974537037037037,0.7974537037037037,0.7974537037037037,0.8303194604689236,864,864,864,1728,445,65,1348,0.7800925925925926,1010,0.0,1010,208,802,146,True,1,True,local_similarity,AA
standard,email_univ,email-univ,communication,1,car_aa,0.6753743161637221,0.6742594735939643,0.6238425925925926,0.6238425925925926,0.6238425925925926,0.6734619993578731,864,864,864,1728,288,19,1459,0.8443287037037037,1420,0.0,1420,560,860,556,True,1,True,enhanced_local,CAR-AA
standard,email_univ,email-univ,communication,1,car_cn,0.6746014103012428,0.6741054205246914,0.6238425925925926,0.6238425925925926,0.6238425925925926,0.6733927373844595,864,864,864,1728,54,33,1707,0.9878472222222222,1420,0.0,1420,560,860,556,True,1,True,enhanced_local,CAR-CN
standard,email_univ,email-univ,communication,1,car_ra,0.6755987166972647,0.6743184156378601,0.6238425925925926,0.6238425925925926,0.6238425925925926,0.67350378099479,864,864,864,1728,288,19,1459,0.8443287037037037,1420,0.0,1420,560,860,556,True,1,True,enhanced_local,CAR-RA
standard,email_univ,email-univ,communication,1,cn,0.8519848973176148,0.8585752636316872,0.7974537037037037,0.7974537037037037,0.7974537037037037,0.8296797099824365,864,864,864,1728,13,12,1727,0.9994212962962964,1010,0.0,1010,208,802,146,True,1,True,local_similarity,CN
standard,email_univ,email-univ,communication,1,fl,0.928511045722222,0.9279339741941016,0.8657407407407407,0.8657407407407407,0.8657407407407407,0.8861864982499208,864,864,864,1728,278,141,1591,0.9207175925925926,609,1.1736813689819488e-06,43,17,26,6,True,1,True,quasi_local_path,FL-l3
standard,email_univ,email-univ,communication,1,fsw,0.8586656295167929,0.857542438271605,0.7974537037037037,0.7974537037037037,0.7974537037037037,0.8294999509109623,864,864,864,1728,430,122,1420,0.8217592592592593,1010,0.0,1010,208,802,146,True,1,True,enhanced_local,FSW
standard,email_univ,email-univ,communication,1,hdi,0.8510973554746262,0.8555712287808642,0.7974537037037037,0.7974537037037037,0.7974537037037037,0.8275243609013413,864,864,864,1728,145,103,1686,0.9756944444444444,1010,0.0,1010,208,802,146,True,1,True,local_similarity,HDI
standard,email_univ,email-univ,communication,1,hpi,0.8403895862852453,0.8539154931841564,0.7974537037037037,0.7974537037037037,0.7974537037037037,0.8232224210280488,864,864,864,1728,111,71,1688,0.976851851851852,1010,0.0,1010,208,802,146,True,1,True,local_similarity,HPI
standard,email_univ,email-univ,communication,1,ia1,0.8648904925245111,0.8617949727794925,0.7974537037037037,0.7974537037037037,0.7974537037037037,0.8303617711663003,864,864,864,1728,448,56,1336,0.7731481481481481,1010,0.0,1010,208,802,146,True,1,True,enhanced_local,IA1
standard,email_univ,email-univ,communication,1,ia2,0.859021400728882,0.8601097661608368,0.7974537037037037,0.7974537037037037,0.7974537037037037,0.8290200076348706,864,864,864,1728,447,56,1337,0.7737268518518519,1010,0.0,1010,208,802,146,True,1,True,enhanced_local,IA2
standard,email_univ,email-univ,communication,1,ja,0.8522465317858692,0.8558398169581619,0.7974537037037037,0.7974537037037037,0.7974537037037037,0.8281257558549177,864,864,864,1728,192,117,1653,0.9565972222222222,1010,0.0,1010,208,802,146,True,1,True,local_similarity,JA
standard,email_univ,email-univ,communication,1,lit,0.8433461249814349,0.8407801247427984,0.7708333333333334,0.7708333333333334,0.7708333333333333,0.8073457882016333,864,864,864,1728,666,8,1070,0.6192129629629629,1051,0.0,1051,242,809,187,True,1,True,enhanced_local,LIT-i2
standard,email_univ,email-univ,communication,1,llhn,0.8286552074628819,0.849407096622085,0.7974537037037037,0.7974537037037037,0.7974537037037037,0.8193069903874833,864,864,864,1728,352,142,1518,0.8784722222222222,1010,0.0,1010,208,802,146,True,1,True,local_similarity,LLHN
standard,email_univ,email-univ,communication,1,lnb_aa,0.8632929000619364,0.8600226926868998,0.7962962962962963,0.7962962962962963,0.7962962962962963,0.8292240661069877,864,864,864,1728,589,75,1214,0.7025462962962963,1010,0.0,1010,208,802,147,True,1,True,local_bayesian,LNB-AA
standard,email_univ,email-univ,communication,1,lnb_cn,0.8624207463447268,0.859165353866598,0.7962962962962963,0.7962962962962963,0.7962962962962963,0.8291282511223124,864,864,864,1728,586,73,1215,0.703125,1010,0.0,1010,208,802,147,True,1,True,local_bayesian,LNB-CN
standard,email_univ,email-univ,communication,1,lnb_ra,0.8624610612695958,0.8602731963734567,0.7962962962962963,0.7962962962962963,0.7962962962962963,0.8289312830583804,864,864,864,1728,589,75,1214,0.7025462962962963,1010,0.0,1010,208,802,147,True,1,True,local_bayesian,LNB-RA
standard,email_univ,email-univ,communication,1,lpi,0.928511045722222,0.9279339741941016,0.8657407407407407,0.8657407407407407,0.8657407407407407,0.8861864982499208,864,864,864,1728,278,141,1591,0.9207175925925926,609,0.003,43,17,26,6,True,1,True,quasi_local_path,LPI-beta-0.001
standard,email_univ,email-univ,communication,1,lrw,0.9285409033029908,0.9233673053840876,0.8553240740740741,0.8553240740740741,0.8553240740740741,0.8778455186474652,864,864,864,1728,1073,30,685,0.396412037037037,621,1.946494752250148e-06,2,0,2,2,False,1,True,quasi_local_walk,LRW-l3
standard,email_univ,email-univ,communication,1,ora_cni,0.9283283974160056,0.9262092496141976,0.8576388888888888,0.8576388888888888,0.8576388888888888,0.8791370886703781,864,864,864,1728,1089,27,666,0.3854166666666667,609,0.1159665104055685,1,1,0,1,False,1,True,quasi_local_path,ORA-CNI-beta-0.001
standard,email_univ,email-univ,communication,1,pa,0.8142284596303259,0.8217820323216735,0.7442129629629629,0.7442129629629629,0.7442129629629628,0.7717768913762035,864,864,864,1728,327,221,1622,0.9386574074074074,49,70.0,12,7,5,1,True,1,True,degree_based,PA
standard,email_univ,email-univ,communication,1,pfp,0.9265069794476404,0.924737707904664,0.8611111111111112,0.8611111111111112,0.8611111111111112,0.8817003109892765,864,864,864,1728,1117,4,615,0.3559027777777778,609,0.001585046124956,1,1,0,1,False,1,True,quasi_local_walk,PFP-l3
standard,email_univ,email-univ,communication,1,ra,0.8631971339615198,0.8614949041923868,0.7974537037037037,0.7974537037037037,0.7974537037037037,0.829947284347127,864,864,864,1728,441,66,1353,0.7829861111111112,1010,0.0,1010,208,802,146,True,1,True,local_similarity,RA
standard,email_univ,email-univ,communication,1,ra_cni,0.9280489855736218,0.9258267961248288,0.8576388888888888,0.8576388888888888,0.8576388888888888,0.8791372836424998,864,864,864,1728,1074,38,692,0.4004629629629629,610,0.115962984384037,1,1,0,1,False,1,True,enhanced_local,RA-CNI
standard,email_univ,email-univ,communication,1,sa,0.8515687902838598,0.85563017082476,0.7974537037037037,0.7974537037037037,0.7974537037037037,0.8279372651282144,864,864,864,1728,437,137,1428,0.8263888888888888,1010,0.0,1010,208,802,146,True,1,True,local_similarity,SA
standard,email_univ,email-univ,communication,1,so,0.8522465317858692,0.8558398169581619,0.7974537037037037,0.7974537037037037,0.7974537037037037,0.8281257558549177,864,864,864,1728,192,117,1653,0.9565972222222222,1010,0.0,1010,208,802,146,True,1,True,local_similarity,SO
standard,email_univ,email-univ,communication,1,srw,0.9382599643186672,0.9336413055126886,0.8703703703703703,0.8703703703703703,0.8703703703703703,0.8907919994872888,864,864,864,1728,1089,28,667,0.3859953703703703,609,2.9325526175010145e-06,1,0,1,1,False,1,True,quasi_local_walk,SRW-l3
standard,email_univ,email-univ,communication,1,aa,0.7190884420864867,0.8609669710219477,0.7326388888888888,0.7326388888888888,0.7326388888888888,0.766922974368833,864,864,4320,5184,492,72,4764,0.9189814814814816,4240,0.2885390081777926,20,8,12,19,True,5,False,local_similarity,AA
standard,email_univ,email-univ,communication,1,car_aa,0.4465704609458488,0.672698715063443,0.4305555555555556,0.4305555555555556,0.4305555555555556,0.5033876494879632,864,864,4320,5184,314,22,4892,0.9436728395061728,4846,0.0,4846,560,4286,526,True,5,False,enhanced_local,CAR-AA
standard,email_univ,email-univ,communication,1,car_cn,0.4438423971826688,0.6726128472222221,0.4305555555555556,0.4305555555555556,0.4305555555555556,0.503145375121242,864,864,4320,5184,55,33,5162,0.995756172839506,4846,0.0,4846,560,4286,526,True,5,False,enhanced_local,CAR-CN
standard,email_univ,email-univ,communication,1,car_ra,0.4473243355329104,0.6727268464934841,0.4305555555555556,0.4305555555555556,0.4305555555555556,0.5035672938230233,864,864,4320,5184,314,22,4892,0.9436728395061728,4846,0.0,4846,560,4286,526,True,5,False,enhanced_local,CAR-RA
standard,email_univ,email-univ,communication,1,cn,0.682075857317531,0.858601921510631,0.7152777777777778,0.7152777777777778,0.7152777777777778,0.7511370259454172,864,864,4320,5184,13,12,5183,0.999807098765432,4240,1.0,453,228,225,373,True,5,False,local_similarity,CN
standard,email_univ,email-univ,communication,1,fl,0.7848950460390198,0.9275287476423182,0.7268518518518519,0.7268518518518519,0.7268518518518519,0.7609565082272345,864,864,4320,5184,289,150,5045,0.9731867283950616,2820,0.0008849557522123,34,14,20,29,True,5,False,quasi_local_path,FL-l3
standard,email_univ,email-univ,communication,1,fsw,0.702430320367234,0.8575873146004801,0.7118055555555556,0.7118055555555556,0.7118055555555557,0.7476975893202515,864,864,4320,5184,501,150,4833,0.9322916666666666,4240,0.0111111111111111,3,2,1,3,False,5,False,enhanced_local,FSW
standard,email_univ,email-univ,communication,1,hdi,0.682300909816685,0.8560589741941015,0.7094907407407407,0.7094907407407407,0.7094907407407407,0.74160629201561,864,864,4320,5184,150,109,5143,0.992091049382716,4240,0.0344827586206896,11,8,3,1,True,5,False,local_similarity,HDI
standard,email_univ,email-univ,communication,1,hpi,0.6156485584729993,0.8533460326646091,0.7118055555555556,0.7118055555555556,0.7118055555555557,0.7177351471255246,864,864,4320,5184,117,76,5143,0.992091049382716,4240,0.0769230769230769,12,5,7,2,True,5,False,local_similarity,HPI
standard,email_univ,email-univ,communication,1,ia1,0.7202290080194639,0.8609928251457475,0.7326388888888888,0.7326388888888888,0.7326388888888888,0.7672561953519114,864,864,4320,5184,496,61,4749,0.9160879629629628,4240,0.0625,20,8,12,19,True,5,False,enhanced_local,IA1
standard,email_univ,email-univ,communication,1,ia2,0.7015986600951478,0.8596383637688615,0.7280092592592593,0.7280092592592593,0.7280092592592592,0.7591923616557079,864,864,4320,5184,495,60,4749,0.9160879629629628,4240,0.0606060606060606,11,0,11,5,True,5,False,enhanced_local,IA2
standard,email_univ,email-univ,communication,1,ja,0.6831548219360616,0.8561377421982167,0.7118055555555556,0.7118055555555556,0.7118055555555557,0.7437503144704671,864,864,4320,5184,201,128,5111,0.9859182098765432,4240,0.0263157894736842,8,7,1,6,True,5,False,local_similarity,JA
standard,email_univ,email-univ,communication,1,lit,0.6871429577182464,0.8411471729252399,0.7141203703703703,0.7141203703703703,0.7141203703703705,0.7503682417449253,864,864,4320,5184,864,8,4328,0.8348765432098766,4308,0.0127657423365696,1,1,0,1,False,5,False,enhanced_local,LIT-i2
standard,email_univ,email-univ,communication,1,llhn,0.5955072487489985,0.8498237097050754,0.7071759259259259,0.7071759259259259,0.7071759259259259,0.7082390817683599,864,864,4320,5184,398,170,4956,0.9560185185185184,4240,0.0028490028490028,2,1,1,1,True,5,False,local_similarity,LLHN
standard,email_univ,email-univ,communication,1,lnb_aa,0.7167941684824479,0.8595259720078875,0.7291666666666666,0.7291666666666666,0.7291666666666665,0.7636724985016002,864,864,4320,5184,680,123,4627,0.892554012345679,4240,0.6220510053004601,4,1,3,2,True,5,False,local_bayesian,LNB-AA
standard,email_univ,email-univ,communication,1,lnb_cn,0.7128479293265895,0.858778479723937,0.7268518518518519,0.7268518518518519,0.7268518518518519,0.7611554935922784,864,864,4320,5184,676,121,4629,0.8929398148148148,4240,2.094629756187133,4,1,3,4,False,5,False,local_bayesian,LNB-CN
standard,email_univ,email-univ,communication,1,lnb_ra,0.7146245259381072,0.859689670138889,0.7314814814814815,0.7314814814814815,0.7314814814814816,0.7647337243179203,864,864,4320,5184,680,123,4627,0.892554012345679,4240,0.0722286122823149,4,1,3,3,True,5,False,local_bayesian,LNB-RA
standard,email_univ,email-univ,communication,1,lpi,0.7848950460390198,0.9275287476423182,0.7268518518518519,0.7268518518518519,0.7268518518518519,0.7609565082272345,864,864,4320,5184,289,150,5045,0.9731867283950616,2820,1.002,34,14,20,29,True,5,False,quasi_local_path,LPI-beta-0.001
standard,email_univ,email-univ,communication,1,lrw,0.7866465644582171,0.9227237654320988,0.7291666666666666,0.7291666666666666,0.7291666666666665,0.7632066479080791,864,864,4320,5184,1974,191,3401,0.6560570987654321,2848,5.190652672667061e-06,1,0,1,1,False,5,False,quasi_local_walk,LRW-l3
standard,email_univ,email-univ,communication,1,ora_cni,0.7873602600320294,0.9269487043467076,0.7314814814814815,0.7314814814814815,0.7314814814814816,0.7645528219976424,864,864,4320,5184,2032,182,3334,0.6431327160493827,2820,0.2876461861904006,1,1,0,1,False,5,False,quasi_local_path,ORA-CNI-beta-0.001
standard,email_univ,email-univ,communication,1,pa,0.5042461766601675,0.8219017918381345,0.5092592592592593,0.5092592592592593,0.5092592592592593,0.541023106987963,864,864,4320,5184,378,270,5076,0.9791666666666666,197,161.0,5,1,4,4,True,5,False,degree_based,PA
standard,email_univ,email-univ,communication,1,pfp,0.7665317497372147,0.9250092431841564,0.7141203703703703,0.7141203703703703,0.7141203703703705,0.7399007063192866,864,864,4320,5184,2323,40,2901,0.5596064814814815,2820,0.0043450463787494,1,1,0,1,False,5,False,quasi_local_walk,PFP-l3
standard,email_univ,email-univ,communication,1,ra,0.7149981625461859,0.8608899444873114,0.7326388888888888,0.7326388888888888,0.7326388888888888,0.7655917084730656,864,864,4320,5184,487,73,4770,0.9201388888888888,4240,0.03125,20,8,12,19,True,5,False,local_similarity,RA
standard,email_univ,email-univ,communication,1,ra_cni,0.7871383768109368,0.926641000085734,0.7314814814814815,0.7314814814814815,0.7314814814814816,0.7645528219976424,864,864,4320,5184,1944,212,3452,0.6658950617283951,2833,0.2876298967630237,1,1,0,1,False,5,False,enhanced_local,RA-CNI
standard,email_univ,email-univ,communication,1,sa,0.6729659308130852,0.8554332508144719,0.7118055555555556,0.7118055555555556,0.7118055555555557,0.7410872063246516,864,864,4320,5184,503,178,4859,0.937307098765432,4240,0.0563436169819011,2,1,1,2,False,5,False,local_similarity,SA
standard,email_univ,email-univ,communication,1,so,0.6831548219360616,0.8561377421982167,0.7118055555555556,0.7118055555555556,0.7118055555555557,0.7437503144704671,864,864,4320,5184,201,128,5111,0.9859182098765432,4240,0.0512820512820512,8,7,1,6,True,5,False,local_similarity,SO
standard,email_univ,email-univ,communication,1,srw,0.8118741146242723,0.9329622663751714,0.7534722222222222,0.7534722222222222,0.7534722222222221,0.7851500993512873,864,864,4320,5184,2030,188,3342,0.6446759259259259,2820,1.2111522902889808e-05,1,0,1,1,False,5,False,quasi_local_walk,SRW-l3
standard,email_univ,email-univ,communication,1,aa,0.6525271415232515,0.8612713932827504,0.6620370370370371,0.6620370370370371,0.6620370370370371,0.7031257918535575,864,864,8640,9504,540,80,9044,0.9515993265993266,8266,0.3284587387530511,34,11,23,3,True,10,False,local_similarity,AA
standard,email_univ,email-univ,communication,1,car_aa,0.3923596835269611,0.6731273174939987,0.3969907407407407,0.3969907407407407,0.3969907407407407,0.4727530975735965,864,864,8640,9504,335,26,9195,0.9674873737373736,9139,0.0,9139,560,8579,499,True,10,False,enhanced_local,CAR-AA
standard,email_univ,email-univ,communication,1,car_cn,0.3873735418375345,0.6730444637345679,0.3969907407407407,0.3969907407407407,0.3969907407407407,0.4723380073918972,864,864,8640,9504,55,33,9482,0.9976851851851852,9139,0.0,9139,560,8579,499,True,10,False,enhanced_local,CAR-CN
standard,email_univ,email-univ,communication,1,car_ra,0.3933060775039442,0.6731455359439301,0.3969907407407407,0.3969907407407407,0.3969907407407407,0.4729764394828814,864,864,8640,9504,335,26,9195,0.9674873737373736,9139,0.0,9139,560,8579,499,True,10,False,enhanced_local,CAR-RA
standard,email_univ,email-univ,communication,1,cn,0.597073464497704,0.858745592742627,0.6238425925925926,0.6238425925925926,0.6238425925925926,0.6697449454403845,864,864,8640,9504,13,12,9503,0.9998947811447813,8266,1.0,690,228,462,316,True,10,False,local_similarity,CN
standard,email_univ,email-univ,communication,1,fl,0.6948834244739877,0.9271704737868656,0.6388888888888888,0.6388888888888888,0.6388888888888888,0.6821855780380269,864,864,8640,9504,300,160,9364,0.9852693602693604,5568,0.0008865206607043,44,12,32,2,True,10,False,quasi_local_path,FL-l3
standard,email_univ,email-univ,communication,1,fsw,0.6280738560886182,0.8579047309027779,0.5972222222222222,0.5972222222222222,0.5972222222222222,0.6479963485229134,864,864,8640,9504,564,200,9140,0.9617003367003368,8266,0.0231421670504971,17,4,13,14,True,10,False,enhanced_local,FSW
standard,email_univ,email-univ,communication,1,hdi,0.5863723690715487,0.856418788580247,0.5995370370370371,0.5995370370370371,0.5995370370370371,0.6335248657068134,864,864,8640,9504,153,111,9462,0.995580808080808,8266,0.0588235294117647,34,11,23,1,True,10,False,local_similarity,HDI
standard,email_univ,email-univ,communication,1,hpi,0.4992426185639556,0.8539024321630659,0.6018518518518519,0.6018518518518519,0.6018518518518519,0.607375458171174,864,864,8640,9504,121,77,9460,0.9953703703703703,8266,0.125,60,18,42,5,True,10,False,local_similarity,HPI
standard,email_univ,email-univ,communication,1,ia1,0.6547320591413204,0.861317542223937,0.6620370370370371,0.6620370370370371,0.6620370370370371,0.7036845593469988,864,864,8640,9504,545,67,9026,0.9497053872053872,8266,0.0952380952380952,34,11,23,3,True,10,False,enhanced_local,IA1
standard,email_univ,email-univ,communication,1,ia2,0.6238918927306416,0.8598831072102197,0.6469907407407407,0.6469907407407407,0.6469907407407407,0.684859360781294,864,864,8640,9504,543,66,9027,0.949810606060606,8266,0.0909090909090909,22,6,16,20,True,10,False,enhanced_local,IA2
standard,email_univ,email-univ,communication,1,ja,0.58675912564802,0.8565204636059672,0.6030092592592593,0.6030092592592593,0.6030092592592593,0.6360159948374676,864,864,8640,9504,209,139,9434,0.99263468013468,8266,0.0434782608695652,25,6,19,21,True,10,False,local_similarity,JA
standard,email_univ,email-univ,communication,1,lit,0.619849136914584,0.841532037680041,0.625,0.625,0.625,0.6714523763746739,864,864,8640,9504,1118,13,8399,0.883733164983165,8367,0.047819878892488,1,0,1,1,False,10,False,enhanced_local,LIT-i2
standard,email_univ,email-univ,communication,1,llhn,0.4684034979869761,0.8504332240226339,0.5659722222222222,0.5659722222222222,0.5659722222222222,0.5627635741608487,864,864,8640,9504,439,221,9286,0.9770622895622896,8266,0.0066666666666666,4,2,2,4,False,10,False,local_similarity,LLHN
standard,email_univ,email-univ,communication,1,lnb_aa,0.6499585817960443,0.8597083574459876,0.6469907407407407,0.6469907407407407,0.6469907407407407,0.6907241352660864,864,864,8640,9504,776,162,8890,0.935395622895623,8266,0.956762364889288,3,1,2,3,False,10,False,local_bayesian,LNB-AA
standard,email_univ,email-univ,communication,1,lnb_cn,0.6422795610588504,0.8588190693587106,0.6284722222222222,0.6284722222222222,0.6284722222222222,0.6746246574512811,864,864,8640,9504,770,159,8893,0.9357112794612794,8266,2.8268054367919646,5,0,5,2,True,10,False,local_bayesian,LNB-CN
standard,email_univ,email-univ,communication,1,lnb_ra,0.6453253317503406,0.8598815666795268,0.6527777777777778,0.6527777777777778,0.6527777777777778,0.6939014136480232,864,864,8640,9504,776,162,8890,0.935395622895623,8266,0.1392492868415233,2,0,2,1,True,10,False,local_bayesian,LNB-RA
standard,email_univ,email-univ,communication,1,lpi,0.6948834244739877,0.9271704737868656,0.6388888888888888,0.6388888888888888,0.6388888888888888,0.6821855780380269,864,864,8640,9504,300,160,9364,0.9852693602693604,5568,1.006,44,12,32,2,True,10,False,quasi_local_path,LPI-beta-0.001
standard,email_univ,email-univ,communication,1,lrw,0.6976689807489036,0.9224257062328532,0.6493055555555556,0.6493055555555556,0.6493055555555556,0.6910037200690644,864,864,8640,9504,3000,334,6838,0.719486531986532,5617,7.431961899323498e-06,1,0,1,1,False,10,False,quasi_local_walk,LRW-l3
standard,email_univ,email-univ,communication,1,ora_cni,0.6899916684782588,0.9263969264403292,0.6354166666666666,0.6354166666666666,0.6354166666666666,0.6777506079830518,864,864,8640,9504,3065,346,6785,0.7139099326599326,5568,0.4163614716101089,1,0,1,1,False,10,False,quasi_local_path,ORA-CNI-beta-0.001
standard,email_univ,email-univ,communication,1,pa,0.3629699408162452,0.8213834367498286,0.40625,0.40625,0.40625,0.4382818408707234,864,864,8640,9504,399,301,9406,0.9896885521885522,348,221.0,8,2,6,3,True,10,False,degree_based,PA
standard,email_univ,email-univ,communication,1,pfp,0.638681409588325,0.9229220250342934,0.6296296296296297,0.6296296296296297,0.6296296296296297,0.654172310083583,864,864,8640,9504,3811,109,5802,0.610479797979798,5568,0.0069444444444444,1,0,1,1,False,10,False,quasi_local_walk,PFP-l3
standard,email_univ,email-univ,communication,1,ra,0.6454133732123573,0.8611630872770919,0.6620370370370371,0.6620370370370371,0.6620370370370371,0.7011530773386108,864,864,8640,9504,534,82,9052,0.9524410774410774,8266,0.0476190476190476,34,11,23,3,True,10,False,local_similarity,RA
standard,email_univ,email-univ,communication,1,ra_cni,0.6898436505516632,0.9260971927512002,0.6354166666666666,0.6354166666666666,0.6354166666666666,0.6777503950714409,864,864,8640,9504,2875,373,7002,0.7367424242424242,5595,0.4163071774681681,1,0,1,1,False,10,False,enhanced_local,RA-CNI
standard,email_univ,email-univ,communication,1,sa,0.5726253260188016,0.8559491946373458,0.6053240740740741,0.6053240740740741,0.6053240740740741,0.6330095834309629,864,864,8640,9504,567,231,9168,0.9646464646464646,8266,0.0932504808240313,1,1,0,1,False,10,False,local_similarity,SA
standard,email_univ,email-univ,communication,1,so,0.58675912564802,0.8565204636059672,0.6030092592592593,0.6030092592592593,0.6030092592592593,0.6360159948374676,864,864,8640,9504,209,139,9434,0.99263468013468,8266,0.0833333333333333,25,6,19,21,True,10,False,local_similarity,SO
standard,email_univ,email-univ,communication,1,srw,0.7327331125523533,0.9328983008616256,0.6701388888888888,0.6701388888888888,0.6701388888888888,0.7114753178433404,864,864,8640,9504,3095,331,6740,0.7091750841750841,5568,1.7589153941081464e-05,1,0,1,1,False,10,False,quasi_local_walk,SRW-l3
standard,email_univ,email-univ,communication,2,aa,0.8570992105775528,0.8537212523576817,0.7858796296296297,0.7858796296296297,0.7858796296296298,0.8205680038718496,864,864,864,1728,479,70,1319,0.7633101851851852,1022,0.0,1022,221,801,158,True,1,True,local_similarity,AA
standard,email_univ,email-univ,communication,2,car_aa,0.7028481212782896,0.7026487750771606,0.6261574074074074,0.6261574074074074,0.6261574074074074,0.6789744033319015,864,864,864,1728,328,28,1428,0.8263888888888888,1367,0.0,1367,509,858,503,True,1,True,enhanced_local,CAR-AA
standard,email_univ,email-univ,communication,2,car_cn,0.7022232631429439,0.7026139456875858,0.6261574074074074,0.6261574074074074,0.6261574074074074,0.6789920275193556,864,864,864,1728,56,37,1709,0.9890046296296297,1367,0.0,1367,509,858,503,True,1,True,enhanced_local,CAR-CN
standard,email_univ,email-univ,communication,2,car_ra,0.7034100357391249,0.7027679987568588,0.6261574074074074,0.6261574074074074,0.6261574074074074,0.6790932335847333,864,864,864,1728,327,29,1430,0.8275462962962963,1367,0.0,1367,509,858,503,True,1,True,enhanced_local,CAR-RA
standard,email_univ,email-univ,communication,2,cn,0.8465712011714082,0.8514151448902606,0.7858796296296297,0.7858796296296297,0.7858796296296298,0.8203884883884327,864,864,864,1728,16,13,1725,0.9982638888888888,1022,0.0,1022,221,801,158,True,1,True,local_similarity,CN
standard,email_univ,email-univ,communication,2,fl,0.9266156671472676,0.9240129886831276,0.8645833333333334,0.8645833333333334,0.8645833333333333,0.8851853886312154,864,864,864,1728,280,137,1585,0.9172453703703703,578,1.5649084919759317e-06,39,18,21,32,True,1,True,quasi_local_path,FL-l3
standard,email_univ,email-univ,communication,2,fsw,0.848928365374306,0.8487413194444444,0.7858796296296297,0.7858796296296297,0.7858796296296298,0.8193991152833598,864,864,864,1728,447,101,1382,0.7997685185185185,1022,0.0,1022,221,801,158,True,1,True,enhanced_local,FSW
standard,email_univ,email-univ,communication,2,hdi,0.8419929717276702,0.8462436503343621,0.7858796296296297,0.7858796296296297,0.7858796296296298,0.8182482594204098,864,864,864,1728,142,92,1678,0.9710648148148148,1022,0.0,1022,221,801,158,True,1,True,local_similarity,HDI
standard,email_univ,email-univ,communication,2,hpi,0.8206731431990968,0.8422784582904664,0.7858796296296297,0.7858796296296297,0.7858796296296298,0.8035539794593858,864,864,864,1728,113,76,1691,0.9785879629629628,1022,0.0,1022,221,801,158,True,1,True,local_similarity,HPI
standard,email_univ,email-univ,communication,2,ia1,0.8567707173336612,0.8536877625600137,0.7858796296296297,0.7858796296296297,0.7858796296296298,0.8205013203435374,864,864,864,1728,484,64,1308,0.7569444444444444,1022,0.0,1022,221,801,158,True,1,True,enhanced_local,IA1
standard,email_univ,email-univ,communication,2,ia2,0.8497430053420434,0.8514037583590536,0.7858796296296297,0.7858796296296297,0.7858796296296298,0.8189633457580344,864,864,864,1728,481,63,1310,0.7581018518518519,1022,0.0,1022,221,801,158,True,1,True,enhanced_local,IA2
standard,email_univ,email-univ,communication,2,ja,0.842399260854044,0.8460989744084362,0.7858796296296297,0.7858796296296297,0.7858796296296298,0.8183181503704531,864,864,864,1728,209,114,1633,0.945023148148148,1022,0.0,1022,221,801,158,True,1,True,local_similarity,JA
standard,email_univ,email-univ,communication,2,lit,0.8399245062371674,0.8381705997085047,0.7662037037037037,0.7662037037037037,0.7662037037037037,0.8033004790181981,864,864,864,1728,670,4,1062,0.6145833333333334,1056,0.0,1056,247,809,192,True,1,True,enhanced_local,LIT-i2
standard,email_univ,email-univ,communication,2,llhn,0.809877046876055,0.8369381751543209,0.7858796296296297,0.7858796296296297,0.7858796296296298,0.8110169743105574,864,864,864,1728,364,143,1507,0.8721064814814815,1022,0.0,1022,221,801,158,True,1,True,local_similarity,LLHN
standard,email_univ,email-univ,communication,2,lnb_aa,0.8580525788743953,0.8542182409550755,0.7858796296296297,0.7858796296296297,0.7858796296296298,0.820679649290586,864,864,864,1728,610,68,1186,0.6863425925925926,1022,0.0,1022,221,801,158,True,1,True,local_bayesian,LNB-AA
standard,email_univ,email-univ,communication,2,lnb_cn,0.8577587683281978,0.8537929205246914,0.7858796296296297,0.7858796296296297,0.7858796296296298,0.8206602260066805,864,864,864,1728,607,68,1189,0.6880787037037037,1022,0.0,1022,221,801,158,True,1,True,local_bayesian,LNB-CN
standard,email_univ,email-univ,communication,2,lnb_ra,0.8563180689878672,0.8538043070558985,0.7858796296296297,0.7858796296296297,0.7858796296296298,0.8202828371484733,864,864,864,1728,610,68,1186,0.6863425925925926,1022,0.0,1022,221,801,158,True,1,True,local_bayesian,LNB-RA
standard,email_univ,email-univ,communication,2,lpi,0.9266156671472676,0.9240129886831276,0.8645833333333334,0.8645833333333334,0.8645833333333333,0.8851853886312154,864,864,864,1728,280,137,1585,0.9172453703703703,578,0.004,39,18,21,32,True,1,True,quasi_local_path,LPI-beta-0.001
standard,email_univ,email-univ,communication,2,lrw,0.9310370946571268,0.9232574588477366,0.8668981481481481,0.8668981481481481,0.8668981481481481,0.8876875382289,864,864,864,1728,1107,27,648,0.375,590,2.094584741946477e-06,1,0,1,1,False,1,True,quasi_local_walk,LRW-l3
standard,email_univ,email-univ,communication,2,ora_cni,0.9266636166393214,0.92374239111797,0.8726851851851852,0.8726851851851852,0.8726851851851852,0.8911383015658925,864,864,864,1728,1125,21,624,0.3611111111111111,578,0.1260764299802761,1,1,0,1,False,1,True,quasi_local_path,ORA-CNI-beta-0.001
standard,email_univ,email-univ,communication,2,pa,0.8213969414393925,0.8346776138117284,0.7569444444444444,0.7569444444444444,0.7569444444444444,0.7822563191542428,864,864,864,1728,328,220,1620,0.9375,43,72.0,16,9,7,10,True,1,True,degree_based,PA
standard,email_univ,email-univ,communication,2,pfp,0.9095010536123938,0.916652600951646,0.8611111111111112,0.8611111111111112,0.8611111111111112,0.872042704126541,864,864,864,1728,1147,5,586,0.3391203703703703,578,0.0015961057081821,1,1,0,1,False,1,True,quasi_local_walk,PFP-l3
standard,email_univ,email-univ,communication,2,ra,0.8543487768948949,0.8531827364111798,0.7858796296296297,0.7858796296296297,0.7858796296296298,0.819921156564021,864,864,864,1728,474,72,1326,0.7673611111111112,1022,0.0,1022,221,801,158,True,1,True,local_similarity,RA
standard,email_univ,email-univ,communication,2,ra_cni,0.926411890653888,0.9233827106910152,0.8726851851851852,0.8726851851851852,0.8726851851851852,0.8911383067904995,864,864,864,1728,1108,33,653,0.3778935185185185,579,0.126068376068376,1,1,0,1,False,1,True,enhanced_local,RA-CNI
standard,email_univ,email-univ,communication,2,sa,0.8402414563662912,0.8450306498628257,0.7858796296296297,0.7858796296296297,0.7858796296296298,0.8178708975578167,864,864,864,1728,457,122,1393,0.8061342592592593,1022,0.0,1022,221,801,158,True,1,True,local_similarity,SA
standard,email_univ,email-univ,communication,2,so,0.842399260854044,0.8460989744084362,0.7858796296296297,0.7858796296296297,0.7858796296296298,0.8183181503704531,864,864,864,1728,209,114,1633,0.945023148148148,1022,0.0,1022,221,801,158,True,1,True,local_similarity,SO
standard,email_univ,email-univ,communication,2,srw,0.9359464132694196,0.930678798010974,0.875,0.875,0.875,0.894252912775633,864,864,864,1728,1127,21,622,0.3599537037037037,578,2.8784528457517337e-06,1,0,1,1,False,1,True,quasi_local_walk,SRW-l3
standard,email_univ,email-univ,communication,2,aa,0.7276049634279592,0.8556928637259944,0.7268518518518519,0.7268518518518519,0.7268518518518519,0.7653417810131884,864,864,4320,5184,510,77,4751,0.9164737654320988,4263,0.2790553132756236,12,7,5,2,True,5,False,local_similarity,AA
standard,email_univ,email-univ,communication,2,car_aa,0.4994059070112566,0.703114015346365,0.4780092592592592,0.4780092592592592,0.4780092592592592,0.5493961659482116,864,864,4320,5184,340,33,4877,0.9407793209876544,4804,0.0,4804,509,4295,484,True,5,False,enhanced_local,CAR-AA
standard,email_univ,email-univ,communication,2,car_cn,0.4972302806550513,0.7031059777949247,0.4780092592592592,0.4780092592592592,0.4780092592592592,0.5495086332852124,864,864,4320,5184,56,37,5165,0.9963348765432098,4804,0.0,4804,509,4295,484,True,5,False,enhanced_local,CAR-CN
standard,email_univ,email-univ,communication,2,car_ra,0.5005972858394592,0.7031684027777778,0.4780092592592592,0.4780092592592592,0.4780092592592592,0.5496420785294713,864,864,4320,5184,339,34,4879,0.9411651234567902,4804,0.0,4804,509,4295,484,True,5,False,enhanced_local,CAR-RA
standard,email_univ,email-univ,communication,2,cn,0.6963596708260178,0.8540331093535665,0.7199074074074074,0.7199074074074074,0.7199074074074073,0.7589916408626128,864,864,4320,5184,16,13,5181,0.9994212962962964,4263,1.0,405,181,224,348,True,5,False,local_similarity,CN
standard,email_univ,email-univ,communication,2,fl,0.806529112843291,0.9280507866083678,0.7280092592592593,0.7280092592592593,0.7280092592592592,0.766106055678253,864,864,4320,5184,290,147,5041,0.9724151234567902,2792,0.0008845645250893,35,6,29,1,True,5,False,quasi_local_path,FL-l3
standard,email_univ,email-univ,communication,2,fsw,0.7069014510234264,0.8523272730195472,0.7106481481481481,0.7106481481481481,0.710648148148148,0.7489775229810417,864,864,4320,5184,501,141,4824,0.9305555555555556,4263,0.0093240093240093,2,0,2,2,False,5,False,enhanced_local,FSW
standard,email_univ,email-univ,communication,2,hdi,0.6836356521958658,0.8504150055727022,0.7152777777777778,0.7152777777777778,0.7152777777777778,0.7487621645088908,864,864,4320,5184,143,95,5136,0.9907407407407408,4263,0.0333333333333333,9,6,3,7,True,5,False,local_similarity,HDI
standard,email_univ,email-univ,communication,2,hpi,0.6042320228395249,0.846137018818587,0.7106481481481481,0.7106481481481481,0.710648148148148,0.7058328922141903,864,864,4320,5184,116,81,5149,0.9932484567901234,4263,0.0714285714285714,8,4,4,2,True,5,False,local_similarity,HPI
standard,email_univ,email-univ,communication,2,ia1,0.7246448290339884,0.8553798010973936,0.7268518518518519,0.7268518518518519,0.7268518518518519,0.7648523762262208,864,864,4320,5184,516,71,4739,0.914158950617284,4263,0.0555555555555555,12,7,5,2,True,5,False,enhanced_local,IA1
standard,email_univ,email-univ,communication,2,ia2,0.695747251499478,0.8526483731995884,0.7256944444444444,0.7256944444444444,0.7256944444444444,0.7583493243522179,864,864,4320,5184,512,70,4742,0.9147376543209876,4263,0.0555555555555555,12,7,5,3,True,5,False,enhanced_local,IA2
standard,email_univ,email-univ,communication,2,ja,0.6817967793169204,0.8501653056412893,0.7129629629629629,0.7129629629629629,0.7129629629629629,0.7462486565367081,864,864,4320,5184,215,126,5095,0.9828317901234568,4263,0.0232558139534883,4,0,4,2,True,5,False,local_similarity,JA
standard,email_univ,email-univ,communication,2,lit,0.7016531549050731,0.8410930534122084,0.7141203703703703,0.7141203703703703,0.7141203703703705,0.7533108104472231,864,864,4320,5184,855,8,4337,0.8366126543209876,4321,0.0,4321,247,4074,1,True,5,False,enhanced_local,LIT-i2
standard,email_univ,email-univ,communication,2,llhn,0.5778730271944387,0.8424594371570644,0.7094907407407407,0.7094907407407407,0.7094907407407407,0.7059989780726472,864,864,4320,5184,401,177,4960,0.9567901234567902,4263,0.0025510204081632,2,2,0,1,True,5,False,local_similarity,LLHN
standard,email_univ,email-univ,communication,2,lnb_aa,0.7282622805368588,0.8556353952331962,0.7280092592592593,0.7280092592592593,0.7280092592592592,0.7662787109424912,864,864,4320,5184,694,122,4612,0.8896604938271605,4263,0.6288206126708413,9,6,3,6,True,5,False,local_bayesian,LNB-AA
standard,email_univ,email-univ,communication,2,lnb_cn,0.7279573784173792,0.8552616490912208,0.7210648148148148,0.7210648148148148,0.7210648148148148,0.7607238212613389,864,864,4320,5184,690,121,4615,0.8902391975308642,4263,2.102553085803121,5,0,5,3,True,5,False,local_bayesian,LNB-CN
standard,email_univ,email-univ,communication,2,lnb_ra,0.7170011481795616,0.8548238704561042,0.7245370370370371,0.7245370370370371,0.7245370370370371,0.760958111018636,864,864,4320,5184,694,122,4612,0.8896604938271605,4263,0.0662758134585848,4,2,2,4,False,5,False,local_bayesian,LNB-RA
standard,email_univ,email-univ,communication,2,lpi,0.806529112843291,0.9280507866083678,0.7280092592592593,0.7280092592592593,0.7280092592592592,0.766106055678253,864,864,4320,5184,290,147,5041,0.9724151234567902,2792,1.001,35,6,29,1,True,5,False,quasi_local_path,LPI-beta-0.001
standard,email_univ,email-univ,communication,2,lrw,0.8029531615987038,0.9238082990397803,0.7453703703703703,0.7453703703703703,0.7453703703703705,0.7785342371526721,864,864,4320,5184,2038,178,3324,0.6412037037037037,2818,5.244421123636149e-06,1,1,0,1,False,5,False,quasi_local_walk,LRW-l3
standard,email_univ,email-univ,communication,2,ora_cni,0.7998878254176306,0.9279263385202332,0.7256944444444444,0.7256944444444444,0.7256944444444444,0.7615809254283384,864,864,4320,5184,2082,181,3283,0.6332947530864198,2792,0.302104375,1,1,0,1,False,5,False,quasi_local_path,ORA-CNI-beta-0.001
standard,email_univ,email-univ,communication,2,pa,0.5310257766480608,0.8356151941872427,0.5219907407407407,0.5219907407407407,0.5219907407407407,0.558715108547374,864,864,4320,5184,361,269,5092,0.9822530864197532,179,160.0,22,7,15,11,True,5,False,degree_based,PA
standard,email_univ,email-univ,communication,2,pfp,0.7350974026703229,0.92219784164952,0.7141203703703703,0.7141203703703703,0.7141203703703705,0.7282377819337513,864,864,4320,5184,2354,34,2864,0.5524691358024691,2792,0.0046495538758337,1,1,0,1,False,5,False,quasi_local_walk,PFP-l3
standard,email_univ,email-univ,communication,2,ra,0.7147299358895288,0.8547827449845679,0.7268518518518519,0.7268518518518519,0.7268518518518519,0.7624933342615904,864,864,4320,5184,504,79,4759,0.918016975308642,4263,0.0277777777777777,12,7,5,2,True,5,False,local_similarity,RA
standard,email_univ,email-univ,communication,2,ra_cni,0.7996779432661243,0.9276124721364885,0.7256944444444444,0.7256944444444444,0.7256944444444444,0.7615809728712654,864,864,4320,5184,1975,219,3428,0.6612654320987654,2802,0.3020833333333333,1,1,0,1,False,5,False,enhanced_local,RA-CNI
standard,email_univ,email-univ,communication,2,sa,0.6709471874559305,0.8490342881944444,0.7118055555555556,0.7118055555555556,0.7118055555555557,0.7427485077376523,864,864,4320,5184,513,176,4847,0.9349922839506172,4263,0.0512989176042577,1,0,1,1,False,5,False,local_similarity,SA
standard,email_univ,email-univ,communication,2,so,0.6817967793169204,0.8501653056412893,0.7129629629629629,0.7129629629629629,0.7129629629629629,0.7462486565367081,864,864,4320,5184,215,126,5095,0.9828317901234568,4263,0.0454545454545454,4,0,4,2,True,5,False,local_similarity,SO
standard,email_univ,email-univ,communication,2,srw,0.8214310313604458,0.9326663505229768,0.75,0.75,0.75,0.7840449922873187,864,864,4320,5184,2087,174,3271,0.6309799382716049,2792,1.182066798923159e-05,1,1,0,1,False,5,False,quasi_local_walk,SRW-l3
standard,email_univ,email-univ,communication,2,aa,0.6579058846247878,0.8546829453875171,0.6585648148148148,0.6585648148148148,0.6585648148148148,0.7025301251646208,864,864,8640,9504,559,90,9035,0.9506523569023568,8273,0.3396232718951086,26,10,16,13,True,10,False,local_similarity,AA
standard,email_univ,email-univ,communication,2,car_aa,0.441805493638738,0.7026260689943417,0.4421296296296296,0.4421296296296296,0.4421296296296296,0.5163235363100788,864,864,8640,9504,365,39,9178,0.9656986531986532,9089,0.0,9089,509,8580,449,True,10,False,enhanced_local,CAR-AA
standard,email_univ,email-univ,communication,2,car_cn,0.4375979703431161,0.7026368527091909,0.4421296296296296,0.4421296296296296,0.4421296296296296,0.5163708201338579,864,864,8640,9504,56,38,9486,0.9981060606060606,9089,0.0,9089,509,8580,449,True,10,False,enhanced_local,CAR-CN
standard,email_univ,email-univ,communication,2,car_ra,0.4434612390000739,0.7026658548739714,0.4421296296296296,0.4421296296296296,0.4421296296296296,0.5166707631112538,864,864,8640,9504,364,40,9180,0.9659090909090908,9089,0.0,9089,509,8580,449,True,10,False,enhanced_local,CAR-RA
standard,email_univ,email-univ,communication,2,cn,0.6087885504501525,0.852669806670096,0.6331018518518519,0.6331018518518519,0.6331018518518519,0.6807043831495725,864,864,8640,9504,16,13,9501,0.9996843434343434,8273,1.0,645,181,464,278,True,10,False,local_similarity,CN
standard,email_univ,email-univ,communication,2,fl,0.7132863891033964,0.926749440050583,0.6493055555555556,0.6493055555555556,0.6493055555555556,0.6942746009069343,864,864,8640,9504,298,152,9358,0.9846380471380471,5532,0.0008869118878273,46,16,30,23,True,10,False,quasi_local_path,FL-l3
standard,email_univ,email-univ,communication,2,fsw,0.6254589770589073,0.8509219741298009,0.6122685185185185,0.6122685185185185,0.6122685185185185,0.6608555687717982,864,864,8640,9504,565,187,9126,0.9602272727272728,8273,0.0231421670504971,9,4,5,3,True,10,False,enhanced_local,FSW
standard,email_univ,email-univ,communication,2,hdi,0.5819298970674269,0.8488279910408092,0.6076388888888888,0.6076388888888888,0.6076388888888888,0.6488846378897416,864,864,8640,9504,148,99,9455,0.994844276094276,8273,0.0588235294117647,34,13,21,11,True,10,False,local_similarity,HDI
standard,email_univ,email-univ,communication,2,hpi,0.4722867239474594,0.844795752421982,0.5821759259259259,0.5821759259259259,0.5821759259259259,0.5751970474564526,864,864,8640,9504,118,85,9471,0.9965277777777778,8273,0.1428571428571428,58,23,35,41,True,10,False,local_similarity,HPI
standard,email_univ,email-univ,communication,2,ia1,0.6562959627837496,0.8544869630915637,0.6597222222222222,0.6597222222222222,0.6597222222222222,0.7035896157602785,864,864,8640,9504,565,82,9021,0.9491792929292928,8273,0.1052631578947368,26,10,16,15,True,10,False,enhanced_local,IA1
standard,email_univ,email-univ,communication,2,ia2,0.6138762257208124,0.851831356095679,0.6446759259259259,0.6446759259259259,0.6446759259259259,0.6833191318340882,864,864,8640,9504,560,81,9025,0.9496001683501684,8273,0.0909090909090909,16,6,10,10,True,10,False,enhanced_local,IA2
standard,email_univ,email-univ,communication,2,ja,0.5801610757894389,0.8486410509902262,0.6018518518518519,0.6018518518518519,0.6018518518518519,0.643349768540456,864,864,8640,9504,223,132,9413,0.990425084175084,8273,0.0434782608695652,24,7,17,11,True,10,False,local_similarity,JA
standard,email_univ,email-univ,communication,2,lit,0.6306012470928992,0.8399278093921467,0.6365740740740741,0.6365740740740741,0.6365740740740741,0.6829173024004891,864,864,8640,9504,1130,15,8389,0.8826809764309764,8359,0.0464337626286595,1,0,1,1,False,10,False,enhanced_local,LIT-i2
standard,email_univ,email-univ,communication,2,llhn,0.4319575781447244,0.8408605002572015,0.5567129629629629,0.5567129629629629,0.5567129629629629,0.5493150125108258,864,864,8640,9504,445,209,9268,0.97516835016835,8273,0.0064935064935064,4,2,2,1,True,10,False,local_similarity,LLHN
standard,email_univ,email-univ,communication,2,lnb_aa,0.6589457086999861,0.8546438293038408,0.6597222222222222,0.6597222222222222,0.6597222222222222,0.7037487589494983,864,864,8640,9504,798,167,8873,0.9336069023569024,8273,0.9727166993306572,3,0,3,2,True,10,False,local_bayesian,LNB-AA
standard,email_univ,email-univ,communication,2,lnb_cn,0.6565249861387819,0.854055949395576,0.6412037037037037,0.6412037037037037,0.6412037037037037,0.6887547787435669,864,864,8640,9504,793,167,8878,0.9341329966329966,8273,2.9028877432494045,2,0,2,1,True,10,False,local_bayesian,LNB-CN
standard,email_univ,email-univ,communication,2,lnb_ra,0.6434686153242875,0.8539785879629629,0.65625,0.65625,0.65625,0.697473104186758,864,864,8640,9504,798,167,8873,0.9336069023569024,8273,0.1447103179724563,2,0,2,2,False,10,False,local_bayesian,LNB-RA
standard,email_univ,email-univ,communication,2,lpi,0.7132863891033964,0.926749440050583,0.6493055555555556,0.6493055555555556,0.6493055555555556,0.6942746009069343,864,864,8640,9504,298,152,9358,0.9846380471380471,5532,1.007,46,16,30,23,True,10,False,quasi_local_path,LPI-beta-0.001
standard,email_univ,email-univ,communication,2,lrw,0.7143918643260796,0.9230938276963304,0.6608796296296297,0.6608796296296297,0.6608796296296297,0.7022942906385055,864,864,8640,9504,3057,332,6779,0.7132786195286195,5576,7.3404951138061e-06,1,1,0,1,False,10,False,quasi_local_walk,LRW-l3
standard,email_univ,email-univ,communication,2,ora_cni,0.7050711160124103,0.9271360462748628,0.6400462962962963,0.6400462962962963,0.6400462962962963,0.6838292531828986,864,864,8640,9504,3119,366,6751,0.7103324915824916,5532,0.4169007692307692,1,0,1,1,False,10,False,quasi_local_path,ORA-CNI-beta-0.001
standard,email_univ,email-univ,communication,2,pa,0.3727609173169817,0.8340835048010974,0.3958333333333333,0.3958333333333333,0.3958333333333333,0.4301019205714178,864,864,8640,9504,389,292,9407,0.9897937710437712,352,216.0,9,2,7,6,True,10,False,degree_based,PA
standard,email_univ,email-univ,communication,2,pfp,0.6068431172610351,0.9208461934156376,0.6099537037037037,0.6099537037037037,0.6099537037037037,0.6270402872667973,864,864,8640,9504,3839,102,5767,0.6067971380471381,5532,0.0074637334211089,1,0,1,1,False,10,False,quasi_local_walk,PFP-l3
standard,email_univ,email-univ,communication,2,ra,0.6422411686214615,0.853948916002229,0.6597222222222222,0.6597222222222222,0.6597222222222222,0.7001801114998442,864,864,8640,9504,548,92,9048,0.952020202020202,8273,0.0526315789473684,26,10,16,20,True,10,False,local_similarity,RA
standard,email_univ,email-univ,communication,2,ra_cni,0.7049287003894692,0.9268645109953704,0.6400462962962963,0.6400462962962963,0.6400462962962963,0.683829155281741,864,864,8640,9504,2884,388,7008,0.7373737373737373,5565,0.4168764568764568,1,0,1,1,False,10,False,enhanced_local,RA-CNI
standard,email_univ,email-univ,communication,2,sa,0.5642075486750459,0.8476196121613511,0.59375,0.59375,0.59375,0.6324552199933201,864,864,8640,9504,569,224,9159,0.9636994949494948,8273,0.096523417813168,1,1,0,1,False,10,False,local_similarity,SA
standard,email_univ,email-univ,communication,2,so,0.5801610757894389,0.8486410509902262,0.6018518518518519,0.6018518518518519,0.6018518518518519,0.643349768540456,864,864,8640,9504,223,132,9413,0.990425084175084,8273,0.0833333333333333,24,7,17,11,True,10,False,local_similarity,SO
standard,email_univ,email-univ,communication,2,srw,0.7386555743417322,0.9319347324031206,0.6747685185185185,0.6747685185185185,0.6747685185185185,0.7161592140165697,864,864,8640,9504,3134,333,6703,0.7052819865319865,5532,1.86248288097032e-05,1,0,1,1,False,10,False,quasi_local_walk,SRW-l3
standard,email_univ,email-univ,communication,3,aa,0.8610184727423462,0.8595484771519204,0.7847222222222222,0.7847222222222222,0.7847222222222222,0.81992275520428,864,864,864,1728,468,67,1327,0.7679398148148148,1036,0.0,1036,218,818,172,True,1,True,local_similarity,AA
standard,email_univ,email-univ,communication,3,car_aa,0.6851768033977592,0.6850472072187929,0.6053240740740741,0.6053240740740741,0.6053240740740741,0.6581401537940872,864,864,864,1728,310,19,1437,0.8315972222222222,1399,0.0,1399,540,859,535,True,1,True,enhanced_local,CAR-AA
standard,email_univ,email-univ,communication,3,car_cn,0.6845677060449032,0.6850117080332647,0.6053240740740741,0.6053240740740741,0.6053240740740741,0.6580549345127086,864,864,864,1728,54,37,1711,0.9901620370370372,1399,0.0,1399,540,859,535,True,1,True,enhanced_local,CAR-CN
standard,email_univ,email-univ,communication,3,car_ra,0.6855989199527186,0.685123563957476,0.6053240740740741,0.6053240740740741,0.6053240740740741,0.6582310663022038,864,864,864,1728,309,20,1439,0.8327546296296297,1399,0.0,1399,540,859,535,True,1,True,enhanced_local,CAR-RA
standard,email_univ,email-univ,communication,3,cn,0.8524468940441811,0.8578384880829905,0.7847222222222222,0.7847222222222222,0.7847222222222222,0.8192033172524258,864,864,864,1728,13,13,1728,1.0,1036,0.0,1036,218,818,172,True,1,True,local_similarity,CN
standard,email_univ,email-univ,communication,3,fl,0.9376381532027868,0.9402394654492456,0.8738425925925926,0.8738425925925926,0.8738425925925926,0.8930908205754569,864,864,864,1728,280,139,1587,0.9184027777777778,580,1.1736813689819488e-06,44,24,20,20,True,1,True,quasi_local_path,FL-l3
standard,email_univ,email-univ,communication,3,fsw,0.8574960838584536,0.8570233464077504,0.7847222222222222,0.7847222222222222,0.7847222222222222,0.8194693537608437,864,864,864,1728,427,105,1406,0.8136574074074074,1036,0.0,1036,218,818,172,True,1,True,enhanced_local,FSW
standard,email_univ,email-univ,communication,3,hdi,0.8502024453857349,0.8542564193244171,0.7847222222222222,0.7847222222222222,0.7847222222222222,0.8182316691083045,864,864,864,1728,145,97,1680,0.9722222222222222,1036,0.0,1036,218,818,172,True,1,True,local_similarity,HDI
standard,email_univ,email-univ,communication,3,hpi,0.8311840018856712,0.8511378493655694,0.7847222222222222,0.7847222222222222,0.7847222222222222,0.8099159151183148,864,864,864,1728,118,76,1686,0.9756944444444444,1036,0.0,1036,218,818,172,True,1,True,local_similarity,HPI
standard,email_univ,email-univ,communication,3,ia1,0.8618218953218147,0.8597132469564472,0.7847222222222222,0.7847222222222222,0.7847222222222222,0.8200835015673773,864,864,864,1728,473,57,1312,0.7592592592592593,1036,0.0,1036,218,818,172,True,1,True,enhanced_local,IA1
standard,email_univ,email-univ,communication,3,ia2,0.8594994627770975,0.8583502121913581,0.7847222222222222,0.7847222222222222,0.7847222222222222,0.8197523105370687,864,864,864,1728,466,61,1323,0.765625,1036,0.0,1036,218,818,172,True,1,True,enhanced_local,IA2
standard,email_univ,email-univ,communication,3,ja,0.8496543037441584,0.8538357874657065,0.7847222222222222,0.7847222222222222,0.7847222222222222,0.8181619664206476,864,864,864,1728,205,116,1639,0.9484953703703703,1036,0.0,1036,218,818,172,True,1,True,local_similarity,JA
standard,email_univ,email-univ,communication,3,lit,0.851118501239027,0.8499161415466392,0.7731481481481481,0.7731481481481481,0.7731481481481481,0.8100258378762011,864,864,864,1728,660,8,1076,0.6226851851851852,1061,0.0,1061,236,825,197,True,1,True,enhanced_local,LIT-i2
standard,email_univ,email-univ,communication,3,llhn,0.8154305674082323,0.8471559124228396,0.7847222222222222,0.7847222222222222,0.7847222222222222,0.8081989305200126,864,864,864,1728,364,130,1494,0.8645833333333334,1036,0.0,1036,218,818,172,True,1,True,local_similarity,LLHN
standard,email_univ,email-univ,communication,3,lnb_aa,0.8617635016200802,0.85977955675583,0.7847222222222222,0.7847222222222222,0.7847222222222222,0.8200343785429772,864,864,864,1728,588,69,1209,0.6996527777777778,1036,0.0,1036,218,818,172,True,1,True,local_bayesian,LNB-AA
standard,email_univ,email-univ,communication,3,lnb_cn,0.8602986453212397,0.8592517575445816,0.7847222222222222,0.7847222222222222,0.7847222222222222,0.8197731182789878,864,864,864,1728,584,71,1215,0.703125,1036,0.0,1036,218,818,172,True,1,True,local_bayesian,LNB-CN
standard,email_univ,email-univ,communication,3,lnb_ra,0.8621694756795159,0.8597433877743486,0.7847222222222222,0.7847222222222222,0.7847222222222222,0.8201276189358206,864,864,864,1728,588,69,1209,0.6996527777777778,1036,0.0,1036,218,818,172,True,1,True,local_bayesian,LNB-RA
standard,email_univ,email-univ,communication,3,lpi,0.9376381532027868,0.9402394654492456,0.8738425925925926,0.8738425925925926,0.8738425925925926,0.8930908205754569,864,864,864,1728,280,139,1587,0.9184027777777778,580,0.003,44,24,20,20,True,1,True,quasi_local_path,LPI-beta-0.001
standard,email_univ,email-univ,communication,3,lrw,0.9345600361722586,0.9320023148148148,0.8680555555555556,0.8680555555555556,0.8680555555555556,0.8882258971518496,864,864,864,1728,1091,35,672,0.3888888888888889,593,1.9137254803267447e-06,1,0,1,1,False,1,True,quasi_local_walk,LRW-l3
standard,email_univ,email-univ,communication,3,ora_cni,0.933627318908096,0.9335334683641974,0.8622685185185185,0.8622685185185185,0.8622685185185185,0.8829420551384572,864,864,864,1728,1111,31,648,0.375,580,0.0981583333333333,1,1,0,1,False,1,True,quasi_local_path,ORA-CNI-beta-0.001
standard,email_univ,email-univ,communication,3,pa,0.8268560306324984,0.8450005090449245,0.7581018518518519,0.7581018518518519,0.7581018518518519,0.7825894676847931,864,864,864,1728,338,233,1623,0.9392361111111112,46,72.0,12,8,4,12,False,1,True,degree_based,PA
standard,email_univ,email-univ,communication,3,pfp,0.9233570460264102,0.9306848261745542,0.8657407407407407,0.8657407407407407,0.8657407407407407,0.8833105968099967,864,864,864,1728,1142,8,594,0.34375,580,0.0013608586352269,1,1,0,1,False,1,True,quasi_local_walk,PFP-l3
standard,email_univ,email-univ,communication,3,ra,0.8616495119581928,0.8595839763374487,0.7847222222222222,0.7847222222222222,0.7847222222222222,0.8200612064820154,864,864,864,1728,457,72,1343,0.7771990740740741,1036,0.0,1036,218,818,172,True,1,True,local_similarity,RA
standard,email_univ,email-univ,communication,3,ra_cni,0.933620303418366,0.933606476123114,0.8622685185185185,0.8622685185185185,0.8622685185185185,0.8829419987187024,864,864,864,1728,1087,46,687,0.3975694444444444,584,0.0981481481481481,1,1,0,1,False,1,True,enhanced_local,RA-CNI
standard,email_univ,email-univ,communication,3,sa,0.8472277114598331,0.853001221707819,0.7847222222222222,0.7847222222222222,0.7847222222222222,0.8176621674965496,864,864,864,1728,453,126,1401,0.8107638888888888,1036,0.0,1036,218,818,172,True,1,True,local_similarity,SA
standard,email_univ,email-univ,communication,3,so,0.8496543037441584,0.8538357874657065,0.7847222222222222,0.7847222222222222,0.7847222222222222,0.8181619664206476,864,864,864,1728,205,116,1639,0.9484953703703703,1036,0.0,1036,218,818,172,True,1,True,local_similarity,SO
standard,email_univ,email-univ,communication,3,srw,0.9466416498435376,0.9430613158007544,0.8773148148148148,0.8773148148148148,0.8773148148148148,0.896801028136573,864,864,864,1728,1106,37,659,0.3813657407407407,580,2.33176500985783e-06,1,0,1,1,False,1,True,quasi_local_walk,SRW-l3
standard,email_univ,email-univ,communication,3,aa,0.730203533327169,0.8572392886231138,0.7268518518518519,0.7268518518518519,0.7268518518518519,0.7655767605993496,864,864,4320,5184,510,77,4751,0.9164737654320988,4262,0.2835784920513334,7,3,4,3,True,5,False,local_similarity,AA
standard,email_univ,email-univ,communication,3,car_aa,0.4700445763304233,0.6845243644975995,0.4340277777777778,0.4340277777777778,0.4340277777777778,0.5092309306258931,864,864,4320,5184,331,25,4878,0.9409722222222222,4827,0.0,4827,540,4287,507,True,5,False,enhanced_local,CAR-AA
standard,email_univ,email-univ,communication,3,car_cn,0.4671684363453176,0.684480425883059,0.4340277777777778,0.4340277777777778,0.4340277777777778,0.5089979542460672,864,864,4320,5184,54,37,5167,0.9967206790123456,4827,0.0,4827,540,4287,507,True,5,False,enhanced_local,CAR-CN
standard,email_univ,email-univ,communication,3,car_ra,0.470937914093452,0.6845636145404664,0.4340277777777778,0.4340277777777778,0.4340277777777778,0.5094143664063361,864,864,4320,5184,329,27,4882,0.941743827160494,4827,0.0,4827,540,4287,507,True,5,False,enhanced_local,CAR-RA
standard,email_univ,email-univ,communication,3,cn,0.6945247043512793,0.855340417095336,0.71875,0.71875,0.71875,0.7567744393274766,864,864,4320,5184,13,13,5184,1.0,4262,1.0,411,191,220,353,True,5,False,local_similarity,CN
standard,email_univ,email-univ,communication,3,fl,0.8072896154199057,0.936285525977366,0.7222222222222222,0.7222222222222222,0.7222222222222222,0.7608632324058299,864,864,4320,5184,282,147,5049,0.9739583333333334,2784,0.0008849557522123,34,14,20,26,True,5,False,quasi_local_path,FL-l3
standard,email_univ,email-univ,communication,3,fsw,0.7061801039245419,0.8538932559585048,0.7071759259259259,0.7071759259259259,0.7071759259259259,0.7456512177684822,864,864,4320,5184,486,142,4840,0.933641975308642,4262,0.0089285714285714,4,3,1,1,True,5,False,enhanced_local,FSW
standard,email_univ,email-univ,communication,3,hdi,0.6735837865247878,0.8518416709533607,0.7141203703703703,0.7141203703703703,0.7141203703703705,0.7430156961693359,864,864,4320,5184,146,102,5140,0.9915123456790124,4262,0.0333333333333333,17,11,6,15,True,5,False,local_similarity,HDI
standard,email_univ,email-univ,communication,3,hpi,0.6048062461937591,0.8482815715020576,0.7118055555555556,0.7118055555555556,0.7118055555555557,0.7034616571208926,864,864,4320,5184,120,79,5143,0.992091049382716,4262,0.0625,9,6,3,4,True,5,False,local_similarity,HPI
standard,email_univ,email-univ,communication,3,ia1,0.7288418937445915,0.8570512099194102,0.7268518518518519,0.7268518518518519,0.7268518518518519,0.7653767556570514,864,864,4320,5184,515,68,4737,0.913773148148148,4262,0.0588235294117647,7,3,4,3,True,5,False,enhanced_local,IA1
standard,email_univ,email-univ,communication,3,ia2,0.7093198932454245,0.8551505969221536,0.7256944444444444,0.7256944444444444,0.7256944444444444,0.7606458566954278,864,864,4320,5184,506,72,4750,0.9162808641975309,4262,0.0583333333333333,1,0,1,1,False,5,False,enhanced_local,IA2
standard,email_univ,email-univ,communication,3,ja,0.6711648608884153,0.8516152799211248,0.7083333333333334,0.7083333333333334,0.7083333333333334,0.736797179164654,864,864,4320,5184,209,123,5098,0.9834104938271604,4262,0.0238095238095238,10,5,5,6,True,5,False,local_similarity,JA
standard,email_univ,email-univ,communication,3,lit,0.7051518346110497,0.8465510866769548,0.7233796296296297,0.7233796296296297,0.7233796296296298,0.7603257347161241,864,864,4320,5184,863,12,4333,0.8358410493827161,4308,0.0116544756628353,1,1,0,1,False,5,False,enhanced_local,LIT-i2
standard,email_univ,email-univ,communication,3,llhn,0.5712483113902723,0.8447153099279835,0.7060185185185185,0.7060185185185185,0.7060185185185185,0.6930204141786959,864,864,4320,5184,412,172,4944,0.9537037037037036,4262,0.0023148148148148,2,2,0,2,False,5,False,local_similarity,LLHN
standard,email_univ,email-univ,communication,3,lnb_aa,0.7301837565217062,0.8571685581704389,0.7199074074074074,0.7199074074074074,0.7199074074074073,0.7598643296820922,864,864,4320,5184,679,118,4623,0.8917824074074074,4262,0.6143036283141421,4,1,3,2,True,5,False,local_bayesian,LNB-AA
standard,email_univ,email-univ,communication,3,lnb_cn,0.7267006597042975,0.8567847650891632,0.71875,0.71875,0.71875,0.7583310518481571,864,864,4320,5184,674,116,4626,0.8923611111111112,4262,2.1734502251553973,4,0,4,2,True,5,False,local_bayesian,LNB-CN
standard,email_univ,email-univ,communication,3,lnb_ra,0.7254851839819619,0.8568044570901919,0.7291666666666666,0.7291666666666666,0.7291666666666665,0.7664177612954248,864,864,4320,5184,679,118,4623,0.8917824074074074,4262,0.0661348657420889,3,1,2,3,False,5,False,local_bayesian,LNB-RA
standard,email_univ,email-univ,communication,3,lpi,0.8072896154199057,0.936285525977366,0.7222222222222222,0.7222222222222222,0.7222222222222222,0.7608632324058299,864,864,4320,5184,282,147,5049,0.9739583333333334,2784,1.002,34,14,20,26,True,5,False,quasi_local_path,LPI-beta-0.001
standard,email_univ,email-univ,communication,3,lrw,0.7972728669522526,0.928552731695816,0.7175925925925926,0.7175925925925926,0.7175925925925924,0.7553875896090466,864,864,4320,5184,2026,179,3337,0.6437114197530864,2805,5.0089691531618215e-06,1,0,1,1,False,5,False,quasi_local_walk,LRW-l3
standard,email_univ,email-univ,communication,3,ora_cni,0.7930838505565629,0.9306716981738682,0.7210648148148148,0.7210648148148148,0.7210648148148148,0.7576644709598059,864,864,4320,5184,2072,182,3294,0.6354166666666666,2784,0.2885133794081163,1,0,1,1,False,5,False,quasi_local_path,ORA-CNI-beta-0.001
standard,email_univ,email-univ,communication,3,pa,0.5322426335309041,0.84093390989369,0.5127314814814815,0.5127314814814815,0.5127314814814815,0.5507350648359357,864,864,4320,5184,369,288,5103,0.984375,188,162.0,8,4,4,1,True,5,False,degree_based,PA
standard,email_univ,email-univ,communication,3,pfp,0.7544623778390024,0.9291670685442388,0.7118055555555556,0.7118055555555556,0.7118055555555557,0.7376371579848947,864,864,4320,5184,2360,37,2861,0.5518904320987654,2784,0.0045581348527654,1,0,1,1,False,5,False,quasi_local_walk,PFP-l3
standard,email_univ,email-univ,communication,3,ra,0.7251930518929289,0.8568505390517832,0.7268518518518519,0.7268518518518519,0.7268518518518519,0.7646339764947608,864,864,4320,5184,497,82,4769,0.919945987654321,4262,0.0294117647058823,7,3,4,3,True,5,False,local_similarity,RA
standard,email_univ,email-univ,communication,3,ra_cni,0.7930691092593103,0.9307378740140604,0.7210648148148148,0.7210648148148148,0.7210648148148148,0.7576649061970439,864,864,4320,5184,1967,211,3428,0.6612654320987654,2803,0.2884954811270601,1,0,1,1,False,5,False,enhanced_local,RA-CNI
standard,email_univ,email-univ,communication,3,sa,0.6587679781340956,0.8506728770147461,0.7071759259259259,0.7071759259259259,0.7071759259259259,0.7283922538986761,864,864,4320,5184,512,172,4844,0.9344135802469136,4262,0.0496903994999953,4,3,1,1,True,5,False,local_similarity,SA
standard,email_univ,email-univ,communication,3,so,0.6711648608884153,0.8516152799211248,0.7083333333333334,0.7083333333333334,0.7083333333333334,0.736797179164654,864,864,4320,5184,209,123,5098,0.9834104938271604,4262,0.0465116279069767,10,5,5,6,True,5,False,local_similarity,SO
standard,email_univ,email-univ,communication,3,srw,0.8267465600704994,0.939240665723594,0.7442129629629629,0.7442129629629629,0.7442129629629628,0.7804920959042895,864,864,4320,5184,2066,173,3291,0.6348379629629629,2784,1.141345221081432e-05,1,0,1,1,False,5,False,quasi_local_walk,SRW-l3
standard,email_univ,email-univ,communication,3,aa,0.670958396346737,0.8570528174296981,0.6597222222222222,0.6597222222222222,0.6597222222222222,0.7060098533826178,864,864,8640,9504,544,86,9046,0.9518097643097644,8284,0.333808200695334,38,12,26,27,True,10,False,local_similarity,AA
standard,email_univ,email-univ,communication,3,car_aa,0.4155073083730558,0.6850615408521947,0.4108796296296296,0.4108796296296296,0.4108796296296296,0.4875754995905464,864,864,8640,9504,346,29,9187,0.966645622895623,9127,0.0,9127,540,8587,487,True,10,False,enhanced_local,CAR-AA
standard,email_univ,email-univ,communication,3,car_cn,0.4116773951966231,0.6850436573002401,0.4108796296296296,0.4108796296296296,0.4108796296296296,0.4872894039101935,864,864,8640,9504,54,37,9487,0.9982112794612794,9127,0.0,9127,540,8587,487,True,10,False,enhanced_local,CAR-CN
standard,email_univ,email-univ,communication,3,car_ra,0.4177364985862384,0.6851087614669067,0.4108796296296296,0.4108796296296296,0.4108796296296296,0.488054117014035,864,864,8640,9504,344,31,9191,0.9670664983164984,9127,0.0,9127,540,8587,487,True,10,False,enhanced_local,CAR-RA
standard,email_univ,email-univ,communication,3,cn,0.6182485532931783,0.8551194514103223,0.625,0.625,0.625,0.6751324977211596,864,864,8640,9504,13,13,9504,1.0,8284,1.0,664,191,473,308,True,10,False,local_similarity,CN
standard,email_univ,email-univ,communication,3,fl,0.7248262222466026,0.9361616137259946,0.6643518518518519,0.6643518518518519,0.6643518518518519,0.7080755984846981,864,864,8640,9504,291,152,9365,0.9853745791245792,5532,0.0008865206607043,46,10,36,17,True,10,False,quasi_local_path,FL-l3
standard,email_univ,email-univ,communication,3,fsw,0.6351530806401298,0.8533627105838476,0.6111111111111112,0.6111111111111112,0.6111111111111112,0.6615542731205475,864,864,8640,9504,537,176,9143,0.9620159932659932,8284,0.0209381511409259,23,6,17,12,True,10,False,enhanced_local,FSW
standard,email_univ,email-univ,communication,3,hdi,0.5760944419808931,0.8512079770018861,0.6111111111111112,0.6111111111111112,0.6111111111111112,0.6468459559718976,864,864,8640,9504,146,106,9464,0.9957912457912458,8284,0.0555555555555555,22,8,14,6,True,10,False,local_similarity,HDI
standard,email_univ,email-univ,communication,3,hpi,0.4654181234609009,0.8467255685228051,0.59375,0.59375,0.59375,0.5767240112798033,864,864,8640,9504,122,80,9462,0.995580808080808,8284,0.1333333333333333,8,6,2,6,True,10,False,local_similarity,HPI
standard,email_univ,email-univ,communication,3,ia1,0.6680854053607352,0.8567872433341905,0.6597222222222222,0.6597222222222222,0.6597222222222222,0.7055867639931547,864,864,8640,9504,550,74,9028,0.9499158249158248,8284,0.1,38,12,26,27,True,10,False,enhanced_local,IA1
standard,email_univ,email-univ,communication,3,ia2,0.6295133983588657,0.8545520002786351,0.6388888888888888,0.6388888888888888,0.6388888888888888,0.6813458398077916,864,864,8640,9504,539,77,9042,0.9513888888888888,8284,0.0869565217391304,7,0,7,3,True,10,False,enhanced_local,IA2
standard,email_univ,email-univ,communication,3,ja,0.5701797788989277,0.8508196293081275,0.6099537037037037,0.6099537037037037,0.6099537037037037,0.6421514288493477,864,864,8640,9504,214,125,9415,0.9906355218855218,8284,0.04,21,7,14,8,True,10,False,local_similarity,JA
standard,email_univ,email-univ,communication,3,lit,0.6436529228693446,0.8466299886402606,0.6458333333333334,0.6458333333333334,0.6458333333333334,0.6917856583872337,864,864,8640,9504,1108,26,8422,0.8861531986531986,8366,0.0472495425171999,1,0,1,1,False,10,False,enhanced_local,LIT-i2
standard,email_univ,email-univ,communication,3,llhn,0.4217816102028615,0.8428772558727708,0.5625,0.5625,0.5625,0.5412914086523558,864,864,8640,9504,443,212,9273,0.9756944444444444,8284,0.00625,9,4,5,9,False,10,False,local_similarity,LLHN
standard,email_univ,email-univ,communication,3,lnb_aa,0.670480698711724,0.857002180855624,0.6597222222222222,0.6597222222222222,0.6597222222222222,0.7056921074002654,864,864,8640,9504,756,161,8909,0.9373947811447813,8284,0.919248544321552,3,0,3,2,True,10,False,local_bayesian,LNB-AA
standard,email_univ,email-univ,communication,3,lnb_cn,0.665102453292584,0.8566251527134773,0.6655092592592593,0.6655092592592593,0.6655092592592593,0.7095296900011424,864,864,8640,9504,749,158,8913,0.9378156565656566,8284,2.758889434886164,3,0,3,3,False,10,False,local_bayesian,LNB-CN
standard,email_univ,email-univ,communication,3,lnb_ra,0.6611213247413055,0.8565076035236625,0.6550925925925926,0.6550925925925926,0.6550925925925926,0.7000874864958071,864,864,8640,9504,756,161,8909,0.9373947811447813,8284,0.1287832476603477,3,1,2,1,True,10,False,local_bayesian,LNB-RA
standard,email_univ,email-univ,communication,3,lpi,0.7248262222466026,0.9361616137259946,0.6643518518518519,0.6643518518518519,0.6643518518518519,0.7080755984846981,864,864,8640,9504,291,152,9365,0.9853745791245792,5532,1.006,46,10,36,17,True,10,False,quasi_local_path,LPI-beta-0.001
standard,email_univ,email-univ,communication,3,lrw,0.7145595537680189,0.9288248028120714,0.6550925925925926,0.6550925925925926,0.6550925925925926,0.6987443287930695,864,864,8640,9504,3020,329,6813,0.7168560606060606,5573,7.086428302396704e-06,1,0,1,1,False,10,False,quasi_local_walk,LRW-l3
standard,email_univ,email-univ,communication,3,ora_cni,0.7067529231196626,0.9310250155392662,0.6516203703703703,0.6516203703703703,0.6516203703703703,0.6947404398565795,864,864,8640,9504,3080,343,6767,0.7120159932659933,5532,0.40999104337021,1,1,0,1,False,10,False,quasi_local_path,ORA-CNI-beta-0.001
standard,email_univ,email-univ,communication,3,pa,0.3936473351443486,0.839818431712963,0.3946759259259259,0.3946759259259259,0.3946759259259259,0.4384868661456477,864,864,8640,9504,384,304,9424,0.9915824915824916,357,228.0,6,3,3,2,True,10,False,degree_based,PA
standard,email_univ,email-univ,communication,3,pfp,0.6260245023143587,0.9282461660879632,0.6354166666666666,0.6354166666666666,0.6354166666666666,0.6577256558147783,864,864,8640,9504,3828,112,5788,0.609006734006734,5532,0.0069667168302597,1,1,0,1,False,10,False,quasi_local_walk,PFP-l3
standard,email_univ,email-univ,communication,3,ra,0.6609025373171408,0.8565220041366598,0.6585648148148148,0.6585648148148148,0.6585648148148148,0.7031251370324143,864,864,8640,9504,530,91,9065,0.9538089225589226,8284,0.05,38,12,26,31,True,10,False,local_similarity,RA
standard,email_univ,email-univ,communication,3,ra_cni,0.7067358349386323,0.9310983581961592,0.6516203703703703,0.6516203703703703,0.6516203703703703,0.6947406786517973,864,864,8640,9504,2869,362,6997,0.73621632996633,5575,0.4098845598845598,1,1,0,1,False,10,False,enhanced_local,RA-CNI
standard,email_univ,email-univ,communication,3,sa,0.5487123413935346,0.8496489599408436,0.6030092592592593,0.6030092592592593,0.6030092592592593,0.6243066416220643,864,864,8640,9504,555,224,9173,0.9651725589225588,8284,0.0912870929175276,13,4,9,7,True,10,False,local_similarity,SA
standard,email_univ,email-univ,communication,3,so,0.5701797788989277,0.8508196293081275,0.6099537037037037,0.6099537037037037,0.6099537037037037,0.6421514288493477,864,864,8640,9504,214,125,9415,0.9906355218855218,8284,0.0769230769230769,21,7,14,8,True,10,False,local_similarity,SO
standard,email_univ,email-univ,communication,3,srw,0.7511953132579099,0.9390563378772292,0.6817129629629629,0.6817129629629629,0.6817129629629629,0.7246782851520681,864,864,8640,9504,3090,333,6747,0.7099116161616161,5532,1.7790597433644207e-05,1,0,1,1,False,10,False,quasi_local_walk,SRW-l3
standard,email_univ,email-univ,communication,4,aa,0.8590997359222895,0.8575745884773663,0.7893518518518519,0.7893518518518519,0.7893518518518517,0.8229848691547675,864,864,864,1728,475,66,1319,0.7633101851851852,1020,0.0,1020,216,804,156,True,1,True,local_similarity,AA
standard,email_univ,email-univ,communication,4,car_aa,0.7019175022131658,0.7039428208590536,0.6342592592592593,0.6342592592592593,0.6342592592592593,0.6845498398410824,864,864,864,1728,331,29,1426,0.8252314814814815,1362,0.0,1362,505,857,498,True,1,True,enhanced_local,CAR-AA
standard,email_univ,email-univ,communication,4,car_cn,0.701549117384614,0.703993725351509,0.6342592592592593,0.6342592592592593,0.6342592592592593,0.6844705187381923,864,864,864,1728,55,31,1704,0.9861111111111112,1362,0.0,1362,505,857,498,True,1,True,enhanced_local,CAR-CN
standard,email_univ,email-univ,communication,4,car_ra,0.7032343963471837,0.7041410804612483,0.6342592592592593,0.6342592592592593,0.6342592592592593,0.6848828906949794,864,864,864,1728,330,29,1427,0.8258101851851852,1362,0.0,1362,505,857,498,True,1,True,enhanced_local,CAR-RA
standard,email_univ,email-univ,communication,4,cn,0.848714030748242,0.8554553540809329,0.7893518518518519,0.7893518518518519,0.7893518518518517,0.8224327331035455,864,864,864,1728,14,13,1727,0.9994212962962964,1020,0.0,1020,216,804,156,True,1,True,local_similarity,CN
standard,email_univ,email-univ,communication,4,fl,0.9254517970947976,0.9249761552640604,0.8715277777777778,0.8715277777777778,0.8715277777777778,0.8899791933349975,864,864,864,1728,279,151,1600,0.925925925925926,589,1.1736813689819488e-06,46,21,25,4,True,1,True,quasi_local_path,FL-l3
standard,email_univ,email-univ,communication,4,fsw,0.8561711196580566,0.8548565564986284,0.7893518518518519,0.7893518518518519,0.7893518518518517,0.8228595419242585,864,864,864,1728,442,116,1402,0.8113425925925926,1020,0.0,1020,216,804,156,True,1,True,enhanced_local,FSW
standard,email_univ,email-univ,communication,4,hdi,0.8520140230268598,0.8533830054012346,0.7893518518518519,0.7893518518518519,0.7893518518518517,0.8222771280554457,864,864,864,1728,151,99,1676,0.9699074074074074,1020,0.0,1020,216,804,156,True,1,True,local_similarity,HDI
standard,email_univ,email-univ,communication,4,hpi,0.8306002946409585,0.8479362247085049,0.7893518518518519,0.7893518518518519,0.7893518518518517,0.8172947797689616,864,864,864,1728,107,66,1687,0.976273148148148,1020,0.0,1020,216,804,156,True,1,True,local_similarity,HPI
standard,email_univ,email-univ,communication,4,ia1,0.8593040807633036,0.8572517468278464,0.7893518518518519,0.7893518518518519,0.7893518518518517,0.823241538315312,864,864,864,1728,479,65,1314,0.7604166666666666,1020,0.0,1020,216,804,156,True,1,True,enhanced_local,IA1
standard,email_univ,email-univ,communication,4,ia2,0.8549003955322544,0.8548009634344994,0.7893518518518519,0.7893518518518519,0.7893518518518517,0.8225956905339293,864,864,864,1728,480,62,1310,0.7581018518518519,1020,0.0,1020,216,804,156,True,1,True,enhanced_local,IA2
standard,email_univ,email-univ,communication,4,ja,0.851766700750783,0.853010598851166,0.7893518518518519,0.7893518518518519,0.7893518518518517,0.8221840353754691,864,864,864,1728,189,116,1655,0.9577546296296297,1020,0.0,1020,216,804,156,True,1,True,local_similarity,JA
standard,email_univ,email-univ,communication,4,lit,0.8496199557496897,0.8479623467506859,0.7777777777777778,0.7777777777777778,0.7777777777777778,0.8133488164989754,864,864,864,1728,680,6,1054,0.6099537037037037,1044,0.0,1044,233,811,180,True,1,True,enhanced_local,LIT-i2
standard,email_univ,email-univ,communication,4,llhn,0.8227161925433696,0.845060790680727,0.7893518518518519,0.7893518518518519,0.7893518518518517,0.8154584069516728,864,864,864,1728,362,135,1501,0.8686342592592593,1020,0.0,1020,216,804,156,True,1,True,local_similarity,LLHN
standard,email_univ,email-univ,communication,4,lnb_aa,0.8601959185655238,0.857772848079561,0.7893518518518519,0.7893518518518519,0.7893518518518517,0.8233005478756817,864,864,864,1728,610,71,1189,0.6880787037037037,1020,0.0,1020,216,804,156,True,1,True,local_bayesian,LNB-AA
standard,email_univ,email-univ,communication,4,lnb_cn,0.8581915925521733,0.857080279063786,0.7893518518518519,0.7893518518518519,0.7893518518518517,0.8227971798073386,864,864,864,1728,607,71,1192,0.6898148148148148,1020,0.0,1020,216,804,156,True,1,True,local_bayesian,LNB-CN
standard,email_univ,email-univ,communication,4,lnb_ra,0.8601799805123469,0.8574151770404664,0.7893518518518519,0.7893518518518519,0.7893518518518517,0.8234130126825782,864,864,864,1728,610,71,1189,0.6880787037037037,1020,0.0,1020,216,804,156,True,1,True,local_bayesian,LNB-RA
standard,email_univ,email-univ,communication,4,lpi,0.9254517970947976,0.9249761552640604,0.8715277777777778,0.8715277777777778,0.8715277777777778,0.8899791933349975,864,864,864,1728,279,151,1600,0.925925925925926,589,0.003,46,21,25,4,True,1,True,quasi_local_path,LPI-beta-0.001
standard,email_univ,email-univ,communication,4,lrw,0.9307541951553876,0.9244229038065844,0.8703703703703703,0.8703703703703703,0.8703703703703703,0.8903032108612641,864,864,864,1728,1090,34,672,0.3888888888888889,600,2.138573099985788e-06,1,1,0,1,False,1,True,quasi_local_walk,LRW-l3
standard,email_univ,email-univ,communication,4,ora_cni,0.92666234769747,0.9241610135888202,0.8726851851851852,0.8726851851851852,0.8726851851851852,0.8910470638702578,864,864,864,1728,1109,30,649,0.3755787037037037,589,0.1194453964194373,1,0,1,1,False,1,True,quasi_local_path,ORA-CNI-beta-0.001
standard,email_univ,email-univ,communication,4,pa,0.8236514776227681,0.8357546457047326,0.7557870370370371,0.7557870370370371,0.755787037037037,0.780526102063692,864,864,864,1728,331,230,1627,0.941550925925926,49,70.0,17,9,8,4,True,1,True,degree_based,PA
standard,email_univ,email-univ,communication,4,pfp,0.9173619640290552,0.9198669517318244,0.8703703703703703,0.8703703703703703,0.8703703703703703,0.8876860433718667,864,864,864,1728,1137,4,595,0.3443287037037037,589,0.00144598711609,1,0,1,1,False,1,True,quasi_local_walk,PFP-l3
standard,email_univ,email-univ,communication,4,ra,0.8595975312671275,0.8573481974451304,0.7893518518518519,0.7893518518518519,0.7893518518518517,0.8232982951025064,864,864,864,1728,467,71,1332,0.7708333333333334,1020,0.0,1020,216,804,156,True,1,True,local_similarity,RA
standard,email_univ,email-univ,communication,4,ra_cni,0.9266632435371124,0.9242969821673526,0.8726851851851852,0.8726851851851852,0.8726851851851852,0.891047249831623,864,864,864,1728,1092,42,678,0.3923611111111111,593,0.1194373401534527,1,0,1,1,False,1,True,enhanced_local,RA-CNI
standard,email_univ,email-univ,communication,4,sa,0.8492388592705867,0.8518063057270233,0.7893518518518519,0.7893518518518519,0.7893518518518517,0.8216992907792418,864,864,864,1728,456,138,1410,0.8159722222222222,1020,0.0,1020,216,804,156,True,1,True,local_similarity,SA
standard,email_univ,email-univ,communication,4,so,0.851766700750783,0.853010598851166,0.7893518518518519,0.7893518518518519,0.7893518518518517,0.8221840353754691,864,864,864,1728,189,116,1655,0.9577546296296297,1020,0.0,1020,216,804,156,True,1,True,local_similarity,SO
standard,email_univ,email-univ,communication,4,srw,0.936421784090912,0.9301342539008915,0.8807870370370371,0.8807870370370371,0.8807870370370371,0.8991574519447161,864,864,864,1728,1107,30,651,0.3767361111111111,589,3.0367833460128773e-06,1,1,0,1,False,1,True,quasi_local_walk,SRW-l3
standard,email_univ,email-univ,communication,4,aa,0.7129821046063431,0.8569798096707819,0.7199074074074074,0.7199074074074074,0.7199074074074073,0.7558678530148268,864,864,4320,5184,524,72,4732,0.9128086419753086,4256,0.2859996675026743,17,5,12,17,False,5,False,local_similarity,AA
standard,email_univ,email-univ,communication,4,car_aa,0.4933023515453258,0.7043205857767489,0.4733796296296296,0.4733796296296296,0.4733796296296296,0.5438042315867269,864,864,4320,5184,354,31,4861,0.937692901234568,4791,0.0,4791,505,4286,471,True,5,False,enhanced_local,CAR-AA
standard,email_univ,email-univ,communication,4,car_cn,0.4933949902071641,0.7044556166409465,0.4733796296296296,0.4733796296296296,0.4733796296296296,0.5441375842936111,864,864,4320,5184,55,31,5160,0.9953703703703703,4791,0.0,4791,505,4286,471,True,5,False,enhanced_local,CAR-CN
standard,email_univ,email-univ,communication,4,car_ra,0.49275932927971,0.7043106727966393,0.4733796296296296,0.4733796296296296,0.4733796296296296,0.5436480613676057,864,864,4320,5184,353,31,4862,0.9378858024691358,4791,0.0,4791,505,4286,471,True,5,False,enhanced_local,CAR-RA
standard,email_univ,email-univ,communication,4,cn,0.6893475763038006,0.8560013717421125,0.7118055555555556,0.7118055555555556,0.7118055555555557,0.7495280057980793,864,864,4320,5184,14,13,5183,0.999807098765432,4256,1.0,396,181,215,332,True,5,False,local_similarity,CN
standard,email_univ,email-univ,communication,4,fl,0.7964973087631593,0.9256904256687244,0.7245370370370371,0.7245370370370371,0.7245370370370371,0.7606957138721109,864,864,4320,5184,287,158,5055,0.9751157407407408,2774,0.0008849557522123,23,8,15,15,True,5,False,quasi_local_path,FL-l3
standard,email_univ,email-univ,communication,4,fsw,0.704396944325777,0.8551543477794924,0.7106481481481481,0.7106481481481481,0.710648148148148,0.7474090727456585,864,864,4320,5184,495,158,4847,0.9349922839506172,4256,0.0104166666666666,2,1,1,2,False,5,False,enhanced_local,FSW
standard,email_univ,email-univ,communication,4,hdi,0.6881023111362655,0.8539087952246228,0.7118055555555556,0.7118055555555556,0.7118055555555557,0.7454560993776388,864,864,4320,5184,152,107,5139,0.9913194444444444,4256,0.0333333333333333,6,1,5,2,True,5,False,local_similarity,HDI
standard,email_univ,email-univ,communication,4,hpi,0.6028935322499153,0.8488214270404665,0.7083333333333334,0.7083333333333334,0.7083333333333334,0.7134336220531382,864,864,4320,5184,108,73,5149,0.9932484567901234,4256,0.0714285714285714,11,4,7,10,True,5,False,local_similarity,HPI
standard,email_univ,email-univ,communication,4,ia1,0.7099158838252416,0.856567483281893,0.7199074074074074,0.7199074074074074,0.7199074074074073,0.7553819894897065,864,864,4320,5184,527,69,4726,0.9116512345679012,4256,0.0606060606060606,17,5,12,17,False,5,False,enhanced_local,IA1
standard,email_univ,email-univ,communication,4,ia2,0.6869730163693459,0.8541476444615913,0.71875,0.71875,0.71875,0.750348505591243,864,864,4320,5184,527,67,4724,0.9112654320987654,4256,0.0588235294117647,16,7,9,2,True,5,False,enhanced_local,IA2
standard,email_univ,email-univ,communication,4,ja,0.683562740354064,0.8534698109567902,0.7083333333333334,0.7083333333333334,0.7083333333333334,0.7405257292509712,864,864,4320,5184,197,122,5109,0.9855324074074074,4256,0.025,6,2,4,1,True,5,False,local_similarity,JA
standard,email_univ,email-univ,communication,4,lit,0.7058193602888205,0.8483991876714677,0.7256944444444444,0.7256944444444444,0.7256944444444444,0.7616549968714289,864,864,4320,5184,874,9,4319,0.8331404320987654,4301,0.0165031033795303,2,0,2,2,False,5,False,enhanced_local,LIT-i2
standard,email_univ,email-univ,communication,4,llhn,0.5847383084364819,0.8463758680555556,0.7083333333333334,0.7083333333333334,0.7083333333333334,0.7018595964185127,864,864,4320,5184,406,174,4952,0.9552469135802468,4256,0.002710027100271,2,2,0,1,True,5,False,local_similarity,LLHN
standard,email_univ,email-univ,communication,4,lnb_aa,0.7137005716522652,0.857151411394033,0.7268518518518519,0.7268518518518519,0.7268518518518519,0.761201169562436,864,864,4320,5184,708,113,4589,0.8852237654320988,4256,0.6383432962941449,8,4,4,1,True,5,False,local_bayesian,LNB-AA
standard,email_univ,email-univ,communication,4,lnb_cn,0.7173287585171606,0.8572228116426612,0.7233796296296297,0.7233796296296297,0.7233796296296298,0.7595471214472597,864,864,4320,5184,705,113,4592,0.8858024691358025,4256,2.167997780103468,2,2,0,2,False,5,False,local_bayesian,LNB-CN
standard,email_univ,email-univ,communication,4,lnb_ra,0.7008730238909017,0.856167079260974,0.7256944444444444,0.7256944444444444,0.7256944444444444,0.7514571712996237,864,864,4320,5184,708,113,4589,0.8852237654320988,4256,0.0662758134585848,3,2,1,1,True,5,False,local_bayesian,LNB-RA
standard,email_univ,email-univ,communication,4,lpi,0.7964973087631593,0.9256904256687244,0.7245370370370371,0.7245370370370371,0.7245370370370371,0.7606957138721109,864,864,4320,5184,287,158,5055,0.9751157407407408,2774,1.002,23,8,15,15,True,5,False,quasi_local_path,LPI-beta-0.001
standard,email_univ,email-univ,communication,4,lrw,0.7986406873014728,0.9246115183470508,0.7430555555555556,0.7430555555555556,0.7430555555555556,0.7740629041996703,864,864,4320,5184,2069,176,3291,0.6348379629629629,2791,5.132142655501425e-06,1,0,1,1,False,5,False,quasi_local_walk,LRW-l3
standard,email_univ,email-univ,communication,4,ora_cni,0.7869889662368146,0.9244562596450616,0.7303240740740741,0.7303240740740741,0.7303240740740742,0.7627007376628906,864,864,4320,5184,2103,180,3261,0.6290509259259259,2774,0.308951219512195,1,0,1,1,False,5,False,quasi_local_path,ORA-CNI-beta-0.001
standard,email_univ,email-univ,communication,4,pa,0.5176662247376336,0.8337275752314813,0.5208333333333334,0.5208333333333334,0.5208333333333334,0.5495937805838116,864,864,4320,5184,366,287,5105,0.9847608024691358,180,165.0,18,7,11,2,True,5,False,degree_based,PA
standard,email_univ,email-univ,communication,4,pfp,0.7342450751798145,0.9197216060099452,0.7175925925925926,0.7175925925925926,0.7175925925925924,0.7319570071571692,864,864,4320,5184,2383,25,2826,0.5451388888888888,2774,0.0046247091876178,1,0,1,1,False,5,False,quasi_local_walk,PFP-l3
standard,email_univ,email-univ,communication,4,ra,0.6993439750547135,0.8559724365569273,0.7199074074074074,0.7199074074074074,0.7199074074074073,0.7509504955449252,864,864,4320,5184,513,77,4748,0.9158950617283952,4256,0.0303030303030303,17,5,12,17,False,5,False,local_similarity,RA
standard,email_univ,email-univ,communication,4,ra_cni,0.7869841730378363,0.92458941508059,0.7303240740740741,0.7303240740740741,0.7303240740740742,0.7627008721815141,864,864,4320,5184,2011,210,3383,0.6525848765432098,2794,0.3089430894308942,1,0,1,1,False,5,False,enhanced_local,RA-CNI
standard,email_univ,email-univ,communication,4,sa,0.6686965409651119,0.8522132737482854,0.7094907407407407,0.7094907407407407,0.7094907407407407,0.7375247534159587,864,864,4320,5184,518,189,4855,0.9365354938271604,4256,0.0540738070435875,2,1,1,1,True,5,False,local_similarity,SA
standard,email_univ,email-univ,communication,4,so,0.683562740354064,0.8534698109567902,0.7083333333333334,0.7083333333333334,0.7083333333333334,0.7405257292509712,864,864,4320,5184,197,122,5109,0.9855324074074074,4256,0.048780487804878,6,2,4,1,True,5,False,local_similarity,SO
standard,email_univ,email-univ,communication,4,srw,0.8030737771318277,0.9294351208847736,0.7523148148148148,0.7523148148148148,0.7523148148148148,0.7806558950779098,864,864,4320,5184,2107,170,3247,0.6263503086419753,2774,1.1854579681294582e-05,1,1,0,1,False,5,False,quasi_local_walk,SRW-l3
standard,email_univ,email-univ,communication,4,aa,0.645051502741436,0.857267821930727,0.6550925925925926,0.6550925925925926,0.6550925925925926,0.6964322115860313,864,864,8640,9504,571,85,9018,0.9488636363636364,8293,0.3396232718951086,19,6,13,18,True,10,False,local_similarity,AA
standard,email_univ,email-univ,communication,4,car_aa,0.4377179977408237,0.7046391407321674,0.4502314814814814,0.4502314814814814,0.4502314814814814,0.5209567627870618,864,864,8640,9504,376,36,9164,0.9642255892255892,9080,0.0,9080,505,8575,440,True,10,False,enhanced_local,CAR-AA
standard,email_univ,email-univ,communication,4,car_cn,0.4353498145051148,0.7046688126929013,0.4502314814814814,0.4502314814814814,0.4502314814814814,0.5211611156147515,864,864,8640,9504,55,31,9480,0.9974747474747476,9080,0.0,9080,505,8575,440,True,10,False,enhanced_local,CAR-CN
standard,email_univ,email-univ,communication,4,car_ra,0.4375205826356133,0.7046382030178326,0.4502314814814814,0.4502314814814814,0.4502314814814814,0.5209145525495408,864,864,8640,9504,375,36,9165,0.964330808080808,9080,0.0,9080,505,8575,440,True,10,False,enhanced_local,CAR-RA
standard,email_univ,email-univ,communication,4,cn,0.6075755686106843,0.8560794699502744,0.6319444444444444,0.6319444444444444,0.6319444444444444,0.6778340475024643,864,864,8640,9504,14,13,9503,0.9998947811447813,8293,1.0,615,181,434,268,True,10,False,local_similarity,CN
standard,email_univ,email-univ,communication,4,fl,0.7071487832344284,0.9255305453746572,0.6574074074074074,0.6574074074074074,0.6574074074074074,0.6984505603667889,864,864,8640,9504,298,168,9374,0.9863215488215488,5551,0.0008873031149503,42,16,26,34,True,10,False,quasi_local_path,FL-l3
standard,email_univ,email-univ,communication,4,fsw,0.6322575851256145,0.8554833515517832,0.6180555555555556,0.6180555555555556,0.6180555555555556,0.665077053214983,864,864,8640,9504,566,193,9131,0.960753367003367,8293,0.0209381511409259,9,2,7,2,True,10,False,enhanced_local,FSW
standard,email_univ,email-univ,communication,4,hdi,0.5940449777860513,0.8539767125342936,0.6261574074074074,0.6261574074074074,0.6261574074074074,0.662237728360546,864,864,8640,9504,153,113,9464,0.9957912457912458,8293,0.0555555555555555,38,10,28,5,True,10,False,local_similarity,HDI
standard,email_univ,email-univ,communication,4,hpi,0.4876026398378181,0.849686267575446,0.6192129629629629,0.6192129629629629,0.6192129629629629,0.6134242097487858,864,864,8640,9504,109,75,9470,0.9964225589225588,8293,0.1428571428571428,64,25,39,53,True,10,False,local_similarity,HPI
standard,email_univ,email-univ,communication,4,ia1,0.6425366716509711,0.8570307141632373,0.6527777777777778,0.6527777777777778,0.6527777777777778,0.6941060491636167,864,864,8640,9504,577,79,9006,0.94760101010101,8293,0.1,12,3,9,1,True,10,False,enhanced_local,IA1
standard,email_univ,email-univ,communication,4,ia2,0.607065842400174,0.8547621822487997,0.6365740740740741,0.6365740740740741,0.6365740740740741,0.6741218575560232,864,864,8640,9504,577,78,9005,0.9474957912457912,8293,0.0909090909090909,17,6,11,15,True,10,False,enhanced_local,IA2
standard,email_univ,email-univ,communication,4,ja,0.5886072792305674,0.8536712185999658,0.6203703703703703,0.6203703703703703,0.6203703703703703,0.6559581220154523,864,864,8640,9504,203,131,9432,0.9924242424242424,8293,0.04,24,10,14,3,True,10,False,local_similarity,JA
standard,email_univ,email-univ,communication,4,lit,0.6389791762552003,0.8485170047796639,0.6469907407407407,0.6469907407407407,0.6469907407407407,0.6904997874807961,864,864,8640,9504,1117,17,8404,0.8842592592592593,8367,0.052318658065921,1,0,1,1,False,10,False,enhanced_local,LIT-i2
standard,email_univ,email-univ,communication,4,llhn,0.4563439985634845,0.8471141841349451,0.5914351851851852,0.5914351851851852,0.5914351851851852,0.5761236230118066,864,864,8640,9504,455,209,9258,0.9741161616161615,8293,0.0061728395061728,5,2,3,1,True,10,False,local_similarity,LLHN
standard,email_univ,email-univ,communication,4,lnb_aa,0.6462969099846295,0.8574655456961592,0.6608796296296297,0.6608796296296297,0.6608796296296297,0.7006951374543883,864,864,8640,9504,802,160,8862,0.9324494949494948,8293,0.9636019741229394,5,3,2,3,True,10,False,local_bayesian,LNB-AA
standard,email_univ,email-univ,communication,4,lnb_cn,0.6495118853189885,0.8573599188743142,0.6481481481481481,0.6481481481481481,0.6481481481481481,0.6916294896687086,864,864,8640,9504,797,159,8866,0.9328703703703703,8293,2.82892408165225,6,0,6,4,True,10,False,local_bayesian,LNB-CN
standard,email_univ,email-univ,communication,4,lnb_ra,0.62830985525605,0.8566621924296981,0.6550925925925926,0.6550925925925926,0.6550925925925926,0.6853781154705241,864,864,8640,9504,802,160,8862,0.9324494949494948,8293,0.1382736725141755,3,3,0,1,True,10,False,local_bayesian,LNB-RA
standard,email_univ,email-univ,communication,4,lpi,0.7071487832344284,0.9255305453746572,0.6574074074074074,0.6574074074074074,0.6574074074074074,0.6984505603667889,864,864,8640,9504,298,168,9374,0.9863215488215488,5551,1.008,42,16,26,34,True,10,False,quasi_local_path,LPI-beta-0.001
standard,email_univ,email-univ,communication,4,lrw,0.70486405304799,0.924494973851166,0.6678240740740741,0.6678240740740741,0.6678240740740741,0.7036839075651828,864,864,8640,9504,3101,339,6742,0.7093855218855218,5581,7.724685746652353e-06,1,1,0,1,False,10,False,quasi_local_walk,LRW-l3
standard,email_univ,email-univ,communication,4,ora_cni,0.685036110218822,0.924577693651406,0.65625,0.65625,0.65625,0.6917995111703138,864,864,8640,9504,3130,347,6721,0.7071759259259259,5551,0.4259704126305128,1,1,0,1,False,10,False,quasi_local_path,ORA-CNI-beta-0.001
standard,email_univ,email-univ,communication,4,pa,0.3641224028365232,0.8303030424811384,0.3981481481481481,0.3981481481481481,0.3981481481481481,0.4277947616947282,864,864,8640,9504,392,317,9429,0.992108585858586,344,224.0,18,3,15,14,True,10,False,degree_based,PA
standard,email_univ,email-univ,communication,4,pfp,0.6198179741620266,0.920839495456104,0.6354166666666666,0.6354166666666666,0.6354166666666666,0.6495037650108398,864,864,8640,9504,3847,88,5745,0.6044823232323232,5551,0.007029265109159,1,0,1,1,False,10,False,quasi_local_walk,PFP-l3
standard,email_univ,email-univ,communication,4,ra,0.6261969725414787,0.8564887822573731,0.6493055555555556,0.6493055555555556,0.6493055555555556,0.6854188032377404,864,864,8640,9504,558,89,9035,0.9506523569023568,8293,0.05,12,3,9,8,True,10,False,local_similarity,RA
standard,email_univ,email-univ,communication,4,ra_cni,0.6850262155745701,0.9246767564729084,0.65625,0.65625,0.65625,0.6917991391158956,864,864,8640,9504,2960,378,6922,0.7283249158249159,5581,0.4259348356567508,1,1,0,1,False,10,False,enhanced_local,RA-CNI
standard,email_univ,email-univ,communication,4,sa,0.5699727562131274,0.8527153527949246,0.6238425925925926,0.6238425925925926,0.6238425925925926,0.6535653624722633,864,864,8640,9504,584,232,9152,0.9629629629629628,8293,0.0932504808240313,3,0,3,1,True,10,False,local_similarity,SA
standard,email_univ,email-univ,communication,4,so,0.5886072792305674,0.8536712185999658,0.6203703703703703,0.6203703703703703,0.6203703703703703,0.6559581220154523,864,864,8640,9504,203,131,9432,0.9924242424242424,8293,0.0769230769230769,24,10,14,3,True,10,False,local_similarity,SO
standard,email_univ,email-univ,communication,4,srw,0.7186283743216036,0.9299242728695132,0.6793981481481481,0.6793981481481481,0.6793981481481481,0.7138058658516561,864,864,8640,9504,3165,335,6674,0.7022306397306397,5551,1.871394710028645e-05,1,1,0,1,False,10,False,quasi_local_walk,SRW-l3
standard,email_univ,email-univ,communication,5,aa,0.8569670359954884,0.8557505750105066,0.7891077636152954,0.7891077636152954,0.7891077636152953,0.8227986292587928,863,863,863,1726,468,65,1323,0.7665121668597914,1023,0.0,1023,217,806,160,True,1,True,local_similarity,AA
standard,email_univ,email-univ,communication,5,car_aa,0.6928861532807551,0.6925751474618304,0.6315179606025493,0.6315179606025493,0.6315179606025493,0.6810150809315165,863,863,863,1726,312,26,1440,0.8342989571263036,1381,0.0,1381,525,856,518,True,1,True,enhanced_local,CAR-AA
standard,email_univ,email-univ,communication,5,car_cn,0.6917535698113583,0.6923710573345561,0.6315179606025493,0.6315179606025493,0.6315179606025493,0.68084565176681,863,863,863,1726,60,33,1699,0.9843568945538818,1381,0.0,1381,525,856,518,True,1,True,enhanced_local,CAR-CN
standard,email_univ,email-univ,communication,5,car_ra,0.693142452588271,0.6926087149169742,0.6315179606025493,0.6315179606025493,0.6315179606025493,0.6810774968426024,863,863,863,1726,310,27,1443,0.8360370799536501,1381,0.0,1381,525,856,518,True,1,True,enhanced_local,CAR-RA
standard,email_univ,email-univ,communication,5,cn,0.8473024149227373,0.8540030532957198,0.7891077636152954,0.7891077636152954,0.7891077636152953,0.8221415726408152,863,863,863,1726,14,13,1725,0.999420625724218,1023,0.0,1023,217,806,160,True,1,True,local_similarity,CN
standard,email_univ,email-univ,communication,5,fl,0.9271935889203988,0.9285275031586976,0.8667439165701043,0.8667439165701043,0.8667439165701042,0.8866215421823317,863,863,863,1726,290,145,1581,0.9159907300115876,603,1.1736813689819488e-06,41,16,25,4,True,1,True,quasi_local_path,FL-l3
standard,email_univ,email-univ,communication,5,fsw,0.8527942076225172,0.8533330468910494,0.7891077636152954,0.7891077636152954,0.7891077636152953,0.8221861624498711,863,863,863,1726,446,105,1385,0.802433371958285,1023,0.0,1023,217,806,160,True,1,True,enhanced_local,FSW
standard,email_univ,email-univ,communication,5,hdi,0.8404132548099447,0.8512498506248246,0.7891077636152954,0.7891077636152954,0.7891077636152953,0.8162920493306349,863,863,863,1726,155,106,1677,0.9716106604866744,1023,0.0,1023,217,806,160,True,1,True,local_similarity,HDI
standard,email_univ,email-univ,communication,5,hpi,0.8244017585873435,0.8467101879911757,0.7891077636152954,0.7891077636152954,0.7891077636152953,0.8147388914108382,863,863,863,1726,108,70,1688,0.977983777520278,1023,0.0,1023,217,806,160,True,1,True,local_similarity,HPI
standard,email_univ,email-univ,communication,5,ia1,0.8576748899303777,0.8559573505341924,0.7891077636152954,0.7891077636152954,0.7891077636152953,0.822934121599841,863,863,863,1726,465,62,1323,0.7665121668597914,1023,0.0,1023,217,806,160,True,1,True,enhanced_local,IA1
standard,email_univ,email-univ,communication,5,ia2,0.8528527896137232,0.8536546231113271,0.7891077636152954,0.7891077636152954,0.7891077636152953,0.822115080663791,863,863,863,1726,465,60,1321,0.7653534183082271,1023,0.0,1023,217,806,160,True,1,True,enhanced_local,IA2
standard,email_univ,email-univ,communication,5,ja,0.8407135539200301,0.851204198885829,0.7891077636152954,0.7891077636152954,0.7891077636152953,0.8163143096892248,863,863,863,1726,200,122,1648,0.954808806488992,1023,0.0,1023,217,806,160,True,1,True,local_similarity,JA
standard,email_univ,email-univ,communication,5,lit,0.8445401519141347,0.8445947669680128,0.7786790266512167,0.7786790266512167,0.7786790266512167,0.8134610632631704,863,863,863,1726,667,7,1066,0.6176129779837776,1054,0.0,1054,239,815,191,True,1,True,enhanced_local,LIT-i2
standard,email_univ,email-univ,communication,5,llhn,0.8161877000598201,0.8442127693284763,0.7891077636152954,0.7891077636152954,0.7891077636152953,0.8088971981965816,863,863,863,1726,360,134,1500,0.8690614136732329,1023,0.0,1023,217,806,160,True,1,True,local_similarity,LLHN
standard,email_univ,email-univ,communication,5,lnb_aa,0.8577907207717872,0.8563178650024369,0.7891077636152954,0.7891077636152954,0.7891077636152953,0.8229226257386842,863,863,863,1726,597,68,1197,0.6935110081112399,1023,0.0,1023,217,806,161,True,1,True,local_bayesian,LNB-AA
standard,email_univ,email-univ,communication,5,lnb_cn,0.8562003008070884,0.8556330889175032,0.7891077636152954,0.7891077636152954,0.7891077636152953,0.8226478089400451,863,863,863,1726,595,69,1200,0.6952491309385863,1023,0.0,1023,217,806,161,True,1,True,local_bayesian,LNB-CN
standard,email_univ,email-univ,communication,5,lnb_ra,0.8574190387651693,0.8559889039420276,0.7891077636152954,0.7891077636152954,0.7891077636152953,0.822884168968174,863,863,863,1726,597,68,1197,0.6935110081112399,1023,0.0,1023,217,806,161,True,1,True,local_bayesian,LNB-RA
standard,email_univ,email-univ,communication,5,lpi,0.9271935889203988,0.9285275031586976,0.8667439165701043,0.8667439165701043,0.8667439165701042,0.8866215421823317,863,863,863,1726,290,145,1581,0.9159907300115876,603,0.003,41,16,25,4,True,1,True,quasi_local_path,LPI-beta-0.001
standard,email_univ,email-univ,communication,5,lrw,0.9270045058767816,0.923264126192148,0.8597914252607184,0.8597914252607184,0.8597914252607184,0.8811099339075663,863,863,863,1726,1075,30,681,0.3945538818076477,619,1.8870986612922097e-06,1,0,1,1,False,1,True,quasi_local_walk,LRW-l3
standard,email_univ,email-univ,communication,5,ora_cni,0.928413613638532,0.9267094897881089,0.8563151796060255,0.8563151796060255,0.8563151796060255,0.8780379138569624,863,863,863,1726,1092,27,661,0.3829663962920046,603,0.1111111111111111,2,2,0,2,False,1,True,quasi_local_path,ORA-CNI-beta-0.001
standard,email_univ,email-univ,communication,5,pa,0.817308110717959,0.832756196887894,0.7589803012746235,0.7589803012746235,0.7589803012746235,0.7829857427024436,863,863,863,1726,319,217,1624,0.9409038238702202,48,70.0,16,5,11,5,True,1,True,degree_based,PA
standard,email_univ,email-univ,communication,5,pfp,0.9180439924579152,0.9249606253751164,0.8609501738122828,0.8609501738122828,0.8609501738122827,0.8726039741150898,863,863,863,1726,1121,4,609,0.3528389339513325,603,0.0014928774928774,1,0,1,1,False,1,True,quasi_local_walk,PFP-l3
standard,email_univ,email-univ,communication,5,ra,0.8569599433515843,0.8556532293905895,0.7891077636152954,0.7891077636152954,0.7891077636152953,0.8228197874443736,863,863,863,1726,460,64,1330,0.7705677867902665,1023,0.0,1023,217,806,160,True,1,True,local_similarity,RA
standard,email_univ,email-univ,communication,5,ra_cni,0.9273115486467612,0.925369476978768,0.8563151796060255,0.8563151796060255,0.8563151796060255,0.8780381781789771,863,863,863,1726,1070,32,688,0.3986095017381228,614,0.1111111111111111,4,3,1,4,False,1,True,enhanced_local,RA-CNI
standard,email_univ,email-univ,communication,5,sa,0.8386748963069293,0.8501219841319925,0.7891077636152954,0.7891077636152954,0.7891077636152953,0.8159391706157656,863,863,863,1726,458,127,1395,0.8082271147161066,1023,0.0,1023,217,806,160,True,1,True,local_similarity,SA
standard,email_univ,email-univ,communication,5,so,0.8407135539200301,0.851204198885829,0.7891077636152954,0.7891077636152954,0.7891077636152953,0.8163143096892248,863,863,863,1726,200,122,1648,0.954808806488992,1023,0.0,1023,217,806,160,True,1,True,local_similarity,SO
standard,email_univ,email-univ,communication,5,srw,0.936345639485023,0.9323494936013718,0.86558516801854,0.86558516801854,0.8655851680185399,0.8865858958114942,863,863,863,1726,1093,28,661,0.3829663962920046,603,2.757150259751717e-06,1,1,0,1,False,1,True,quasi_local_walk,SRW-l3
standard,email_univ,email-univ,communication,5,aa,0.726768458658547,0.856811575132692,0.7265353418308227,0.7265353418308227,0.7265353418308227,0.7645986151572085,863,863,4315,5178,503,77,4752,0.917728852838934,4243,0.294014103795206,30,11,19,30,False,5,False,local_similarity,AA
standard,email_univ,email-univ,communication,5,car_aa,0.4818048155196394,0.6934137967611435,0.4495944380069525,0.4495944380069525,0.4495944380069525,0.5234718998158352,863,863,4315,5178,326,30,4882,0.9428350714561606,4815,0.0,4815,525,4290,500,True,5,False,enhanced_local,CAR-AA
standard,email_univ,email-univ,communication,5,car_cn,0.4801987144638414,0.693386405717746,0.4495944380069525,0.4495944380069525,0.4495944380069525,0.5233347053902687,863,863,4315,5178,60,33,5151,0.9947856315179606,4815,0.0,4815,525,4290,500,True,5,False,enhanced_local,CAR-CN
standard,email_univ,email-univ,communication,5,car_ra,0.4824168087164663,0.6934379653288469,0.4495944380069525,0.4495944380069525,0.4495944380069525,0.5236075092773236,863,863,4315,5178,324,31,4885,0.9434144457319428,4815,0.0,4815,525,4290,500,True,5,False,enhanced_local,CAR-RA
standard,email_univ,email-univ,communication,5,cn,0.6921442603766985,0.8550081971725461,0.712630359212051,0.712630359212051,0.712630359212051,0.7514275180223906,863,863,4315,5178,14,13,5177,0.999806875241406,4243,1.0,433,197,236,361,True,5,False,local_similarity,CN
standard,email_univ,email-univ,communication,5,fl,0.8004886772738171,0.9279908266858582,0.7230590961761297,0.7230590961761297,0.7230590961761297,0.761300999840733,863,863,4315,5178,296,153,5035,0.9723831595210506,2746,0.0008849557522123,39,13,26,35,True,5,False,quasi_local_path,FL-l3
standard,email_univ,email-univ,communication,5,fsw,0.7073232458093394,0.8538576390800368,0.709154113557358,0.709154113557358,0.709154113557358,0.7475138212940075,863,863,4315,5178,506,136,4808,0.9285438393202008,4243,0.0110192837465564,1,0,1,1,False,5,False,enhanced_local,FSW
standard,email_univ,email-univ,communication,5,hdi,0.6760419115503067,0.8521017926363743,0.7103128621089224,0.7103128621089224,0.7103128621089225,0.7387711132083092,863,863,4315,5178,155,112,5135,0.9916956353804558,4243,0.0357142857142857,5,1,4,5,False,5,False,local_similarity,HDI
standard,email_univ,email-univ,communication,5,hpi,0.5980883800831442,0.8470394175912261,0.7033603707995365,0.7033603707995365,0.7033603707995365,0.7034007929860444,863,863,4315,5178,111,72,5139,0.992468134414832,4243,0.0769230769230769,11,7,4,5,True,5,False,local_similarity,HPI
standard,email_univ,email-univ,communication,5,ia1,0.7241333579832098,0.8564323971593876,0.7265353418308227,0.7265353418308227,0.7265353418308227,0.7642018949769487,863,863,4315,5178,502,71,4747,0.9167632290459636,4243,0.0666666666666666,30,11,19,30,False,5,False,enhanced_local,IA1
standard,email_univ,email-univ,communication,5,ia2,0.6978933002298677,0.8534686594098302,0.7242178447276941,0.7242178447276941,0.7242178447276941,0.7576923592699338,863,863,4315,5178,502,69,4745,0.9163769795287756,4243,0.0625,3,1,2,1,True,5,False,enhanced_local,IA2
standard,email_univ,email-univ,communication,5,ja,0.6709079800893148,0.8517432922154385,0.7114716106604867,0.7114716106604867,0.7114716106604866,0.7378841989866355,863,863,4315,5178,206,127,5099,0.98474314407107,4243,0.0263157894736842,5,1,4,5,False,5,False,local_similarity,JA
standard,email_univ,email-univ,communication,5,lit,0.7087150713015271,0.8456221996350546,0.7195828505214369,0.7195828505214369,0.7195828505214369,0.7578142258310507,863,863,4315,5178,864,12,4326,0.8354577056778679,4303,0.0120832561201764,1,0,1,1,False,5,False,enhanced_local,LIT-i2
standard,email_univ,email-univ,communication,5,llhn,0.5716459291376668,0.8441113956139419,0.7056778679026651,0.7056778679026651,0.7056778679026651,0.6997334709154928,863,863,4315,5178,411,165,4932,0.9524913093858632,4243,0.0028985507246376,3,1,2,2,True,5,False,local_similarity,LLHN
standard,email_univ,email-univ,communication,5,lnb_aa,0.7286713887553674,0.8570371484312584,0.7323290845886443,0.7323290845886443,0.7323290845886443,0.7695073743524979,863,863,4315,5178,693,110,4595,0.8874082657396678,4243,0.6310214812431609,12,5,7,6,True,5,False,local_bayesian,LNB-AA
standard,email_univ,email-univ,communication,5,lnb_cn,0.7263906789592756,0.8567124840051076,0.7219003476245655,0.7219003476245655,0.7219003476245656,0.7607109519347639,863,863,4315,5178,688,111,4601,0.8885670142912321,4243,2.1370128696639394,11,0,11,7,True,5,False,local_bayesian,LNB-CN
standard,email_univ,email-univ,communication,5,lnb_ra,0.7207307253378389,0.8561439855847921,0.7300115874855156,0.7300115874855156,0.7300115874855156,0.7662720122667367,863,863,4315,5178,693,110,4595,0.8874082657396678,4243,0.066458788079957,4,1,3,1,True,5,False,local_bayesian,LNB-RA
standard,email_univ,email-univ,communication,5,lpi,0.8004886772738171,0.9279908266858582,0.7230590961761297,0.7230590961761297,0.7230590961761297,0.761300999840733,863,863,4315,5178,296,153,5035,0.9723831595210506,2746,1.002,39,13,26,35,True,5,False,quasi_local_path,LPI-beta-0.001
standard,email_univ,email-univ,communication,5,lrw,0.7980636657111735,0.9237594475602502,0.746234067207416,0.746234067207416,0.746234067207416,0.7789336826815474,863,863,4315,5178,2052,176,3302,0.6376979528775589,2782,5.055129913647175e-06,1,0,1,1,False,5,False,quasi_local_walk,LRW-l3
standard,email_univ,email-univ,communication,5,ora_cni,0.8027753068667064,0.9269788350481826,0.7404403244495944,0.7404403244495944,0.7404403244495944,0.7747522203165089,863,863,4315,5178,2092,183,3269,0.6313248358439552,2746,0.303040404040404,2,0,2,2,False,5,False,quasi_local_path,ORA-CNI-beta-0.001
standard,email_univ,email-univ,communication,5,pa,0.502601723244771,0.8238542420535763,0.5133256083429896,0.5133256083429896,0.5133256083429896,0.5427264385386729,863,863,4315,5178,361,264,5081,0.9812668984163768,173,165.0,14,4,10,4,True,5,False,degree_based,PA
standard,email_univ,email-univ,communication,5,pfp,0.76194391500104,0.9241778323211628,0.7253765932792584,0.7253765932792584,0.7253765932792583,0.7440964098449285,863,863,4315,5178,2398,30,2810,0.5426805716492854,2746,0.0046701491640782,1,0,1,1,False,5,False,quasi_local_walk,PFP-l3
standard,email_univ,email-univ,communication,5,ra,0.7199289508861648,0.8560239483651978,0.7265353418308227,0.7265353418308227,0.7265353418308227,0.7634413329785419,863,863,4315,5178,495,76,4759,0.9190807261490924,4243,0.0333333333333333,30,11,19,30,False,5,False,local_similarity,RA
standard,email_univ,email-univ,communication,5,ra_cni,0.8019566947519552,0.9256594997912104,0.7404403244495944,0.7404403244495944,0.7404403244495944,0.7747516875755383,863,863,4315,5178,1997,204,3385,0.6537273078408652,2777,0.303030303030303,2,0,2,2,False,5,False,enhanced_local,RA-CNI
standard,email_univ,email-univ,communication,5,sa,0.6598811313911697,0.8506285841650228,0.7079953650057937,0.7079953650057937,0.7079953650057939,0.7322644294869337,863,863,4315,5178,519,172,4831,0.932985708767864,4243,0.0559892510955854,1,0,1,1,False,5,False,local_similarity,SA
standard,email_univ,email-univ,communication,5,so,0.6709079800893148,0.8517432922154385,0.7114716106604867,0.7114716106604867,0.7114716106604866,0.7378841989866355,863,863,4315,5178,206,127,5099,0.98474314407107,4243,0.0512820512820512,5,1,4,5,False,5,False,local_similarity,SO
standard,email_univ,email-univ,communication,5,srw,0.8202497756657741,0.9321729287873152,0.7485515643105446,0.7485515643105446,0.7485515643105446,0.7834130474736073,863,863,4315,5178,2102,170,3246,0.626882966396292,2746,1.1942559519577465e-05,1,0,1,1,False,5,False,quasi_local_walk,SRW-l3
standard,email_univ,email-univ,communication,5,aa,0.6591230352419387,0.8564590497187717,0.6431054461181923,0.6431054461181923,0.6431054461181923,0.6904671528986216,863,863,8630,9493,552,89,9030,0.951227220056884,8264,0.3396232718951086,14,7,7,7,True,10,False,local_similarity,AA
standard,email_univ,email-univ,communication,5,car_aa,0.4274038133961726,0.6932949679699343,0.4229432213209733,0.4229432213209733,0.4229432213209733,0.4986802146250905,863,863,8630,9493,341,38,9190,0.968081744443274,9100,0.0,9100,525,8575,470,True,10,False,enhanced_local,CAR-AA
standard,email_univ,email-univ,communication,5,car_cn,0.4237197681553639,0.6932559625870572,0.4229432213209733,0.4229432213209733,0.4229432213209733,0.4984892808457865,863,863,8630,9493,60,33,9466,0.9971557990097968,9100,0.0,9100,525,8575,470,True,10,False,enhanced_local,CAR-CN
standard,email_univ,email-univ,communication,5,car_ra,0.428406859366191,0.6933155112524824,0.4229432213209733,0.4229432213209733,0.4229432213209733,0.4989079317564357,863,863,8630,9493,339,39,9193,0.9683977667755188,9100,0.0,9100,525,8575,470,True,10,False,enhanced_local,CAR-RA
standard,email_univ,email-univ,communication,5,cn,0.6094147586166075,0.8545949146648154,0.6222479721900348,0.6222479721900348,0.6222479721900348,0.6709980666714709,863,863,8630,9493,14,13,9492,0.999894659222585,8264,1.0,662,197,465,296,True,10,False,local_similarity,CN
standard,email_univ,email-univ,communication,5,fl,0.7129099802239449,0.9284053847568844,0.657010428736964,0.657010428736964,0.657010428736964,0.7005942860887912,863,863,8630,9493,303,162,9352,0.9851469503844938,5555,0.0008865206607043,43,14,29,3,True,10,False,quasi_local_path,FL-l3
standard,email_univ,email-univ,communication,5,fsw,0.6330697988742238,0.8538344104010773,0.6210892236384704,0.6210892236384704,0.6210892236384704,0.6688080822873452,863,863,8630,9493,566,186,9113,0.9599705045823238,8264,0.0210526315789473,2,0,2,1,True,10,False,enhanced_local,FSW
standard,email_univ,email-univ,communication,5,hdi,0.5821682802250814,0.8521868525677089,0.6210892236384704,0.6210892236384704,0.6210892236384704,0.6538092388166068,863,863,8630,9493,158,117,9452,0.9956810281259876,8264,0.0588235294117647,30,16,14,29,True,10,False,local_similarity,HDI
standard,email_univ,email-univ,communication,5,hpi,0.4626515266590276,0.8466995135404399,0.5886442641946698,0.5886442641946698,0.5886442641946698,0.5819261935053588,863,863,8630,9493,114,74,9453,0.9957863689034026,8264,0.1428571428571428,66,22,44,58,True,10,False,local_similarity,HPI
standard,email_univ,email-univ,communication,5,ia1,0.6569299394188646,0.856228978381216,0.6442641946697567,0.6442641946697567,0.6442641946697567,0.6910042116447146,863,863,8630,9493,551,87,9029,0.9511218792794692,8264,0.1052631578947368,14,7,7,9,True,10,False,enhanced_local,IA1
standard,email_univ,email-univ,communication,5,ia2,0.6165805603397185,0.8534765813292444,0.6199304750869061,0.6199304750869061,0.6199304750869061,0.663685482449818,863,863,8630,9493,551,84,9026,0.9508058569472244,8264,0.0909090909090909,24,11,13,13,True,10,False,enhanced_local,IA2
standard,email_univ,email-univ,communication,5,ja,0.574974942024116,0.8519028718971922,0.6152954808806489,0.6152954808806489,0.6152954808806489,0.6468837927450224,863,863,8630,9493,213,136,9416,0.9918887601390498,8264,0.0416666666666666,26,7,19,17,True,10,False,local_similarity,JA
standard,email_univ,email-univ,communication,5,lit,0.6435943427881421,0.8453354664332163,0.641946697566628,0.641946697566628,0.641946697566628,0.6884304952425765,863,863,8630,9493,1106,19,8406,0.8854945749499631,8362,0.0499946898966534,1,0,1,1,False,10,False,enhanced_local,LIT-i2
standard,email_univ,email-univ,communication,5,llhn,0.4388592486836463,0.844281112667149,0.5770567786790266,0.5770567786790266,0.5770567786790266,0.5656500691173723,863,863,8630,9493,454,208,9247,0.9740861687559256,8264,0.0066666666666666,7,2,5,5,True,10,False,local_similarity,LLHN
standard,email_univ,email-univ,communication,5,lnb_aa,0.6611676466125889,0.8566566277597483,0.6500579374275782,0.6500579374275782,0.6500579374275782,0.6961842184909368,863,863,8630,9493,778,167,8882,0.9356367849994732,8264,0.9629993746050044,4,3,1,3,True,10,False,local_bayesian,LNB-AA
standard,email_univ,email-univ,communication,5,lnb_cn,0.6576774260354041,0.8562262258498944,0.6477404403244496,0.6477404403244496,0.6477404403244496,0.6939574984434425,863,863,8630,9493,772,166,8887,0.936163488886548,8264,2.868038689961648,2,1,1,1,True,10,False,local_bayesian,LNB-CN
standard,email_univ,email-univ,communication,5,lnb_ra,0.6485859130066117,0.8559424465841086,0.645422943221321,0.645422943221321,0.645422943221321,0.6899010535774056,863,863,8630,9493,778,167,8882,0.9356367849994732,8264,0.1404029643697822,3,1,2,1,True,10,False,local_bayesian,LNB-RA
standard,email_univ,email-univ,communication,5,lpi,0.7129099802239449,0.9284053847568844,0.657010428736964,0.657010428736964,0.657010428736964,0.7005942860887912,863,863,8630,9493,303,162,9352,0.9851469503844938,5555,1.006,43,14,29,3,True,10,False,quasi_local_path,LPI-beta-0.001
standard,email_univ,email-univ,communication,5,lrw,0.7107669304689861,0.9242918945337414,0.6651216685979142,0.6651216685979142,0.6651216685979142,0.7054536549990624,863,863,8630,9493,3027,317,6783,0.7145264932055199,5614,7.3518218679509e-06,1,0,1,1,False,10,False,quasi_local_walk,LRW-l3
standard,email_univ,email-univ,communication,5,ora_cni,0.7092329633997025,0.9274220597259016,0.6674391657010429,0.6674391657010429,0.6674391657010429,0.7064767909954559,863,863,8630,9493,3094,339,6738,0.7097861582218477,5555,0.4226833580995994,1,1,0,1,False,10,False,quasi_local_path,ORA-CNI-beta-0.001
standard,email_univ,email-univ,communication,5,pa,0.356375190139862,0.8257874589302188,0.4009269988412514,0.4009269988412514,0.4009269988412514,0.4280335803558208,863,863,8630,9493,389,298,9402,0.9904139892552408,362,224.0,11,1,10,1,True,10,False,degree_based,PA
standard,email_univ,email-univ,communication,5,pfp,0.6331536402612264,0.9250811325390826,0.6292004634994206,0.6292004634994206,0.6292004634994206,0.6422825210995642,863,863,8630,9493,3823,92,5762,0.6069735594648689,5555,0.0071003849688587,1,0,1,1,False,10,False,quasi_local_walk,PFP-l3
standard,email_univ,email-univ,communication,5,ra,0.6480652350982264,0.8558382532033422,0.645422943221321,0.645422943221321,0.645422943221321,0.6900763483730281,863,863,8630,9493,542,88,9039,0.9521752870536184,8264,0.0507060333761232,1,0,1,1,False,10,False,local_similarity,RA
standard,email_univ,email-univ,communication,5,ra_cni,0.7086669074452506,0.9260727151640308,0.6674391657010429,0.6674391657010429,0.6674391657010429,0.7064769254501422,863,863,8630,9493,2913,342,6922,0.7291688612661962,5611,0.4226327205496677,1,1,0,1,False,10,False,enhanced_local,RA-CNI
standard,email_univ,email-univ,communication,5,sa,0.5563076134382194,0.8506149557782344,0.608342989571263,0.608342989571263,0.608342989571263,0.636388998988054,863,863,8630,9493,578,223,9138,0.9626040240176972,8264,0.0953462589245592,10,5,5,8,True,10,False,local_similarity,SA
standard,email_univ,email-univ,communication,5,so,0.574974942024116,0.8519028718971922,0.6152954808806489,0.6152954808806489,0.6152954808806489,0.6468837927450224,863,863,8630,9493,213,136,9416,0.9918887601390498,8264,0.08,26,7,19,17,True,10,False,local_similarity,SO
standard,email_univ,email-univ,communication,5,srw,0.7393837508165386,0.9327275302812014,0.6743916570104287,0.6743916570104287,0.6743916570104287,0.716752693052572,863,863,8630,9493,3107,316,6702,0.7059938902349099,5555,1.9389938744777456e-05,1,0,1,1,False,10,False,quasi_local_walk,SRW-l3
standard,power_1138_bus,power-1138-bus,infrastructure,1,aa,0.6846153846153844,0.6846153846153846,0.5692307692307692,0.5692307692307692,0.5692307692307692,0.667317950401946,65,65,65,130,11,7,126,0.9692307692307692,106,0.0,106,41,65,41,True,1,True,local_similarity,AA
standard,power_1138_bus,power-1138-bus,infrastructure,1,car_aa,0.5076923076923077,0.5076923076923077,0.4615384615384615,0.4615384615384615,0.4615384615384615,0.4704919743524487,65,65,65,130,2,1,129,0.9923076923076924,129,0.0,129,64,65,64,True,1,True,enhanced_local,CAR-AA
standard,power_1138_bus,power-1138-bus,infrastructure,1,car_cn,0.5076923076923077,0.5076923076923077,0.4615384615384615,0.4615384615384615,0.4615384615384615,0.4704919743524487,65,65,65,130,2,1,129,0.9923076923076924,129,0.0,129,64,65,64,True,1,True,enhanced_local,CAR-CN
standard,power_1138_bus,power-1138-bus,infrastructure,1,car_ra,0.5076923076923077,0.5076923076923077,0.4615384615384615,0.4615384615384615,0.4615384615384615,0.4704919743524487,65,65,65,130,2,1,129,0.9923076923076924,129,0.0,129,64,65,64,True,1,True,enhanced_local,CAR-RA
standard,power_1138_bus,power-1138-bus,infrastructure,1,cn,0.6846153846153846,0.6846153846153846,0.5692307692307692,0.5692307692307692,0.5692307692307692,0.667317950401946,65,65,65,130,3,3,130,1.0,106,0.0,106,41,65,41,True,1,True,local_similarity,CN
standard,power_1138_bus,power-1138-bus,infrastructure,1,fl,0.8146853146853146,0.814792899408284,0.7230769230769231,0.7230769230769231,0.723076923076923,0.7954423420197312,65,65,65,130,8,6,128,0.9846153846153848,86,0.0,86,23,63,21,True,1,True,quasi_local_path,FL-l3
standard,power_1138_bus,power-1138-bus,infrastructure,1,fsw,0.6846153846153846,0.6846153846153846,0.5692307692307692,0.5692307692307692,0.5692307692307692,0.667317950401946,65,65,65,130,14,7,123,0.946153846153846,106,0.0,106,41,65,41,True,1,True,enhanced_local,FSW
standard,power_1138_bus,power-1138-bus,infrastructure,1,hdi,0.6846153846153846,0.6846153846153846,0.5692307692307692,0.5692307692307692,0.5692307692307692,0.667317950401946,65,65,65,130,9,7,128,0.9846153846153848,106,0.0,106,41,65,41,True,1,True,local_similarity,HDI
standard,power_1138_bus,power-1138-bus,infrastructure,1,hpi,0.6846153846153846,0.6846153846153846,0.5692307692307692,0.5692307692307692,0.5692307692307692,0.667317950401946,65,65,65,130,7,5,128,0.9846153846153848,106,0.0,106,41,65,41,True,1,True,local_similarity,HPI
standard,power_1138_bus,power-1138-bus,infrastructure,1,ia1,0.6846153846153844,0.6846153846153846,0.5692307692307692,0.5692307692307692,0.5692307692307692,0.667317950401946,65,65,65,130,11,7,126,0.9692307692307692,106,0.0,106,41,65,41,True,1,True,enhanced_local,IA1
standard,power_1138_bus,power-1138-bus,infrastructure,1,ia2,0.6846153846153846,0.6846153846153846,0.5692307692307692,0.5692307692307692,0.5692307692307692,0.667317950401946,65,65,65,130,10,7,127,0.9769230769230768,106,0.0,106,41,65,41,True,1,True,enhanced_local,IA2
standard,power_1138_bus,power-1138-bus,infrastructure,1,ja,0.6846153846153846,0.6846153846153846,0.5692307692307692,0.5692307692307692,0.5692307692307692,0.667317950401946,65,65,65,130,13,7,124,0.953846153846154,106,0.0,106,41,65,41,True,1,True,local_similarity,JA
standard,power_1138_bus,power-1138-bus,infrastructure,1,lit,0.592307692307692,0.5923076923076923,0.5076923076923077,0.5076923076923077,0.5076923076923077,0.5963896205820816,65,65,65,130,13,1,118,0.9076923076923076,118,0.0,118,53,65,53,True,1,True,enhanced_local,LIT-i2
standard,power_1138_bus,power-1138-bus,infrastructure,1,llhn,0.6846153846153846,0.6846153846153846,0.5692307692307692,0.5692307692307692,0.5692307692307692,0.667317950401946,65,65,65,130,14,7,123,0.946153846153846,106,0.0,106,41,65,41,True,1,True,local_similarity,LLHN
standard,power_1138_bus,power-1138-bus,infrastructure,1,lnb_aa,0.6846153846153844,0.6846153846153846,0.5692307692307692,0.5692307692307692,0.5692307692307692,0.667317950401946,65,65,65,130,14,8,124,0.953846153846154,106,0.0,106,41,65,41,True,1,True,local_bayesian,LNB-AA
standard,power_1138_bus,power-1138-bus,infrastructure,1,lnb_cn,0.6846153846153846,0.6846153846153846,0.5692307692307692,0.5692307692307692,0.5692307692307692,0.667317950401946,65,65,65,130,14,8,124,0.953846153846154,106,0.0,106,41,65,41,True,1,True,local_bayesian,LNB-CN
standard,power_1138_bus,power-1138-bus,infrastructure,1,lnb_ra,0.6846153846153844,0.6846153846153846,0.5692307692307692,0.5692307692307692,0.5692307692307692,0.667317950401946,65,65,65,130,14,8,124,0.953846153846154,106,0.0,106,41,65,41,True,1,True,local_bayesian,LNB-RA
standard,power_1138_bus,power-1138-bus,infrastructure,1,lpi,0.8146853146853146,0.814792899408284,0.7230769230769231,0.7230769230769231,0.723076923076923,0.7954423420197312,65,65,65,130,8,6,128,0.9846153846153848,86,0.0,86,23,63,21,True,1,True,quasi_local_path,LPI-beta-0.001
standard,power_1138_bus,power-1138-bus,infrastructure,1,lrw,0.6912799125488578,0.7130177514792899,0.6307692307692307,0.6307692307692307,0.6307692307692307,0.6981254500189176,65,65,65,130,29,5,106,0.8153846153846154,98,0.0,98,35,63,33,True,1,True,quasi_local_walk,LRW-l3
standard,power_1138_bus,power-1138-bus,infrastructure,1,ora_cni,0.8158393806919082,0.8134911242603551,0.7230769230769231,0.7230769230769231,0.723076923076923,0.7953786478544238,65,65,65,130,35,8,103,0.7923076923076923,86,0.0,86,23,63,21,True,1,True,quasi_local_path,ORA-CNI-beta-0.001
standard,power_1138_bus,power-1138-bus,infrastructure,1,pa,0.6080929394551375,0.6068639053254439,0.5538461538461539,0.5538461538461539,0.5538461538461539,0.5741473201760536,65,65,65,130,24,16,122,0.9384615384615383,16,6.0,12,3,9,8,True,1,True,degree_based,PA
standard,power_1138_bus,power-1138-bus,infrastructure,1,pfp,0.791369836882106,0.805680473372781,0.7230769230769231,0.7230769230769231,0.723076923076923,0.7875377553377638,65,65,65,130,39,5,96,0.7384615384615385,86,0.0,86,23,63,21,True,1,True,quasi_local_walk,PFP-l3
standard,power_1138_bus,power-1138-bus,infrastructure,1,ra,0.6846153846153844,0.6846153846153846,0.5692307692307692,0.5692307692307692,0.5692307692307692,0.667317950401946,65,65,65,130,11,7,126,0.9692307692307692,106,0.0,106,41,65,41,True,1,True,local_similarity,RA
standard,power_1138_bus,power-1138-bus,infrastructure,1,ra_cni,0.8018962695394949,0.7985798816568048,0.6923076923076923,0.6923076923076923,0.6923076923076923,0.7722105257058247,65,65,65,130,24,10,116,0.8923076923076924,88,0.0,88,25,63,23,True,1,True,enhanced_local,RA-CNI
standard,power_1138_bus,power-1138-bus,infrastructure,1,sa,0.6846153846153846,0.6846153846153846,0.5692307692307692,0.5692307692307692,0.5692307692307692,0.667317950401946,65,65,65,130,15,8,123,0.946153846153846,106,0.0,106,41,65,41,True,1,True,local_similarity,SA
standard,power_1138_bus,power-1138-bus,infrastructure,1,so,0.6846153846153846,0.6846153846153846,0.5692307692307692,0.5692307692307692,0.5692307692307692,0.667317950401946,65,65,65,130,13,7,124,0.953846153846154,106,0.0,106,41,65,41,True,1,True,local_similarity,SO
standard,power_1138_bus,power-1138-bus,infrastructure,1,srw,0.8110784439465826,0.8113609467455621,0.7230769230769231,0.7230769230769231,0.723076923076923,0.7940353655281661,65,65,65,130,36,8,102,0.7846153846153846,86,0.0,86,23,63,21,True,1,True,quasi_local_walk,SRW-l3
standard,power_1138_bus,power-1138-bus,infrastructure,1,aa,0.4717647714604236,0.6835029585798817,0.4,0.4,0.4000000000000001,0.5353304336003043,65,65,325,390,11,7,386,0.9897435897435898,365,0.0,365,41,324,40,True,5,False,local_similarity,AA
standard,power_1138_bus,power-1138-bus,infrastructure,1,car_aa,0.1794871794871795,0.5076923076923077,0.1692307692307692,0.1692307692307692,0.1692307692307692,0.1919051904919511,65,65,325,390,2,1,389,0.9974358974358974,389,0.0,389,64,325,64,True,5,False,enhanced_local,CAR-AA
standard,power_1138_bus,power-1138-bus,infrastructure,1,car_cn,0.1794871794871795,0.5076923076923077,0.1692307692307692,0.1692307692307692,0.1692307692307692,0.1919051904919511,65,65,325,390,2,1,389,0.9974358974358974,389,0.0,389,64,325,64,True,5,False,enhanced_local,CAR-CN
standard,power_1138_bus,power-1138-bus,infrastructure,1,car_ra,0.1794871794871795,0.5076923076923077,0.1692307692307692,0.1692307692307692,0.1692307692307692,0.1919051904919511,65,65,325,390,2,1,389,0.9974358974358974,389,0.0,389,64,325,64,True,5,False,enhanced_local,CAR-RA
standard,power_1138_bus,power-1138-bus,infrastructure,1,cn,0.4608205128205128,0.6831242603550296,0.4,0.4,0.4000000000000001,0.5267891846570063,65,65,325,390,3,3,390,1.0,365,0.0,365,41,324,40,True,5,False,local_similarity,CN
standard,power_1138_bus,power-1138-bus,infrastructure,1,fl,0.6793277951594923,0.8189349112426035,0.6461538461538462,0.6461538461538462,0.6461538461538462,0.735575307583873,65,65,325,390,8,6,388,0.9948717948717948,344,0.0,344,23,321,19,True,5,False,quasi_local_path,FL-l3
standard,power_1138_bus,power-1138-bus,infrastructure,1,fsw,0.4677539031017292,0.6832662721893492,0.4,0.4,0.4000000000000001,0.5340096211119941,65,65,325,390,14,7,383,0.982051282051282,365,0.0,365,41,324,40,True,5,False,enhanced_local,FSW
standard,power_1138_bus,power-1138-bus,infrastructure,1,hdi,0.4681575091575091,0.6833372781065089,0.4,0.4,0.4000000000000001,0.5343227626292663,65,65,325,390,9,7,388,0.9948717948717948,365,0.0,365,41,324,40,True,5,False,local_similarity,HDI
standard,power_1138_bus,power-1138-bus,infrastructure,1,hpi,0.4652096956751688,0.6831715976331362,0.4,0.4,0.4000000000000001,0.5328446471686037,65,65,325,390,7,5,388,0.9948717948717948,365,0.0,365,41,324,40,True,5,False,local_similarity,HPI
standard,power_1138_bus,power-1138-bus,infrastructure,1,ia1,0.4717647714604236,0.6835029585798817,0.4,0.4,0.4000000000000001,0.5353304336003043,65,65,325,390,11,7,386,0.9897435897435898,365,0.0,365,41,324,40,True,5,False,enhanced_local,IA1
standard,power_1138_bus,power-1138-bus,infrastructure,1,ia2,0.4717647714604236,0.6835029585798817,0.4,0.4,0.4000000000000001,0.5353304336003043,65,65,325,390,10,7,387,0.9923076923076924,365,0.0,365,41,324,40,True,5,False,enhanced_local,IA2
standard,power_1138_bus,power-1138-bus,infrastructure,1,ja,0.4662205826210402,0.6832426035502959,0.4,0.4,0.4000000000000001,0.533663380682233,65,65,325,390,13,7,384,0.9846153846153848,365,0.0,365,41,324,40,True,5,False,local_similarity,JA
standard,power_1138_bus,power-1138-bus,infrastructure,1,lit,0.3205128205128205,0.5923076923076923,0.2769230769230769,0.2769230769230769,0.2769230769230769,0.4026647917480315,65,65,325,390,13,1,378,0.9692307692307692,378,0.0,378,53,325,53,True,5,False,enhanced_local,LIT-i2
standard,power_1138_bus,power-1138-bus,infrastructure,1,llhn,0.4659348002919143,0.6831952662721894,0.4,0.4,0.4000000000000001,0.5332777511256929,65,65,325,390,14,7,383,0.982051282051282,365,0.0,365,41,324,40,True,5,False,local_similarity,LLHN
standard,power_1138_bus,power-1138-bus,infrastructure,1,lnb_aa,0.4724593088071349,0.6835029585798817,0.4,0.4,0.4000000000000001,0.5355361985881415,65,65,325,390,15,8,383,0.982051282051282,365,0.0,365,41,324,40,True,5,False,local_bayesian,LNB-AA
standard,power_1138_bus,power-1138-bus,infrastructure,1,lnb_cn,0.4724593088071349,0.6835029585798817,0.4,0.4,0.4000000000000001,0.5355361985881415,65,65,325,390,15,8,383,0.982051282051282,365,0.0,365,41,324,40,True,5,False,local_bayesian,LNB-CN
standard,power_1138_bus,power-1138-bus,infrastructure,1,lnb_ra,0.4717622377622378,0.6834556213017752,0.4,0.4,0.4000000000000001,0.5353304336003043,65,65,325,390,15,8,383,0.982051282051282,365,0.0,365,41,324,40,True,5,False,local_bayesian,LNB-RA
standard,power_1138_bus,power-1138-bus,infrastructure,1,lpi,0.6793277951594923,0.8189349112426035,0.6461538461538462,0.6461538461538462,0.6461538461538462,0.735575307583873,65,65,325,390,8,6,388,0.9948717948717948,344,0.0,344,23,321,19,True,5,False,quasi_local_path,LPI-beta-0.001
standard,power_1138_bus,power-1138-bus,infrastructure,1,lrw,0.5099795328210588,0.7262011834319527,0.4769230769230769,0.4769230769230769,0.4769230769230769,0.5831154206683876,65,65,325,390,30,5,365,0.935897435897436,357,0.0,357,35,322,32,True,5,False,quasi_local_walk,LRW-l3
standard,power_1138_bus,power-1138-bus,infrastructure,1,ora_cni,0.6935420198076185,0.8195502958579881,0.6461538461538462,0.6461538461538462,0.6461538461538462,0.7393728121794394,65,65,325,390,36,8,362,0.9282051282051282,344,0.0,344,23,321,19,True,5,False,quasi_local_path,ORA-CNI-beta-0.001
standard,power_1138_bus,power-1138-bus,infrastructure,1,pa,0.3328416492337811,0.6595029585798817,0.3384615384615385,0.3384615384615385,0.3384615384615385,0.3835435665681377,65,65,325,390,27,21,384,0.9846153846153848,79,12.0,24,5,19,19,True,5,False,degree_based,PA
standard,power_1138_bus,power-1138-bus,infrastructure,1,pfp,0.6695784259481141,0.8180118343195266,0.6461538461538462,0.6461538461538462,0.6461538461538462,0.7316452448578524,65,65,325,390,40,6,356,0.9128205128205128,344,0.0,344,23,321,19,True,5,False,quasi_local_walk,PFP-l3
standard,power_1138_bus,power-1138-bus,infrastructure,1,ra,0.4717647714604236,0.6835029585798817,0.4,0.4,0.4000000000000001,0.5353304336003043,65,65,325,390,11,7,386,0.9897435897435898,365,0.0,365,41,324,40,True,5,False,local_similarity,RA
standard,power_1138_bus,power-1138-bus,infrastructure,1,ra_cni,0.6702178077877545,0.8043313609467456,0.6153846153846154,0.6153846153846154,0.6153846153846154,0.7158987926256718,65,65,325,390,25,10,375,0.9615384615384616,346,0.0,346,25,321,21,True,5,False,enhanced_local,RA-CNI
standard,power_1138_bus,power-1138-bus,infrastructure,1,sa,0.4668397776674799,0.6832189349112426,0.4,0.4,0.4000000000000001,0.533663380682233,65,65,325,390,15,8,383,0.982051282051282,365,0.0,365,41,324,40,True,5,False,local_similarity,SA
standard,power_1138_bus,power-1138-bus,infrastructure,1,so,0.4662205826210402,0.6832426035502959,0.4,0.4,0.4000000000000001,0.533663380682233,65,65,325,390,13,7,384,0.9846153846153848,365,0.0,365,41,324,40,True,5,False,local_similarity,SO
standard,power_1138_bus,power-1138-bus,infrastructure,1,srw,0.6851265841389007,0.8187218934911241,0.6461538461538462,0.6461538461538462,0.6461538461538462,0.737121104394707,65,65,325,390,37,9,362,0.9282051282051282,344,0.0,344,23,321,19,True,5,False,quasi_local_walk,SRW-l3
standard,power_1138_bus,power-1138-bus,infrastructure,1,aa,0.4239792236748759,0.6840591715976332,0.3846153846153846,0.3846153846153846,0.3846153846153846,0.5231638486479516,65,65,650,715,11,7,711,0.9944055944055944,690,0.0,690,41,649,40,True,10,False,local_similarity,AA
standard,power_1138_bus,power-1138-bus,infrastructure,1,car_aa,0.1048951048951049,0.5076923076923077,0.0615384615384615,0.0615384615384615,0.0615384615384615,0.1033134282656129,65,65,650,715,2,1,714,0.9986013986013986,714,0.0,714,64,650,64,True,10,False,enhanced_local,CAR-AA
standard,power_1138_bus,power-1138-bus,infrastructure,1,car_cn,0.1048951048951049,0.5076923076923077,0.0615384615384615,0.0615384615384615,0.0615384615384615,0.1033134282656129,65,65,650,715,2,1,714,0.9986013986013986,714,0.0,714,64,650,64,True,10,False,enhanced_local,CAR-CN
standard,power_1138_bus,power-1138-bus,infrastructure,1,car_ra,0.1048951048951049,0.5076923076923077,0.0615384615384615,0.0615384615384615,0.0615384615384615,0.1033134282656129,65,65,650,715,2,1,714,0.9986013986013986,714,0.0,714,64,650,64,True,10,False,enhanced_local,CAR-RA
standard,power_1138_bus,power-1138-bus,infrastructure,1,cn,0.413034965034965,0.6838698224852072,0.3846153846153846,0.3846153846153846,0.3846153846153846,0.5146225997046536,65,65,650,715,3,3,715,1.0,690,0.0,690,41,649,40,True,10,False,local_similarity,CN
standard,power_1138_bus,power-1138-bus,infrastructure,1,fl,0.6394095904095904,0.8195502958579881,0.6461538461538462,0.6461538461538462,0.6461538461538462,0.7329475810092083,65,65,650,715,8,6,713,0.9972027972027973,666,0.0,666,23,643,16,True,10,False,quasi_local_path,FL-l3
standard,power_1138_bus,power-1138-bus,infrastructure,1,fsw,0.4199683553161814,0.6839408284023669,0.3846153846153846,0.3846153846153846,0.3846153846153846,0.5218430361596414,65,65,650,715,14,7,708,0.9902097902097902,690,0.0,690,41,649,40,True,10,False,enhanced_local,FSW
standard,power_1138_bus,power-1138-bus,infrastructure,1,hdi,0.4203719613719613,0.6839763313609468,0.3846153846153846,0.3846153846153846,0.3846153846153846,0.5221561776769136,65,65,650,715,9,7,713,0.9972027972027973,690,0.0,690,41,649,40,True,10,False,local_similarity,HDI
standard,power_1138_bus,power-1138-bus,infrastructure,1,hpi,0.417424147889621,0.6838934911242605,0.3846153846153846,0.3846153846153846,0.3846153846153846,0.5206780622162509,65,65,650,715,7,5,713,0.9972027972027973,690,0.0,690,41,649,40,True,10,False,local_similarity,HPI
standard,power_1138_bus,power-1138-bus,infrastructure,1,ia1,0.4239792236748759,0.6840591715976332,0.3846153846153846,0.3846153846153846,0.3846153846153846,0.5231638486479516,65,65,650,715,11,7,711,0.9944055944055944,690,0.0,690,41,649,40,True,10,False,enhanced_local,IA1
standard,power_1138_bus,power-1138-bus,infrastructure,1,ia2,0.4239792236748758,0.6840591715976332,0.3846153846153846,0.3846153846153846,0.3846153846153846,0.5231638486479516,65,65,650,715,10,7,712,0.9958041958041958,690,0.0,690,41,649,40,True,10,False,enhanced_local,IA2
standard,power_1138_bus,power-1138-bus,infrastructure,1,ja,0.4184350348354925,0.6839289940828404,0.3846153846153846,0.3846153846153846,0.3846153846153846,0.5214967957298803,65,65,650,715,13,7,709,0.9916083916083916,690,0.0,690,41,649,40,True,10,False,local_similarity,JA
standard,power_1138_bus,power-1138-bus,infrastructure,1,lit,0.2587412587412587,0.5923076923076923,0.2153846153846154,0.2153846153846154,0.2153846153846153,0.35450871330221,65,65,650,715,13,1,703,0.9832167832167832,703,0.0,703,53,650,53,True,10,False,enhanced_local,LIT-i2
standard,power_1138_bus,power-1138-bus,infrastructure,1,llhn,0.4181492525063665,0.6839053254437871,0.3846153846153846,0.3846153846153846,0.3846153846153846,0.5211111661733401,65,65,650,715,14,7,708,0.9902097902097902,690,0.0,690,41,649,40,True,10,False,local_similarity,LLHN
standard,power_1138_bus,power-1138-bus,infrastructure,1,lnb_aa,0.4246737610215871,0.6840591715976332,0.3846153846153846,0.3846153846153846,0.3846153846153846,0.5233696136357887,65,65,650,715,15,8,708,0.9902097902097902,690,0.0,690,41,649,40,True,10,False,local_bayesian,LNB-AA
standard,power_1138_bus,power-1138-bus,infrastructure,1,lnb_cn,0.4246737610215871,0.6840591715976332,0.3846153846153846,0.3846153846153846,0.3846153846153846,0.5233696136357887,65,65,650,715,15,8,708,0.9902097902097902,690,0.0,690,41,649,40,True,10,False,local_bayesian,LNB-CN
standard,power_1138_bus,power-1138-bus,infrastructure,1,lnb_ra,0.4239766899766899,0.68403550295858,0.3846153846153846,0.3846153846153846,0.3846153846153846,0.5231638486479516,65,65,650,715,15,8,708,0.9902097902097902,690,0.0,690,41,649,40,True,10,False,local_bayesian,LNB-RA
standard,power_1138_bus,power-1138-bus,infrastructure,1,lpi,0.6394095904095904,0.8195502958579881,0.6461538461538462,0.6461538461538462,0.6461538461538462,0.7329475810092083,65,65,650,715,8,6,713,0.9972027972027973,666,0.0,666,23,643,16,True,10,False,quasi_local_path,LPI-beta-0.001
standard,power_1138_bus,power-1138-bus,infrastructure,1,lrw,0.4243564326635519,0.7257988165680475,0.4769230769230769,0.4769230769230769,0.4769230769230769,0.5639352512615373,65,65,650,715,30,7,692,0.967832167832168,679,0.0,679,35,644,29,True,10,False,quasi_local_walk,LRW-l3
standard,power_1138_bus,power-1138-bus,infrastructure,1,ora_cni,0.6302148477159923,0.8188047337278106,0.6461538461538462,0.6461538461538462,0.6461538461538462,0.7290878399644297,65,65,650,715,38,8,685,0.958041958041958,666,0.0,666,23,643,16,True,10,False,quasi_local_path,ORA-CNI-beta-0.001
standard,power_1138_bus,power-1138-bus,infrastructure,1,pa,0.1829145626606578,0.6551479289940829,0.2461538461538461,0.2461538461538461,0.2461538461538461,0.2435432524428088,65,65,650,715,29,24,710,0.993006993006993,139,15.0,13,2,11,1,True,10,False,degree_based,PA
standard,power_1138_bus,power-1138-bus,infrastructure,1,pfp,0.6291136746828487,0.8189585798816568,0.6461538461538462,0.6461538461538462,0.6461538461538462,0.7282666176826464,65,65,650,715,42,7,680,0.951048951048951,666,0.0,666,23,643,16,True,10,False,quasi_local_walk,PFP-l3
standard,power_1138_bus,power-1138-bus,infrastructure,1,ra,0.4239792236748759,0.6840591715976332,0.3846153846153846,0.3846153846153846,0.3846153846153846,0.5231638486479516,65,65,650,715,11,7,711,0.9944055944055944,690,0.0,690,41,649,40,True,10,False,local_similarity,RA
standard,power_1138_bus,power-1138-bus,infrastructure,1,ra_cni,0.6060157372353616,0.8035739644970415,0.6153846153846154,0.6153846153846154,0.6153846153846154,0.7056153600549544,65,65,650,715,26,10,699,0.9776223776223776,668,0.0,668,25,643,18,True,10,False,enhanced_local,RA-CNI
standard,power_1138_bus,power-1138-bus,infrastructure,1,sa,0.4190542298819321,0.6839171597633137,0.3846153846153846,0.3846153846153846,0.3846153846153846,0.5214967957298803,65,65,650,715,15,8,708,0.9902097902097902,690,0.0,690,41,649,40,True,10,False,local_similarity,SA
standard,power_1138_bus,power-1138-bus,infrastructure,1,so,0.4184350348354925,0.6839289940828404,0.3846153846153846,0.3846153846153846,0.3846153846153846,0.5214967957298803,65,65,650,715,13,7,709,0.9916083916083916,690,0.0,690,41,649,40,True,10,False,local_similarity,SO
standard,power_1138_bus,power-1138-bus,infrastructure,1,srw,0.645607534405412,0.8192781065088757,0.6461538461538462,0.6461538461538462,0.6461538461538462,0.734265653657456,65,65,650,715,39,9,685,0.958041958041958,666,0.0,666,23,643,16,True,10,False,quasi_local_walk,SRW-l3
standard,power_1138_bus,power-1138-bus,infrastructure,2,aa,0.6953125,0.6953125,0.65625,0.65625,0.65625,0.7324234713353902,64,64,64,128,14,7,121,0.9453125,103,0.0,103,39,64,39,True,1,True,local_similarity,AA
standard,power_1138_bus,power-1138-bus,infrastructure,2,car_aa,0.515625,0.515625,0.578125,0.578125,0.578125,0.5770502543007844,64,64,64,128,2,2,128,1.0,126,0.0,126,62,64,62,True,1,True,enhanced_local,CAR-AA
standard,power_1138_bus,power-1138-bus,infrastructure,2,car_cn,0.515625,0.515625,0.578125,0.578125,0.578125,0.5770502543007844,64,64,64,128,3,1,126,0.984375,126,0.0,126,62,64,62,True,1,True,enhanced_local,CAR-CN
standard,power_1138_bus,power-1138-bus,infrastructure,2,car_ra,0.515625,0.515625,0.578125,0.578125,0.578125,0.5770502543007844,64,64,64,128,2,2,128,1.0,126,0.0,126,62,64,62,True,1,True,enhanced_local,CAR-RA
standard,power_1138_bus,power-1138-bus,infrastructure,2,cn,0.6953125,0.6953125,0.65625,0.65625,0.65625,0.7324234713353902,64,64,64,128,5,3,126,0.984375,103,0.0,103,39,64,39,True,1,True,local_similarity,CN
standard,power_1138_bus,power-1138-bus,infrastructure,2,fl,0.8,0.8001708984375,0.734375,0.734375,0.734375,0.8021458258562992,64,64,64,128,11,5,122,0.953125,88,0.0,88,25,63,24,True,1,True,quasi_local_path,FL-l3
standard,power_1138_bus,power-1138-bus,infrastructure,2,fsw,0.6953125,0.6953125,0.65625,0.65625,0.65625,0.7324234713353902,64,64,64,128,15,7,120,0.9375,103,0.0,103,39,64,39,True,1,True,enhanced_local,FSW
standard,power_1138_bus,power-1138-bus,infrastructure,2,hdi,0.6953125,0.6953125,0.65625,0.65625,0.65625,0.7324234713353902,64,64,64,128,11,7,124,0.96875,103,0.0,103,39,64,39,True,1,True,local_similarity,HDI
standard,power_1138_bus,power-1138-bus,infrastructure,2,hpi,0.6953125,0.6953125,0.65625,0.65625,0.65625,0.7324234713353902,64,64,64,128,6,5,127,0.9921875,103,0.0,103,39,64,39,True,1,True,local_similarity,HPI
standard,power_1138_bus,power-1138-bus,infrastructure,2,ia1,0.6953125,0.6953125,0.65625,0.65625,0.65625,0.7324234713353902,64,64,64,128,14,7,121,0.9453125,103,0.0,103,39,64,39,True,1,True,enhanced_local,IA1
standard,power_1138_bus,power-1138-bus,infrastructure,2,ia2,0.6953125,0.6953125,0.65625,0.65625,0.65625,0.7324234713353902,64,64,64,128,14,7,121,0.9453125,103,0.0,103,39,64,39,True,1,True,enhanced_local,IA2
standard,power_1138_bus,power-1138-bus,infrastructure,2,ja,0.6953125,0.6953125,0.65625,0.65625,0.65625,0.7324234713353902,64,64,64,128,13,6,121,0.9453125,103,0.0,103,39,64,39,True,1,True,local_similarity,JA
standard,power_1138_bus,power-1138-bus,infrastructure,2,lit,0.5625,0.5625,0.59375,0.59375,0.59375,0.6421341367975958,64,64,64,128,8,2,122,0.953125,120,0.0,120,56,64,56,True,1,True,enhanced_local,LIT-i2
standard,power_1138_bus,power-1138-bus,infrastructure,2,llhn,0.6953125,0.6953125,0.65625,0.65625,0.65625,0.7324234713353902,64,64,64,128,17,7,118,0.921875,103,0.0,103,39,64,39,True,1,True,local_similarity,LLHN
standard,power_1138_bus,power-1138-bus,infrastructure,2,lnb_aa,0.6953125,0.6953125,0.65625,0.65625,0.65625,0.7324234713353902,64,64,64,128,19,5,114,0.890625,103,0.0,103,39,64,39,True,1,True,local_bayesian,LNB-AA
standard,power_1138_bus,power-1138-bus,infrastructure,2,lnb_cn,0.6953125,0.6953125,0.65625,0.65625,0.65625,0.7324234713353902,64,64,64,128,19,5,114,0.890625,103,0.0,103,39,64,39,True,1,True,local_bayesian,LNB-CN
standard,power_1138_bus,power-1138-bus,infrastructure,2,lnb_ra,0.6953125,0.6953125,0.65625,0.65625,0.65625,0.7324234713353902,64,64,64,128,19,5,114,0.890625,103,0.0,103,39,64,39,True,1,True,local_bayesian,LNB-RA
standard,power_1138_bus,power-1138-bus,infrastructure,2,lpi,0.8,0.8001708984375,0.734375,0.734375,0.734375,0.8021458258562992,64,64,64,128,11,5,122,0.953125,88,0.0,88,25,63,24,True,1,True,quasi_local_path,LPI-beta-0.001
standard,power_1138_bus,power-1138-bus,infrastructure,2,lrw,0.6664016477499743,0.665283203125,0.609375,0.609375,0.609375,0.6914866442822799,64,64,64,128,19,4,113,0.8828125,105,0.0,105,42,63,41,True,1,True,quasi_local_walk,LRW-l3
standard,power_1138_bus,power-1138-bus,infrastructure,2,ora_cni,0.8030627524665354,0.80078125,0.734375,0.734375,0.734375,0.8029202172910503,64,64,64,128,31,7,104,0.8125,88,0.0,88,25,63,24,True,1,True,quasi_local_path,ORA-CNI-beta-0.001
standard,power_1138_bus,power-1138-bus,infrastructure,2,pa,0.7202301048642799,0.7471923828125,0.703125,0.703125,0.703125,0.7307557614513037,64,64,64,128,21,16,123,0.9609375,21,6.0,14,8,6,7,True,1,True,degree_based,PA
standard,power_1138_bus,power-1138-bus,infrastructure,2,pfp,0.804296875,0.8013916015625,0.734375,0.734375,0.734375,0.8031856395751551,64,64,64,128,29,6,105,0.8203125,88,0.0,88,25,63,24,True,1,True,quasi_local_walk,PFP-l3
standard,power_1138_bus,power-1138-bus,infrastructure,2,ra,0.6953125,0.6953125,0.65625,0.65625,0.65625,0.7324234713353902,64,64,64,128,14,7,121,0.9453125,103,0.0,103,39,64,39,True,1,True,local_similarity,RA
standard,power_1138_bus,power-1138-bus,infrastructure,2,ra_cni,0.7808277027027026,0.7777099609375,0.71875,0.71875,0.71875,0.7892067798595717,64,64,64,128,24,7,111,0.8671875,91,0.0,91,28,63,27,True,1,True,enhanced_local,RA-CNI
standard,power_1138_bus,power-1138-bus,infrastructure,2,sa,0.6953125,0.6953125,0.65625,0.65625,0.65625,0.7324234713353902,64,64,64,128,17,7,118,0.921875,103,0.0,103,39,64,39,True,1,True,local_similarity,SA
standard,power_1138_bus,power-1138-bus,infrastructure,2,so,0.6953125,0.6953125,0.65625,0.65625,0.65625,0.7324234713353902,64,64,64,128,13,6,121,0.9453125,103,0.0,103,39,64,39,True,1,True,local_similarity,SO
standard,power_1138_bus,power-1138-bus,infrastructure,2,srw,0.8030738655533064,0.8009033203125,0.734375,0.734375,0.734375,0.8029202172910503,64,64,64,128,28,9,109,0.8515625,88,0.0,88,25,63,24,True,1,True,quasi_local_walk,SRW-l3
standard,power_1138_bus,power-1138-bus,infrastructure,2,aa,0.4921875,0.6953125,0.421875,0.421875,0.421875,0.5556394330971207,64,64,320,384,14,7,377,0.9817708333333334,359,0.0,359,39,320,39,True,5,False,local_similarity,AA
standard,power_1138_bus,power-1138-bus,infrastructure,2,car_aa,0.1927083333333333,0.515625,0.15625,0.15625,0.15625,0.2087237023883395,64,64,320,384,2,2,384,1.0,382,0.0,382,62,320,62,True,5,False,enhanced_local,CAR-AA
standard,power_1138_bus,power-1138-bus,infrastructure,2,car_cn,0.1927083333333333,0.515625,0.15625,0.15625,0.15625,0.2087237023883395,64,64,320,384,3,1,382,0.9947916666666666,382,0.0,382,62,320,62,True,5,False,enhanced_local,CAR-CN
standard,power_1138_bus,power-1138-bus,infrastructure,2,car_ra,0.1927083333333333,0.515625,0.15625,0.15625,0.15625,0.2087237023883395,64,64,320,384,2,2,384,1.0,382,0.0,382,62,320,62,True,5,False,enhanced_local,CAR-RA
standard,power_1138_bus,power-1138-bus,infrastructure,2,cn,0.4921875,0.6953125,0.421875,0.421875,0.421875,0.5556394330971207,64,64,320,384,5,3,382,0.9947916666666666,359,0.0,359,39,320,39,True,5,False,local_similarity,CN
standard,power_1138_bus,power-1138-bus,infrastructure,2,fl,0.6605282738095237,0.80166015625,0.609375,0.609375,0.609375,0.710062164822534,64,64,320,384,11,6,379,0.9869791666666666,342,0.0,342,25,317,22,True,5,False,quasi_local_path,FL-l3
standard,power_1138_bus,power-1138-bus,infrastructure,2,fsw,0.4921875,0.6953125,0.421875,0.421875,0.421875,0.5556394330971207,64,64,320,384,15,7,376,0.9791666666666666,359,0.0,359,39,320,39,True,5,False,enhanced_local,FSW
standard,power_1138_bus,power-1138-bus,infrastructure,2,hdi,0.4921875,0.6953125,0.421875,0.421875,0.421875,0.5556394330971207,64,64,320,384,11,7,380,0.9895833333333334,359,0.0,359,39,320,39,True,5,False,local_similarity,HDI
standard,power_1138_bus,power-1138-bus,infrastructure,2,hpi,0.4921875,0.6953125,0.421875,0.421875,0.421875,0.5556394330971207,64,64,320,384,6,5,383,0.9973958333333334,359,0.0,359,39,320,39,True,5,False,local_similarity,HPI
standard,power_1138_bus,power-1138-bus,infrastructure,2,ia1,0.4921875,0.6953125,0.421875,0.421875,0.421875,0.5556394330971207,64,64,320,384,14,7,377,0.9817708333333334,359,0.0,359,39,320,39,True,5,False,enhanced_local,IA1
standard,power_1138_bus,power-1138-bus,infrastructure,2,ia2,0.4921875,0.6953125,0.421875,0.421875,0.421875,0.5556394330971207,64,64,320,384,14,7,377,0.9817708333333334,359,0.0,359,39,320,39,True,5,False,enhanced_local,IA2
standard,power_1138_bus,power-1138-bus,infrastructure,2,ja,0.4921875,0.6953125,0.421875,0.421875,0.421875,0.5556394330971207,64,64,320,384,13,6,377,0.9817708333333334,359,0.0,359,39,320,39,True,5,False,local_similarity,JA
standard,power_1138_bus,power-1138-bus,infrastructure,2,lit,0.2708333333333333,0.5625,0.234375,0.234375,0.234375,0.3443602210417953,64,64,320,384,8,2,378,0.984375,376,0.0,376,56,320,56,True,5,False,enhanced_local,LIT-i2
standard,power_1138_bus,power-1138-bus,infrastructure,2,llhn,0.4921875,0.6953125,0.421875,0.421875,0.421875,0.5556394330971207,64,64,320,384,17,7,374,0.9739583333333334,359,0.0,359,39,320,39,True,5,False,local_similarity,LLHN
standard,power_1138_bus,power-1138-bus,infrastructure,2,lnb_aa,0.4921875,0.6953125,0.421875,0.421875,0.421875,0.5556394330971207,64,64,320,384,19,5,370,0.9635416666666666,359,0.0,359,39,320,39,True,5,False,local_bayesian,LNB-AA
standard,power_1138_bus,power-1138-bus,infrastructure,2,lnb_cn,0.4921875,0.6953125,0.421875,0.421875,0.421875,0.5556394330971207,64,64,320,384,19,5,370,0.9635416666666666,359,0.0,359,39,320,39,True,5,False,local_bayesian,LNB-CN
standard,power_1138_bus,power-1138-bus,infrastructure,2,lnb_ra,0.4921875,0.6953125,0.421875,0.421875,0.421875,0.5556394330971207,64,64,320,384,19,5,370,0.9635416666666666,359,0.0,359,39,320,39,True,5,False,local_bayesian,LNB-RA
standard,power_1138_bus,power-1138-bus,infrastructure,2,lpi,0.6605282738095237,0.80166015625,0.609375,0.609375,0.609375,0.710062164822534,64,64,320,384,11,6,379,0.9869791666666666,342,0.0,342,25,317,22,True,5,False,quasi_local_path,LPI-beta-0.001
standard,power_1138_bus,power-1138-bus,infrastructure,2,lrw,0.4353354136567094,0.667724609375,0.375,0.375,0.375,0.5065319688651091,64,64,320,384,21,4,367,0.9557291666666666,359,0.0,359,42,317,39,True,5,False,quasi_local_walk,LRW-l3
standard,power_1138_bus,power-1138-bus,infrastructure,2,ora_cni,0.6510598547641403,0.8010498046875,0.609375,0.609375,0.609375,0.7060633457515771,64,64,320,384,32,7,359,0.9348958333333334,342,0.0,342,25,317,22,True,5,False,quasi_local_path,ORA-CNI-beta-0.001
standard,power_1138_bus,power-1138-bus,infrastructure,2,pa,0.3421320632968926,0.7266845703125,0.34375,0.34375,0.34375,0.3761809390881882,64,64,320,384,27,21,378,0.984375,80,12.0,26,8,18,14,True,5,False,degree_based,PA
standard,power_1138_bus,power-1138-bus,infrastructure,2,pfp,0.6675748651311777,0.8020751953124999,0.609375,0.609375,0.609375,0.7118417048255128,64,64,320,384,31,6,359,0.9348958333333334,342,0.0,342,25,317,22,True,5,False,quasi_local_walk,PFP-l3
standard,power_1138_bus,power-1138-bus,infrastructure,2,ra,0.4921875,0.6953125,0.421875,0.421875,0.421875,0.5556394330971207,64,64,320,384,14,7,377,0.9817708333333334,359,0.0,359,39,320,39,True,5,False,local_similarity,RA
standard,power_1138_bus,power-1138-bus,infrastructure,2,ra_cni,0.615986302525346,0.7778564453125,0.5625,0.5625,0.5625,0.6696615249240695,64,64,320,384,24,8,368,0.9583333333333334,345,0.0,345,28,317,25,True,5,False,enhanced_local,RA-CNI
standard,power_1138_bus,power-1138-bus,infrastructure,2,sa,0.4921875,0.6953125,0.421875,0.421875,0.421875,0.5556394330971207,64,64,320,384,17,7,374,0.9739583333333334,359,0.0,359,39,320,39,True,5,False,local_similarity,SA
standard,power_1138_bus,power-1138-bus,infrastructure,2,so,0.4921875,0.6953125,0.421875,0.421875,0.421875,0.5556394330971207,64,64,320,384,13,6,377,0.9817708333333334,359,0.0,359,39,320,39,True,5,False,local_similarity,SO
standard,power_1138_bus,power-1138-bus,infrastructure,2,srw,0.6692896240735193,0.8022705078125,0.609375,0.609375,0.609375,0.7122820646148851,64,64,320,384,30,9,363,0.9453125,342,0.0,342,25,317,22,True,5,False,quasi_local_walk,SRW-l3
standard,power_1138_bus,power-1138-bus,infrastructure,2,aa,0.4460227272727273,0.6953125,0.40625,0.40625,0.40625,0.5443140525890741,64,64,640,704,14,7,697,0.9900568181818182,679,0.0,679,39,640,39,True,10,False,local_similarity,AA
standard,power_1138_bus,power-1138-bus,infrastructure,2,car_aa,0.1193181818181818,0.515625,0.0625,0.0625,0.0625,0.1353647170294309,64,64,640,704,2,2,704,1.0,702,0.0,702,62,640,62,True,10,False,enhanced_local,CAR-AA
standard,power_1138_bus,power-1138-bus,infrastructure,2,car_cn,0.1193181818181818,0.515625,0.0625,0.0625,0.0625,0.1353647170294309,64,64,640,704,3,1,702,0.9971590909090908,702,0.0,702,62,640,62,True,10,False,enhanced_local,CAR-CN
standard,power_1138_bus,power-1138-bus,infrastructure,2,car_ra,0.1193181818181818,0.515625,0.0625,0.0625,0.0625,0.1353647170294309,64,64,640,704,2,2,704,1.0,702,0.0,702,62,640,62,True,10,False,enhanced_local,CAR-RA
standard,power_1138_bus,power-1138-bus,infrastructure,2,cn,0.4460227272727273,0.6953125,0.40625,0.40625,0.40625,0.5443140525890741,64,64,640,704,5,3,702,0.9971590909090908,679,0.0,679,39,640,39,True,10,False,local_similarity,CN
standard,power_1138_bus,power-1138-bus,infrastructure,2,fl,0.6193283279220779,0.80181884765625,0.609375,0.609375,0.609375,0.7096218941943316,64,64,640,704,11,6,699,0.9928977272727272,659,0.0,659,25,634,19,True,10,False,quasi_local_path,FL-l3
standard,power_1138_bus,power-1138-bus,infrastructure,2,fsw,0.4460227272727273,0.6953125,0.40625,0.40625,0.40625,0.5443140525890741,64,64,640,704,15,7,696,0.9886363636363636,679,0.0,679,39,640,39,True,10,False,enhanced_local,FSW
standard,power_1138_bus,power-1138-bus,infrastructure,2,hdi,0.4460227272727273,0.6953125,0.40625,0.40625,0.40625,0.5443140525890741,64,64,640,704,11,7,700,0.9943181818181818,679,0.0,679,39,640,39,True,10,False,local_similarity,HDI
standard,power_1138_bus,power-1138-bus,infrastructure,2,hpi,0.4460227272727273,0.6953125,0.40625,0.40625,0.40625,0.5443140525890741,64,64,640,704,6,5,703,0.9985795454545454,679,0.0,679,39,640,39,True,10,False,local_similarity,HPI
standard,power_1138_bus,power-1138-bus,infrastructure,2,ia1,0.4460227272727273,0.6953125,0.40625,0.40625,0.40625,0.5443140525890741,64,64,640,704,14,7,697,0.9900568181818182,679,0.0,679,39,640,39,True,10,False,enhanced_local,IA1
standard,power_1138_bus,power-1138-bus,infrastructure,2,ia2,0.4460227272727273,0.6953125,0.40625,0.40625,0.40625,0.5443140525890741,64,64,640,704,14,7,697,0.9900568181818182,679,0.0,679,39,640,39,True,10,False,enhanced_local,IA2
standard,power_1138_bus,power-1138-bus,infrastructure,2,ja,0.4460227272727273,0.6953125,0.40625,0.40625,0.40625,0.5443140525890741,64,64,640,704,13,6,697,0.9900568181818182,679,0.0,679,39,640,39,True,10,False,local_similarity,JA
standard,power_1138_bus,power-1138-bus,infrastructure,2,lit,0.2045454545454545,0.5625,0.15625,0.15625,0.15625,0.2852514807383418,64,64,640,704,8,2,698,0.9914772727272728,696,0.0,696,56,640,56,True,10,False,enhanced_local,LIT-i2
standard,power_1138_bus,power-1138-bus,infrastructure,2,llhn,0.4460227272727273,0.6953125,0.40625,0.40625,0.40625,0.5443140525890741,64,64,640,704,17,7,694,0.9857954545454546,679,0.0,679,39,640,39,True,10,False,local_similarity,LLHN
standard,power_1138_bus,power-1138-bus,infrastructure,2,lnb_aa,0.4460227272727273,0.6953125,0.40625,0.40625,0.40625,0.5443140525890741,64,64,640,704,19,5,690,0.9801136363636364,679,0.0,679,39,640,39,True,10,False,local_bayesian,LNB-AA
standard,power_1138_bus,power-1138-bus,infrastructure,2,lnb_cn,0.4460227272727273,0.6953125,0.40625,0.40625,0.40625,0.5443140525890741,64,64,640,704,19,5,690,0.9801136363636364,679,0.0,679,39,640,39,True,10,False,local_bayesian,LNB-CN
standard,power_1138_bus,power-1138-bus,infrastructure,2,lnb_ra,0.4460227272727273,0.6953125,0.40625,0.40625,0.40625,0.5443140525890741,64,64,640,704,19,5,690,0.9801136363636364,679,0.0,679,39,640,39,True,10,False,local_bayesian,LNB-RA
standard,power_1138_bus,power-1138-bus,infrastructure,2,lpi,0.6193283279220779,0.80181884765625,0.609375,0.609375,0.609375,0.7096218941943316,64,64,640,704,11,6,699,0.9928977272727272,659,0.0,659,25,634,19,True,10,False,quasi_local_path,LPI-beta-0.001
standard,power_1138_bus,power-1138-bus,infrastructure,2,lrw,0.3580741556049944,0.66741943359375,0.359375,0.359375,0.359375,0.4842373705849431,64,64,640,704,22,5,687,0.9758522727272728,676,0.0,676,42,634,36,True,10,False,quasi_local_walk,LRW-l3
standard,power_1138_bus,power-1138-bus,infrastructure,2,ora_cni,0.6122944065462548,0.801416015625,0.609375,0.609375,0.609375,0.704172994560305,64,64,640,704,34,7,677,0.9616477272727272,659,0.0,659,25,634,19,True,10,False,quasi_local_path,ORA-CNI-beta-0.001
standard,power_1138_bus,power-1138-bus,infrastructure,2,pa,0.2375444581067015,0.7354003906250001,0.265625,0.265625,0.265625,0.301953088090786,64,64,640,704,27,22,699,0.9928977272727272,141,15.0,14,3,11,7,True,10,False,degree_based,PA
standard,power_1138_bus,power-1138-bus,infrastructure,2,pfp,0.6247471884519415,0.80179443359375,0.609375,0.609375,0.609375,0.708539807185924,64,64,640,704,32,8,680,0.9659090909090908,659,0.0,659,25,634,19,True,10,False,quasi_local_walk,PFP-l3
standard,power_1138_bus,power-1138-bus,infrastructure,2,ra,0.4460227272727273,0.6953125,0.40625,0.40625,0.40625,0.5443140525890741,64,64,640,704,14,7,697,0.9900568181818182,679,0.0,679,39,640,39,True,10,False,local_similarity,RA
standard,power_1138_bus,power-1138-bus,infrastructure,2,ra_cni,0.5764785222389911,0.77857666015625,0.5625,0.5625,0.5625,0.6688313431171344,64,64,640,704,25,8,687,0.9758522727272728,663,0.0,663,28,635,23,True,10,False,enhanced_local,RA-CNI
standard,power_1138_bus,power-1138-bus,infrastructure,2,sa,0.4460227272727273,0.6953125,0.40625,0.40625,0.40625,0.5443140525890741,64,64,640,704,17,7,694,0.9857954545454546,679,0.0,679,39,640,39,True,10,False,local_similarity,SA
standard,power_1138_bus,power-1138-bus,infrastructure,2,so,0.4460227272727273,0.6953125,0.40625,0.40625,0.40625,0.5443140525890741,64,64,640,704,13,6,697,0.9900568181818182,679,0.0,679,39,640,39,True,10,False,local_similarity,SO
standard,power_1138_bus,power-1138-bus,infrastructure,2,srw,0.62940974143493,0.80196533203125,0.609375,0.609375,0.609375,0.710053800707383,64,64,640,704,31,10,683,0.9701704545454546,659,0.0,659,25,634,19,True,10,False,quasi_local_walk,SRW-l3
standard,power_1138_bus,power-1138-bus,infrastructure,3,aa,0.7578125,0.7578125,0.6875,0.6875,0.6875,0.7663865887570379,64,64,64,128,17,6,117,0.9140625,95,0.0,95,31,64,31,True,1,True,local_similarity,AA
standard,power_1138_bus,power-1138-bus,infrastructure,3,car_aa,0.5078125,0.5078125,0.484375,0.484375,0.484375,0.4814661287398577,64,64,64,128,2,1,127,0.9921875,127,0.0,127,63,64,63,True,1,True,enhanced_local,CAR-AA
standard,power_1138_bus,power-1138-bus,infrastructure,3,car_cn,0.5078125,0.5078125,0.484375,0.484375,0.484375,0.4814661287398577,64,64,64,128,2,1,127,0.9921875,127,0.0,127,63,64,63,True,1,True,enhanced_local,CAR-CN
standard,power_1138_bus,power-1138-bus,infrastructure,3,car_ra,0.5078125,0.5078125,0.484375,0.484375,0.484375,0.4814661287398577,64,64,64,128,2,1,127,0.9921875,127,0.0,127,63,64,63,True,1,True,enhanced_local,CAR-RA
standard,power_1138_bus,power-1138-bus,infrastructure,3,cn,0.7578125,0.7578125,0.6875,0.6875,0.6875,0.7663865887570379,64,64,64,128,4,3,127,0.9921875,95,0.0,95,31,64,31,True,1,True,local_similarity,CN
standard,power_1138_bus,power-1138-bus,infrastructure,3,fl,0.8515625,0.8515625,0.8125,0.8125,0.8125,0.8636864482155262,64,64,64,128,12,7,123,0.9609375,83,0.0,83,19,64,19,True,1,True,quasi_local_path,FL-l3
standard,power_1138_bus,power-1138-bus,infrastructure,3,fsw,0.7578125,0.7578125,0.6875,0.6875,0.6875,0.7663865887570379,64,64,64,128,21,10,117,0.9140625,95,0.0,95,31,64,31,True,1,True,enhanced_local,FSW
standard,power_1138_bus,power-1138-bus,infrastructure,3,hdi,0.7578125,0.7578125,0.6875,0.6875,0.6875,0.7663865887570379,64,64,64,128,14,8,122,0.953125,95,0.0,95,31,64,31,True,1,True,local_similarity,HDI
standard,power_1138_bus,power-1138-bus,infrastructure,3,hpi,0.7578125,0.7578125,0.6875,0.6875,0.6875,0.7663865887570379,64,64,64,128,9,7,126,0.984375,95,0.0,95,31,64,31,True,1,True,local_similarity,HPI
standard,power_1138_bus,power-1138-bus,infrastructure,3,ia1,0.7578125,0.7578125,0.6875,0.6875,0.6875,0.7663865887570379,64,64,64,128,17,6,117,0.9140625,95,0.0,95,31,64,31,True,1,True,enhanced_local,IA1
standard,power_1138_bus,power-1138-bus,infrastructure,3,ia2,0.7578125,0.7578125,0.6875,0.6875,0.6875,0.7663865887570379,64,64,64,128,15,6,119,0.9296875,95,0.0,95,31,64,31,True,1,True,enhanced_local,IA2
standard,power_1138_bus,power-1138-bus,infrastructure,3,ja,0.7578125,0.7578125,0.6875,0.6875,0.6875,0.7663865887570379,64,64,64,128,15,11,124,0.96875,95,0.0,95,31,64,31,True,1,True,local_similarity,JA
standard,power_1138_bus,power-1138-bus,infrastructure,3,lit,0.640625,0.640625,0.53125,0.53125,0.53125,0.6295672306893773,64,64,64,128,18,2,112,0.875,110,0.0,110,46,64,46,True,1,True,enhanced_local,LIT-i2
standard,power_1138_bus,power-1138-bus,infrastructure,3,llhn,0.7578125,0.7578125,0.6875,0.6875,0.6875,0.7663865887570379,64,64,64,128,20,8,116,0.90625,95,0.0,95,31,64,31,True,1,True,local_similarity,LLHN
standard,power_1138_bus,power-1138-bus,infrastructure,3,lnb_aa,0.7578125,0.7578125,0.6875,0.6875,0.6875,0.7663865887570379,64,64,64,128,22,7,113,0.8828125,95,0.0,95,31,64,31,True,1,True,local_bayesian,LNB-AA
standard,power_1138_bus,power-1138-bus,infrastructure,3,lnb_cn,0.7578125,0.7578125,0.6875,0.6875,0.6875,0.7663865887570379,64,64,64,128,22,7,113,0.8828125,95,0.0,95,31,64,31,True,1,True,local_bayesian,LNB-CN
standard,power_1138_bus,power-1138-bus,infrastructure,3,lnb_ra,0.7578125,0.7578125,0.6875,0.6875,0.6875,0.7663865887570379,64,64,64,128,22,7,113,0.8828125,95,0.0,95,31,64,31,True,1,True,local_bayesian,LNB-RA
standard,power_1138_bus,power-1138-bus,infrastructure,3,lpi,0.8515625,0.8515625,0.8125,0.8125,0.8125,0.8636864482155262,64,64,64,128,12,7,123,0.9609375,83,0.0,83,19,64,19,True,1,True,quasi_local_path,LPI-beta-0.001
standard,power_1138_bus,power-1138-bus,infrastructure,3,lrw,0.765625,0.765625,0.703125,0.703125,0.703125,0.7778602564198893,64,64,64,128,30,6,104,0.8125,94,0.0,94,30,64,30,True,1,True,quasi_local_walk,LRW-l3
standard,power_1138_bus,power-1138-bus,infrastructure,3,ora_cni,0.8515625,0.8515625,0.8125,0.8125,0.8125,0.8636864482155262,64,64,64,128,40,6,94,0.734375,83,0.0,83,19,64,19,True,1,True,quasi_local_path,ORA-CNI-beta-0.001
standard,power_1138_bus,power-1138-bus,infrastructure,3,pa,0.6657819132781846,0.659912109375,0.578125,0.578125,0.578125,0.6355435001952158,64,64,64,128,26,19,121,0.9453125,16,6.0,15,8,7,4,True,1,True,degree_based,PA
standard,power_1138_bus,power-1138-bus,infrastructure,3,pfp,0.8515625,0.8515625,0.8125,0.8125,0.8125,0.8636864482155262,64,64,64,128,39,7,96,0.75,83,0.0,83,19,64,19,True,1,True,quasi_local_walk,PFP-l3
standard,power_1138_bus,power-1138-bus,infrastructure,3,ra,0.7578125,0.7578125,0.6875,0.6875,0.6875,0.7663865887570379,64,64,64,128,17,6,117,0.9140625,95,0.0,95,31,64,31,True,1,True,local_similarity,RA
standard,power_1138_bus,power-1138-bus,infrastructure,3,ra_cni,0.828125,0.828125,0.78125,0.78125,0.78125,0.8400625322080042,64,64,64,128,28,9,109,0.8515625,86,0.0,86,22,64,22,True,1,True,enhanced_local,RA-CNI
standard,power_1138_bus,power-1138-bus,infrastructure,3,sa,0.7578125,0.7578125,0.6875,0.6875,0.6875,0.7663865887570379,64,64,64,128,20,10,118,0.921875,95,0.0,95,31,64,31,True,1,True,local_similarity,SA
standard,power_1138_bus,power-1138-bus,infrastructure,3,so,0.7578125,0.7578125,0.6875,0.6875,0.6875,0.7663865887570379,64,64,64,128,15,11,124,0.96875,95,0.0,95,31,64,31,True,1,True,local_similarity,SO
standard,power_1138_bus,power-1138-bus,infrastructure,3,srw,0.8515625,0.8515625,0.8125,0.8125,0.8125,0.8636864482155262,64,64,64,128,38,6,96,0.75,83,0.0,83,19,64,19,True,1,True,quasi_local_walk,SRW-l3
standard,power_1138_bus,power-1138-bus,infrastructure,3,aa,0.5963541666666666,0.7578125,0.546875,0.546875,0.546875,0.6609533183608166,64,64,320,384,17,6,373,0.9713541666666666,351,0.0,351,31,320,31,True,5,False,local_similarity,AA
standard,power_1138_bus,power-1138-bus,infrastructure,3,car_aa,0.1796875,0.5078125,0.1875,0.1875,0.1875,0.2074661025606095,64,64,320,384,2,1,383,0.9973958333333334,383,0.0,383,63,320,63,True,5,False,enhanced_local,CAR-AA
standard,power_1138_bus,power-1138-bus,infrastructure,3,car_cn,0.1796875,0.5078125,0.1875,0.1875,0.1875,0.2074661025606095,64,64,320,384,2,1,383,0.9973958333333334,383,0.0,383,63,320,63,True,5,False,enhanced_local,CAR-CN
standard,power_1138_bus,power-1138-bus,infrastructure,3,car_ra,0.1796875,0.5078125,0.1875,0.1875,0.1875,0.2074661025606095,64,64,320,384,2,1,383,0.9973958333333334,383,0.0,383,63,320,63,True,5,False,enhanced_local,CAR-RA
standard,power_1138_bus,power-1138-bus,infrastructure,3,cn,0.5963541666666666,0.7578125,0.546875,0.546875,0.546875,0.6609533183608166,64,64,320,384,4,3,383,0.9973958333333334,351,0.0,351,31,320,31,True,5,False,local_similarity,CN
standard,power_1138_bus,power-1138-bus,infrastructure,3,fl,0.7472850177304965,0.8502441406250001,0.71875,0.71875,0.71875,0.7957362820631155,64,64,320,384,12,7,379,0.9869791666666666,337,0.0,337,19,318,17,True,5,False,quasi_local_path,FL-l3
standard,power_1138_bus,power-1138-bus,infrastructure,3,fsw,0.5963541666666666,0.7578125,0.546875,0.546875,0.546875,0.6609533183608166,64,64,320,384,21,10,373,0.9713541666666666,351,0.0,351,31,320,31,True,5,False,enhanced_local,FSW
standard,power_1138_bus,power-1138-bus,infrastructure,3,hdi,0.5963541666666666,0.7578125,0.546875,0.546875,0.546875,0.6609533183608166,64,64,320,384,14,8,378,0.984375,351,0.0,351,31,320,31,True,5,False,local_similarity,HDI
standard,power_1138_bus,power-1138-bus,infrastructure,3,hpi,0.5963541666666666,0.7578125,0.546875,0.546875,0.546875,0.6609533183608166,64,64,320,384,9,7,382,0.9947916666666666,351,0.0,351,31,320,31,True,5,False,local_similarity,HPI
standard,power_1138_bus,power-1138-bus,infrastructure,3,ia1,0.5963541666666666,0.7578125,0.546875,0.546875,0.546875,0.6609533183608166,64,64,320,384,17,6,373,0.9713541666666666,351,0.0,351,31,320,31,True,5,False,enhanced_local,IA1
standard,power_1138_bus,power-1138-bus,infrastructure,3,ia2,0.5963541666666666,0.7578125,0.546875,0.546875,0.546875,0.6609533183608166,64,64,320,384,15,6,375,0.9765625,351,0.0,351,31,320,31,True,5,False,enhanced_local,IA2
standard,power_1138_bus,power-1138-bus,infrastructure,3,ja,0.5963541666666666,0.7578125,0.546875,0.546875,0.546875,0.6609533183608166,64,64,320,384,15,11,380,0.9895833333333334,351,0.0,351,31,320,31,True,5,False,local_similarity,JA
standard,power_1138_bus,power-1138-bus,infrastructure,3,lit,0.4010416666666666,0.640625,0.390625,0.390625,0.390625,0.510970844327691,64,64,320,384,18,2,368,0.9583333333333334,366,0.0,366,46,320,46,True,5,False,enhanced_local,LIT-i2
standard,power_1138_bus,power-1138-bus,infrastructure,3,llhn,0.5963541666666666,0.7578125,0.546875,0.546875,0.546875,0.6609533183608166,64,64,320,384,20,8,372,0.96875,351,0.0,351,31,320,31,True,5,False,local_similarity,LLHN
standard,power_1138_bus,power-1138-bus,infrastructure,3,lnb_aa,0.5963541666666666,0.7578125,0.546875,0.546875,0.546875,0.6609533183608166,64,64,320,384,22,7,369,0.9609375,351,0.0,351,31,320,31,True,5,False,local_bayesian,LNB-AA
standard,power_1138_bus,power-1138-bus,infrastructure,3,lnb_cn,0.5963541666666666,0.7578125,0.546875,0.546875,0.546875,0.6609533183608166,64,64,320,384,22,7,369,0.9609375,351,0.0,351,31,320,31,True,5,False,local_bayesian,LNB-CN
standard,power_1138_bus,power-1138-bus,infrastructure,3,lnb_ra,0.5963541666666666,0.7578125,0.546875,0.546875,0.546875,0.6609533183608166,64,64,320,384,22,7,369,0.9609375,351,0.0,351,31,320,31,True,5,False,local_bayesian,LNB-RA
standard,power_1138_bus,power-1138-bus,infrastructure,3,lpi,0.7472850177304965,0.8502441406250001,0.71875,0.71875,0.71875,0.7957362820631155,64,64,320,384,12,7,379,0.9869791666666666,337,0.0,337,19,318,17,True,5,False,quasi_local_path,LPI-beta-0.001
standard,power_1138_bus,power-1138-bus,infrastructure,3,lrw,0.6035437593563797,0.763623046875,0.546875,0.546875,0.546875,0.6614029687179585,64,64,320,384,31,6,359,0.9348958333333334,348,0.0,348,30,318,28,True,5,False,quasi_local_walk,LRW-l3
standard,power_1138_bus,power-1138-bus,infrastructure,3,ora_cni,0.7465104343145194,0.8498535156250001,0.71875,0.71875,0.71875,0.7953137103208358,64,64,320,384,42,6,348,0.90625,337,0.0,337,19,318,17,True,5,False,quasi_local_path,ORA-CNI-beta-0.001
standard,power_1138_bus,power-1138-bus,infrastructure,3,pa,0.3291264624397774,0.6853759765625,0.34375,0.34375,0.34375,0.3887355178256829,64,64,320,384,30,24,378,0.984375,63,12.0,15,7,8,3,True,5,False,degree_based,PA
standard,power_1138_bus,power-1138-bus,infrastructure,3,pfp,0.7461479126145723,0.8498291015625,0.71875,0.71875,0.71875,0.7953478137378306,64,64,320,384,40,8,352,0.9166666666666666,337,0.0,337,19,318,17,True,5,False,quasi_local_walk,PFP-l3
standard,power_1138_bus,power-1138-bus,infrastructure,3,ra,0.5963541666666666,0.7578125,0.546875,0.546875,0.546875,0.6609533183608166,64,64,320,384,17,6,373,0.9713541666666666,351,0.0,351,31,320,31,True,5,False,local_similarity,RA
standard,power_1138_bus,power-1138-bus,infrastructure,3,ra_cni,0.7095170248420912,0.8265625000000001,0.671875,0.671875,0.671875,0.7601129804408409,64,64,320,384,30,9,363,0.9453125,340,0.0,340,22,318,20,True,5,False,enhanced_local,RA-CNI
standard,power_1138_bus,power-1138-bus,infrastructure,3,sa,0.5963541666666666,0.7578125,0.546875,0.546875,0.546875,0.6609533183608166,64,64,320,384,20,10,374,0.9739583333333334,351,0.0,351,31,320,31,True,5,False,local_similarity,SA
standard,power_1138_bus,power-1138-bus,infrastructure,3,so,0.5963541666666666,0.7578125,0.546875,0.546875,0.546875,0.6609533183608166,64,64,320,384,15,11,380,0.9895833333333334,351,0.0,351,31,320,31,True,5,False,local_similarity,SO
standard,power_1138_bus,power-1138-bus,infrastructure,3,srw,0.7515920508274232,0.8505126953125001,0.71875,0.71875,0.71875,0.7963952051934586,64,64,320,384,39,7,352,0.9166666666666666,337,0.0,337,19,318,17,True,5,False,quasi_local_walk,SRW-l3
standard,power_1138_bus,power-1138-bus,infrastructure,3,aa,0.5484250026144002,0.7566284179687499,0.53125,0.53125,0.53125,0.6466662937009482,64,64,640,704,18,6,692,0.9829545454545454,669,0.0,669,31,638,29,True,10,False,local_similarity,AA
standard,power_1138_bus,power-1138-bus,infrastructure,3,car_aa,0.1051136363636363,0.5078125,0.078125,0.078125,0.078125,0.1179424151427865,64,64,640,704,2,1,703,0.9985795454545454,703,0.0,703,63,640,63,True,10,False,enhanced_local,CAR-AA
standard,power_1138_bus,power-1138-bus,infrastructure,3,car_cn,0.1051136363636363,0.5078125,0.078125,0.078125,0.078125,0.1179424151427865,64,64,640,704,2,1,703,0.9985795454545454,703,0.0,703,63,640,63,True,10,False,enhanced_local,CAR-CN
standard,power_1138_bus,power-1138-bus,infrastructure,3,car_ra,0.1051136363636363,0.5078125,0.078125,0.078125,0.078125,0.1179424151427865,64,64,640,704,2,1,703,0.9985795454545454,703,0.0,703,63,640,63,True,10,False,enhanced_local,CAR-RA
standard,power_1138_bus,power-1138-bus,infrastructure,3,cn,0.5382305194805195,0.7564697265624999,0.53125,0.53125,0.53125,0.6419354627498874,64,64,640,704,4,3,703,0.9985795454545454,669,0.0,669,31,638,29,True,10,False,local_similarity,CN
standard,power_1138_bus,power-1138-bus,infrastructure,3,fl,0.6941594710436623,0.8485839843749999,0.703125,0.703125,0.703125,0.7765573991165285,64,64,640,704,12,7,699,0.9928977272727272,653,0.0,653,19,634,13,True,10,False,quasi_local_path,FL-l3
standard,power_1138_bus,power-1138-bus,infrastructure,3,fsw,0.5434045392724716,0.7565063476562499,0.53125,0.53125,0.53125,0.6444973896050673,64,64,640,704,22,10,692,0.9829545454545454,669,0.0,669,31,638,29,True,10,False,enhanced_local,FSW
standard,power_1138_bus,power-1138-bus,infrastructure,3,hdi,0.543336368640526,0.7565063476562499,0.53125,0.53125,0.53125,0.6440327295795191,64,64,640,704,15,8,697,0.9900568181818182,669,0.0,669,31,638,29,True,10,False,local_similarity,HDI
standard,power_1138_bus,power-1138-bus,infrastructure,3,hpi,0.5450970055759459,0.7565307617187499,0.53125,0.53125,0.53125,0.6455885082732977,64,64,640,704,9,7,702,0.9971590909090908,669,0.0,669,31,638,29,True,10,False,local_similarity,HPI
standard,power_1138_bus,power-1138-bus,infrastructure,3,ia1,0.5484250026144002,0.7566284179687499,0.53125,0.53125,0.53125,0.6466662937009482,64,64,640,704,18,6,692,0.9829545454545454,669,0.0,669,31,638,29,True,10,False,enhanced_local,IA1
standard,power_1138_bus,power-1138-bus,infrastructure,3,ia2,0.5468016259910236,0.7565917968749999,0.53125,0.53125,0.53125,0.646061660346562,64,64,640,704,16,6,694,0.9857954545454546,669,0.0,669,31,638,29,True,10,False,enhanced_local,IA2
standard,power_1138_bus,power-1138-bus,infrastructure,3,ja,0.5429328719062729,0.7565063476562499,0.53125,0.53125,0.53125,0.6446022403506568,64,64,640,704,16,11,699,0.9928977272727272,669,0.0,669,31,638,29,True,10,False,local_similarity,JA
standard,power_1138_bus,power-1138-bus,infrastructure,3,lit,0.346590909090909,0.640625,0.296875,0.296875,0.296875,0.443042987979717,64,64,640,704,18,2,688,0.9772727272727272,686,0.0,686,46,640,46,True,10,False,enhanced_local,LIT-i2
standard,power_1138_bus,power-1138-bus,infrastructure,3,llhn,0.5420053715355091,0.7565185546875,0.53125,0.53125,0.53125,0.6433705057632695,64,64,640,704,21,8,691,0.9815340909090908,669,0.0,669,31,638,29,True,10,False,local_similarity,LLHN
standard,power_1138_bus,power-1138-bus,infrastructure,3,lnb_aa,0.5550138263216047,0.7568603515625,0.53125,0.53125,0.53125,0.648463931281006,64,64,640,704,23,7,688,0.9772727272727272,669,0.0,669,31,638,29,True,10,False,local_bayesian,LNB-AA
standard,power_1138_bus,power-1138-bus,infrastructure,3,lnb_cn,0.5566920670623454,0.7569335937499999,0.53125,0.53125,0.53125,0.6489153126667118,64,64,640,704,23,7,688,0.9772727272727272,669,0.0,669,31,638,29,True,10,False,local_bayesian,LNB-CN
standard,power_1138_bus,power-1138-bus,infrastructure,3,lnb_ra,0.5515520186398482,0.7567138671874999,0.53125,0.53125,0.53125,0.6475065676303902,64,64,640,704,23,7,688,0.9772727272727272,669,0.0,669,31,638,29,True,10,False,local_bayesian,LNB-RA
standard,power_1138_bus,power-1138-bus,infrastructure,3,lpi,0.6941594710436623,0.8485839843749999,0.703125,0.703125,0.703125,0.7765573991165285,64,64,640,704,12,7,699,0.9928977272727272,653,0.0,653,19,634,13,True,10,False,quasi_local_path,LPI-beta-0.001
standard,power_1138_bus,power-1138-bus,infrastructure,3,lrw,0.549363067312959,0.76260986328125,0.546875,0.546875,0.546875,0.6560015269071997,64,64,640,704,33,7,678,0.9630681818181818,665,0.0,665,30,635,25,True,10,False,quasi_local_walk,LRW-l3
standard,power_1138_bus,power-1138-bus,infrastructure,3,ora_cni,0.6821148712225826,0.84801025390625,0.703125,0.703125,0.703125,0.7703667533725157,64,64,640,704,45,6,665,0.9446022727272728,653,0.0,653,19,634,13,True,10,False,quasi_local_path,ORA-CNI-beta-0.001
standard,power_1138_bus,power-1138-bus,infrastructure,3,pa,0.2329696354004601,0.7031005859375001,0.25,0.25,0.25,0.3063707064371164,64,64,640,704,32,24,696,0.9886363636363636,131,16.0,8,1,7,8,False,10,False,degree_based,PA
standard,power_1138_bus,power-1138-bus,infrastructure,3,pfp,0.7008674684605383,0.8484130859375,0.703125,0.703125,0.703125,0.7790220800314062,64,64,640,704,43,8,669,0.9502840909090908,653,0.0,653,19,634,13,True,10,False,quasi_local_walk,PFP-l3
standard,power_1138_bus,power-1138-bus,infrastructure,3,ra,0.5484250026144002,0.7566284179687499,0.53125,0.53125,0.53125,0.6466662937009482,64,64,640,704,18,6,692,0.9829545454545454,669,0.0,669,31,638,29,True,10,False,local_similarity,RA
standard,power_1138_bus,power-1138-bus,infrastructure,3,ra_cni,0.6453313142863697,0.82476806640625,0.65625,0.65625,0.65625,0.7355273285281242,64,64,640,704,33,9,680,0.9659090909090908,656,0.0,656,22,634,16,True,10,False,enhanced_local,RA-CNI
standard,power_1138_bus,power-1138-bus,infrastructure,3,sa,0.5451109988053733,0.7565673828124999,0.53125,0.53125,0.53125,0.6450987256045386,64,64,640,704,21,10,693,0.984375,669,0.0,669,31,638,29,True,10,False,local_similarity,SA
standard,power_1138_bus,power-1138-bus,infrastructure,3,so,0.5429328719062729,0.7565063476562499,0.53125,0.53125,0.53125,0.6446022403506568,64,64,640,704,16,11,699,0.9928977272727272,669,0.0,669,31,638,29,True,10,False,local_similarity,SO
standard,power_1138_bus,power-1138-bus,infrastructure,3,srw,0.7106735269155451,0.8490600585937499,0.703125,0.703125,0.703125,0.7813236849591524,64,64,640,704,42,7,669,0.9502840909090908,653,0.0,653,19,634,13,True,10,False,quasi_local_walk,SRW-l3
standard,power_1138_bus,power-1138-bus,infrastructure,4,aa,0.7109375,0.7109375,0.671875,0.671875,0.671875,0.7533919800580622,64,64,64,128,15,7,120,0.9375,101,0.0,101,37,64,37,True,1,True,local_similarity,AA
standard,power_1138_bus,power-1138-bus,infrastructure,4,car_aa,0.515625,0.515625,0.546875,0.546875,0.546875,0.598777846163681,64,64,64,128,3,1,126,0.984375,126,0.0,126,62,64,62,True,1,True,enhanced_local,CAR-AA
standard,power_1138_bus,power-1138-bus,infrastructure,4,car_cn,0.515625,0.515625,0.546875,0.546875,0.546875,0.598777846163681,64,64,64,128,3,1,126,0.984375,126,0.0,126,62,64,62,True,1,True,enhanced_local,CAR-CN
standard,power_1138_bus,power-1138-bus,infrastructure,4,car_ra,0.515625,0.515625,0.546875,0.546875,0.546875,0.598777846163681,64,64,64,128,3,1,126,0.984375,126,0.0,126,62,64,62,True,1,True,enhanced_local,CAR-RA
standard,power_1138_bus,power-1138-bus,infrastructure,4,cn,0.7109375,0.7109375,0.671875,0.671875,0.671875,0.7533919800580622,64,64,64,128,4,4,128,1.0,101,0.0,101,37,64,37,True,1,True,local_similarity,CN
standard,power_1138_bus,power-1138-bus,infrastructure,4,fl,0.8388888888888889,0.839599609375,0.8125,0.8125,0.8125,0.8632887197999035,64,64,64,128,12,7,123,0.9609375,83,0.0,83,20,63,19,True,1,True,quasi_local_path,FL-l3
standard,power_1138_bus,power-1138-bus,infrastructure,4,fsw,0.7109375,0.7109375,0.671875,0.671875,0.671875,0.7533919800580622,64,64,64,128,22,5,111,0.8671875,101,0.0,101,37,64,37,True,1,True,enhanced_local,FSW
standard,power_1138_bus,power-1138-bus,infrastructure,4,hdi,0.7109375,0.7109375,0.671875,0.671875,0.671875,0.7533919800580622,64,64,64,128,16,6,118,0.921875,101,0.0,101,37,64,37,True,1,True,local_similarity,HDI
standard,power_1138_bus,power-1138-bus,infrastructure,4,hpi,0.7109375,0.7109375,0.671875,0.671875,0.671875,0.7533919800580622,64,64,64,128,7,6,127,0.9921875,101,0.0,101,37,64,37,True,1,True,local_similarity,HPI
standard,power_1138_bus,power-1138-bus,infrastructure,4,ia1,0.7109375,0.7109375,0.671875,0.671875,0.671875,0.7533919800580622,64,64,64,128,15,7,120,0.9375,101,0.0,101,37,64,37,True,1,True,enhanced_local,IA1
standard,power_1138_bus,power-1138-bus,infrastructure,4,ia2,0.7109375,0.7109375,0.671875,0.671875,0.671875,0.7533919800580622,64,64,64,128,13,7,122,0.953125,101,0.0,101,37,64,37,True,1,True,enhanced_local,IA2
standard,power_1138_bus,power-1138-bus,infrastructure,4,ja,0.7109375,0.7109375,0.671875,0.671875,0.671875,0.7533919800580622,64,64,64,128,17,5,116,0.90625,101,0.0,101,37,64,37,True,1,True,local_similarity,JA
standard,power_1138_bus,power-1138-bus,infrastructure,4,lit,0.59375,0.59375,0.546875,0.546875,0.546875,0.63883492244797,64,64,64,128,13,1,116,0.90625,116,0.0,116,52,64,52,True,1,True,enhanced_local,LIT-i2
standard,power_1138_bus,power-1138-bus,infrastructure,4,llhn,0.7109375,0.7109375,0.671875,0.671875,0.671875,0.7533919800580622,64,64,64,128,17,8,119,0.9296875,101,0.0,101,37,64,37,True,1,True,local_similarity,LLHN
standard,power_1138_bus,power-1138-bus,infrastructure,4,lnb_aa,0.7109375,0.7109375,0.671875,0.671875,0.671875,0.7533919800580622,64,64,64,128,19,6,115,0.8984375,101,0.0,101,37,64,37,True,1,True,local_bayesian,LNB-AA
standard,power_1138_bus,power-1138-bus,infrastructure,4,lnb_cn,0.7109375,0.7109375,0.671875,0.671875,0.671875,0.7533919800580622,64,64,64,128,19,6,115,0.8984375,101,0.0,101,37,64,37,True,1,True,local_bayesian,LNB-CN
standard,power_1138_bus,power-1138-bus,infrastructure,4,lnb_ra,0.7109375,0.7109375,0.671875,0.671875,0.671875,0.7533919800580622,64,64,64,128,19,6,115,0.8984375,101,0.0,101,37,64,37,True,1,True,local_bayesian,LNB-RA
standard,power_1138_bus,power-1138-bus,infrastructure,4,lpi,0.8388888888888889,0.839599609375,0.8125,0.8125,0.8125,0.8632887197999035,64,64,64,128,12,7,123,0.9609375,83,0.0,83,20,63,19,True,1,True,quasi_local_path,LPI-beta-0.001
standard,power_1138_bus,power-1138-bus,infrastructure,4,lrw,0.7111753913386722,0.7315673828125,0.671875,0.671875,0.671875,0.743518113016861,64,64,64,128,23,5,110,0.859375,96,0.0,96,33,63,32,True,1,True,quasi_local_walk,LRW-l3
standard,power_1138_bus,power-1138-bus,infrastructure,4,ora_cni,0.8390091761440548,0.838623046875,0.8125,0.8125,0.8125,0.8632887197999035,64,64,64,128,34,8,102,0.796875,83,0.0,83,20,63,19,True,1,True,quasi_local_path,ORA-CNI-beta-0.001
standard,power_1138_bus,power-1138-bus,infrastructure,4,pa,0.7049024162367119,0.736083984375,0.703125,0.703125,0.703125,0.7321706157592455,64,64,64,128,23,17,122,0.953125,21,6.0,19,10,9,18,True,1,True,degree_based,PA
standard,power_1138_bus,power-1138-bus,infrastructure,4,pfp,0.8423122682388671,0.84033203125,0.8125,0.8125,0.8125,0.8639109112376657,64,64,64,128,38,8,98,0.765625,83,0.0,83,20,63,19,True,1,True,quasi_local_walk,PFP-l3
standard,power_1138_bus,power-1138-bus,infrastructure,4,ra,0.7109375,0.7109375,0.671875,0.671875,0.671875,0.7533919800580622,64,64,64,128,14,8,122,0.953125,101,0.0,101,37,64,37,True,1,True,local_similarity,RA
standard,power_1138_bus,power-1138-bus,infrastructure,4,ra_cni,0.8240786205884992,0.8232421875,0.796875,0.796875,0.796875,0.8512833671333186,64,64,64,128,28,7,107,0.8359375,85,0.0,85,22,63,21,True,1,True,enhanced_local,RA-CNI
standard,power_1138_bus,power-1138-bus,infrastructure,4,sa,0.7109375,0.7109375,0.671875,0.671875,0.671875,0.7533919800580622,64,64,64,128,18,8,118,0.921875,101,0.0,101,37,64,37,True,1,True,local_similarity,SA
standard,power_1138_bus,power-1138-bus,infrastructure,4,so,0.7109375,0.7109375,0.671875,0.671875,0.671875,0.7533919800580622,64,64,64,128,17,5,116,0.90625,101,0.0,101,37,64,37,True,1,True,local_similarity,SO
standard,power_1138_bus,power-1138-bus,infrastructure,4,srw,0.8335670270280038,0.836181640625,0.8125,0.8125,0.8125,0.8619554073571046,64,64,64,128,34,8,102,0.796875,83,0.0,83,20,63,19,True,1,True,quasi_local_walk,SRW-l3
standard,power_1138_bus,power-1138-bus,infrastructure,4,aa,0.5182291666666666,0.7109375,0.53125,0.53125,0.53125,0.6428392764512243,64,64,320,384,15,7,376,0.9791666666666666,357,0.0,357,37,320,37,True,5,False,local_similarity,AA
standard,power_1138_bus,power-1138-bus,infrastructure,4,car_aa,0.1927083333333333,0.515625,0.25,0.25,0.25,0.3072700110396013,64,64,320,384,3,1,382,0.9947916666666666,382,0.0,382,62,320,62,True,5,False,enhanced_local,CAR-AA
standard,power_1138_bus,power-1138-bus,infrastructure,4,car_cn,0.1927083333333333,0.515625,0.25,0.25,0.25,0.3072700110396013,64,64,320,384,3,1,382,0.9947916666666666,382,0.0,382,62,320,62,True,5,False,enhanced_local,CAR-CN
standard,power_1138_bus,power-1138-bus,infrastructure,4,car_ra,0.1927083333333333,0.515625,0.25,0.25,0.25,0.3072700110396013,64,64,320,384,3,1,382,0.9947916666666666,382,0.0,382,62,320,62,True,5,False,enhanced_local,CAR-RA
standard,power_1138_bus,power-1138-bus,infrastructure,4,cn,0.5182291666666666,0.7109375,0.53125,0.53125,0.53125,0.6428392764512243,64,64,320,384,4,4,384,1.0,357,0.0,357,37,320,37,True,5,False,local_similarity,CN
standard,power_1138_bus,power-1138-bus,infrastructure,4,fl,0.730072463768116,0.8420898437500001,0.71875,0.71875,0.71875,0.7944412397336027,64,64,320,384,12,7,379,0.9869791666666666,338,0.0,338,20,318,18,True,5,False,quasi_local_path,FL-l3
standard,power_1138_bus,power-1138-bus,infrastructure,4,fsw,0.5182291666666666,0.7109375,0.53125,0.53125,0.53125,0.6428392764512243,64,64,320,384,22,5,367,0.9557291666666666,357,0.0,357,37,320,37,True,5,False,enhanced_local,FSW
standard,power_1138_bus,power-1138-bus,infrastructure,4,hdi,0.5182291666666666,0.7109375,0.53125,0.53125,0.53125,0.6428392764512243,64,64,320,384,16,6,374,0.9739583333333334,357,0.0,357,37,320,37,True,5,False,local_similarity,HDI
standard,power_1138_bus,power-1138-bus,infrastructure,4,hpi,0.5182291666666666,0.7109375,0.53125,0.53125,0.53125,0.6428392764512243,64,64,320,384,7,6,383,0.9973958333333334,357,0.0,357,37,320,37,True,5,False,local_similarity,HPI
standard,power_1138_bus,power-1138-bus,infrastructure,4,ia1,0.5182291666666666,0.7109375,0.53125,0.53125,0.53125,0.6428392764512243,64,64,320,384,15,7,376,0.9791666666666666,357,0.0,357,37,320,37,True,5,False,enhanced_local,IA1
standard,power_1138_bus,power-1138-bus,infrastructure,4,ia2,0.5182291666666666,0.7109375,0.53125,0.53125,0.53125,0.6428392764512243,64,64,320,384,13,7,378,0.984375,357,0.0,357,37,320,37,True,5,False,enhanced_local,IA2
standard,power_1138_bus,power-1138-bus,infrastructure,4,ja,0.5182291666666666,0.7109375,0.53125,0.53125,0.53125,0.6428392764512243,64,64,320,384,17,5,372,0.96875,357,0.0,357,37,320,37,True,5,False,local_similarity,JA
standard,power_1138_bus,power-1138-bus,infrastructure,4,lit,0.3229166666666666,0.59375,0.328125,0.328125,0.328125,0.4518553522094832,64,64,320,384,13,1,372,0.96875,372,0.0,372,52,320,52,True,5,False,enhanced_local,LIT-i2
standard,power_1138_bus,power-1138-bus,infrastructure,4,llhn,0.5182291666666666,0.7109375,0.53125,0.53125,0.53125,0.6428392764512243,64,64,320,384,17,8,375,0.9765625,357,0.0,357,37,320,37,True,5,False,local_similarity,LLHN
standard,power_1138_bus,power-1138-bus,infrastructure,4,lnb_aa,0.5182291666666666,0.7109375,0.53125,0.53125,0.53125,0.6428392764512243,64,64,320,384,19,6,371,0.9661458333333334,357,0.0,357,37,320,37,True,5,False,local_bayesian,LNB-AA
standard,power_1138_bus,power-1138-bus,infrastructure,4,lnb_cn,0.5182291666666666,0.7109375,0.53125,0.53125,0.53125,0.6428392764512243,64,64,320,384,19,6,371,0.9661458333333334,357,0.0,357,37,320,37,True,5,False,local_bayesian,LNB-CN
standard,power_1138_bus,power-1138-bus,infrastructure,4,lnb_ra,0.5182291666666666,0.7109375,0.53125,0.53125,0.53125,0.6428392764512243,64,64,320,384,19,6,371,0.9661458333333334,357,0.0,357,37,320,37,True,5,False,local_bayesian,LNB-RA
standard,power_1138_bus,power-1138-bus,infrastructure,4,lpi,0.730072463768116,0.8420898437500001,0.71875,0.71875,0.71875,0.7944412397336027,64,64,320,384,12,7,379,0.9869791666666666,338,0.0,338,20,318,18,True,5,False,quasi_local_path,LPI-beta-0.001
standard,power_1138_bus,power-1138-bus,infrastructure,4,lrw,0.538369172649767,0.73916015625,0.5625,0.5625,0.5625,0.6576708618090794,64,64,320,384,24,5,365,0.9505208333333334,351,0.0,351,33,318,31,True,5,False,quasi_local_walk,LRW-l3
standard,power_1138_bus,power-1138-bus,infrastructure,4,ora_cni,0.7341782582696587,0.842138671875,0.71875,0.71875,0.71875,0.7947398727485808,64,64,320,384,35,8,357,0.9296875,338,0.0,338,20,318,18,True,5,False,quasi_local_path,ORA-CNI-beta-0.001
standard,power_1138_bus,power-1138-bus,infrastructure,4,pa,0.3172440908598612,0.7154052734375,0.359375,0.359375,0.359375,0.3508003839827986,64,64,320,384,27,20,377,0.9817708333333334,74,10.0,7,2,5,1,True,5,False,degree_based,PA
standard,power_1138_bus,power-1138-bus,infrastructure,4,pfp,0.7378134759683357,0.842529296875,0.71875,0.71875,0.71875,0.7954304531568767,64,64,320,384,39,8,353,0.9192708333333334,338,0.0,338,20,318,18,True,5,False,quasi_local_walk,PFP-l3
standard,power_1138_bus,power-1138-bus,infrastructure,4,ra,0.5182291666666666,0.7109375,0.53125,0.53125,0.53125,0.6428392764512243,64,64,320,384,14,8,378,0.984375,357,0.0,357,37,320,37,True,5,False,local_similarity,RA
standard,power_1138_bus,power-1138-bus,infrastructure,4,ra_cni,0.709495287255166,0.826611328125,0.6875,0.6875,0.6875,0.771297382326335,64,64,320,384,29,7,362,0.9427083333333334,340,0.0,340,22,318,20,True,5,False,enhanced_local,RA-CNI
standard,power_1138_bus,power-1138-bus,infrastructure,4,sa,0.5182291666666666,0.7109375,0.53125,0.53125,0.53125,0.6428392764512243,64,64,320,384,18,8,374,0.9739583333333334,357,0.0,357,37,320,37,True,5,False,local_similarity,SA
standard,power_1138_bus,power-1138-bus,infrastructure,4,so,0.5182291666666666,0.7109375,0.53125,0.53125,0.53125,0.6428392764512243,64,64,320,384,17,5,372,0.96875,357,0.0,357,37,320,37,True,5,False,local_similarity,SO
standard,power_1138_bus,power-1138-bus,infrastructure,4,srw,0.7290682347574724,0.84169921875,0.71875,0.71875,0.71875,0.7934749492763157,64,64,320,384,35,8,357,0.9296875,338,0.0,338,20,318,18,True,5,False,quasi_local_walk,SRW-l3
standard,power_1138_bus,power-1138-bus,infrastructure,4,aa,0.4343388099304395,0.707763671875,0.484375,0.484375,0.484375,0.590599835092848,64,64,640,704,16,8,696,0.9886363636363636,673,0.0,673,37,636,33,True,10,False,local_similarity,AA
standard,power_1138_bus,power-1138-bus,infrastructure,4,car_aa,0.1193181818181818,0.515625,0.171875,0.171875,0.171875,0.2285419467759765,64,64,640,704,3,1,702,0.9971590909090908,702,0.0,702,62,640,62,True,10,False,enhanced_local,CAR-AA
standard,power_1138_bus,power-1138-bus,infrastructure,4,car_cn,0.1193181818181818,0.515625,0.171875,0.171875,0.171875,0.2285419467759765,64,64,640,704,3,1,702,0.9971590909090908,702,0.0,702,62,640,62,True,10,False,enhanced_local,CAR-CN
standard,power_1138_bus,power-1138-bus,infrastructure,4,car_ra,0.1193181818181818,0.515625,0.171875,0.171875,0.171875,0.2285419467759765,64,64,640,704,3,1,702,0.9971590909090908,702,0.0,702,62,640,62,True,10,False,enhanced_local,CAR-RA
standard,power_1138_bus,power-1138-bus,infrastructure,4,cn,0.4300769794721407,0.7080566406250001,0.484375,0.484375,0.484375,0.5926374940654361,64,64,640,704,4,4,704,1.0,673,0.0,673,37,636,33,True,10,False,local_similarity,CN
standard,power_1138_bus,power-1138-bus,infrastructure,4,fl,0.6422954520343929,0.8384765625,0.6875,0.6875,0.6875,0.7565060596408453,64,64,640,704,12,7,699,0.9928977272727272,652,0.0,652,20,632,12,True,10,False,quasi_local_path,FL-l3
standard,power_1138_bus,power-1138-bus,infrastructure,4,fsw,0.4273778259007735,0.70767822265625,0.484375,0.484375,0.484375,0.5876984047052023,64,64,640,704,23,6,687,0.9758522727272728,673,0.0,673,37,636,33,True,10,False,enhanced_local,FSW
standard,power_1138_bus,power-1138-bus,infrastructure,4,hdi,0.4273438038190541,0.70777587890625,0.484375,0.484375,0.484375,0.5885545577889324,64,64,640,704,16,6,694,0.9857954545454546,673,0.0,673,37,636,33,True,10,False,local_similarity,HDI
standard,power_1138_bus,power-1138-bus,infrastructure,4,hpi,0.4463606799361804,0.7083007812500001,0.484375,0.484375,0.484375,0.5984697658837091,64,64,640,704,7,6,703,0.9985795454545454,673,0.0,673,37,636,33,True,10,False,local_similarity,HPI
standard,power_1138_bus,power-1138-bus,infrastructure,4,ia1,0.4343388099304395,0.707763671875,0.484375,0.484375,0.484375,0.590599835092848,64,64,640,704,16,8,696,0.9886363636363636,673,0.0,673,37,636,33,True,10,False,enhanced_local,IA1
standard,power_1138_bus,power-1138-bus,infrastructure,4,ia2,0.4303953575494871,0.7076660156250001,0.484375,0.484375,0.484375,0.5887634671510742,64,64,640,704,14,8,698,0.9914772727272728,673,0.0,673,37,636,33,True,10,False,enhanced_local,IA2
standard,power_1138_bus,power-1138-bus,infrastructure,4,ja,0.431504246185282,0.70782470703125,0.484375,0.484375,0.484375,0.5892579089045058,64,64,640,704,17,6,693,0.984375,673,0.0,673,37,636,33,True,10,False,local_similarity,JA
standard,power_1138_bus,power-1138-bus,infrastructure,4,lit,0.2311064803252303,0.592041015625,0.3125,0.3125,0.3125,0.4092720114059345,64,64,640,704,15,1,690,0.9801136363636364,690,0.0,690,52,638,50,True,10,False,enhanced_local,LIT-i2
standard,power_1138_bus,power-1138-bus,infrastructure,4,llhn,0.4382177442835231,0.7079956054687501,0.484375,0.484375,0.484375,0.5930227713632802,64,64,640,704,18,9,695,0.9872159090909092,673,0.0,673,37,636,33,True,10,False,local_similarity,LLHN
standard,power_1138_bus,power-1138-bus,infrastructure,4,lnb_aa,0.4336021189593735,0.7077392578125,0.484375,0.484375,0.484375,0.5906978050013696,64,64,640,704,21,7,690,0.9801136363636364,673,0.0,673,37,636,33,True,10,False,local_bayesian,LNB-AA
standard,power_1138_bus,power-1138-bus,infrastructure,4,lnb_cn,0.4292237495522212,0.70771484375,0.484375,0.484375,0.484375,0.586856932559588,64,64,640,704,21,7,690,0.9801136363636364,673,0.0,673,37,636,33,True,10,False,local_bayesian,LNB-CN
standard,power_1138_bus,power-1138-bus,infrastructure,4,lnb_ra,0.4329225134561518,0.70771484375,0.484375,0.484375,0.484375,0.5904340965304801,64,64,640,704,21,7,690,0.9801136363636364,673,0.0,673,37,636,33,True,10,False,local_bayesian,LNB-RA
standard,power_1138_bus,power-1138-bus,infrastructure,4,lpi,0.6422954520343929,0.8384765625,0.6875,0.6875,0.6875,0.7565060596408453,64,64,640,704,12,7,699,0.9928977272727272,652,0.0,652,20,632,12,True,10,False,quasi_local_path,LPI-beta-0.001
standard,power_1138_bus,power-1138-bus,infrastructure,4,lrw,0.4827571814106761,0.7382568359375,0.515625,0.515625,0.515625,0.6177369903477927,64,64,640,704,26,7,685,0.9730113636363636,667,0.0,667,33,634,27,True,10,False,quasi_local_walk,LRW-l3
standard,power_1138_bus,power-1138-bus,infrastructure,4,ora_cni,0.6618829180783414,0.83880615234375,0.6875,0.6875,0.6875,0.7601380833187771,64,64,640,704,40,8,672,0.9545454545454546,652,0.0,652,20,632,12,True,10,False,quasi_local_path,ORA-CNI-beta-0.001
standard,power_1138_bus,power-1138-bus,infrastructure,4,pa,0.1968553966640401,0.7163818359375,0.25,0.25,0.25,0.2319973608403877,64,64,640,704,29,23,698,0.9914772727272728,132,15.0,17,3,14,12,True,10,False,degree_based,PA
standard,power_1138_bus,power-1138-bus,infrastructure,4,pfp,0.6536822291288391,0.8385986328125,0.6875,0.6875,0.6875,0.7577887466325504,64,64,640,704,43,8,669,0.9502840909090908,652,0.0,652,20,632,12,True,10,False,quasi_local_walk,PFP-l3
standard,power_1138_bus,power-1138-bus,infrastructure,4,ra,0.4343388099304395,0.707763671875,0.484375,0.484375,0.484375,0.590599835092848,64,64,640,704,15,9,698,0.9914772727272728,673,0.0,673,37,636,33,True,10,False,local_similarity,RA
standard,power_1138_bus,power-1138-bus,infrastructure,4,ra_cni,0.6346674339742445,0.8232788085937501,0.65625,0.65625,0.65625,0.7370691891565986,64,64,640,704,32,8,680,0.9659090909090908,654,0.0,654,22,632,14,True,10,False,enhanced_local,RA-CNI
standard,power_1138_bus,power-1138-bus,infrastructure,4,sa,0.4429277957452193,0.7080810546875,0.484375,0.484375,0.484375,0.595026940593115,64,64,640,704,20,8,692,0.9829545454545454,673,0.0,673,37,636,33,True,10,False,local_similarity,SA
standard,power_1138_bus,power-1138-bus,infrastructure,4,so,0.431504246185282,0.70782470703125,0.484375,0.484375,0.484375,0.5892579089045058,64,64,640,704,17,6,693,0.984375,673,0.0,673,37,636,33,True,10,False,local_similarity,SO
standard,power_1138_bus,power-1138-bus,infrastructure,4,srw,0.6441245605892694,0.83822021484375,0.6875,0.6875,0.6875,0.7538065498440929,64,64,640,704,40,9,673,0.9559659090909092,652,0.0,652,20,632,12,True,10,False,quasi_local_walk,SRW-l3
standard,power_1138_bus,power-1138-bus,infrastructure,5,aa,0.6640625,0.6640625,0.59375,0.59375,0.59375,0.6853416786544688,64,64,64,128,12,8,124,0.96875,107,0.0,107,43,64,43,True,1,True,local_similarity,AA
standard,power_1138_bus,power-1138-bus,infrastructure,5,car_aa,0.5078125,0.5078125,0.484375,0.484375,0.484375,0.5319932254675837,64,64,64,128,2,1,127,0.9921875,127,0.0,127,63,64,63,True,1,True,enhanced_local,CAR-AA
standard,power_1138_bus,power-1138-bus,infrastructure,5,car_cn,0.5078125,0.5078125,0.484375,0.484375,0.484375,0.5319932254675837,64,64,64,128,2,1,127,0.9921875,127,0.0,127,63,64,63,True,1,True,enhanced_local,CAR-CN
standard,power_1138_bus,power-1138-bus,infrastructure,5,car_ra,0.5078125,0.5078125,0.484375,0.484375,0.484375,0.5319932254675837,64,64,64,128,2,1,127,0.9921875,127,0.0,127,63,64,63,True,1,True,enhanced_local,CAR-RA
standard,power_1138_bus,power-1138-bus,infrastructure,5,cn,0.6640625,0.6640625,0.59375,0.59375,0.59375,0.6853416786544688,64,64,64,128,4,3,127,0.9921875,107,0.0,107,43,64,43,True,1,True,local_similarity,CN
standard,power_1138_bus,power-1138-bus,infrastructure,5,fl,0.7578125,0.7578125,0.6875,0.6875,0.6875,0.7672965026843697,64,64,64,128,9,7,126,0.984375,95,0.0,95,31,64,31,True,1,True,quasi_local_path,FL-l3
standard,power_1138_bus,power-1138-bus,infrastructure,5,fsw,0.6640625,0.6640625,0.59375,0.59375,0.59375,0.6853416786544688,64,64,64,128,15,6,119,0.9296875,107,0.0,107,43,64,43,True,1,True,enhanced_local,FSW
standard,power_1138_bus,power-1138-bus,infrastructure,5,hdi,0.6640625,0.6640625,0.59375,0.59375,0.59375,0.6853416786544688,64,64,64,128,11,7,124,0.96875,107,0.0,107,43,64,43,True,1,True,local_similarity,HDI
standard,power_1138_bus,power-1138-bus,infrastructure,5,hpi,0.6640625,0.6640625,0.59375,0.59375,0.59375,0.6853416786544688,64,64,64,128,7,4,125,0.9765625,107,0.0,107,43,64,43,True,1,True,local_similarity,HPI
standard,power_1138_bus,power-1138-bus,infrastructure,5,ia1,0.6640625,0.6640625,0.59375,0.59375,0.59375,0.6853416786544688,64,64,64,128,12,8,124,0.96875,107,0.0,107,43,64,43,True,1,True,enhanced_local,IA1
standard,power_1138_bus,power-1138-bus,infrastructure,5,ia2,0.6640625,0.6640625,0.59375,0.59375,0.59375,0.6853416786544688,64,64,64,128,12,8,124,0.96875,107,0.0,107,43,64,43,True,1,True,enhanced_local,IA2
standard,power_1138_bus,power-1138-bus,infrastructure,5,ja,0.6640625,0.6640625,0.59375,0.59375,0.59375,0.6853416786544688,64,64,64,128,13,6,121,0.9453125,107,0.0,107,43,64,43,True,1,True,local_similarity,JA
standard,power_1138_bus,power-1138-bus,infrastructure,5,lit,0.5703125,0.5703125,0.515625,0.515625,0.515625,0.6014897975539243,64,64,64,128,10,1,119,0.9296875,119,0.0,119,55,64,55,True,1,True,enhanced_local,LIT-i2
standard,power_1138_bus,power-1138-bus,infrastructure,5,llhn,0.6640625,0.6640625,0.59375,0.59375,0.59375,0.6853416786544688,64,64,64,128,15,7,120,0.9375,107,0.0,107,43,64,43,True,1,True,local_similarity,LLHN
standard,power_1138_bus,power-1138-bus,infrastructure,5,lnb_aa,0.6640625,0.6640625,0.59375,0.59375,0.59375,0.6853416786544688,64,64,64,128,17,6,117,0.9140625,107,0.0,107,43,64,43,True,1,True,local_bayesian,LNB-AA
standard,power_1138_bus,power-1138-bus,infrastructure,5,lnb_cn,0.6640625,0.6640625,0.59375,0.59375,0.59375,0.6853416786544688,64,64,64,128,17,6,117,0.9140625,107,0.0,107,43,64,43,True,1,True,local_bayesian,LNB-CN
standard,power_1138_bus,power-1138-bus,infrastructure,5,lnb_ra,0.6640625,0.6640625,0.59375,0.59375,0.59375,0.6853416786544688,64,64,64,128,17,6,117,0.9140625,107,0.0,107,43,64,43,True,1,True,local_bayesian,LNB-RA
standard,power_1138_bus,power-1138-bus,infrastructure,5,lpi,0.7578125,0.7578125,0.6875,0.6875,0.6875,0.7672965026843697,64,64,64,128,9,7,126,0.984375,95,0.0,95,31,64,31,True,1,True,quasi_local_path,LPI-beta-0.001
standard,power_1138_bus,power-1138-bus,infrastructure,5,lrw,0.671875,0.671875,0.59375,0.59375,0.59375,0.6877162318142387,64,64,64,128,20,3,111,0.8671875,106,0.0,106,42,64,42,True,1,True,quasi_local_walk,LRW-l3
standard,power_1138_bus,power-1138-bus,infrastructure,5,ora_cni,0.7578125,0.7578125,0.6875,0.6875,0.6875,0.7672965026843697,64,64,64,128,29,6,105,0.8203125,95,0.0,95,31,64,31,True,1,True,quasi_local_path,ORA-CNI-beta-0.001
standard,power_1138_bus,power-1138-bus,infrastructure,5,pa,0.6275895389052603,0.63671875,0.59375,0.59375,0.59375,0.6227878986445636,64,64,64,128,21,16,123,0.9609375,19,5.0,7,5,2,4,True,1,True,degree_based,PA
standard,power_1138_bus,power-1138-bus,infrastructure,5,pfp,0.7578125,0.7578125,0.6875,0.6875,0.6875,0.7672965026843697,64,64,64,128,29,5,104,0.8125,95,0.0,95,31,64,31,True,1,True,quasi_local_walk,PFP-l3
standard,power_1138_bus,power-1138-bus,infrastructure,5,ra,0.6640625,0.6640625,0.59375,0.59375,0.59375,0.6853416786544688,64,64,64,128,12,8,124,0.96875,107,0.0,107,43,64,43,True,1,True,local_similarity,RA
standard,power_1138_bus,power-1138-bus,infrastructure,5,ra_cni,0.7421875,0.7421875,0.671875,0.671875,0.671875,0.7548946945950421,64,64,64,128,20,8,116,0.90625,97,0.0,97,33,64,33,True,1,True,enhanced_local,RA-CNI
standard,power_1138_bus,power-1138-bus,infrastructure,5,sa,0.6640625,0.6640625,0.59375,0.59375,0.59375,0.6853416786544688,64,64,64,128,15,7,120,0.9375,107,0.0,107,43,64,43,True,1,True,local_similarity,SA
standard,power_1138_bus,power-1138-bus,infrastructure,5,so,0.6640625,0.6640625,0.59375,0.59375,0.59375,0.6853416786544688,64,64,64,128,13,6,121,0.9453125,107,0.0,107,43,64,43,True,1,True,local_similarity,SO
standard,power_1138_bus,power-1138-bus,infrastructure,5,srw,0.7578125,0.7578125,0.6875,0.6875,0.6875,0.7672965026843697,64,64,64,128,25,7,110,0.859375,95,0.0,95,31,64,31,True,1,True,quasi_local_walk,SRW-l3
standard,power_1138_bus,power-1138-bus,infrastructure,5,aa,0.4379058441558441,0.6629150390625,0.421875,0.421875,0.421875,0.5504899873403849,64,64,320,384,12,8,380,0.9895833333333334,362,0.0,362,43,319,42,True,5,False,local_similarity,AA
standard,power_1138_bus,power-1138-bus,infrastructure,5,car_aa,0.1796875,0.5078125,0.203125,0.203125,0.203125,0.2516480888407077,64,64,320,384,2,1,383,0.9973958333333334,383,0.0,383,63,320,63,True,5,False,enhanced_local,CAR-AA
standard,power_1138_bus,power-1138-bus,infrastructure,5,car_cn,0.1796875,0.5078125,0.203125,0.203125,0.203125,0.2516480888407077,64,64,320,384,2,1,383,0.9973958333333334,383,0.0,383,63,320,63,True,5,False,enhanced_local,CAR-CN
standard,power_1138_bus,power-1138-bus,infrastructure,5,car_ra,0.1796875,0.5078125,0.203125,0.203125,0.203125,0.2516480888407077,64,64,320,384,2,1,383,0.9973958333333334,383,0.0,383,63,320,63,True,5,False,enhanced_local,CAR-RA
standard,power_1138_bus,power-1138-bus,infrastructure,5,cn,0.4273200757575758,0.6625732421875,0.421875,0.421875,0.421875,0.5491548782781251,64,64,320,384,4,3,383,0.9973958333333334,362,0.0,362,43,319,42,True,5,False,local_similarity,CN
standard,power_1138_bus,power-1138-bus,infrastructure,5,fl,0.5703970508658008,0.7547119140624999,0.578125,0.578125,0.578125,0.6752178698034088,64,64,320,384,9,8,383,0.9973958333333334,349,0.0,349,31,318,29,True,5,False,quasi_local_path,FL-l3
standard,power_1138_bus,power-1138-bus,infrastructure,5,fsw,0.4135470802175764,0.662158203125,0.421875,0.421875,0.421875,0.5418562872745993,64,64,320,384,15,6,375,0.9765625,362,0.0,362,43,319,42,True,5,False,enhanced_local,FSW
standard,power_1138_bus,power-1138-bus,infrastructure,5,hdi,0.4141951250503882,0.662158203125,0.421875,0.421875,0.421875,0.5418562872745993,64,64,320,384,11,7,380,0.9895833333333334,362,0.0,362,43,319,42,True,5,False,local_similarity,HDI
standard,power_1138_bus,power-1138-bus,infrastructure,5,hpi,0.4307914358925388,0.6626220703125,0.421875,0.421875,0.421875,0.5484150864759163,64,64,320,384,7,4,381,0.9921875,362,0.0,362,43,319,42,True,5,False,local_similarity,HPI
standard,power_1138_bus,power-1138-bus,infrastructure,5,ia1,0.4379058441558441,0.6629150390625,0.421875,0.421875,0.421875,0.5504899873403849,64,64,320,384,12,8,380,0.9895833333333334,362,0.0,362,43,319,42,True,5,False,enhanced_local,IA1
standard,power_1138_bus,power-1138-bus,infrastructure,5,ia2,0.4379058441558441,0.6629150390625,0.421875,0.421875,0.421875,0.5504899873403849,64,64,320,384,12,8,380,0.9895833333333334,362,0.0,362,43,319,42,True,5,False,enhanced_local,IA2
standard,power_1138_bus,power-1138-bus,infrastructure,5,ja,0.4176981872294372,0.6622314453125,0.421875,0.421875,0.421875,0.5433528086462412,64,64,320,384,13,6,377,0.9817708333333334,362,0.0,362,43,319,42,True,5,False,local_similarity,JA
standard,power_1138_bus,power-1138-bus,infrastructure,5,lit,0.2615265376984127,0.5685791015624999,0.28125,0.28125,0.28125,0.3769953457459564,64,64,320,384,11,1,374,0.9739583333333334,374,0.0,374,55,319,54,True,5,False,enhanced_local,LIT-i2
standard,power_1138_bus,power-1138-bus,infrastructure,5,llhn,0.4214744906634902,0.6622802734375,0.421875,0.421875,0.421875,0.5445218520162456,64,64,320,384,15,7,376,0.9791666666666666,362,0.0,362,43,319,42,True,5,False,local_similarity,LLHN
standard,power_1138_bus,power-1138-bus,infrastructure,5,lnb_aa,0.4378686417748917,0.6628662109375,0.421875,0.421875,0.421875,0.5500232201034011,64,64,320,384,18,6,372,0.96875,362,0.0,362,43,319,42,True,5,False,local_bayesian,LNB-AA
standard,power_1138_bus,power-1138-bus,infrastructure,5,lnb_cn,0.4322502664093947,0.6625732421875,0.421875,0.421875,0.421875,0.5479772945689438,64,64,320,384,18,6,372,0.96875,362,0.0,362,43,319,42,True,5,False,local_bayesian,LNB-CN
standard,power_1138_bus,power-1138-bus,infrastructure,5,lnb_ra,0.4378686417748917,0.6628662109375,0.421875,0.421875,0.421875,0.5500232201034011,64,64,320,384,18,6,372,0.96875,362,0.0,362,43,319,42,True,5,False,local_bayesian,LNB-RA
standard,power_1138_bus,power-1138-bus,infrastructure,5,lpi,0.5703970508658008,0.7547119140624999,0.578125,0.578125,0.578125,0.6752178698034088,64,64,320,384,9,8,383,0.9973958333333334,349,0.0,349,31,318,29,True,5,False,quasi_local_path,LPI-beta-0.001
standard,power_1138_bus,power-1138-bus,infrastructure,5,lrw,0.453125,0.6698242187500001,0.4375,0.4375,0.4375,0.5639920393563286,64,64,320,384,22,3,365,0.9505208333333334,360,0.0,360,42,318,40,True,5,False,quasi_local_walk,LRW-l3
standard,power_1138_bus,power-1138-bus,infrastructure,5,ora_cni,0.574644386631304,0.7548828125,0.578125,0.578125,0.578125,0.6787126794069123,64,64,320,384,31,6,359,0.9348958333333334,349,0.0,349,31,318,29,True,5,False,quasi_local_path,ORA-CNI-beta-0.001
standard,power_1138_bus,power-1138-bus,infrastructure,5,pa,0.283962688670607,0.6427978515625,0.328125,0.328125,0.328125,0.3620094300453534,64,64,320,384,24,20,380,0.9895833333333334,75,10.0,14,3,11,2,True,5,False,degree_based,PA
standard,power_1138_bus,power-1138-bus,infrastructure,5,pfp,0.5878608992817347,0.7555664062499999,0.578125,0.578125,0.578125,0.6838420450914201,64,64,320,384,31,5,358,0.9322916666666666,349,0.0,349,31,318,29,True,5,False,quasi_local_walk,PFP-l3
standard,power_1138_bus,power-1138-bus,infrastructure,5,ra,0.4379058441558441,0.6629150390625,0.421875,0.421875,0.421875,0.5504899873403849,64,64,320,384,12,8,380,0.9895833333333334,362,0.0,362,43,319,42,True,5,False,local_similarity,RA
standard,power_1138_bus,power-1138-bus,infrastructure,5,ra_cni,0.5504748942435111,0.7393310546875,0.5625,0.5625,0.5625,0.6650661641157047,64,64,320,384,21,9,372,0.96875,351,0.0,351,33,318,31,True,5,False,enhanced_local,RA-CNI
standard,power_1138_bus,power-1138-bus,infrastructure,5,sa,0.4253370063136897,0.6623779296875,0.421875,0.421875,0.421875,0.5462490747276748,64,64,320,384,15,7,376,0.9791666666666666,362,0.0,362,43,319,42,True,5,False,local_similarity,SA
standard,power_1138_bus,power-1138-bus,infrastructure,5,so,0.4176981872294372,0.6622314453125,0.421875,0.421875,0.421875,0.5433528086462412,64,64,320,384,13,6,377,0.9817708333333334,362,0.0,362,43,319,42,True,5,False,local_similarity,SO
standard,power_1138_bus,power-1138-bus,infrastructure,5,srw,0.5904369940103974,0.75576171875,0.578125,0.578125,0.578125,0.6845681691117894,64,64,320,384,27,7,364,0.9479166666666666,349,0.0,349,31,318,29,True,5,False,quasi_local_walk,SRW-l3
standard,power_1138_bus,power-1138-bus,infrastructure,5,aa,0.3570608129615482,0.66119384765625,0.390625,0.390625,0.390625,0.5159883834100172,64,64,640,704,12,8,700,0.9943181818181818,679,0.0,679,43,636,39,True,10,False,local_similarity,AA
standard,power_1138_bus,power-1138-bus,infrastructure,5,car_aa,0.1051136363636363,0.5078125,0.109375,0.109375,0.109375,0.1697937541225181,64,64,640,704,2,1,703,0.9985795454545454,703,0.0,703,63,640,63,True,10,False,enhanced_local,CAR-AA
standard,power_1138_bus,power-1138-bus,infrastructure,5,car_cn,0.1051136363636363,0.5078125,0.109375,0.109375,0.109375,0.1697937541225181,64,64,640,704,2,1,703,0.9985795454545454,703,0.0,703,63,640,63,True,10,False,enhanced_local,CAR-CN
standard,power_1138_bus,power-1138-bus,infrastructure,5,car_ra,0.1051136363636363,0.5078125,0.109375,0.109375,0.109375,0.1697937541225181,64,64,640,704,2,1,703,0.9985795454545454,703,0.0,703,63,640,63,True,10,False,enhanced_local,CAR-RA
standard,power_1138_bus,power-1138-bus,infrastructure,5,cn,0.3442045454545454,0.661083984375,0.390625,0.390625,0.390625,0.5083155236293838,64,64,640,704,4,3,703,0.9985795454545454,679,0.0,679,43,636,39,True,10,False,local_similarity,CN
standard,power_1138_bus,power-1138-bus,infrastructure,5,fl,0.4891680830743331,0.7531005859375,0.546875,0.546875,0.546875,0.6380857327204635,64,64,640,704,9,8,703,0.9985795454545454,665,0.0,665,31,634,25,True,10,False,quasi_local_path,FL-l3
standard,power_1138_bus,power-1138-bus,infrastructure,5,fsw,0.3186194882301146,0.6603759765625,0.390625,0.390625,0.390625,0.4890647324223015,64,64,640,704,17,7,694,0.9857954545454546,679,0.0,679,43,636,39,True,10,False,enhanced_local,FSW
standard,power_1138_bus,power-1138-bus,infrastructure,5,hdi,0.3090515127233877,0.66029052734375,0.390625,0.390625,0.390625,0.4800021709692125,64,64,640,704,12,7,699,0.9928977272727272,679,0.0,679,43,636,39,True,10,False,local_similarity,HDI
standard,power_1138_bus,power-1138-bus,infrastructure,5,hpi,0.3655315382081686,0.6614013671875,0.390625,0.390625,0.390625,0.5178619735833613,64,64,640,704,7,4,701,0.9957386363636364,679,0.0,679,43,636,39,True,10,False,local_similarity,HPI
standard,power_1138_bus,power-1138-bus,infrastructure,5,ia1,0.3570608129615482,0.66119384765625,0.390625,0.390625,0.390625,0.5159883834100172,64,64,640,704,12,8,700,0.9943181818181818,679,0.0,679,43,636,39,True,10,False,enhanced_local,IA1
standard,power_1138_bus,power-1138-bus,infrastructure,5,ia2,0.35383614241151,0.66114501953125,0.390625,0.390625,0.390625,0.5147566488226298,64,64,640,704,12,8,700,0.9943181818181818,679,0.0,679,43,636,39,True,10,False,enhanced_local,IA2
standard,power_1138_bus,power-1138-bus,infrastructure,5,ja,0.3207319499642869,0.6605224609375,0.390625,0.390625,0.390625,0.4854542524388204,64,64,640,704,13,8,699,0.9928977272727272,679,0.0,679,43,636,39,True,10,False,local_similarity,JA
standard,power_1138_bus,power-1138-bus,infrastructure,5,lit,0.1816704996392496,0.5685791015624999,0.234375,0.234375,0.234375,0.3213111118314025,64,64,640,704,12,1,693,0.984375,693,0.0,693,55,638,53,True,10,False,enhanced_local,LIT-i2
standard,power_1138_bus,power-1138-bus,infrastructure,5,llhn,0.3287742669368992,0.660693359375,0.390625,0.390625,0.390625,0.4878497609839229,64,64,640,704,16,7,695,0.9872159090909092,679,0.0,679,43,636,39,True,10,False,local_similarity,LLHN
standard,power_1138_bus,power-1138-bus,infrastructure,5,lnb_aa,0.3657530924334056,0.6613037109375,0.390625,0.390625,0.390625,0.5181534968823619,64,64,640,704,18,6,692,0.9829545454545454,679,0.0,679,43,636,39,True,10,False,local_bayesian,LNB-AA
standard,power_1138_bus,power-1138-bus,infrastructure,5,lnb_cn,0.3668452121461232,0.6613037109375,0.390625,0.390625,0.390625,0.5179123134645431,64,64,640,704,18,6,692,0.9829545454545454,679,0.0,679,43,636,39,True,10,False,local_bayesian,LNB-CN
standard,power_1138_bus,power-1138-bus,infrastructure,5,lnb_ra,0.358916031951318,0.661181640625,0.390625,0.390625,0.390625,0.5156137305193063,64,64,640,704,18,6,692,0.9829545454545454,679,0.0,679,43,636,39,True,10,False,local_bayesian,LNB-RA
standard,power_1138_bus,power-1138-bus,infrastructure,5,lpi,0.4891680830743331,0.7531005859375,0.546875,0.546875,0.546875,0.6380857327204635,64,64,640,704,9,8,703,0.9985795454545454,665,0.0,665,31,634,25,True,10,False,quasi_local_path,LPI-beta-0.001
standard,power_1138_bus,power-1138-bus,infrastructure,5,lrw,0.3845258127622058,0.66934814453125,0.40625,0.40625,0.40625,0.5322968789439287,64,64,640,704,23,4,685,0.9730113636363636,678,0.0,678,42,636,38,True,10,False,quasi_local_walk,LRW-l3
standard,power_1138_bus,power-1138-bus,infrastructure,5,ora_cni,0.5185104680604087,0.75391845703125,0.546875,0.546875,0.546875,0.6505355067143598,64,64,640,704,32,7,679,0.9644886363636364,665,0.0,665,31,634,25,True,10,False,quasi_local_path,ORA-CNI-beta-0.001
standard,power_1138_bus,power-1138-bus,infrastructure,5,pa,0.1686947168619543,0.64827880859375,0.234375,0.234375,0.234375,0.2409469422387849,64,64,640,704,30,23,697,0.9900568181818182,146,13.0,1,0,1,1,False,10,False,degree_based,PA
standard,power_1138_bus,power-1138-bus,infrastructure,5,pfp,0.51855687817617,0.7537841796875,0.546875,0.546875,0.546875,0.651722452738745,64,64,640,704,32,6,678,0.9630681818181818,665,0.0,665,31,634,25,True,10,False,quasi_local_walk,PFP-l3
standard,power_1138_bus,power-1138-bus,infrastructure,5,ra,0.3570608129615482,0.66119384765625,0.390625,0.390625,0.390625,0.5159883834100172,64,64,640,704,12,8,700,0.9943181818181818,679,0.0,679,43,636,39,True,10,False,local_similarity,RA
standard,power_1138_bus,power-1138-bus,infrastructure,5,ra_cni,0.4936798822670514,0.73876953125,0.53125,0.53125,0.53125,0.637093682007382,64,64,640,704,22,9,691,0.9815340909090908,668,0.0,668,33,635,28,True,10,False,enhanced_local,RA-CNI
standard,power_1138_bus,power-1138-bus,infrastructure,5,sa,0.3381002744857444,0.6608154296875,0.390625,0.390625,0.390625,0.4985623823141127,64,64,640,704,16,7,695,0.9872159090909092,679,0.0,679,43,636,39,True,10,False,local_similarity,SA
standard,power_1138_bus,power-1138-bus,infrastructure,5,so,0.3207319499642869,0.6605224609375,0.390625,0.390625,0.390625,0.4854542524388204,64,64,640,704,13,8,699,0.9928977272727272,679,0.0,679,43,636,39,True,10,False,local_similarity,SO
standard,power_1138_bus,power-1138-bus,infrastructure,5,srw,0.5171098332117339,0.75374755859375,0.546875,0.546875,0.546875,0.6515605851046985,64,64,640,704,28,9,685,0.9730113636363636,665,0.0,665,31,634,25,True,10,False,quasi_local_walk,SRW-l3
standard,power_grid,power-grid,infrastructure,1,aa,0.6703672581864386,0.6707815737351795,0.6193353474320241,0.6193353474320241,0.6193353474320241,0.6793127410260338,331,331,331,662,40,13,635,0.959214501510574,547,0.0,547,217,330,216,True,1,True,local_similarity,AA
standard,power_grid,power-grid,infrastructure,1,car_aa,0.5332326283987914,0.5332326283987916,0.5317220543806647,0.5317220543806647,0.5317220543806647,0.5671589430888008,331,331,331,662,21,3,644,0.972809667673716,640,0.0,640,309,331,309,True,1,True,enhanced_local,CAR-AA
standard,power_grid,power-grid,infrastructure,1,car_cn,0.5332326283987914,0.5332326283987916,0.5317220543806647,0.5317220543806647,0.5317220543806647,0.5671589430888008,331,331,331,662,7,5,660,0.9969788519637462,640,0.0,640,309,331,309,True,1,True,enhanced_local,CAR-CN
standard,power_grid,power-grid,infrastructure,1,car_ra,0.5332326283987914,0.5332326283987916,0.5317220543806647,0.5317220543806647,0.5317220543806647,0.5671589430888008,331,331,331,662,21,3,644,0.972809667673716,640,0.0,640,309,331,309,True,1,True,enhanced_local,CAR-RA
standard,power_grid,power-grid,infrastructure,1,cn,0.6700774990148431,0.6708454650833783,0.6193353474320241,0.6193353474320241,0.6193353474320241,0.6790391434757617,331,331,331,662,5,5,662,1.0,547,0.0,547,217,330,216,True,1,True,local_similarity,CN
standard,power_grid,power-grid,infrastructure,1,fl,0.7732210288465909,0.7750385629923057,0.6858006042296072,0.6858006042296072,0.6858006042296072,0.7438217378210025,331,331,331,662,29,16,649,0.9803625377643505,476,0.0,476,147,329,145,True,1,True,quasi_local_path,FL-l3
standard,power_grid,power-grid,infrastructure,1,fsw,0.6714399636838768,0.6709823751152327,0.6193353474320241,0.6193353474320241,0.6193353474320241,0.6795476917226364,331,331,331,662,51,23,634,0.9577039274924471,547,0.0,547,217,330,216,True,1,True,enhanced_local,FSW
standard,power_grid,power-grid,infrastructure,1,hdi,0.6717308968292914,0.6710782121375307,0.6193353474320241,0.6193353474320241,0.6193353474320241,0.6796229941791522,331,331,331,662,24,15,653,0.986404833836858,547,0.0,547,217,330,216,True,1,True,local_similarity,HDI
standard,power_grid,power-grid,infrastructure,1,hpi,0.6696792993191132,0.6707039913837954,0.6193353474320241,0.6193353474320241,0.6193353474320241,0.6790582999466782,331,331,331,662,15,12,659,0.9954682779456192,547,0.0,547,217,330,216,True,1,True,local_similarity,HPI
standard,power_grid,power-grid,infrastructure,1,ia1,0.6703188109476591,0.6707724463997226,0.6193353474320241,0.6193353474320241,0.6193353474320241,0.6793006295880182,331,331,331,662,40,13,635,0.959214501510574,547,0.0,547,217,330,216,True,1,True,enhanced_local,IA1
standard,power_grid,power-grid,infrastructure,1,ia2,0.6697414773778524,0.6706720457096961,0.6193353474320241,0.6193353474320241,0.6193353474320241,0.6791457342386568,331,331,331,662,37,12,637,0.9622356495468278,547,0.0,547,217,330,216,True,1,True,enhanced_local,IA2
standard,power_grid,power-grid,infrastructure,1,ja,0.6714838963152647,0.671023448124789,0.6193353474320241,0.6193353474320241,0.6193353474320241,0.6795765381282846,331,331,331,662,27,19,654,0.9879154078549848,547,0.0,547,217,330,216,True,1,True,local_similarity,JA
standard,power_grid,power-grid,infrastructure,1,lit,0.5792215890206266,0.5800330409543543,0.5649546827794562,0.5649546827794562,0.5649546827794562,0.6146269113271068,331,331,331,662,53,2,611,0.9229607250755288,607,0.0,607,277,330,276,True,1,True,enhanced_local,LIT-i2
standard,power_grid,power-grid,infrastructure,1,llhn,0.6709332831110141,0.6708637197542922,0.6193353474320241,0.6193353474320241,0.6193353474320241,0.6794300277792628,331,331,331,662,39,23,646,0.9758308157099698,547,0.0,547,217,330,216,True,1,True,local_similarity,LLHN
standard,power_grid,power-grid,infrastructure,1,lnb_aa,0.6702519755875781,0.6707039913837954,0.6193353474320241,0.6193353474320241,0.6193353474320241,0.6792492282901774,331,331,331,662,62,16,616,0.9305135951661632,547,0.0,547,217,330,216,True,1,True,local_bayesian,LNB-AA
standard,power_grid,power-grid,infrastructure,1,lnb_cn,0.6689589482480769,0.6705031900037423,0.6193353474320241,0.6193353474320241,0.6193353474320241,0.678833312850016,331,331,331,662,62,16,616,0.9305135951661632,547,0.0,547,217,330,216,True,1,True,local_bayesian,LNB-CN
standard,power_grid,power-grid,infrastructure,1,lnb_ra,0.669988400787538,0.6706583547065106,0.6193353474320241,0.6193353474320241,0.6193353474320241,0.6791773078436185,331,331,331,662,62,16,616,0.9305135951661632,547,0.0,547,217,330,216,True,1,True,local_bayesian,LNB-RA
standard,power_grid,power-grid,infrastructure,1,lpi,0.7732210288465909,0.7750385629923057,0.6858006042296072,0.6858006042296072,0.6858006042296072,0.7438217378210025,331,331,331,662,29,16,649,0.9803625377643505,476,0.0,476,147,329,145,True,1,True,quasi_local_path,LPI-beta-0.001
standard,power_grid,power-grid,infrastructure,1,lrw,0.6895079642847228,0.6906015826799682,0.6102719033232629,0.6102719033232629,0.6102719033232629,0.6738155295655583,331,331,331,662,74,20,608,0.918429003021148,532,0.0,532,203,329,201,True,1,True,quasi_local_walk,LRW-l3
standard,power_grid,power-grid,infrastructure,1,ora_cni,0.7745953045528752,0.7754036564105841,0.6858006042296072,0.6858006042296072,0.6858006042296072,0.7442425403850316,331,331,331,662,107,24,579,0.8746223564954683,476,0.0,476,147,329,145,True,1,True,quasi_local_path,ORA-CNI-beta-0.001
standard,power_grid,power-grid,infrastructure,1,pa,0.6404596458053334,0.6340440485209153,0.595166163141994,0.595166163141994,0.595166163141994,0.6330017135209163,331,331,331,662,44,33,651,0.9833836858006042,112,5.0,26,11,15,4,True,1,True,degree_based,PA
standard,power_grid,power-grid,infrastructure,1,pfp,0.7750030393337067,0.775335201394657,0.6858006042296072,0.6858006042296072,0.6858006042296072,0.7443877715754076,331,331,331,662,115,26,573,0.8655589123867069,476,0.0,476,147,329,145,True,1,True,quasi_local_walk,PFP-l3
standard,power_grid,power-grid,infrastructure,1,ra,0.6701687628042436,0.6707450643933517,0.6193353474320241,0.6193353474320241,0.6193353474320241,0.6792625466930697,331,331,331,662,39,12,635,0.959214501510574,547,0.0,547,217,330,216,True,1,True,local_similarity,RA
standard,power_grid,power-grid,infrastructure,1,ra_cni,0.7643074486288205,0.7648980932996231,0.6737160120845922,0.6737160120845922,0.6737160120845922,0.7336551017796376,331,331,331,662,75,24,611,0.9229607250755288,483,0.0,483,154,329,152,True,1,True,enhanced_local,RA-CNI
standard,power_grid,power-grid,infrastructure,1,sa,0.6713372844851261,0.6709595567765902,0.6193353474320241,0.6193353474320241,0.6193353474320241,0.6795248129973954,331,331,331,662,44,23,641,0.9682779456193352,547,0.0,547,217,330,216,True,1,True,local_similarity,SA
standard,power_grid,power-grid,infrastructure,1,so,0.6714838963152647,0.671023448124789,0.6193353474320241,0.6193353474320241,0.6193353474320241,0.6795765381282846,331,331,331,662,27,19,654,0.9879154078549848,547,0.0,547,217,330,216,True,1,True,local_similarity,SO
standard,power_grid,power-grid,infrastructure,1,srw,0.7739288683812824,0.7753215103914715,0.6858006042296072,0.6858006042296072,0.6858006042296072,0.7440355374669496,331,331,331,662,102,26,586,0.8851963746223565,476,0.0,476,147,329,145,True,1,True,quasi_local_walk,SRW-l3
standard,power_grid,power-grid,infrastructure,1,aa,0.4493535994193406,0.6714022325462528,0.4078549848942598,0.4078549848942598,0.4078549848942598,0.5022492046461244,331,331,1655,1986,40,13,1959,0.986404833836858,1869,0.0,1869,217,1652,214,True,5,False,local_similarity,AA
standard,power_grid,power-grid,infrastructure,1,car_aa,0.2220543806646525,0.5332326283987916,0.202416918429003,0.202416918429003,0.202416918429003,0.2681702283978921,331,331,1655,1986,21,3,1968,0.9909365558912386,1964,0.0,1964,309,1655,309,True,5,False,enhanced_local,CAR-AA
standard,power_grid,power-grid,infrastructure,1,car_cn,0.2220543806646525,0.5332326283987916,0.202416918429003,0.202416918429003,0.202416918429003,0.2681702283978921,331,331,1655,1986,7,5,1984,0.998992950654582,1964,0.0,1964,309,1655,309,True,5,False,enhanced_local,CAR-CN
standard,power_grid,power-grid,infrastructure,1,car_ra,0.2220543806646525,0.5332326283987916,0.202416918429003,0.202416918429003,0.202416918429003,0.2681702283978921,331,331,1655,1986,21,3,1968,0.9909365558912386,1964,0.0,1964,309,1655,309,True,5,False,enhanced_local,CAR-RA
standard,power_grid,power-grid,infrastructure,1,cn,0.447401038035479,0.671389454276613,0.4078549848942598,0.4078549848942598,0.4078549848942598,0.5011198562059476,331,331,1655,1986,5,5,1986,1.0,1869,0.0,1869,217,1652,214,True,5,False,local_similarity,CN
standard,power_grid,power-grid,infrastructure,1,fl,0.6155599210040062,0.775806171904236,0.5830815709969789,0.5830815709969789,0.5830815709969789,0.6587517767326223,331,331,1655,1986,29,16,1973,0.9934541792547836,1793,0.0,1793,147,1646,138,True,5,False,quasi_local_path,FL-l3
standard,power_grid,power-grid,infrastructure,1,fsw,0.4462638107312677,0.6713127846587746,0.4078549848942598,0.4078549848942598,0.4078549848942598,0.5010665277957138,331,331,1655,1986,51,23,1958,0.9859013091641492,1869,0.0,1869,217,1652,214,True,5,False,enhanced_local,FSW
standard,power_grid,power-grid,infrastructure,1,hdi,0.4443139961157984,0.671314610125866,0.4078549848942598,0.4078549848942598,0.4078549848942598,0.4980480300828201,331,331,1655,1986,24,15,1977,0.9954682779456192,1869,0.0,1869,217,1652,214,True,5,False,local_similarity,HDI
standard,power_grid,power-grid,infrastructure,1,hpi,0.4462706717172331,0.6713045700568633,0.4078549848942598,0.4078549848942598,0.4078549848942598,0.5012636164635726,331,331,1655,1986,15,12,1983,0.9984894259818732,1869,0.0,1869,217,1652,214,True,5,False,local_similarity,HPI
standard,power_grid,power-grid,infrastructure,1,ia1,0.4492581947445115,0.67139858161207,0.4078549848942598,0.4078549848942598,0.4078549848942598,0.5022243679786259,331,331,1655,1986,40,13,1959,0.986404833836858,1869,0.0,1869,217,1652,214,True,5,False,enhanced_local,IA1
standard,power_grid,power-grid,infrastructure,1,ia2,0.4480911001520766,0.671356595868968,0.4078549848942598,0.4078549848942598,0.4078549848942598,0.5018986335770873,331,331,1655,1986,37,12,1961,0.987411883182276,1869,0.0,1869,217,1652,214,True,5,False,enhanced_local,IA2
standard,power_grid,power-grid,infrastructure,1,ja,0.4461075234980733,0.6713182610600488,0.4078549848942598,0.4078549848942598,0.4078549848942598,0.5008685018518275,331,331,1655,1986,27,19,1978,0.9959718026183284,1869,0.0,1869,217,1652,214,True,5,False,local_similarity,JA
standard,power_grid,power-grid,infrastructure,1,lit,0.3002689203398612,0.5812634057739524,0.2779456193353474,0.2779456193353474,0.2779456193353474,0.3643243235287525,331,331,1655,1986,53,2,1935,0.974320241691843,1931,0.0,1931,277,1654,276,True,5,False,enhanced_local,LIT-i2
standard,power_grid,power-grid,infrastructure,1,llhn,0.4438772243011814,0.6712525442447587,0.4078549848942598,0.4078549848942598,0.4078549848942598,0.4996342959523492,331,331,1655,1986,39,23,1970,0.9919436052366566,1869,0.0,1869,217,1652,214,True,5,False,local_similarity,LLHN
standard,power_grid,power-grid,infrastructure,1,lnb_aa,0.4499812138118614,0.6714223126842581,0.4078549848942598,0.4078549848942598,0.4078549848942598,0.5023677089953962,331,331,1655,1986,62,16,1940,0.9768378650553876,1869,0.0,1869,217,1652,214,True,5,False,local_bayesian,LNB-AA
standard,power_grid,power-grid,infrastructure,1,lnb_cn,0.4495998697414675,0.6714277890855322,0.4078549848942598,0.4078549848942598,0.4078549848942598,0.5021681292554756,331,331,1655,1986,62,16,1940,0.9768378650553876,1869,0.0,1869,217,1652,214,True,5,False,local_bayesian,LNB-CN
standard,power_grid,power-grid,infrastructure,1,lnb_ra,0.4495662767124299,0.6714040580133442,0.4078549848942598,0.4078549848942598,0.4078549848942598,0.5022623821516267,331,331,1655,1986,62,16,1940,0.9768378650553876,1869,0.0,1869,217,1652,214,True,5,False,local_bayesian,LNB-RA
standard,power_grid,power-grid,infrastructure,1,lpi,0.6155599210040062,0.775806171904236,0.5830815709969789,0.5830815709969789,0.5830815709969789,0.6587517767326223,331,331,1655,1986,29,16,1973,0.9934541792547836,1793,0.0,1793,147,1646,138,True,5,False,quasi_local_path,LPI-beta-0.001
standard,power_grid,power-grid,infrastructure,1,lrw,0.4715256536067647,0.6914184792033661,0.43202416918429,0.43202416918429,0.43202416918429,0.5198111513222906,331,331,1655,1986,74,22,1934,0.973816717019134,1851,0.0,1851,203,1648,196,True,5,False,quasi_local_walk,LRW-l3
standard,power_grid,power-grid,infrastructure,1,ora_cni,0.6211663598599697,0.7760051478171978,0.5830815709969789,0.5830815709969789,0.5830815709969789,0.6600115110500336,331,331,1655,1986,108,26,1904,0.9587109768378652,1793,0.0,1793,147,1646,138,True,5,False,quasi_local_path,ORA-CNI-beta-0.001
standard,power_grid,power-grid,infrastructure,1,pa,0.3115632341900482,0.6319228557607178,0.3262839879154078,0.3262839879154078,0.3262839879154078,0.3813182886537407,331,331,1655,1986,46,36,1976,0.9949647532729105,361,12.0,112,25,87,78,True,5,False,degree_based,PA
standard,power_grid,power-grid,infrastructure,1,pfp,0.6151923241012958,0.7756993820793896,0.5830815709969789,0.5830815709969789,0.5830815709969789,0.6584344387755586,331,331,1655,1986,116,28,1898,0.9556898288016112,1793,0.0,1793,147,1646,138,True,5,False,quasi_local_walk,PFP-l3
standard,power_grid,power-grid,infrastructure,1,ra,0.4489628545009032,0.6713876288095216,0.4078549848942598,0.4078549848942598,0.4078549848942598,0.5021461977108118,331,331,1655,1986,39,12,1959,0.986404833836858,1869,0.0,1869,217,1652,214,True,5,False,local_similarity,RA
standard,power_grid,power-grid,infrastructure,1,ra_cni,0.6044754013242447,0.7656301056032713,0.5619335347432024,0.5619335347432024,0.5619335347432024,0.6420132812121034,331,331,1655,1986,76,25,1935,0.974320241691843,1801,0.0,1801,154,1647,146,True,5,False,enhanced_local,RA-CNI
standard,power_grid,power-grid,infrastructure,1,sa,0.4467733290357853,0.6713164355929574,0.4078549848942598,0.4078549848942598,0.4078549848942598,0.5013196405436842,331,331,1655,1986,44,23,1965,0.9894259818731118,1869,0.0,1869,217,1652,214,True,5,False,local_similarity,SA
standard,power_grid,power-grid,infrastructure,1,so,0.4461075234980733,0.6713182610600488,0.4078549848942598,0.4078549848942598,0.4078549848942598,0.5008685018518275,331,331,1655,1986,27,19,1978,0.9959718026183284,1869,0.0,1869,217,1652,214,True,5,False,local_similarity,SO
standard,power_grid,power-grid,infrastructure,1,srw,0.6175501284083031,0.7757988700358704,0.5830815709969789,0.5830815709969789,0.5830815709969789,0.6591523931873066,331,331,1655,1986,103,27,1910,0.9617321248741189,1793,0.0,1793,147,1646,138,True,5,False,quasi_local_walk,SRW-l3
standard,power_grid,power-grid,infrastructure,1,aa,0.3995090818342782,0.6716988709486039,0.3746223564954682,0.3746223564954682,0.3746223564954682,0.4743747309140824,331,331,3310,3641,40,14,3615,0.992859104641582,3523,0.0,3523,217,3306,213,True,10,False,local_similarity,AA
standard,power_grid,power-grid,infrastructure,1,car_aa,0.1513320516341664,0.5332326283987916,0.1359516616314199,0.1359516616314199,0.1359516616314199,0.2084843446342195,331,331,3310,3641,21,3,3623,0.9950563032134028,3619,0.0,3619,309,3310,309,True,10,False,enhanced_local,CAR-AA
standard,power_grid,power-grid,infrastructure,1,car_cn,0.1513320516341664,0.5332326283987916,0.1359516616314199,0.1359516616314199,0.1359516616314199,0.2084843446342195,331,331,3310,3641,7,5,3639,0.9994507003570448,3619,0.0,3619,309,3310,309,True,10,False,enhanced_local,CAR-CN
standard,power_grid,power-grid,infrastructure,1,car_ra,0.1513320516341664,0.5332326283987916,0.1359516616314199,0.1359516616314199,0.1359516616314199,0.2084843446342195,331,331,3310,3641,21,3,3623,0.9950563032134028,3619,0.0,3619,309,3310,309,True,10,False,enhanced_local,CAR-RA
standard,power_grid,power-grid,infrastructure,1,cn,0.3957145317686051,0.6716614488732304,0.3746223564954682,0.3746223564954682,0.3746223564954682,0.4728281472304802,331,331,3310,3641,5,5,3641,1.0,3523,0.0,3523,217,3306,213,True,10,False,local_similarity,CN
standard,power_grid,power-grid,infrastructure,1,fl,0.5760697865175547,0.7763460537965152,0.5619335347432024,0.5619335347432024,0.5619335347432024,0.6412771867177609,331,331,3310,3641,29,16,3628,0.996429552320791,3443,0.0,3443,147,3296,133,True,10,False,quasi_local_path,FL-l3
standard,power_grid,power-grid,infrastructure,1,fsw,0.3919784190540593,0.6715779337537992,0.3746223564954682,0.3746223564954682,0.3746223564954682,0.471812232052146,331,331,3310,3641,51,23,3613,0.9923098049986268,3523,0.0,3523,217,3306,213,True,10,False,enhanced_local,FSW
standard,power_grid,power-grid,infrastructure,1,hdi,0.3879091660165407,0.671566524584478,0.3746223564954682,0.3746223564954682,0.3746223564954682,0.4674037954819571,331,331,3310,3641,24,15,3632,0.9975281516067016,3523,0.0,3523,217,3306,213,True,10,False,local_similarity,HDI
standard,power_grid,power-grid,infrastructure,1,hpi,0.3942480521525732,0.6716048593933972,0.3746223564954682,0.3746223564954682,0.3746223564954682,0.4729179360719985,331,331,3310,3641,15,12,3638,0.9991760505355672,3523,0.0,3523,217,3306,213,True,10,False,local_similarity,HPI
standard,power_grid,power-grid,infrastructure,1,ia1,0.3994136771594492,0.6716970454815125,0.3746223564954682,0.3746223564954682,0.3746223564954682,0.4743498942465838,331,331,3310,3641,40,14,3615,0.992859104641582,3523,0.0,3523,217,3306,213,True,10,False,enhanced_local,IA1
standard,power_grid,power-grid,infrastructure,1,ia2,0.3982465825670142,0.6716760526099614,0.3746223564954682,0.3746223564954682,0.3746223564954682,0.4740241598450452,331,331,3310,3641,37,13,3617,0.9934084042845372,3523,0.0,3523,217,3306,213,True,10,False,enhanced_local,IA2
standard,power_grid,power-grid,infrastructure,1,ja,0.3915755779460741,0.6715779337537992,0.3746223564954682,0.3746223564954682,0.3746223564954682,0.4713538201429313,331,331,3310,3641,27,19,3633,0.9978028014281792,3523,0.0,3523,217,3306,213,True,10,False,local_similarity,JA
standard,power_grid,power-grid,infrastructure,1,lit,0.2368705865487783,0.5814172013764022,0.2265861027190332,0.2265861027190332,0.2265861027190332,0.3192979129032664,331,331,3310,3641,53,2,3590,0.9859928591046416,3586,0.0,3586,277,3309,276,True,10,False,enhanced_local,LIT-i2
standard,power_grid,power-grid,infrastructure,1,llhn,0.3882550871901665,0.6715391425781071,0.3746223564954682,0.3746223564954682,0.3746223564954682,0.469760657467813,331,331,3310,3641,39,23,3625,0.995605602856358,3523,0.0,3523,217,3306,213,True,10,False,local_similarity,LLHN
standard,power_grid,power-grid,infrastructure,1,lnb_aa,0.4001364444684468,0.6717089110176065,0.3746223564954682,0.3746223564954682,0.3746223564954682,0.4744932352633541,331,331,3310,3641,62,17,3596,0.9876407580335071,3523,0.0,3523,217,3306,213,True,10,False,local_bayesian,LNB-AA
standard,power_grid,power-grid,infrastructure,1,lnb_cn,0.3997546205104405,0.6717116492182437,0.3746223564954682,0.3746223564954682,0.3746223564954682,0.4742935878891432,331,331,3310,3641,62,17,3596,0.9876407580335071,3523,0.0,3523,217,3306,213,True,10,False,local_bayesian,LNB-CN
standard,power_grid,power-grid,infrastructure,1,lnb_ra,0.3997477898834092,0.6717006964156953,0.3746223564954682,0.3746223564954682,0.3746223564954682,0.4743932451098746,331,331,3310,3641,62,17,3596,0.9876407580335071,3523,0.0,3523,217,3306,213,True,10,False,local_bayesian,LNB-RA
standard,power_grid,power-grid,infrastructure,1,lpi,0.5760697865175547,0.7763460537965152,0.5619335347432024,0.5619335347432024,0.5619335347432024,0.6412771867177609,331,331,3310,3641,29,16,3628,0.996429552320791,3443,0.0,3443,147,3296,133,True,10,False,quasi_local_path,LPI-beta-0.001
standard,power_grid,power-grid,infrastructure,1,lrw,0.4166259220467871,0.6917963508912843,0.4138972809667673,0.4138972809667673,0.4138972809667673,0.5022260326211666,331,331,3310,3641,75,23,3589,0.985718209283164,3502,0.0,3502,203,3299,192,True,10,False,quasi_local_walk,LRW-l3
standard,power_grid,power-grid,infrastructure,1,ora_cni,0.5803631512333788,0.7763273427588285,0.5619335347432024,0.5619335347432024,0.5619335347432024,0.6418231968263733,331,331,3310,3641,110,28,3559,0.9774787146388356,3443,0.0,3443,147,3296,133,True,10,False,quasi_local_path,ORA-CNI-beta-0.001
standard,power_grid,power-grid,infrastructure,1,pa,0.2110224367263366,0.6301900311242139,0.2326283987915408,0.2326283987915408,0.2326283987915408,0.294401789838433,331,331,3310,3641,47,37,3631,0.997253501785224,695,15.0,75,2,73,32,True,10,False,degree_based,PA
standard,power_grid,power-grid,infrastructure,1,pfp,0.5719938062517986,0.7761374941813237,0.5619335347432024,0.5619335347432024,0.5619335347432024,0.6396842248008516,331,331,3310,3641,118,28,3551,0.9752815160670144,3443,0.0,3443,147,3296,133,True,10,False,quasi_local_walk,PFP-l3
standard,power_grid,power-grid,infrastructure,1,ra,0.3991183369158407,0.6716915690802383,0.3746223564954682,0.3746223564954682,0.3746223564954682,0.4742717239787697,331,331,3310,3641,39,13,3615,0.992859104641582,3523,0.0,3523,217,3306,213,True,10,False,local_similarity,RA
standard,power_grid,power-grid,infrastructure,1,ra_cni,0.5626773808847588,0.7658692417922437,0.5438066465256798,0.5438066465256798,0.5438066465256798,0.626167907901997,331,331,3310,3641,78,26,3589,0.985718209283164,3451,0.0,3451,154,3297,141,True,10,False,enhanced_local,RA-CNI
standard,power_grid,power-grid,infrastructure,1,sa,0.3929034683418628,0.6715829537883006,0.3746223564954682,0.3746223564954682,0.3746223564954682,0.4722623742348601,331,331,3310,3641,44,23,3620,0.99423235374897,3523,0.0,3523,217,3306,213,True,10,False,local_similarity,SA
standard,power_grid,power-grid,infrastructure,1,so,0.3915755779460741,0.6715779337537992,0.3746223564954682,0.3746223564954682,0.3746223564954682,0.4713538201429313,331,331,3310,3641,27,19,3633,0.9978028014281792,3523,0.0,3523,217,3306,213,True,10,False,local_similarity,SO
standard,power_grid,power-grid,infrastructure,1,srw,0.5793921216195164,0.7763182154233715,0.5619335347432024,0.5619335347432024,0.5619335347432024,0.641558798535963,331,331,3310,3641,104,29,3566,0.9794012633891788,3443,0.0,3443,147,3296,133,True,10,False,quasi_local_walk,SRW-l3
standard,power_grid,power-grid,infrastructure,2,aa,0.6963515601577455,0.6954481978076141,0.6193353474320241,0.6193353474320241,0.6193353474320241,0.6822803589357955,331,331,331,662,41,15,636,0.9607250755287008,531,0.0,531,201,330,200,True,1,True,local_similarity,AA
standard,power_grid,power-grid,infrastructure,2,car_aa,0.5302114803625377,0.5302114803625377,0.525679758308157,0.525679758308157,0.525679758308157,0.5586665592959422,331,331,331,662,18,4,648,0.9788519637462236,642,0.0,642,311,331,311,True,1,True,enhanced_local,CAR-AA
standard,power_grid,power-grid,infrastructure,2,car_cn,0.5302114803625376,0.5302114803625377,0.525679758308157,0.525679758308157,0.525679758308157,0.5586665592959422,331,331,331,662,7,4,659,0.9954682779456192,642,0.0,642,311,331,311,True,1,True,enhanced_local,CAR-CN
standard,power_grid,power-grid,infrastructure,2,car_ra,0.5302114803625377,0.5302114803625377,0.525679758308157,0.525679758308157,0.525679758308157,0.5586665592959422,331,331,331,662,18,4,648,0.9788519637462236,642,0.0,642,311,331,311,True,1,True,enhanced_local,CAR-RA
standard,power_grid,power-grid,infrastructure,2,cn,0.6941837134752428,0.6950237767088654,0.6193353474320241,0.6193353474320241,0.6193353474320241,0.6822579751238489,331,331,331,662,6,5,661,0.9984894259818732,531,0.0,531,201,330,200,True,1,True,local_similarity,CN
standard,power_grid,power-grid,infrastructure,2,fl,0.7804060128509942,0.7818156095690986,0.6948640483383686,0.6948640483383686,0.6948640483383686,0.7515048174106814,331,331,331,662,28,17,651,0.9833836858006042,470,0.0,470,142,328,139,True,1,True,quasi_local_path,FL-l3
standard,power_grid,power-grid,infrastructure,2,fsw,0.6925906038471461,0.6946221739487592,0.6193353474320241,0.6193353474320241,0.6193353474320241,0.6814995077249418,331,331,331,662,57,22,627,0.947129909365559,531,0.0,531,201,330,200,True,1,True,enhanced_local,FSW
standard,power_grid,power-grid,infrastructure,2,hdi,0.6924118562447895,0.6945993556101168,0.6193353474320241,0.6193353474320241,0.6193353474320241,0.6814995077249418,331,331,331,662,24,15,653,0.986404833836858,531,0.0,531,201,330,200,True,1,True,local_similarity,HDI
standard,power_grid,power-grid,infrastructure,2,hpi,0.6936464563711419,0.6948366663319977,0.6193353474320241,0.6193353474320241,0.6193353474320241,0.6819930692160765,331,331,331,662,18,9,653,0.986404833836858,531,0.0,531,201,330,200,True,1,True,local_similarity,HPI
standard,power_grid,power-grid,infrastructure,2,ia1,0.6963515601577454,0.6954481978076141,0.6193353474320241,0.6193353474320241,0.6193353474320241,0.6822803589357955,331,331,331,662,41,14,635,0.959214501510574,531,0.0,531,201,330,200,True,1,True,enhanced_local,IA1
standard,power_grid,power-grid,infrastructure,2,ia2,0.6963515601577451,0.6954481978076141,0.6193353474320241,0.6193353474320241,0.6193353474320241,0.6822803589357955,331,331,331,662,39,11,634,0.9577039274924471,531,0.0,531,201,330,200,True,1,True,enhanced_local,IA2
standard,power_grid,power-grid,infrastructure,2,ja,0.6928713460541778,0.6946358649519446,0.6193353474320241,0.6193353474320241,0.6193353474320241,0.6815199596031193,331,331,331,662,27,17,652,0.9848942598187312,531,0.0,531,201,330,200,True,1,True,local_similarity,JA
standard,power_grid,power-grid,infrastructure,2,lit,0.5916364470337323,0.5921450151057402,0.5498489425981873,0.5498489425981873,0.5498489425981873,0.6045752807121609,331,331,331,662,60,5,607,0.9169184290030212,599,0.0,599,269,330,268,True,1,True,enhanced_local,LIT-i2
standard,power_grid,power-grid,infrastructure,2,llhn,0.6923272909196313,0.6945811009392029,0.6193353474320241,0.6193353474320241,0.6193353474320241,0.6813603489834434,331,331,331,662,41,22,643,0.9712990936555892,531,0.0,531,201,330,200,True,1,True,local_similarity,LLHN
standard,power_grid,power-grid,infrastructure,2,lnb_aa,0.6963050782067761,0.6954299431367001,0.6193353474320241,0.6193353474320241,0.6193353474320241,0.6822715525099865,331,331,331,662,60,21,623,0.9410876132930514,531,0.0,531,201,330,200,True,1,True,local_bayesian,LNB-AA
standard,power_grid,power-grid,infrastructure,2,lnb_cn,0.6954021496123883,0.6951196137311635,0.6193353474320241,0.6193353474320241,0.6193353474320241,0.6820840766837785,331,331,331,662,60,21,623,0.9410876132930514,531,0.0,531,201,330,200,True,1,True,local_bayesian,LNB-CN
standard,power_grid,power-grid,infrastructure,2,lnb_ra,0.6963050782067763,0.6954299431367001,0.6193353474320241,0.6193353474320241,0.6193353474320241,0.6822715525099865,331,331,331,662,60,21,623,0.9410876132930514,531,0.0,531,201,330,200,True,1,True,local_bayesian,LNB-RA
standard,power_grid,power-grid,infrastructure,2,lpi,0.7804060128509942,0.7818156095690986,0.6948640483383686,0.6948640483383686,0.6948640483383686,0.7515048174106814,331,331,331,662,28,17,651,0.9833836858006042,470,0.0,470,142,328,139,True,1,True,quasi_local_path,LPI-beta-0.001
standard,power_grid,power-grid,infrastructure,2,lrw,0.6949876256918157,0.6954345068044285,0.6163141993957704,0.6163141993957704,0.6163141993957704,0.6791404066437373,331,331,331,662,82,21,601,0.90785498489426,527,0.0,527,199,328,196,True,1,True,quasi_local_walk,LRW-l3
standard,power_grid,power-grid,infrastructure,2,ora_cni,0.7787873468040877,0.7812770967771379,0.6948640483383686,0.6948640483383686,0.6948640483383686,0.7508751595386035,331,331,331,662,113,23,572,0.8640483383685801,470,0.0,470,142,328,139,True,1,True,quasi_local_path,ORA-CNI-beta-0.001
standard,power_grid,power-grid,infrastructure,2,pa,0.6908732588217987,0.6744233805825065,0.622356495468278,0.622356495468278,0.622356495468278,0.6684566914960891,331,331,331,662,42,31,651,0.9833836858006042,112,6.0,69,30,39,39,True,1,True,degree_based,PA
standard,power_grid,power-grid,infrastructure,2,pfp,0.7807859656729408,0.7817927912304561,0.6948640483383686,0.6948640483383686,0.6948640483383686,0.7514040806928787,331,331,331,662,119,30,573,0.8655589123867069,470,0.0,470,142,328,139,True,1,True,quasi_local_walk,PFP-l3
standard,power_grid,power-grid,infrastructure,2,ra,0.6963515601577451,0.6954481978076141,0.6193353474320241,0.6193353474320241,0.6193353474320241,0.6822803589357955,331,331,331,662,39,16,639,0.9652567975830816,531,0.0,531,201,330,200,True,1,True,local_similarity,RA
standard,power_grid,power-grid,infrastructure,2,ra_cni,0.7701137116207587,0.7722866713520322,0.6858006042296072,0.6858006042296072,0.6858006042296072,0.7428918853765022,331,331,331,662,83,24,603,0.9108761329305136,476,0.0,476,148,328,145,True,1,True,enhanced_local,RA-CNI
standard,power_grid,power-grid,infrastructure,2,sa,0.6935591755387391,0.6947408293096997,0.6193353474320241,0.6193353474320241,0.6193353474320241,0.681693058676004,331,331,331,662,47,22,637,0.9622356495468278,531,0.0,531,201,330,200,True,1,True,local_similarity,SA
standard,power_grid,power-grid,infrastructure,2,so,0.6928713460541778,0.6946358649519446,0.6193353474320241,0.6193353474320241,0.6193353474320241,0.6815199596031193,331,331,331,662,27,17,652,0.9848942598187312,531,0.0,531,201,330,200,True,1,True,local_similarity,SO
standard,power_grid,power-grid,infrastructure,2,srw,0.7834679978406504,0.7825549237411122,0.6948640483383686,0.6948640483383686,0.6948640483383686,0.751998261834851,331,331,331,662,109,30,583,0.8806646525679759,470,0.0,470,142,328,139,True,1,True,quasi_local_walk,SRW-l3
standard,power_grid,power-grid,infrastructure,2,aa,0.4939346417287424,0.6961893374467192,0.4380664652567976,0.4380664652567976,0.4380664652567976,0.5324372757312722,331,331,1655,1986,41,15,1960,0.9869083585095668,1855,0.0,1855,201,1654,200,True,5,False,local_similarity,AA
standard,power_grid,power-grid,infrastructure,2,car_aa,0.2170191339375629,0.5302114803625377,0.1993957703927492,0.1993957703927492,0.1993957703927492,0.2626647462919265,331,331,1655,1986,18,4,1972,0.9929506545820744,1966,0.0,1966,311,1655,311,True,5,False,enhanced_local,CAR-AA
standard,power_grid,power-grid,infrastructure,2,car_cn,0.2170191339375629,0.5302114803625377,0.1993957703927492,0.1993957703927492,0.1993957703927492,0.2626647462919265,331,331,1655,1986,7,4,1983,0.9984894259818732,1966,0.0,1966,311,1655,311,True,5,False,enhanced_local,CAR-CN
standard,power_grid,power-grid,infrastructure,2,car_ra,0.2170191339375629,0.5302114803625377,0.1993957703927492,0.1993957703927492,0.1993957703927492,0.2626647462919265,331,331,1655,1986,18,4,1972,0.9929506545820744,1966,0.0,1966,311,1655,311,True,5,False,enhanced_local,CAR-RA
standard,power_grid,power-grid,infrastructure,2,cn,0.4917667950462396,0.6961044532269695,0.4380664652567976,0.4380664652567976,0.4380664652567976,0.5324148919193255,331,331,1655,1986,6,5,1985,0.999496475327291,1855,0.0,1855,201,1654,200,True,5,False,local_similarity,CN
standard,power_grid,power-grid,infrastructure,2,fl,0.6374050058016487,0.7847619134546052,0.5921450151057401,0.5921450151057401,0.5921450151057401,0.6691376311858456,331,331,1655,1986,28,17,1975,0.9944612286002014,1794,0.0,1794,142,1652,139,True,5,False,quasi_local_path,FL-l3
standard,power_grid,power-grid,infrastructure,2,fsw,0.4901736854181431,0.6960241326749482,0.4380664652567976,0.4380664652567976,0.4380664652567976,0.5316564245204184,331,331,1655,1986,57,22,1951,0.9823766364551864,1855,0.0,1855,201,1654,200,True,5,False,enhanced_local,FSW
standard,power_grid,power-grid,infrastructure,2,hdi,0.4899949378157865,0.6960195690072197,0.4380664652567976,0.4380664652567976,0.4380664652567976,0.5316564245204184,331,331,1655,1986,24,15,1977,0.9954682779456192,1855,0.0,1855,201,1654,200,True,5,False,local_similarity,HDI
standard,power_grid,power-grid,infrastructure,2,hpi,0.4912295379421388,0.696067031151596,0.4380664652567976,0.4380664652567976,0.4380664652567976,0.5321499860115532,331,331,1655,1986,18,9,1977,0.9954682779456192,1855,0.0,1855,201,1654,200,True,5,False,local_similarity,HPI
standard,power_grid,power-grid,infrastructure,2,ia1,0.4939346417287424,0.6961893374467192,0.4380664652567976,0.4380664652567976,0.4380664652567976,0.5324372757312722,331,331,1655,1986,41,14,1959,0.986404833836858,1855,0.0,1855,201,1654,200,True,5,False,enhanced_local,IA1
standard,power_grid,power-grid,infrastructure,2,ia2,0.4939346417287424,0.6961893374467192,0.4380664652567976,0.4380664652567976,0.4380664652567976,0.5324372757312722,331,331,1655,1986,39,11,1958,0.9859013091641492,1855,0.0,1855,201,1654,200,True,5,False,enhanced_local,IA2
standard,power_grid,power-grid,infrastructure,2,ja,0.4904544276251748,0.6960268708755853,0.4380664652567976,0.4380664652567976,0.4380664652567976,0.5316768763985958,331,331,1655,1986,27,17,1976,0.9949647532729105,1855,0.0,1855,201,1654,200,True,5,False,local_similarity,JA
standard,power_grid,power-grid,infrastructure,2,lit,0.3207401731163103,0.5933534743202417,0.2870090634441087,0.2870090634441087,0.2870090634441087,0.3770010149705636,331,331,1655,1986,60,5,1931,0.972306143001007,1923,0.0,1923,269,1654,268,True,5,False,enhanced_local,LIT-i2
standard,power_grid,power-grid,infrastructure,2,llhn,0.4899103724906283,0.696015918073037,0.4380664652567976,0.4380664652567976,0.4380664652567976,0.53151726577892,331,331,1655,1986,41,22,1967,0.9904330312185295,1855,0.0,1855,201,1654,200,True,5,False,local_similarity,LLHN
standard,power_grid,power-grid,infrastructure,2,lnb_aa,0.4938881597777732,0.6961856865125364,0.4380664652567976,0.4380664652567976,0.4380664652567976,0.5324284693054631,331,331,1655,1986,60,21,1947,0.9803625377643505,1855,0.0,1855,201,1654,200,True,5,False,local_bayesian,LNB-AA
standard,power_grid,power-grid,infrastructure,2,lnb_cn,0.4929852311833854,0.6961236206314291,0.4380664652567976,0.4380664652567976,0.4380664652567976,0.532240993479255,331,331,1655,1986,60,21,1947,0.9803625377643505,1855,0.0,1855,201,1654,200,True,5,False,local_bayesian,LNB-CN
standard,power_grid,power-grid,infrastructure,2,lnb_ra,0.4938881597777733,0.6961856865125364,0.4380664652567976,0.4380664652567976,0.4380664652567976,0.5324284693054631,331,331,1655,1986,60,21,1947,0.9803625377643505,1855,0.0,1855,201,1654,200,True,5,False,local_bayesian,LNB-RA
standard,power_grid,power-grid,infrastructure,2,lpi,0.6374050058016487,0.7847619134546052,0.5921450151057401,0.5921450151057401,0.5921450151057401,0.6691376311858456,331,331,1655,1986,28,17,1975,0.9944612286002014,1794,0.0,1794,142,1652,139,True,5,False,quasi_local_path,LPI-beta-0.001
standard,power_grid,power-grid,infrastructure,2,lrw,0.4945848059536484,0.6986035176750851,0.4410876132930513,0.4410876132930513,0.4410876132930513,0.5349234862280114,331,331,1655,1986,82,21,1925,0.9692849949647532,1851,0.0,1851,199,1652,196,True,5,False,quasi_local_walk,LRW-l3
standard,power_grid,power-grid,infrastructure,2,ora_cni,0.6357863397547423,0.7846542108962131,0.5921450151057401,0.5921450151057401,0.5921450151057401,0.6685079733137677,331,331,1655,1986,113,23,1896,0.9546827794561934,1794,0.0,1794,142,1652,139,True,5,False,quasi_local_path,ORA-CNI-beta-0.001
standard,power_grid,power-grid,infrastructure,2,pa,0.3597348031707297,0.6778123602376758,0.3685800604229607,0.3685800604229607,0.3685800604229606,0.4146225433176093,331,331,1655,1986,45,34,1975,0.9944612286002014,372,12.0,113,26,87,53,True,5,False,degree_based,PA
standard,power_grid,power-grid,infrastructure,2,pfp,0.6377849586235953,0.7847573497868767,0.5921450151057401,0.5921450151057401,0.5921450151057401,0.669036894468043,331,331,1655,1986,119,30,1897,0.9551863041289024,1794,0.0,1794,142,1652,139,True,5,False,quasi_local_walk,PFP-l3
standard,power_grid,power-grid,infrastructure,2,ra,0.4939346417287423,0.6961893374467192,0.4380664652567976,0.4380664652567976,0.4380664652567976,0.5324372757312722,331,331,1655,1986,39,16,1963,0.988418932527694,1855,0.0,1855,201,1654,200,True,5,False,local_similarity,RA
standard,power_grid,power-grid,infrastructure,2,ra_cni,0.6210704084989057,0.7756053705241829,0.5740181268882175,0.5740181268882175,0.5740181268882175,0.6530720046886384,331,331,1655,1986,83,24,1927,0.9702920443101712,1800,0.0,1800,148,1652,145,True,5,False,enhanced_local,RA-CNI
standard,power_grid,power-grid,infrastructure,2,sa,0.4911422571097361,0.6960478637471363,0.4380664652567976,0.4380664652567976,0.4380664652567976,0.5318499754714807,331,331,1655,1986,47,22,1961,0.987411883182276,1855,0.0,1855,201,1654,200,True,5,False,local_similarity,SA
standard,power_grid,power-grid,infrastructure,2,so,0.4904544276251748,0.6960268708755853,0.4380664652567976,0.4380664652567976,0.4380664652567976,0.5316768763985958,331,331,1655,1986,27,17,1976,0.9949647532729105,1855,0.0,1855,201,1654,200,True,5,False,local_similarity,SO
standard,power_grid,power-grid,infrastructure,2,srw,0.6404669907913051,0.784909776289008,0.5921450151057401,0.5921450151057401,0.5921450151057401,0.6696310756100153,331,331,1655,1986,109,30,1907,0.960221550855992,1794,0.0,1794,142,1652,139,True,5,False,quasi_local_walk,SRW-l3
standard,power_grid,power-grid,infrastructure,2,aa,0.442925705160074,0.6958744443734541,0.4138972809667673,0.4138972809667673,0.4138972809667673,0.5114437339873742,331,331,3310,3641,41,15,3615,0.992859104641582,3507,0.0,3507,201,3306,197,True,10,False,local_similarity,AA
standard,power_grid,power-grid,infrastructure,2,car_aa,0.1458390552046141,0.5302114803625377,0.1299093655589124,0.1299093655589124,0.1299093655589124,0.2002135829180543,331,331,3310,3641,18,4,3627,0.9961549024993134,3621,0.0,3621,311,3310,311,True,10,False,enhanced_local,CAR-AA
standard,power_grid,power-grid,infrastructure,2,car_cn,0.1458390552046141,0.5302114803625377,0.1299093655589124,0.1299093655589124,0.1299093655589124,0.2002135829180543,331,331,3310,3641,7,4,3638,0.9991760505355672,3621,0.0,3621,311,3310,311,True,10,False,enhanced_local,CAR-CN
standard,power_grid,power-grid,infrastructure,2,car_ra,0.1458390552046141,0.5302114803625377,0.1299093655589124,0.1299093655589124,0.1299093655589124,0.2002135829180543,331,331,3310,3641,18,4,3627,0.9961549024993134,3621,0.0,3621,311,3310,311,True,10,False,enhanced_local,CAR-RA
standard,power_grid,power-grid,infrastructure,2,cn,0.4393864241003168,0.6958342840974434,0.4138972809667673,0.4138972809667673,0.4138972809667673,0.5111913249119774,331,331,3310,3641,6,5,3640,0.9997253501785224,3507,0.0,3507,201,3306,197,True,10,False,local_similarity,CN
standard,power_grid,power-grid,infrastructure,2,fl,0.5944715968887355,0.7844360675787917,0.5800604229607251,0.5800604229607251,0.5800604229607251,0.6570986989325537,331,331,3310,3641,28,17,3630,0.9969788519637462,3444,0.0,3444,142,3302,134,True,10,False,quasi_local_path,FL-l3
standard,power_grid,power-grid,infrastructure,2,fsw,0.4360306884626684,0.6957183669371401,0.4138972809667673,0.4138972809667673,0.4138972809667673,0.5098085976786954,331,331,3310,3641,57,22,3606,0.9903872562482834,3507,0.0,3507,201,3306,197,True,10,False,enhanced_local,FSW
standard,power_grid,power-grid,infrastructure,2,hdi,0.4358667904160059,0.6957220178713228,0.4138972809667673,0.4138972809667673,0.4138972809667673,0.5097769363522977,331,331,3310,3641,24,15,3632,0.9975281516067016,3507,0.0,3507,201,3306,197,True,10,False,local_similarity,HDI
standard,power_grid,power-grid,infrastructure,2,hpi,0.4373801892077227,0.6957594399466963,0.4138972809667673,0.4138972809667673,0.4138972809667673,0.5106048489068584,331,331,3310,3641,18,9,3632,0.9975281516067016,3507,0.0,3507,201,3306,197,True,10,False,local_similarity,HPI
standard,power_grid,power-grid,infrastructure,2,ia1,0.4427700292410096,0.695871706172817,0.4138972809667673,0.4138972809667673,0.4138972809667673,0.5114002627417584,331,331,3310,3641,41,14,3614,0.9925844548201044,3507,0.0,3507,201,3306,197,True,10,False,enhanced_local,IA1
standard,power_grid,power-grid,infrastructure,2,ia2,0.441228168276785,0.695847518733856,0.4138972809667673,0.4138972809667673,0.4138972809667673,0.5109453565545767,331,331,3310,3641,39,11,3613,0.9923098049986268,3507,0.0,3507,201,3306,197,True,10,False,enhanced_local,IA2
standard,power_grid,power-grid,infrastructure,2,ja,0.436653196741711,0.695724299705187,0.4138972809667673,0.4138972809667673,0.4138972809667673,0.5098349300061245,331,331,3310,3641,27,17,3631,0.997253501785224,3507,0.0,3507,201,3306,197,True,10,False,local_similarity,JA
standard,power_grid,power-grid,infrastructure,2,lit,0.2560142356429629,0.593211544253886,0.2326283987915408,0.2326283987915408,0.2326283987915408,0.3297464277096927,331,331,3310,3641,62,5,3584,0.984344960175776,3576,0.0,3576,269,3307,266,True,10,False,enhanced_local,LIT-i2
standard,power_grid,power-grid,infrastructure,2,llhn,0.4345646482990157,0.6956896158304506,0.4138972809667673,0.4138972809667673,0.4138972809667673,0.5093269531082686,331,331,3310,3641,41,22,3622,0.9947816533919251,3507,0.0,3507,201,3306,197,True,10,False,local_similarity,LLHN
standard,power_grid,power-grid,infrastructure,2,lnb_aa,0.4424230419724571,0.6958539078686758,0.4138972809667673,0.4138972809667673,0.4138972809667673,0.5112949786094179,331,331,3310,3641,61,21,3601,0.9890140071408954,3507,0.0,3507,201,3306,197,True,10,False,local_bayesian,LNB-AA
standard,power_grid,power-grid,infrastructure,2,lnb_cn,0.4403101439499479,0.6957973183888427,0.4138972809667673,0.4138972809667673,0.4138972809667673,0.5108219253512931,331,331,3310,3641,60,21,3602,0.989288656962373,3507,0.0,3507,201,3306,197,True,10,False,local_bayesian,LNB-CN
standard,power_grid,power-grid,infrastructure,2,lnb_ra,0.4419427724116234,0.6958466060003103,0.4138972809667673,0.4138972809667673,0.4138972809667673,0.5111518158751869,331,331,3310,3641,61,21,3601,0.9890140071408954,3507,0.0,3507,201,3306,197,True,10,False,local_bayesian,LNB-RA
standard,power_grid,power-grid,infrastructure,2,lpi,0.5944715968887355,0.7844360675787917,0.5800604229607251,0.5800604229607251,0.5800604229607251,0.6570986989325537,331,331,3310,3641,28,17,3630,0.9969788519637462,3444,0.0,3444,142,3302,134,True,10,False,quasi_local_path,LPI-beta-0.001
standard,power_grid,power-grid,infrastructure,2,lrw,0.4395450371521428,0.6983835488905724,0.4229607250755287,0.4229607250755287,0.4229607250755287,0.517084793823467,331,331,3310,3641,85,21,3577,0.9824224114254324,3502,0.0,3502,199,3303,192,True,10,False,quasi_local_walk,LRW-l3
standard,power_grid,power-grid,infrastructure,2,ora_cni,0.593735569255476,0.7843886054344156,0.5800604229607251,0.5800604229607251,0.5800604229607251,0.6567329840763952,331,331,3310,3641,114,26,3553,0.9758308157099698,3444,0.0,3444,142,3302,134,True,10,False,quasi_local_path,ORA-CNI-beta-0.001
standard,power_grid,power-grid,infrastructure,2,pa,0.2450483949440232,0.6815134947654731,0.2779456193353474,0.2779456193353474,0.2779456193353474,0.3235798583653856,331,331,3310,3641,50,37,3628,0.996429552320791,712,15.0,62,9,53,4,True,10,False,degree_based,PA
standard,power_grid,power-grid,infrastructure,2,pfp,0.5900135042864846,0.7843799344657314,0.5800604229607251,0.5800604229607251,0.5800604229607251,0.6551017466106359,331,331,3310,3641,121,31,3551,0.9752815160670144,3444,0.0,3444,142,3302,134,True,10,False,quasi_local_walk,PFP-l3
standard,power_grid,power-grid,infrastructure,2,ra,0.4423137241378807,0.6958644043044514,0.4138972809667673,0.4138972809667673,0.4138972809667673,0.5112627966032085,331,331,3310,3641,39,16,3618,0.9936830541060148,3507,0.0,3507,201,3306,197,True,10,False,local_similarity,RA
standard,power_grid,power-grid,infrastructure,2,ra_cni,0.5779963516154364,0.7754173474137694,0.5619335347432024,0.5619335347432024,0.5619335347432024,0.6414034769694549,331,331,3310,3641,84,24,3581,0.983521010711343,3451,0.0,3451,148,3303,141,True,10,False,enhanced_local,RA-CNI
standard,power_grid,power-grid,infrastructure,2,sa,0.4386638387675009,0.6957525944451036,0.4138972809667673,0.4138972809667673,0.4138972809667673,0.5104292677572733,331,331,3310,3641,47,23,3617,0.9934084042845372,3507,0.0,3507,201,3306,197,True,10,False,local_similarity,SA
standard,power_grid,power-grid,infrastructure,2,so,0.436653196741711,0.695724299705187,0.4138972809667673,0.4138972809667673,0.4138972809667673,0.5098349300061245,331,331,3310,3641,27,17,3631,0.997253501785224,3507,0.0,3507,201,3306,197,True,10,False,local_similarity,SO
standard,power_grid,power-grid,infrastructure,2,srw,0.5979170011188427,0.7845026971276275,0.5800604229607251,0.5800604229607251,0.5800604229607251,0.6577525243250757,331,331,3310,3641,112,30,3559,0.9774787146388356,3444,0.0,3444,142,3302,134,True,10,False,quasi_local_walk,SRW-l3
standard,power_grid,power-grid,infrastructure,3,aa,0.6918429003021149,0.6918429003021148,0.6132930513595166,0.6132930513595166,0.6132930513595166,0.678763519314789,331,331,331,662,40,19,641,0.9682779456193352,535,0.0,535,204,331,204,True,1,True,local_similarity,AA
standard,power_grid,power-grid,infrastructure,3,car_aa,0.5332326283987915,0.5332326283987916,0.5287009063444109,0.5287009063444109,0.5287009063444109,0.5678057044447002,331,331,331,662,19,4,647,0.9773413897280968,640,0.0,640,309,331,309,True,1,True,enhanced_local,CAR-AA
standard,power_grid,power-grid,infrastructure,3,car_cn,0.5332326283987914,0.5332326283987916,0.5287009063444109,0.5287009063444109,0.5287009063444109,0.5678057044447002,331,331,331,662,7,4,659,0.9954682779456192,640,0.0,640,309,331,309,True,1,True,enhanced_local,CAR-CN
standard,power_grid,power-grid,infrastructure,3,car_ra,0.5332326283987915,0.5332326283987916,0.5287009063444109,0.5287009063444109,0.5287009063444109,0.5678057044447002,331,331,331,662,19,4,647,0.9773413897280968,640,0.0,640,309,331,309,True,1,True,enhanced_local,CAR-RA
standard,power_grid,power-grid,infrastructure,3,cn,0.6918429003021147,0.6918429003021148,0.6132930513595166,0.6132930513595166,0.6132930513595166,0.678763519314789,331,331,331,662,7,5,660,0.9969788519637462,535,0.0,535,204,331,204,True,1,True,local_similarity,CN
standard,power_grid,power-grid,infrastructure,3,fl,0.768882175226586,0.7688821752265861,0.6888217522658611,0.6888217522658611,0.6888217522658611,0.7475620561700321,331,331,331,662,29,16,649,0.9803625377643505,484,0.0,484,153,331,153,True,1,True,quasi_local_path,FL-l3
standard,power_grid,power-grid,infrastructure,3,fsw,0.6918429003021147,0.6918429003021148,0.6132930513595166,0.6132930513595166,0.6132930513595166,0.678763519314789,331,331,331,662,52,24,634,0.9577039274924471,535,0.0,535,204,331,204,True,1,True,enhanced_local,FSW
standard,power_grid,power-grid,infrastructure,3,hdi,0.6918429003021147,0.6918429003021148,0.6132930513595166,0.6132930513595166,0.6132930513595166,0.678763519314789,331,331,331,662,24,12,650,0.9818731117824774,535,0.0,535,204,331,204,True,1,True,local_similarity,HDI
standard,power_grid,power-grid,infrastructure,3,hpi,0.6918429003021147,0.6918429003021148,0.6132930513595166,0.6132930513595166,0.6132930513595166,0.678763519314789,331,331,331,662,14,11,659,0.9954682779456192,535,0.0,535,204,331,204,True,1,True,local_similarity,HPI
standard,power_grid,power-grid,infrastructure,3,ia1,0.6918429003021148,0.6918429003021148,0.6132930513595166,0.6132930513595166,0.6132930513595166,0.678763519314789,331,331,331,662,42,20,640,0.9667673716012084,535,0.0,535,204,331,204,True,1,True,enhanced_local,IA1
standard,power_grid,power-grid,infrastructure,3,ia2,0.6918429003021147,0.6918429003021148,0.6132930513595166,0.6132930513595166,0.6132930513595166,0.678763519314789,331,331,331,662,41,19,640,0.9667673716012084,535,0.0,535,204,331,204,True,1,True,enhanced_local,IA2
standard,power_grid,power-grid,infrastructure,3,ja,0.6918429003021147,0.6918429003021148,0.6132930513595166,0.6132930513595166,0.6132930513595166,0.678763519314789,331,331,331,662,28,15,649,0.9803625377643505,535,0.0,535,204,331,204,True,1,True,local_similarity,JA
standard,power_grid,power-grid,infrastructure,3,lit,0.5966767371601208,0.5966767371601208,0.552870090634441,0.552870090634441,0.552870090634441,0.6130008571456969,331,331,331,662,64,2,600,0.9063444108761328,598,0.0,598,267,331,267,True,1,True,enhanced_local,LIT-i2
standard,power_grid,power-grid,infrastructure,3,llhn,0.6918429003021147,0.6918429003021148,0.6132930513595166,0.6132930513595166,0.6132930513595166,0.678763519314789,331,331,331,662,37,21,646,0.9758308157099698,535,0.0,535,204,331,204,True,1,True,local_similarity,LLHN
standard,power_grid,power-grid,infrastructure,3,lnb_aa,0.6918429003021146,0.6918429003021148,0.6132930513595166,0.6132930513595166,0.6132930513595166,0.678763519314789,331,331,331,662,63,20,619,0.9350453172205438,535,0.0,535,204,331,204,True,1,True,local_bayesian,LNB-AA
standard,power_grid,power-grid,infrastructure,3,lnb_cn,0.6918429003021146,0.6918429003021148,0.6132930513595166,0.6132930513595166,0.6132930513595166,0.678763519314789,331,331,331,662,62,20,620,0.9365558912386708,535,0.0,535,204,331,204,True,1,True,local_bayesian,LNB-CN
standard,power_grid,power-grid,infrastructure,3,lnb_ra,0.6918429003021147,0.6918429003021148,0.6132930513595166,0.6132930513595166,0.6132930513595166,0.678763519314789,331,331,331,662,63,20,619,0.9350453172205438,535,0.0,535,204,331,204,True,1,True,local_bayesian,LNB-RA
standard,power_grid,power-grid,infrastructure,3,lpi,0.768882175226586,0.7688821752265861,0.6888217522658611,0.6888217522658611,0.6888217522658611,0.7475620561700321,331,331,331,662,29,16,649,0.9803625377643505,484,0.0,484,153,331,153,True,1,True,quasi_local_path,LPI-beta-0.001
standard,power_grid,power-grid,infrastructure,3,lrw,0.6873111782477341,0.6873111782477341,0.6314199395770392,0.6314199395770392,0.6314199395770392,0.6929330646524874,331,331,331,662,80,13,595,0.8987915407854985,538,0.0,538,207,331,207,True,1,True,quasi_local_walk,LRW-l3
standard,power_grid,power-grid,infrastructure,3,ora_cni,0.7688821752265859,0.7688821752265861,0.6888217522658611,0.6888217522658611,0.6888217522658611,0.7475620561700321,331,331,331,662,109,22,575,0.8685800604229608,484,0.0,484,153,331,153,True,1,True,quasi_local_path,ORA-CNI-beta-0.001
standard,power_grid,power-grid,infrastructure,3,pa,0.644557038545996,0.6280428254579641,0.5891238670694864,0.5891238670694864,0.5891238670694864,0.6317814617358651,331,331,331,662,43,33,652,0.9848942598187312,97,6.0,73,28,45,44,True,1,True,degree_based,PA
standard,power_grid,power-grid,infrastructure,3,pfp,0.7688821752265859,0.7688821752265861,0.6888217522658611,0.6888217522658611,0.6888217522658611,0.7475620561700321,331,331,331,662,111,27,578,0.8731117824773413,484,0.0,484,153,331,153,True,1,True,quasi_local_walk,PFP-l3
standard,power_grid,power-grid,infrastructure,3,ra,0.6918429003021147,0.6918429003021148,0.6132930513595166,0.6132930513595166,0.6132930513595166,0.678763519314789,331,331,331,662,39,19,642,0.9697885196374624,535,0.0,535,204,331,204,True,1,True,local_similarity,RA
standard,power_grid,power-grid,infrastructure,3,ra_cni,0.7598187311178247,0.7598187311178248,0.676737160120846,0.676737160120846,0.676737160120846,0.7372374243502477,331,331,331,662,75,24,611,0.9229607250755288,490,0.0,490,159,331,159,True,1,True,enhanced_local,RA-CNI
standard,power_grid,power-grid,infrastructure,3,sa,0.6918429003021146,0.6918429003021148,0.6132930513595166,0.6132930513595166,0.6132930513595166,0.678763519314789,331,331,331,662,42,23,643,0.9712990936555892,535,0.0,535,204,331,204,True,1,True,local_similarity,SA
standard,power_grid,power-grid,infrastructure,3,so,0.6918429003021147,0.6918429003021148,0.6132930513595166,0.6132930513595166,0.6132930513595166,0.678763519314789,331,331,331,662,28,15,649,0.9803625377643505,535,0.0,535,204,331,204,True,1,True,local_similarity,SO
standard,power_grid,power-grid,infrastructure,3,srw,0.768882175226586,0.7688821752265861,0.6888217522658611,0.6888217522658611,0.6888217522658611,0.7475620561700321,331,331,331,662,106,23,579,0.8746223564954683,484,0.0,484,153,331,153,True,1,True,quasi_local_walk,SRW-l3
standard,power_grid,power-grid,infrastructure,3,aa,0.4851000533553007,0.6915864221757743,0.4471299093655589,0.4471299093655589,0.4471299093655588,0.5390376019636403,331,331,1655,1986,40,19,1965,0.9894259818731118,1858,0.0,1858,204,1654,203,True,5,False,local_similarity,AA
standard,power_grid,power-grid,infrastructure,3,car_aa,0.2220543806646525,0.5332326283987916,0.2084592145015106,0.2084592145015106,0.2084592145015106,0.2741417859884574,331,331,1655,1986,19,4,1971,0.9924471299093656,1964,0.0,1964,309,1655,309,True,5,False,enhanced_local,CAR-AA
standard,power_grid,power-grid,infrastructure,3,car_cn,0.2220543806646525,0.5332326283987916,0.2084592145015106,0.2084592145015106,0.2084592145015106,0.2741417859884574,331,331,1655,1986,7,4,1983,0.9984894259818732,1964,0.0,1964,309,1655,309,True,5,False,enhanced_local,CAR-CN
standard,power_grid,power-grid,infrastructure,3,car_ra,0.2220543806646525,0.5332326283987916,0.2084592145015106,0.2084592145015106,0.2084592145015106,0.2741417859884574,331,331,1655,1986,19,4,1971,0.9924471299093656,1964,0.0,1964,309,1655,309,True,5,False,enhanced_local,CAR-RA
standard,power_grid,power-grid,infrastructure,3,cn,0.4843277945619335,0.6915763821067716,0.4471299093655589,0.4471299093655589,0.4471299093655588,0.5390143439068893,331,331,1655,1986,7,5,1984,0.998992950654582,1858,0.0,1858,204,1654,203,True,5,False,local_similarity,CN
standard,power_grid,power-grid,infrastructure,3,fl,0.6072136914516842,0.7674446198921149,0.5740181268882175,0.5740181268882175,0.5740181268882175,0.6522883372241566,331,331,1655,1986,29,16,1973,0.9934541792547836,1801,0.0,1801,153,1648,146,True,5,False,quasi_local_path,FL-l3
standard,power_grid,power-grid,infrastructure,3,fsw,0.4860054750877478,0.691629320652422,0.4471299093655589,0.4471299093655589,0.4471299093655588,0.5391955288162099,331,331,1655,1986,52,24,1958,0.9859013091641492,1858,0.0,1858,204,1654,203,True,5,False,enhanced_local,FSW
standard,power_grid,power-grid,infrastructure,3,hdi,0.4847908146661021,0.6915718184390431,0.4471299093655589,0.4471299093655589,0.4471299093655588,0.5389898795427207,331,331,1655,1986,24,12,1974,0.9939577039274924,1858,0.0,1858,204,1654,203,True,5,False,local_similarity,HDI
standard,power_grid,power-grid,infrastructure,3,hpi,0.4861880449308482,0.6916448371226988,0.4471299093655589,0.4471299093655589,0.4471299093655588,0.5392311095373539,331,331,1655,1986,14,11,1983,0.9984894259818732,1858,0.0,1858,204,1654,203,True,5,False,local_similarity,HPI
standard,power_grid,power-grid,infrastructure,3,ia1,0.4851000533553007,0.6915864221757743,0.4471299093655589,0.4471299093655589,0.4471299093655588,0.5390376019636403,331,331,1655,1986,42,20,1964,0.9889224572004028,1858,0.0,1858,204,1654,203,True,5,False,enhanced_local,IA1
standard,power_grid,power-grid,infrastructure,3,ia2,0.4847232898038689,0.6915681675048604,0.4471299093655589,0.4471299093655589,0.4471299093655588,0.5389551863290133,331,331,1655,1986,41,19,1964,0.9889224572004028,1858,0.0,1858,204,1654,203,True,5,False,enhanced_local,IA2
standard,power_grid,power-grid,infrastructure,3,ja,0.4859017402868969,0.6916238442511478,0.4471299093655589,0.4471299093655589,0.4471299093655588,0.5391847878013393,331,331,1655,1986,28,15,1973,0.9934541792547836,1858,0.0,1858,204,1654,203,True,5,False,local_similarity,JA
standard,power_grid,power-grid,infrastructure,3,lit,0.3272391385941204,0.5964129571654146,0.3051359516616314,0.3051359516616314,0.3051359516616314,0.3951613106345079,331,331,1655,1986,65,2,1923,0.9682779456193352,1921,0.0,1921,267,1654,266,True,5,False,enhanced_local,LIT-i2
standard,power_grid,power-grid,infrastructure,3,llhn,0.486005864853112,0.6916284079188763,0.4471299093655589,0.4471299093655589,0.4471299093655588,0.5391901921259198,331,331,1655,1986,37,22,1971,0.9924471299093656,1858,0.0,1858,204,1654,203,True,5,False,local_similarity,LLHN
standard,power_grid,power-grid,infrastructure,3,lnb_aa,0.4846393155656061,0.6915526510345835,0.4471299093655589,0.4471299093655589,0.4471299093655588,0.5388774457263742,331,331,1655,1986,63,20,1943,0.9783484390735148,1858,0.0,1858,204,1654,203,True,5,False,local_bayesian,LNB-AA
standard,power_grid,power-grid,infrastructure,3,lnb_cn,0.4834134896822984,0.6915070143572987,0.4471299093655589,0.4471299093655589,0.4471299093655588,0.5385167699297635,331,331,1655,1986,62,20,1944,0.9788519637462236,1858,0.0,1858,204,1654,203,True,5,False,local_bayesian,LNB-CN
standard,power_grid,power-grid,infrastructure,3,lnb_ra,0.4845974422421756,0.6915508255674921,0.4471299093655589,0.4471299093655589,0.4471299093655588,0.5388668234772072,331,331,1655,1986,63,20,1943,0.9783484390735148,1858,0.0,1858,204,1654,203,True,5,False,local_bayesian,LNB-RA
standard,power_grid,power-grid,infrastructure,3,lpi,0.6072136914516842,0.7674446198921149,0.5740181268882175,0.5740181268882175,0.5740181268882175,0.6522883372241566,331,331,1655,1986,29,16,1973,0.9934541792547836,1801,0.0,1801,153,1648,146,True,5,False,quasi_local_path,LPI-beta-0.001
standard,power_grid,power-grid,infrastructure,3,lrw,0.4658585663805336,0.6853597539270361,0.4380664652567976,0.4380664652567976,0.4380664652567976,0.5276231702176876,331,331,1655,1986,83,14,1917,0.9652567975830816,1855,0.0,1855,207,1648,200,True,5,False,quasi_local_walk,LRW-l3
standard,power_grid,power-grid,infrastructure,3,ora_cni,0.6059018296381539,0.7671817526309544,0.5740181268882175,0.5740181268882175,0.5740181268882175,0.6517933990880558,331,331,1655,1986,112,24,1898,0.9556898288016112,1801,0.0,1801,153,1648,146,True,5,False,quasi_local_path,ORA-CNI-beta-0.001
standard,power_grid,power-grid,infrastructure,3,pa,0.3156333521631537,0.6374430682450871,0.3141993957703927,0.3141993957703927,0.3141993957703927,0.3601852697480338,331,331,1655,1986,50,36,1972,0.9929506545820744,343,12.0,102,20,82,50,True,5,False,degree_based,PA
standard,power_grid,power-grid,infrastructure,3,pfp,0.6089767341603575,0.7674172378857441,0.5740181268882175,0.5740181268882175,0.5740181268882175,0.6524076313346341,331,331,1655,1986,117,27,1896,0.9546827794561934,1801,0.0,1801,153,1648,146,True,5,False,quasi_local_walk,PFP-l3
standard,power_grid,power-grid,infrastructure,3,ra,0.4851000533553006,0.6915864221757743,0.4471299093655589,0.4471299093655589,0.4471299093655588,0.5390376019636403,331,331,1655,1986,39,19,1966,0.9899295065458208,1858,0.0,1858,204,1654,203,True,5,False,local_similarity,RA
standard,power_grid,power-grid,infrastructure,3,ra_cni,0.5914962898090329,0.7581657706665694,0.5589123867069486,0.5589123867069486,0.5589123867069486,0.6387811712149606,331,331,1655,1986,77,24,1933,0.973313192346425,1807,0.0,1807,159,1648,152,True,5,False,enhanced_local,RA-CNI
standard,power_grid,power-grid,infrastructure,3,sa,0.4860840454205765,0.6916338843201505,0.4471299093655589,0.4471299093655589,0.4471299093655588,0.5392060051094755,331,331,1655,1986,42,24,1968,0.9909365558912386,1858,0.0,1858,204,1654,203,True,5,False,local_similarity,SA
standard,power_grid,power-grid,infrastructure,3,so,0.4859017402868969,0.6916238442511478,0.4471299093655589,0.4471299093655589,0.4471299093655588,0.5391847878013393,331,331,1655,1986,28,15,1973,0.9934541792547836,1858,0.0,1858,204,1654,203,True,5,False,local_similarity,SO
standard,power_grid,power-grid,infrastructure,3,srw,0.6090655344501634,0.767435492556658,0.5740181268882175,0.5740181268882175,0.5740181268882175,0.6524679994317578,331,331,1655,1986,109,24,1901,0.9572004028197382,1801,0.0,1801,153,1648,146,True,5,False,quasi_local_walk,SRW-l3
standard,power_grid,power-grid,infrastructure,3,aa,0.4287632008157748,0.6913440914193919,0.4138972809667673,0.4138972809667673,0.4138972809667673,0.5094623406443232,331,331,3310,3641,40,19,3620,0.99423235374897,3511,0.0,3511,204,3307,201,True,10,False,local_similarity,AA
standard,power_grid,power-grid,infrastructure,3,car_aa,0.1513320516341664,0.5332326283987916,0.1419939577039275,0.1419939577039275,0.1419939577039275,0.2139382705797202,331,331,3310,3641,19,4,3626,0.9958802526778358,3619,0.0,3619,309,3310,309,True,10,False,enhanced_local,CAR-AA
standard,power_grid,power-grid,infrastructure,3,car_cn,0.1513320516341664,0.5332326283987916,0.1419939577039275,0.1419939577039275,0.1419939577039275,0.2139382705797202,331,331,3310,3641,7,4,3638,0.9991760505355672,3619,0.0,3619,309,3310,309,True,10,False,enhanced_local,CAR-CN
standard,power_grid,power-grid,infrastructure,3,car_ra,0.1513320516341664,0.5332326283987916,0.1419939577039275,0.1419939577039275,0.1419939577039275,0.2139382705797202,331,331,3310,3641,19,4,3626,0.9958802526778358,3619,0.0,3619,309,3310,309,True,10,False,enhanced_local,CAR-RA
standard,power_grid,power-grid,infrastructure,3,cn,0.4335791097120401,0.6914431230090999,0.4138972809667673,0.4138972809667673,0.4138972809667673,0.5114434070974063,331,331,3310,3641,7,5,3639,0.9994507003570448,3511,0.0,3511,204,3307,201,True,10,False,local_similarity,CN
standard,power_grid,power-grid,infrastructure,3,fl,0.5652902930317533,0.7676422267047581,0.5558912386706949,0.5558912386706949,0.5558912386706949,0.6364385445982783,331,331,3310,3641,29,16,3628,0.996429552320791,3452,0.0,3452,153,3299,142,True,10,False,quasi_local_path,FL-l3
standard,power_grid,power-grid,infrastructure,3,fsw,0.4350441338372889,0.691449055777147,0.4138972809667673,0.4138972809667673,0.4138972809667673,0.5109614638163329,331,331,3310,3641,52,24,3613,0.9923098049986268,3511,0.0,3511,204,3307,201,True,10,False,enhanced_local,FSW
standard,power_grid,power-grid,infrastructure,3,hdi,0.4336742512100807,0.6914244119714131,0.4138972809667673,0.4138972809667673,0.4138972809667673,0.5107730994037262,331,331,3310,3641,24,12,3629,0.9967042021422686,3511,0.0,3511,204,3307,201,True,10,False,local_similarity,HDI
standard,power_grid,power-grid,infrastructure,3,hpi,0.4347504342305157,0.691449055777147,0.4138972809667673,0.4138972809667673,0.4138972809667673,0.511287862970327,331,331,3310,3641,14,11,3638,0.9991760505355672,3511,0.0,3511,204,3307,201,True,10,False,local_similarity,HPI
standard,power_grid,power-grid,infrastructure,3,ia1,0.4296722246185877,0.6913513932877574,0.4138972809667673,0.4138972809667673,0.4138972809667673,0.5097165369926588,331,331,3310,3641,42,20,3619,0.9939577039274924,3511,0.0,3511,204,3307,201,True,10,False,enhanced_local,IA1
standard,power_grid,power-grid,infrastructure,3,ia2,0.4216668499081143,0.6913011929427442,0.4138972809667673,0.4138972809667673,0.4138972809667673,0.5067421144380422,331,331,3310,3641,41,19,3619,0.9939577039274924,3511,0.0,3511,204,3307,201,True,10,False,enhanced_local,IA2
standard,power_grid,power-grid,infrastructure,3,ja,0.4348596513963579,0.6914463175765099,0.4138972809667673,0.4138972809667673,0.4138972809667673,0.5109685202827916,331,331,3310,3641,28,15,3628,0.996429552320791,3511,0.0,3511,204,3307,201,True,10,False,local_similarity,JA
standard,power_grid,power-grid,infrastructure,3,lit,0.2661295533153509,0.5965448471627677,0.256797583081571,0.256797583081571,0.256797583081571,0.3530308136491983,331,331,3310,3641,65,2,3578,0.98269706124691,3576,0.0,3576,267,3309,266,True,10,False,enhanced_local,LIT-i2
standard,power_grid,power-grid,infrastructure,3,llhn,0.4341841143549322,0.6914276065388231,0.4138972809667673,0.4138972809667673,0.4138972809667673,0.510699348909277,331,331,3310,3641,37,23,3627,0.9961549024993134,3511,0.0,3511,204,3307,201,True,10,False,local_similarity,LLHN
standard,power_grid,power-grid,infrastructure,3,lnb_aa,0.4280900870436639,0.6913272058487966,0.4138972809667673,0.4138972809667673,0.4138972809667673,0.5093078988666008,331,331,3310,3641,63,20,3598,0.9881900576764624,3511,0.0,3511,204,3307,201,True,10,False,local_bayesian,LNB-AA
standard,power_grid,power-grid,infrastructure,3,lnb_cn,0.431206548413965,0.6913527623880761,0.4138972809667673,0.4138972809667673,0.4138972809667673,0.5101007934567885,331,331,3310,3641,62,20,3599,0.98846470749794,3511,0.0,3511,204,3307,201,True,10,False,local_bayesian,LNB-CN
standard,power_grid,power-grid,infrastructure,3,lnb_ra,0.4278329960148524,0.6913244676481595,0.4138972809667673,0.4138972809667673,0.4138972809667673,0.5092262040922069,331,331,3310,3641,63,20,3598,0.9881900576764624,3511,0.0,3511,204,3307,201,True,10,False,local_bayesian,LNB-RA
standard,power_grid,power-grid,infrastructure,3,lpi,0.5652902930317533,0.7676422267047581,0.5558912386706949,0.5558912386706949,0.5558912386706949,0.6364385445982783,331,331,3310,3641,29,16,3628,0.996429552320791,3452,0.0,3452,153,3299,142,True,10,False,quasi_local_path,LPI-beta-0.001
standard,power_grid,power-grid,infrastructure,3,lrw,0.4065133373389521,0.6856618687306615,0.4078549848942598,0.4078549848942598,0.4078549848942598,0.4997204774281835,331,331,3310,3641,84,14,3571,0.9807745124965668,3506,0.0,3506,207,3299,196,True,10,False,quasi_local_walk,LRW-l3
standard,power_grid,power-grid,infrastructure,3,ora_cni,0.5581020224583924,0.7673720575752321,0.5558912386706949,0.5558912386706949,0.5558912386706949,0.6338000572820964,331,331,3310,3641,114,24,3551,0.9752815160670144,3452,0.0,3452,153,3299,142,True,10,False,quasi_local_path,ORA-CNI-beta-0.001
standard,power_grid,power-grid,infrastructure,3,pa,0.20910908842055,0.6391982548534606,0.2477341389728096,0.2477341389728096,0.2477341389728096,0.2885228278984629,331,331,3310,3641,51,37,3627,0.9961549024993134,641,15.0,92,10,82,7,True,10,False,degree_based,PA
standard,power_grid,power-grid,infrastructure,3,pfp,0.554804450611093,0.7674642436633473,0.5558912386706949,0.5558912386706949,0.5558912386706949,0.6301764156292762,331,331,3310,3641,119,27,3549,0.9747322164240592,3452,0.0,3452,153,3299,142,True,10,False,quasi_local_walk,PFP-l3
standard,power_grid,power-grid,infrastructure,3,ra,0.4283508820423472,0.6913404404852092,0.4138972809667673,0.4138972809667673,0.4138972809667673,0.5093155918074608,331,331,3310,3641,39,19,3621,0.9945070035704476,3511,0.0,3511,204,3307,201,True,10,False,local_similarity,RA
standard,power_grid,power-grid,infrastructure,3,ra_cni,0.5424823424339971,0.7583496864760272,0.540785498489426,0.540785498489426,0.540785498489426,0.6207720417457047,331,331,3310,3641,78,24,3587,0.9851689096402088,3458,0.0,3458,159,3299,148,True,10,False,enhanced_local,RA-CNI
standard,power_grid,power-grid,infrastructure,3,sa,0.4354399251333676,0.6914527067113297,0.4138972809667673,0.4138972809667673,0.4138972809667673,0.5110831965269468,331,331,3310,3641,42,24,3623,0.9950563032134028,3511,0.0,3511,204,3307,201,True,10,False,local_similarity,SA
standard,power_grid,power-grid,infrastructure,3,so,0.4348596513963579,0.6914463175765099,0.4138972809667673,0.4138972809667673,0.4138972809667673,0.5109685202827916,331,331,3310,3641,28,15,3628,0.996429552320791,3511,0.0,3511,204,3307,201,True,10,False,local_similarity,SO
standard,power_grid,power-grid,infrastructure,3,srw,0.559312604145362,0.7674907129361725,0.5558912386706949,0.5558912386706949,0.5558912386706949,0.6337358450971622,331,331,3310,3641,112,24,3553,0.9758308157099698,3452,0.0,3452,153,3299,142,True,10,False,quasi_local_walk,SRW-l3
standard,power_grid,power-grid,infrastructure,4,aa,0.681673789786439,0.6827475105192542,0.6163141993957704,0.6163141993957704,0.6163141993957704,0.6788879088858313,331,331,331,662,47,14,629,0.9501510574018128,539,0.0,539,209,330,208,True,1,True,local_similarity,AA
standard,power_grid,power-grid,infrastructure,4,car_aa,0.539274924471299,0.5392749244712991,0.525679758308157,0.525679758308157,0.525679758308157,0.5687625061349499,331,331,331,662,25,3,640,0.9667673716012084,636,0.0,636,305,331,305,True,1,True,enhanced_local,CAR-AA
standard,power_grid,power-grid,infrastructure,4,car_cn,0.5392749244712991,0.5392749244712991,0.525679758308157,0.525679758308157,0.525679758308157,0.5687625061349499,331,331,331,662,9,5,658,0.9939577039274924,636,0.0,636,305,331,305,True,1,True,enhanced_local,CAR-CN
standard,power_grid,power-grid,infrastructure,4,car_ra,0.5392749244712991,0.5392749244712991,0.525679758308157,0.525679758308157,0.525679758308157,0.5687625061349499,331,331,331,662,24,4,642,0.9697885196374624,636,0.0,636,305,331,305,True,1,True,enhanced_local,CAR-RA
standard,power_grid,power-grid,infrastructure,4,cn,0.6822268071623314,0.6829528755670358,0.6163141993957704,0.6163141993957704,0.6163141993957704,0.6788321960274127,331,331,331,662,6,5,661,0.9984894259818732,539,0.0,539,209,330,208,True,1,True,local_similarity,CN
standard,power_grid,power-grid,infrastructure,4,fl,0.7740590539900823,0.7752576190432727,0.6858006042296072,0.6858006042296072,0.6858006042296072,0.7449317576398047,331,331,331,662,30,18,650,0.9818731117824774,476,0.0,476,147,329,145,True,1,True,quasi_local_path,FL-l3
standard,power_grid,power-grid,infrastructure,4,fsw,0.6810216414220488,0.6826288551583137,0.6163141993957704,0.6163141993957704,0.6163141993957704,0.6786782058818508,331,331,331,662,50,22,634,0.9577039274924471,539,0.0,539,209,330,208,True,1,True,enhanced_local,FSW
standard,power_grid,power-grid,infrastructure,4,hdi,0.6806358515473703,0.6825786548133004,0.6163141993957704,0.6163141993957704,0.6163141993957704,0.678441499162445,331,331,331,662,22,16,656,0.9909365558912386,539,0.0,539,209,330,208,True,1,True,local_similarity,HDI
standard,power_grid,power-grid,infrastructure,4,hpi,0.6820559352564417,0.6828479112092808,0.6163141993957704,0.6163141993957704,0.6163141993957704,0.6789547930662218,331,331,331,662,15,10,657,0.9924471299093656,539,0.0,539,209,330,208,True,1,True,local_similarity,HPI
standard,power_grid,power-grid,infrastructure,4,ia1,0.6813926667294148,0.6827064375096978,0.6163141993957704,0.6163141993957704,0.6163141993957704,0.6787919581544405,331,331,331,662,46,13,629,0.9501510574018128,539,0.0,539,209,330,208,True,1,True,enhanced_local,IA1
standard,power_grid,power-grid,infrastructure,4,ia2,0.6800833796601201,0.682546709139201,0.6163141993957704,0.6163141993957704,0.6163141993957704,0.6782397805747544,331,331,331,662,44,12,630,0.9516616314199396,539,0.0,539,209,330,208,True,1,True,enhanced_local,IA2
standard,power_grid,power-grid,infrastructure,4,ja,0.6812537644219631,0.6826425461614991,0.6163141993957704,0.6163141993957704,0.6163141993957704,0.6787708010038869,331,331,331,662,24,16,654,0.9879154078549848,539,0.0,539,209,330,208,True,1,True,local_similarity,JA
standard,power_grid,power-grid,infrastructure,4,lit,0.59214501510574,0.5921450151057401,0.552870090634441,0.552870090634441,0.552870090634441,0.6103287995879532,331,331,331,662,60,2,604,0.9123867069486404,601,0.0,601,270,331,270,True,1,True,enhanced_local,LIT-i2
standard,power_grid,power-grid,infrastructure,4,llhn,0.6805343350100168,0.6825604001423865,0.6163141993957704,0.6163141993957704,0.6163141993957704,0.6785087725102606,331,331,331,662,35,20,647,0.9773413897280968,539,0.0,539,209,330,208,True,1,True,local_similarity,LLHN
standard,power_grid,power-grid,infrastructure,4,lnb_aa,0.6817536095068515,0.6827612015224396,0.6163141993957704,0.6163141993957704,0.6163141993957704,0.6789223198183915,331,331,331,662,68,16,610,0.9214501510574018,539,0.0,539,209,330,208,True,1,True,local_bayesian,LNB-AA
standard,power_grid,power-grid,infrastructure,4,lnb_cn,0.6826535805218561,0.6829346208961219,0.6163141993957704,0.6163141993957704,0.6163141993957704,0.6791730858292286,331,331,331,662,67,16,611,0.9229607250755288,539,0.0,539,209,330,208,True,1,True,local_bayesian,LNB-CN
standard,power_grid,power-grid,infrastructure,4,lnb_ra,0.6811485886124119,0.68266992816787,0.6163141993957704,0.6163141993957704,0.6163141993957704,0.6787261961393596,331,331,331,662,68,16,610,0.9214501510574018,539,0.0,539,209,330,208,True,1,True,local_bayesian,LNB-RA
standard,power_grid,power-grid,infrastructure,4,lpi,0.7740590539900823,0.7752576190432727,0.6858006042296072,0.6858006042296072,0.6858006042296072,0.7449317576398047,331,331,331,662,30,18,650,0.9818731117824774,476,0.0,476,147,329,145,True,1,True,quasi_local_path,LPI-beta-0.001
standard,power_grid,power-grid,infrastructure,4,lrw,0.6906134290299852,0.6919250463212275,0.6283987915407855,0.6283987915407855,0.6283987915407855,0.6894309188091085,331,331,331,662,82,22,602,0.9093655589123868,531,0.0,531,202,329,200,True,1,True,quasi_local_walk,LRW-l3
standard,power_grid,power-grid,infrastructure,4,ora_cni,0.7729983477499777,0.7751070180082329,0.6858006042296072,0.6858006042296072,0.6858006042296072,0.7445639314848804,331,331,331,662,113,22,571,0.8625377643504532,476,0.0,476,147,329,145,True,1,True,quasi_local_path,ORA-CNI-beta-0.001
standard,power_grid,power-grid,infrastructure,4,pa,0.6397375739274902,0.6217586549958469,0.5770392749244713,0.5770392749244713,0.5770392749244713,0.6209275354142634,331,331,331,662,40,31,653,0.986404833836858,102,6.0,81,30,51,48,True,1,True,degree_based,PA
standard,power_grid,power-grid,infrastructure,4,pfp,0.7677680963617733,0.7748879619572658,0.6858006042296072,0.6858006042296072,0.6858006042296072,0.740723025133121,331,331,331,662,114,26,574,0.8670694864048338,476,0.0,476,147,329,145,True,1,True,quasi_local_walk,PFP-l3
standard,power_grid,power-grid,infrastructure,4,ra,0.6809985782274455,0.6826516734969561,0.6163141993957704,0.6163141993957704,0.6163141993957704,0.6786527994129422,331,331,331,662,44,14,632,0.9546827794561934,539,0.0,539,209,330,208,True,1,True,local_similarity,RA
standard,power_grid,power-grid,infrastructure,4,ra_cni,0.7554087400537954,0.7570942214839222,0.6737160120845922,0.6737160120845922,0.6737160120845922,0.7334587909077432,331,331,331,662,82,18,598,0.9033232628398792,488,0.0,488,159,329,157,True,1,True,enhanced_local,RA-CNI
standard,power_grid,power-grid,infrastructure,4,sa,0.6816749418813828,0.6827018738419693,0.6163141993957704,0.6163141993957704,0.6163141993957704,0.6789053688496243,331,331,331,662,42,22,642,0.9697885196374624,539,0.0,539,209,330,208,True,1,True,local_similarity,SA
standard,power_grid,power-grid,infrastructure,4,so,0.6812537644219631,0.6826425461614991,0.6163141993957704,0.6163141993957704,0.6163141993957704,0.6787708010038869,331,331,331,662,24,16,654,0.9879154078549848,539,0.0,539,209,330,208,True,1,True,local_similarity,SO
standard,power_grid,power-grid,infrastructure,4,srw,0.7729397934150873,0.7751024543405044,0.6858006042296072,0.6858006042296072,0.6858006042296072,0.7445374974736055,331,331,331,662,107,29,584,0.8821752265861027,476,0.0,476,147,329,145,True,1,True,quasi_local_walk,SRW-l3
standard,power_grid,power-grid,infrastructure,4,aa,0.4711032280296585,0.6837862012942562,0.4410876132930513,0.4410876132930513,0.4410876132930513,0.5330064627539405,331,331,1655,1986,47,14,1953,0.9833836858006042,1862,0.0,1862,209,1653,207,True,5,False,local_similarity,AA
standard,power_grid,power-grid,infrastructure,4,car_aa,0.2321248741188318,0.5392749244712991,0.2114803625377643,0.2114803625377643,0.2114803625377643,0.2856457478986576,331,331,1655,1986,25,3,1964,0.9889224572004028,1960,0.0,1960,305,1655,305,True,5,False,enhanced_local,CAR-AA
standard,power_grid,power-grid,infrastructure,4,car_cn,0.2321248741188318,0.5392749244712991,0.2114803625377643,0.2114803625377643,0.2114803625377643,0.2856457478986576,331,331,1655,1986,9,5,1982,0.9979859013091642,1960,0.0,1960,305,1655,305,True,5,False,enhanced_local,CAR-CN
standard,power_grid,power-grid,infrastructure,4,car_ra,0.2321248741188318,0.5392749244712991,0.2114803625377643,0.2114803625377643,0.2114803625377643,0.2856457478986576,331,331,1655,1986,24,4,1966,0.9899295065458208,1960,0.0,1960,305,1655,305,True,5,False,enhanced_local,CAR-RA
standard,power_grid,power-grid,infrastructure,4,cn,0.4697235487119514,0.6837551683537024,0.4410876132930513,0.4410876132930513,0.4410876132930513,0.5327624935757701,331,331,1655,1986,6,5,1985,0.999496475327291,1862,0.0,1862,209,1653,207,True,5,False,local_similarity,CN
standard,power_grid,power-grid,infrastructure,4,fl,0.6203398775305928,0.7763337318936484,0.5921450151057401,0.5921450151057401,0.5921450151057401,0.66799922364185,331,331,1655,1986,30,18,1974,0.9939577039274924,1795,0.0,1795,147,1648,140,True,5,False,quasi_local_path,FL-l3
standard,power_grid,power-grid,infrastructure,4,fsw,0.4700558219112817,0.68373235001506,0.4410876132930513,0.4410876132930513,0.4410876132930513,0.5327068698809402,331,331,1655,1986,51,22,1957,0.98539778449144,1862,0.0,1862,209,1653,207,True,5,False,enhanced_local,FSW
standard,power_grid,power-grid,infrastructure,4,hdi,0.4698884465768855,0.683741477350517,0.4410876132930513,0.4410876132930513,0.4410876132930513,0.5325405572853071,331,331,1655,1986,22,16,1980,0.9969788519637462,1862,0.0,1862,209,1653,207,True,5,False,local_similarity,HDI
standard,power_grid,power-grid,infrastructure,4,hpi,0.4658762399520655,0.6836255601902136,0.4410876132930513,0.4410876132930513,0.4410876132930513,0.5317446473002452,331,331,1655,1986,15,10,1981,0.9974823766364552,1862,0.0,1862,209,1653,207,True,5,False,local_similarity,HPI
standard,power_grid,power-grid,infrastructure,4,ia1,0.4708221049726343,0.6837779866923449,0.4410876132930513,0.4410876132930513,0.4410876132930513,0.5329105120225497,331,331,1655,1986,46,13,1953,0.9833836858006042,1862,0.0,1862,209,1653,207,True,5,False,enhanced_local,IA1
standard,power_grid,power-grid,infrastructure,4,ia2,0.4695128179033395,0.6837460410182455,0.4410876132930513,0.4410876132930513,0.4410876132930513,0.5323583344428636,331,331,1655,1986,44,12,1954,0.9838872104733132,1862,0.0,1862,209,1653,207,True,5,False,enhanced_local,IA2
standard,power_grid,power-grid,infrastructure,4,ja,0.4699818100742757,0.6837241354131488,0.4410876132930513,0.4410876132930513,0.4410876132930513,0.5327690182518496,331,331,1655,1986,24,16,1978,0.9959718026183284,1862,0.0,1862,209,1653,207,True,5,False,local_similarity,JA
standard,power_grid,power-grid,infrastructure,4,lit,0.3202416918429001,0.5921450151057401,0.29607250755287,0.29607250755287,0.29607250755287,0.3874010893699601,331,331,1655,1986,60,2,1928,0.97079556898288,1925,0.0,1925,270,1655,270,True,5,False,enhanced_local,LIT-i2
standard,power_grid,power-grid,infrastructure,4,llhn,0.4672816422066775,0.6836219092560308,0.4410876132930513,0.4410876132930513,0.4410876132930513,0.5320457360936418,331,331,1655,1986,35,20,1971,0.9924471299093656,1862,0.0,1862,209,1653,207,True,5,False,local_similarity,LLHN
standard,power_grid,power-grid,infrastructure,4,lnb_aa,0.4712561302995285,0.683792590429076,0.4410876132930513,0.4410876132930513,0.4410876132930513,0.5330502881626915,331,331,1655,1986,68,17,1935,0.974320241691843,1862,0.0,1862,209,1653,207,True,5,False,local_bayesian,LNB-AA
standard,power_grid,power-grid,infrastructure,4,lnb_cn,0.4721561013145332,0.6838272743038124,0.4410876132930513,0.4410876132930513,0.4410876132930513,0.5333010541735287,331,331,1655,1986,67,17,1936,0.9748237663645518,1862,0.0,1862,209,1653,207,True,5,False,local_bayesian,LNB-CN
standard,power_grid,power-grid,infrastructure,4,lnb_ra,0.4706511094050888,0.683774335758162,0.4410876132930513,0.4410876132930513,0.4410876132930513,0.5328541644836595,331,331,1655,1986,68,17,1935,0.974320241691843,1862,0.0,1862,209,1653,207,True,5,False,local_bayesian,LNB-RA
standard,power_grid,power-grid,infrastructure,4,lpi,0.6203398775305928,0.7763337318936484,0.5921450151057401,0.5921450151057401,0.5921450151057401,0.66799922364185,331,331,1655,1986,30,18,1974,0.9939577039274924,1795,0.0,1795,147,1648,140,True,5,False,quasi_local_path,LPI-beta-0.001
standard,power_grid,power-grid,infrastructure,4,lrw,0.4815743299533849,0.6932156515548415,0.4561933534743202,0.4561933534743202,0.4561933534743202,0.5453857700708717,331,331,1655,1986,83,22,1925,0.9692849949647532,1851,0.0,1851,202,1649,196,True,5,False,quasi_local_walk,LRW-l3
standard,power_grid,power-grid,infrastructure,4,ora_cni,0.6206914110640818,0.7763090880879145,0.5921450151057401,0.5921450151057401,0.5921450151057401,0.6677182993604123,331,331,1655,1986,114,24,1896,0.9546827794561934,1795,0.0,1795,147,1648,140,True,5,False,quasi_local_path,ORA-CNI-beta-0.001
standard,power_grid,power-grid,infrastructure,4,pa,0.3077372732497013,0.6326147077883553,0.3262839879154078,0.3262839879154078,0.3262839879154078,0.378521267323996,331,331,1655,1986,44,37,1979,0.9964753272910372,321,12.0,105,23,82,70,True,5,False,degree_based,PA
standard,power_grid,power-grid,infrastructure,4,pfp,0.6171181824312246,0.7764021869095755,0.5921450151057401,0.5921450151057401,0.5921450151057401,0.6641908840816042,331,331,1655,1986,117,28,1897,0.9551863041289024,1795,0.0,1795,147,1648,140,True,5,False,quasi_local_walk,PFP-l3
standard,power_grid,power-grid,infrastructure,4,ra,0.4704280164706649,0.6837670338897965,0.4410876132930513,0.4410876132930513,0.4410876132930513,0.5327713532810513,331,331,1655,1986,44,14,1956,0.9848942598187312,1862,0.0,1862,209,1653,207,True,5,False,local_similarity,RA
standard,power_grid,power-grid,infrastructure,4,ra_cni,0.5919764174918593,0.758266171356596,0.5649546827794562,0.5649546827794562,0.5649546827794562,0.6440336600806875,331,331,1655,1986,83,20,1923,0.9682779456193352,1807,0.0,1807,159,1648,152,True,5,False,enhanced_local,RA-CNI
standard,power_grid,power-grid,infrastructure,4,sa,0.4692524950298577,0.6836812369365011,0.4410876132930513,0.4410876132930513,0.4410876132930513,0.5326606251960124,331,331,1655,1986,42,22,1966,0.9899295065458208,1862,0.0,1862,209,1653,207,True,5,False,local_similarity,SA
standard,power_grid,power-grid,infrastructure,4,so,0.4699818100742757,0.6837241354131488,0.4410876132930513,0.4410876132930513,0.4410876132930513,0.5327690182518496,331,331,1655,1986,24,16,1978,0.9959718026183284,1862,0.0,1862,209,1653,207,True,5,False,local_similarity,SO
standard,power_grid,power-grid,infrastructure,4,srw,0.6223823166759611,0.7764514745210431,0.5921450151057401,0.5921450151057401,0.5921450151057401,0.6680282355958572,331,331,1655,1986,108,31,1909,0.96122860020141,1795,0.0,1795,147,1648,140,True,5,False,quasi_local_walk,SRW-l3
standard,power_grid,power-grid,infrastructure,4,aa,0.4191583162703738,0.683744671917927,0.4138972809667673,0.4138972809667673,0.4138972809667673,0.5087439871954219,331,331,3310,3641,47,14,3608,0.9909365558912386,3515,0.0,3515,209,3306,205,True,10,False,local_similarity,AA
standard,power_grid,power-grid,infrastructure,4,car_aa,0.162318044493271,0.5392749244712991,0.1601208459214501,0.1601208459214501,0.1601208459214501,0.2367168333418232,331,331,3310,3641,25,3,3619,0.9939577039274924,3615,0.0,3615,305,3310,305,True,10,False,enhanced_local,CAR-AA
standard,power_grid,power-grid,infrastructure,4,car_cn,0.162318044493271,0.5392749244712991,0.1601208459214501,0.1601208459214501,0.1601208459214501,0.2367168333418232,331,331,3310,3641,9,5,3637,0.9989014007140896,3615,0.0,3615,305,3310,305,True,10,False,enhanced_local,CAR-CN
standard,power_grid,power-grid,infrastructure,4,car_ra,0.162318044493271,0.5392749244712991,0.1601208459214501,0.1601208459214501,0.1601208459214501,0.2367168333418232,331,331,3310,3641,24,4,3621,0.9945070035704476,3615,0.0,3615,305,3310,305,True,10,False,enhanced_local,CAR-RA
standard,power_grid,power-grid,infrastructure,4,cn,0.4179254783484391,0.6837551683537024,0.4138972809667673,0.4138972809667673,0.4138972809667673,0.5088366349474909,331,331,3310,3641,6,5,3640,0.9997253501785224,3515,0.0,3515,209,3306,205,True,10,False,local_similarity,CN
standard,power_grid,power-grid,infrastructure,4,fl,0.5800499087072662,0.7766331084966366,0.5800604229607251,0.5800604229607251,0.5800604229607251,0.6565613971908356,331,331,3310,3641,30,18,3629,0.9967042021422686,3446,0.0,3446,147,3299,136,True,10,False,quasi_local_path,FL-l3
standard,power_grid,power-grid,infrastructure,4,fsw,0.4207319163210145,0.6837770739587992,0.4138972809667673,0.4138972809667673,0.4138972809667673,0.5090233981913684,331,331,3310,3641,52,22,3611,0.9917605053556716,3515,0.0,3515,209,3306,205,True,10,False,enhanced_local,FSW
standard,power_grid,power-grid,infrastructure,4,hdi,0.4205642790617661,0.683783463093619,0.4138972809667673,0.4138972809667673,0.4138972809667673,0.5088867518645559,331,331,3310,3641,22,16,3635,0.9983521010711344,3515,0.0,3515,209,3306,205,True,10,False,local_similarity,HDI
standard,power_grid,power-grid,infrastructure,4,hpi,0.4158039153320136,0.6837159208112376,0.4138972809667673,0.4138972809667673,0.4138972809667673,0.5080546168488272,331,331,3310,3641,15,10,3636,0.998626750892612,3515,0.0,3515,209,3306,205,True,10,False,local_similarity,HPI
standard,power_grid,power-grid,infrastructure,4,ia1,0.4185656422303263,0.68373554458247,0.4138972809667673,0.4138972809667673,0.4138972809667673,0.5085588207764046,331,331,3310,3641,46,13,3608,0.9909365558912386,3515,0.0,3515,209,3306,205,True,10,False,enhanced_local,IA1
standard,power_grid,power-grid,infrastructure,4,ia2,0.4153385486091391,0.6836899079051852,0.4138972809667673,0.4138972809667673,0.4138972809667673,0.5074167476123451,331,331,3310,3641,44,12,3609,0.9912112057127164,3515,0.0,3515,209,3306,205,True,10,False,enhanced_local,IA2
standard,power_grid,power-grid,infrastructure,4,ja,0.4205942413960613,0.6837720539242979,0.4138972809667673,0.4138972809667673,0.4138972809667673,0.5090772139760462,331,331,3310,3641,25,16,3632,0.9975281516067016,3515,0.0,3515,209,3306,205,True,10,False,local_similarity,JA
standard,power_grid,power-grid,infrastructure,4,lit,0.2565615102216355,0.5919953268042459,0.2507552870090634,0.2507552870090634,0.2507552870090634,0.3462025025037614,331,331,3310,3641,61,2,3582,0.9837956605328206,3579,0.0,3579,270,3309,269,True,10,False,enhanced_local,LIT-i2
standard,power_grid,power-grid,infrastructure,4,llhn,0.4173822829552457,0.6837086189428719,0.4138972809667673,0.4138972809667673,0.4138972809667673,0.5082349241217918,331,331,3310,3641,36,20,3625,0.995605602856358,3515,0.0,3515,209,3306,205,True,10,False,local_similarity,LLHN
standard,power_grid,power-grid,infrastructure,4,lnb_aa,0.4193822156897485,0.6837469537517912,0.4138972809667673,0.4138972809667673,0.4138972809667673,0.5087793654222582,331,331,3310,3641,68,17,3590,0.9859928591046416,3515,0.0,3515,209,3306,205,True,10,False,local_bayesian,LNB-AA
standard,power_grid,power-grid,infrastructure,4,lnb_cn,0.4204723154418311,0.6837670338897965,0.4138972809667673,0.4138972809667673,0.4138972809667673,0.5090544463379802,331,331,3310,3641,67,17,3591,0.9862675089261193,3515,0.0,3515,209,3306,205,True,10,False,local_bayesian,LNB-CN
standard,power_grid,power-grid,infrastructure,4,lnb_ra,0.4180732752743531,0.6837259608802402,0.4138972809667673,0.4138972809667673,0.4138972809667673,0.5083899857542303,331,331,3310,3641,68,17,3590,0.9859928591046416,3515,0.0,3515,209,3306,205,True,10,False,local_bayesian,LNB-RA
standard,power_grid,power-grid,infrastructure,4,lpi,0.5800499087072662,0.7766331084966366,0.5800604229607251,0.5800604229607251,0.5800604229607251,0.6565613971908356,331,331,3310,3641,30,18,3629,0.9967042021422686,3446,0.0,3446,147,3299,136,True,10,False,quasi_local_path,LPI-beta-0.001
standard,power_grid,power-grid,infrastructure,4,lrw,0.4305967327962201,0.6936259252836319,0.4259818731117825,0.4259818731117825,0.4259818731117824,0.5191387248858098,331,331,3310,3641,83,23,3581,0.983521010711343,3503,0.0,3503,202,3301,193,True,10,False,quasi_local_walk,LRW-l3
standard,power_grid,power-grid,infrastructure,4,ora_cni,0.5759626750040782,0.7764596891229544,0.5800604229607251,0.5800604229607251,0.5800604229607251,0.6551960027012276,331,331,3310,3641,116,24,3549,0.9747322164240592,3446,0.0,3446,147,3299,136,True,10,False,quasi_local_path,ORA-CNI-beta-0.001
standard,power_grid,power-grid,infrastructure,4,pa,0.1934503183694867,0.6333490019258678,0.2477341389728096,0.2477341389728096,0.2477341389728096,0.2821536475409931,331,331,3310,3641,45,40,3636,0.998626750892612,634,16.0,60,10,50,47,True,10,False,degree_based,PA
standard,power_grid,power-grid,infrastructure,4,pfp,0.5734280719283238,0.7766267193618168,0.5800604229607251,0.5800604229607251,0.5800604229607251,0.6512127838505677,331,331,3310,3641,117,29,3553,0.9758308157099698,3446,0.0,3446,147,3299,136,True,10,False,quasi_local_walk,PFP-l3
standard,power_grid,power-grid,infrastructure,4,ra,0.41771091343867,0.6837227663128304,0.4138972809667673,0.4138972809667673,0.4138972809667673,0.5082875806705166,331,331,3310,3641,44,14,3611,0.9917605053556716,3515,0.0,3515,209,3306,205,True,10,False,local_similarity,RA
standard,power_grid,power-grid,infrastructure,4,ra_cni,0.5452432542183887,0.7583989740874947,0.5468277945619335,0.5468277945619335,0.5468277945619335,0.6268331433156675,331,331,3310,3641,84,20,3577,0.9824224114254324,3458,0.0,3458,159,3299,148,True,10,False,enhanced_local,RA-CNI
standard,power_grid,power-grid,infrastructure,4,sa,0.4200272866561256,0.683753342886611,0.4138972809667673,0.4138972809667673,0.4138972809667673,0.5089966403265312,331,331,3310,3641,43,22,3620,0.99423235374897,3515,0.0,3515,209,3306,205,True,10,False,local_similarity,SA
standard,power_grid,power-grid,infrastructure,4,so,0.4205942413960613,0.6837720539242979,0.4138972809667673,0.4138972809667673,0.4138972809667673,0.5090772139760462,331,331,3310,3641,25,16,3632,0.9975281516067016,3515,0.0,3515,209,3306,205,True,10,False,local_similarity,SO
standard,power_grid,power-grid,infrastructure,4,srw,0.5809471000400345,0.7766623159700988,0.5800604229607251,0.5800604229607251,0.5800604229607251,0.6562340791286987,331,331,3310,3641,109,31,3563,0.978577313924746,3446,0.0,3446,147,3299,136,True,10,False,quasi_local_walk,SRW-l3
standard,power_grid,power-grid,infrastructure,5,aa,0.6657137346643309,0.6654224058769512,0.5848484848484848,0.5848484848484848,0.5848484848484848,0.6515595478851445,330,330,330,660,35,13,638,0.9666666666666668,549,0.0,549,220,329,219,True,1,True,local_similarity,AA
standard,power_grid,power-grid,infrastructure,5,car_aa,0.5439393939393941,0.543939393939394,0.5242424242424243,0.5242424242424243,0.5242424242424243,0.5709489695978022,330,330,330,660,22,5,643,0.9742424242424242,631,0.0,631,301,330,301,True,1,True,enhanced_local,CAR-AA
standard,power_grid,power-grid,infrastructure,5,car_cn,0.5439393939393938,0.543939393939394,0.5242424242424243,0.5242424242424243,0.5242424242424243,0.5709489695978022,330,330,330,660,6,4,658,0.996969696969697,631,0.0,631,301,330,301,True,1,True,enhanced_local,CAR-CN
standard,power_grid,power-grid,infrastructure,5,car_ra,0.5439393939393942,0.543939393939394,0.5242424242424243,0.5242424242424243,0.5242424242424243,0.5709489695978022,330,330,330,660,22,5,643,0.9742424242424242,631,0.0,631,301,330,301,True,1,True,enhanced_local,CAR-RA
standard,power_grid,power-grid,infrastructure,5,cn,0.6644826644826646,0.6652892561983471,0.5848484848484848,0.5848484848484848,0.5848484848484848,0.6514170885904734,330,330,330,660,5,4,659,0.9984848484848484,549,0.0,549,220,329,219,True,1,True,local_similarity,CN
standard,power_grid,power-grid,infrastructure,5,fl,0.7528932029916664,0.7536179981634528,0.6363636363636364,0.6363636363636364,0.6363636363636364,0.7041482716591762,330,330,330,660,27,14,647,0.9803030303030305,489,0.0,489,161,328,159,True,1,True,quasi_local_path,FL-l3
standard,power_grid,power-grid,infrastructure,5,fsw,0.6635877233026648,0.6650367309458218,0.5848484848484848,0.5848484848484848,0.5848484848484848,0.6510649714943214,330,330,330,660,44,24,640,0.9696969696969696,549,0.0,549,220,329,219,True,1,True,enhanced_local,FSW
standard,power_grid,power-grid,infrastructure,5,hdi,0.6628370291613194,0.6649678604224059,0.5848484848484848,0.5848484848484848,0.5848484848484848,0.6509351233878229,330,330,330,660,19,17,658,0.996969696969697,549,0.0,549,220,329,219,True,1,True,local_similarity,HDI
standard,power_grid,power-grid,infrastructure,5,hpi,0.6611280795735468,0.6648347107438016,0.5848484848484848,0.5848484848484848,0.5848484848484848,0.6503183109743841,330,330,330,660,13,10,657,0.9954545454545456,549,0.0,549,220,329,219,True,1,True,local_similarity,HPI
standard,power_grid,power-grid,infrastructure,5,ia1,0.6657137346643308,0.6654224058769512,0.5848484848484848,0.5848484848484848,0.5848484848484848,0.6515595478851445,330,330,330,660,34,14,640,0.9696969696969696,549,0.0,549,220,329,219,True,1,True,enhanced_local,IA1
standard,power_grid,power-grid,infrastructure,5,ia2,0.6655620527347493,0.6653856749311294,0.5848484848484848,0.5848484848484848,0.5848484848484848,0.6515276715607071,330,330,330,660,34,14,640,0.9696969696969696,549,0.0,549,220,329,219,True,1,True,enhanced_local,IA2
standard,power_grid,power-grid,infrastructure,5,ja,0.6619750446115088,0.6648714416896234,0.5848484848484848,0.5848484848484848,0.5848484848484848,0.6504233930203753,330,330,330,660,25,16,651,0.9863636363636364,549,0.0,549,220,329,219,True,1,True,local_similarity,JA
standard,power_grid,power-grid,infrastructure,5,lit,0.5954545454545457,0.5954545454545455,0.5515151515151515,0.5515151515151515,0.5515151515151515,0.6106020131546113,330,330,330,660,61,4,603,0.9136363636363636,597,0.0,597,267,330,267,True,1,True,enhanced_local,LIT-i2
standard,power_grid,power-grid,infrastructure,5,llhn,0.660597165127415,0.6647750229568411,0.5848484848484848,0.5848484848484848,0.5848484848484848,0.6497977043771498,330,330,330,660,30,22,652,0.987878787878788,549,0.0,549,220,329,219,True,1,True,local_similarity,LLHN
standard,power_grid,power-grid,infrastructure,5,lnb_aa,0.6657971207964202,0.6654040404040403,0.5848484848484848,0.5848484848484848,0.5848484848484848,0.6515358440486648,330,330,330,660,55,22,627,0.95,549,0.0,549,220,329,219,True,1,True,local_bayesian,LNB-AA
standard,power_grid,power-grid,infrastructure,5,lnb_cn,0.6659389645736942,0.6654407713498622,0.5848484848484848,0.5848484848484848,0.5848484848484848,0.6515671908014902,330,330,330,660,55,22,627,0.95,549,0.0,549,220,329,219,True,1,True,local_bayesian,LNB-CN
standard,power_grid,power-grid,infrastructure,5,lnb_ra,0.6659367430289721,0.6654407713498622,0.5848484848484848,0.5848484848484848,0.5848484848484848,0.6515671908014902,330,330,330,660,55,22,627,0.95,549,0.0,549,220,329,219,True,1,True,local_bayesian,LNB-RA
standard,power_grid,power-grid,infrastructure,5,lpi,0.7528932029916664,0.7536179981634528,0.6363636363636364,0.6363636363636364,0.6363636363636364,0.7041482716591762,330,330,330,660,27,14,647,0.9803030303030305,489,0.0,489,161,328,159,True,1,True,quasi_local_path,LPI-beta-0.001
standard,power_grid,power-grid,infrastructure,5,lrw,0.6908611802312591,0.6899540863177227,0.5969696969696969,0.5969696969696969,0.5969696969696969,0.6651525517395476,330,330,330,660,75,24,609,0.9227272727272728,533,0.0,533,204,329,203,True,1,True,quasi_local_walk,LRW-l3
standard,power_grid,power-grid,infrastructure,5,ora_cni,0.754982560547541,0.7541276400367309,0.6363636363636364,0.6363636363636364,0.6363636363636364,0.7044001031532887,330,330,330,660,100,31,591,0.8954545454545455,489,0.0,489,161,328,159,True,1,True,quasi_local_path,ORA-CNI-beta-0.001
standard,power_grid,power-grid,infrastructure,5,pa,0.6316030112244363,0.6291919191919192,0.5909090909090909,0.5909090909090909,0.5909090909090909,0.6251193898752516,330,330,330,660,34,30,656,0.993939393939394,98,6.0,72,30,42,69,True,1,True,degree_based,PA
standard,power_grid,power-grid,infrastructure,5,pfp,0.7538402655433286,0.7537924701561065,0.6363636363636364,0.6363636363636364,0.6363636363636364,0.7041607112764601,330,330,330,660,111,26,575,0.8712121212121212,489,0.0,489,161,328,159,True,1,True,quasi_local_walk,PFP-l3
standard,power_grid,power-grid,infrastructure,5,ra,0.6656763646269609,0.6654132231404958,0.5848484848484848,0.5848484848484848,0.5848484848484848,0.6515517782778153,330,330,330,660,33,13,640,0.9696969696969696,549,0.0,549,220,329,219,True,1,True,local_similarity,RA
standard,power_grid,power-grid,infrastructure,5,ra_cni,0.7475171631555192,0.7465840220385676,0.6303030303030303,0.6303030303030303,0.6303030303030303,0.6987726404891494,330,330,330,660,70,23,613,0.9287878787878788,494,0.0,494,166,328,164,True,1,True,enhanced_local,RA-CNI
standard,power_grid,power-grid,infrastructure,5,sa,0.6611829914957585,0.6648255280073462,0.5848484848484848,0.5848484848484848,0.5848484848484848,0.6501979067377044,330,330,330,660,37,22,645,0.9772727272727272,549,0.0,549,220,329,219,True,1,True,local_similarity,SA
standard,power_grid,power-grid,infrastructure,5,so,0.6619750446115088,0.6648714416896234,0.5848484848484848,0.5848484848484848,0.5848484848484848,0.6504233930203753,330,330,330,660,25,16,651,0.9863636363636364,549,0.0,549,220,329,219,True,1,True,local_similarity,SO
standard,power_grid,power-grid,infrastructure,5,srw,0.7544230781293753,0.7539348025711662,0.6363636363636364,0.6363636363636364,0.6363636363636364,0.7042764889881564,330,330,330,660,99,27,588,0.8909090909090909,489,0.0,489,161,328,159,True,1,True,quasi_local_walk,SRW-l3
standard,power_grid,power-grid,infrastructure,5,aa,0.4434915124421086,0.6664178145087235,0.4242424242424242,0.4242424242424242,0.4242424242424243,0.5159797017892629,330,330,1650,1980,35,13,1958,0.9888888888888888,1869,0.0,1869,220,1649,219,True,5,False,local_similarity,AA
standard,power_grid,power-grid,infrastructure,5,car_aa,0.2398989898989898,0.543939393939394,0.2515151515151515,0.2515151515151515,0.2515151515151515,0.3237176490963133,330,330,1650,1980,22,5,1963,0.9914141414141414,1951,0.0,1951,301,1650,301,True,5,False,enhanced_local,CAR-AA
standard,power_grid,power-grid,infrastructure,5,car_cn,0.2398989898989898,0.543939393939394,0.2515151515151515,0.2515151515151515,0.2515151515151515,0.3237176490963133,330,330,1650,1980,6,4,1978,0.998989898989899,1951,0.0,1951,301,1650,301,True,5,False,enhanced_local,CAR-CN
standard,power_grid,power-grid,infrastructure,5,car_ra,0.2398989898989899,0.543939393939394,0.2515151515151515,0.2515151515151515,0.2515151515151515,0.3237176490963133,330,330,1650,1980,22,5,1963,0.9914141414141414,1951,0.0,1951,301,1650,301,True,5,False,enhanced_local,CAR-RA
standard,power_grid,power-grid,infrastructure,5,cn,0.4422604422604422,0.6663911845730027,0.4242424242424242,0.4242424242424242,0.4242424242424243,0.5158372424945918,330,330,1650,1980,5,4,1979,0.9994949494949495,1869,0.0,1869,220,1649,219,True,5,False,local_similarity,CN
standard,power_grid,power-grid,infrastructure,5,fl,0.5902669403654038,0.7555720844811754,0.5606060606060606,0.5606060606060606,0.5606060606060606,0.6413636384439921,330,330,1650,1980,27,14,1967,0.9934343434343434,1809,0.0,1809,161,1648,159,True,5,False,quasi_local_path,FL-l3
standard,power_grid,power-grid,infrastructure,5,fsw,0.4413655010804425,0.6663406795224976,0.4242424242424242,0.4242424242424242,0.4242424242424243,0.5154851253984398,330,330,1650,1980,44,24,1960,0.98989898989899,1869,0.0,1869,220,1649,219,True,5,False,enhanced_local,FSW
standard,power_grid,power-grid,infrastructure,5,hdi,0.440614806939097,0.6663269054178145,0.4242424242424242,0.4242424242424242,0.4242424242424243,0.5153552772919413,330,330,1650,1980,19,17,1978,0.998989898989899,1869,0.0,1869,220,1649,219,True,5,False,local_similarity,HDI
standard,power_grid,power-grid,infrastructure,5,hpi,0.4389058573513242,0.6663002754820936,0.4242424242424242,0.4242424242424242,0.4242424242424243,0.5147384648785024,330,330,1650,1980,13,10,1977,0.9984848484848484,1869,0.0,1869,220,1649,219,True,5,False,local_similarity,HPI
standard,power_grid,power-grid,infrastructure,5,ia1,0.4434915124421086,0.6664178145087235,0.4242424242424242,0.4242424242424242,0.4242424242424243,0.5159797017892629,330,330,1650,1980,34,14,1960,0.98989898989899,1869,0.0,1869,220,1649,219,True,5,False,enhanced_local,IA1
standard,power_grid,power-grid,infrastructure,5,ia2,0.443339830512527,0.6664104683195592,0.4242424242424242,0.4242424242424242,0.4242424242424243,0.5159478254648255,330,330,1650,1980,34,14,1960,0.98989898989899,1869,0.0,1869,220,1649,219,True,5,False,enhanced_local,IA2
standard,power_grid,power-grid,infrastructure,5,ja,0.4397528223892866,0.666307621671258,0.4242424242424242,0.4242424242424242,0.4242424242424243,0.5148435469244937,330,330,1650,1980,25,16,1971,0.9954545454545456,1869,0.0,1869,220,1649,219,True,5,False,local_similarity,JA
standard,power_grid,power-grid,infrastructure,5,lit,0.3257575757575758,0.5954545454545455,0.3272727272727272,0.3272727272727272,0.3272727272727272,0.4144554461713,330,330,1650,1980,61,4,1923,0.9712121212121212,1917,0.0,1917,267,1650,267,True,5,False,enhanced_local,LIT-i2
standard,power_grid,power-grid,infrastructure,5,llhn,0.4383749429051926,0.6662883379247015,0.4242424242424242,0.4242424242424242,0.4242424242424243,0.5142178582812682,330,330,1650,1980,30,22,1972,0.995959595959596,1869,0.0,1869,220,1649,219,True,5,False,local_similarity,LLHN
standard,power_grid,power-grid,infrastructure,5,lnb_aa,0.4435748985741978,0.6664141414141413,0.4242424242424242,0.4242424242424242,0.4242424242424243,0.5159559979527834,330,330,1650,1980,55,22,1947,0.9833333333333332,1869,0.0,1869,220,1649,219,True,5,False,local_bayesian,LNB-AA
standard,power_grid,power-grid,infrastructure,5,lnb_cn,0.4437167423514719,0.6664214876033058,0.4242424242424242,0.4242424242424242,0.4242424242424243,0.5159873447056086,330,330,1650,1980,55,22,1947,0.9833333333333332,1869,0.0,1869,220,1649,219,True,5,False,local_bayesian,LNB-CN
standard,power_grid,power-grid,infrastructure,5,lnb_ra,0.4437145208067499,0.6664214876033058,0.4242424242424242,0.4242424242424242,0.4242424242424243,0.5159873447056086,330,330,1650,1980,55,22,1947,0.9833333333333332,1869,0.0,1869,220,1649,219,True,5,False,local_bayesian,LNB-RA
standard,power_grid,power-grid,infrastructure,5,lpi,0.5902669403654038,0.7555720844811754,0.5606060606060606,0.5606060606060606,0.5606060606060606,0.6413636384439921,330,330,1650,1980,27,14,1967,0.9934343434343434,1809,0.0,1809,161,1648,159,True,5,False,quasi_local_path,LPI-beta-0.001
standard,power_grid,power-grid,infrastructure,5,lrw,0.484800574170653,0.6907180899908173,0.4545454545454545,0.4545454545454545,0.4545454545454545,0.5459968207030189,330,330,1650,1980,75,24,1929,0.9742424242424242,1853,0.0,1853,204,1649,203,True,5,False,quasi_local_walk,LRW-l3
standard,power_grid,power-grid,infrastructure,5,ora_cni,0.5923562979212783,0.755674012855831,0.5606060606060606,0.5606060606060606,0.5606060606060606,0.6416154699381046,330,330,1650,1980,100,31,1911,0.9651515151515152,1809,0.0,1809,161,1648,159,True,5,False,quasi_local_path,ORA-CNI-beta-0.001
standard,power_grid,power-grid,infrastructure,5,pa,0.2936452929560657,0.6260651974288338,0.3,0.3,0.3,0.34863557192142,330,330,1650,1980,34,32,1978,0.998989898989899,370,12.0,114,26,88,92,True,5,False,degree_based,PA
standard,power_grid,power-grid,infrastructure,5,pfp,0.5912140029170659,0.7556069788797062,0.5606060606060606,0.5606060606060606,0.5606060606060606,0.6413760780612758,330,330,1650,1980,111,26,1895,0.9570707070707072,1809,0.0,1809,161,1648,159,True,5,False,quasi_local_walk,PFP-l3
standard,power_grid,power-grid,infrastructure,5,ra,0.4434541424047385,0.6664159779614325,0.4242424242424242,0.4242424242424242,0.4242424242424243,0.5159719321819336,330,330,1650,1980,33,13,1960,0.98989898989899,1869,0.0,1869,220,1649,219,True,5,False,local_similarity,RA
standard,power_grid,power-grid,infrastructure,5,ra_cni,0.5798403954787514,0.7481046831955923,0.5515151515151515,0.5515151515151515,0.5515151515151515,0.6332270047575228,330,330,1650,1980,70,23,1933,0.9762626262626264,1814,0.0,1814,166,1648,164,True,5,False,enhanced_local,RA-CNI
standard,power_grid,power-grid,infrastructure,5,sa,0.4389607692735363,0.6662984389348026,0.4242424242424242,0.4242424242424242,0.4242424242424243,0.5146180606418228,330,330,1650,1980,37,22,1965,0.9924242424242424,1869,0.0,1869,220,1649,219,True,5,False,local_similarity,SA
standard,power_grid,power-grid,infrastructure,5,so,0.4397528223892866,0.666307621671258,0.4242424242424242,0.4242424242424242,0.4242424242424243,0.5148435469244937,330,330,1650,1980,25,16,1971,0.9954545454545456,1869,0.0,1869,220,1649,219,True,5,False,local_similarity,SO
standard,power_grid,power-grid,infrastructure,5,srw,0.5917968155031125,0.7556354453627181,0.5606060606060606,0.5606060606060606,0.5606060606060606,0.6414918557729722,330,330,1650,1980,99,27,1908,0.9636363636363636,1809,0.0,1809,161,1648,159,True,5,False,quasi_local_walk,SRW-l3
standard,power_grid,power-grid,infrastructure,5,aa,0.3893839199132394,0.6663668503213958,0.3848484848484848,0.3848484848484848,0.3848484848484848,0.4812025222237951,330,330,3300,3630,36,13,3607,0.99366391184573,3518,0.0,3518,220,3298,218,True,10,False,local_similarity,AA
standard,power_grid,power-grid,infrastructure,5,car_aa,0.1697394179923596,0.5437929292929293,0.1787878787878788,0.1787878787878788,0.1787878787878788,0.2565907091755171,330,330,3300,3630,23,5,3612,0.9950413223140496,3600,0.0,3600,301,3299,300,True,10,False,enhanced_local,CAR-AA
standard,power_grid,power-grid,infrastructure,5,car_cn,0.1686776859504132,0.5437915518824611,0.1787878787878788,0.1787878787878788,0.1787878787878788,0.2568161954581879,330,330,3300,3630,6,4,3628,0.9994490358126722,3600,0.0,3600,301,3299,300,True,10,False,enhanced_local,CAR-CN
standard,power_grid,power-grid,infrastructure,5,car_ra,0.1697394179923596,0.5437929292929293,0.1787878787878788,0.1787878787878788,0.1787878787878788,0.2565907091755171,330,330,3300,3630,23,5,3612,0.9950413223140496,3600,0.0,3600,301,3299,300,True,10,False,enhanced_local,CAR-RA
standard,power_grid,power-grid,infrastructure,5,cn,0.387459851975981,0.6663443526170798,0.3848484848484848,0.3848484848484848,0.3848484848484848,0.4808489348808929,330,330,3300,3630,5,4,3629,0.999724517906336,3518,0.0,3518,220,3298,218,True,10,False,local_similarity,CN
standard,power_grid,power-grid,infrastructure,5,fl,0.5448334935591223,0.7554054178145088,0.5393939393939394,0.5393939393939394,0.5393939393939394,0.6209651694674833,330,330,3300,3630,27,14,3617,0.9964187327823693,3456,0.0,3456,161,3295,156,True,10,False,quasi_local_path,FL-l3
standard,power_grid,power-grid,infrastructure,5,fsw,0.3824159067450657,0.6663053259871441,0.3848484848484848,0.3848484848484848,0.3848484848484848,0.4770913399279385,330,330,3300,3630,45,24,3609,0.9942148760330578,3518,0.0,3518,220,3298,218,True,10,False,enhanced_local,FSW
standard,power_grid,power-grid,infrastructure,5,hdi,0.3831655729616212,0.6662993572084481,0.3848484848484848,0.3848484848484848,0.3848484848484848,0.477566891089007,330,330,3300,3630,20,17,3627,0.9991735537190084,3518,0.0,3518,220,3298,218,True,10,False,local_similarity,HDI
standard,power_grid,power-grid,infrastructure,5,hpi,0.3860200973421717,0.6663227731864095,0.3848484848484848,0.3848484848484848,0.3848484848484848,0.4804193224932453,330,330,3300,3630,13,10,3627,0.9991735537190084,3518,0.0,3518,220,3298,218,True,10,False,local_similarity,HPI
standard,power_grid,power-grid,infrastructure,5,ia1,0.3892850469708417,0.6663659320477502,0.3848484848484848,0.3848484848484848,0.3848484848484848,0.4811643593995329,330,330,3300,3630,35,14,3609,0.9942148760330578,3518,0.0,3518,220,3298,218,True,10,False,enhanced_local,IA1
standard,power_grid,power-grid,infrastructure,5,ia2,0.3910272150960507,0.6663898071625344,0.3848484848484848,0.3848484848484848,0.3848484848484848,0.4818096269633199,330,330,3300,3630,35,14,3609,0.9942148760330578,3518,0.0,3518,220,3298,218,True,10,False,enhanced_local,IA2
standard,power_grid,power-grid,infrastructure,5,ja,0.382035117463661,0.666293388429752,0.3848484848484848,0.3848484848484848,0.3848484848484848,0.4787653014013058,330,330,3300,3630,25,16,3621,0.9975206611570248,3518,0.0,3518,220,3298,218,True,10,False,local_similarity,JA
standard,power_grid,power-grid,infrastructure,5,lit,0.2579473443575192,0.5952796143250689,0.2666666666666666,0.2666666666666666,0.2666666666666666,0.357966968765408,330,330,3300,3630,62,4,3572,0.9840220385674932,3566,0.0,3566,267,3299,266,True,10,False,enhanced_local,LIT-i2
standard,power_grid,power-grid,infrastructure,5,llhn,0.3837294633499021,0.6662966023875114,0.3848484848484848,0.3848484848484848,0.3848484848484848,0.4792193320610085,330,330,3300,3630,31,22,3621,0.9975206611570248,3518,0.0,3518,220,3298,218,True,10,False,local_similarity,LLHN
standard,power_grid,power-grid,infrastructure,5,lnb_aa,0.389086032849919,0.6663631772268136,0.3848484848484848,0.3848484848484848,0.3848484848484848,0.4811008086929938,330,330,3300,3630,56,22,3596,0.990633608815427,3518,0.0,3518,220,3298,218,True,10,False,local_bayesian,LNB-AA
standard,power_grid,power-grid,infrastructure,5,lnb_cn,0.3859440086274962,0.6663494031221303,0.3848484848484848,0.3848484848484848,0.3848484848484848,0.4792649749809228,330,330,3300,3630,56,22,3596,0.990633608815427,3518,0.0,3518,220,3298,218,True,10,False,local_bayesian,LNB-CN
standard,power_grid,power-grid,infrastructure,5,lnb_ra,0.3897758672021756,0.666372359963269,0.3848484848484848,0.3848484848484848,0.3848484848484848,0.4813451651563259,330,330,3300,3630,56,22,3596,0.990633608815427,3518,0.0,3518,220,3298,218,True,10,False,local_bayesian,LNB-RA
standard,power_grid,power-grid,infrastructure,5,lpi,0.5448334935591223,0.7554054178145088,0.5393939393939394,0.5393939393939394,0.5393939393939394,0.6209651694674833,330,330,3300,3630,27,14,3617,0.9964187327823693,3456,0.0,3456,161,3295,156,True,10,False,quasi_local_path,LPI-beta-0.001
standard,power_grid,power-grid,infrastructure,5,lrw,0.4226221306060136,0.690309917355372,0.4242424242424242,0.4242424242424242,0.4242424242424243,0.5117093831161281,330,330,3300,3630,76,24,3578,0.9856749311294766,3500,0.0,3500,204,3296,200,True,10,False,quasi_local_walk,LRW-l3
standard,power_grid,power-grid,infrastructure,5,ora_cni,0.5490710867837424,0.7554853076216713,0.5393939393939394,0.5393939393939394,0.5393939393939394,0.6221687092066941,330,330,3300,3630,101,31,3560,0.9807162534435262,3456,0.0,3456,161,3295,156,True,10,False,quasi_local_path,ORA-CNI-beta-0.001
standard,power_grid,power-grid,infrastructure,5,pa,0.1745710136902364,0.6271887052341598,0.2272727272727272,0.2272727272727272,0.2272727272727272,0.2523361504529111,330,330,3300,3630,39,33,3624,0.9983471074380166,690,15.0,64,2,62,32,True,10,False,degree_based,PA
standard,power_grid,power-grid,infrastructure,5,pfp,0.5436887010664436,0.75534435261708,0.5393939393939394,0.5393939393939394,0.5393939393939394,0.6209267347506185,330,330,3300,3630,113,26,3543,0.9760330578512396,3456,0.0,3456,161,3295,156,True,10,False,quasi_local_walk,PFP-l3
standard,power_grid,power-grid,infrastructure,5,ra,0.390409645316785,0.6663797061524334,0.3848484848484848,0.3848484848484848,0.3848484848484848,0.4816029217165313,330,330,3300,3630,34,13,3609,0.9942148760330578,3518,0.0,3518,220,3298,218,True,10,False,local_similarity,RA
standard,power_grid,power-grid,infrastructure,5,ra_cni,0.5359924799368269,0.7479944903581267,0.5242424242424243,0.5242424242424243,0.5242424242424243,0.6090592721555188,330,330,3300,3630,71,23,3582,0.9867768595041322,3462,0.0,3462,166,3296,162,True,10,False,enhanced_local,RA-CNI
standard,power_grid,power-grid,infrastructure,5,sa,0.3830228795993743,0.6662924701561065,0.3848484848484848,0.3848484848484848,0.3848484848484848,0.478834437486738,330,330,3300,3630,38,22,3614,0.9955922865013774,3518,0.0,3518,220,3298,218,True,10,False,local_similarity,SA
standard,power_grid,power-grid,infrastructure,5,so,0.382035117463661,0.666293388429752,0.3848484848484848,0.3848484848484848,0.3848484848484848,0.4787653014013058,330,330,3300,3630,25,16,3621,0.9975206611570248,3518,0.0,3518,220,3298,218,True,10,False,local_similarity,SO
standard,power_grid,power-grid,infrastructure,5,srw,0.5470170128869003,0.7553985307621672,0.5393939393939394,0.5393939393939394,0.5393939393939394,0.6219501580308056,330,330,3300,3630,100,27,3557,0.9798898071625344,3456,0.0,3456,161,3295,156,True,10,False,quasi_local_walk,SRW-l3
standard,socfb_middlebury45,socfb-Middlebury45,social,1,aa,0.94982853128651,0.9528650503565822,0.8883495145631068,0.8883495145631068,0.8883495145631068,0.8978266542168812,24308,24308,24308,48616,30717,486,18385,0.3781676814217541,13681,1.0442528521373244,1,1,0,1,False,1,True,local_similarity,AA
standard,socfb_middlebury45,socfb-Middlebury45,social,1,car_aa,0.9384081714135324,0.9403121093869422,0.8847704459437222,0.8847704459437222,0.8847704459437222,0.8946199550601928,24308,24308,24308,48616,28255,313,20674,0.4252509461905545,19995,1.395730862113028,1,0,1,1,False,1,True,enhanced_local,CAR-AA
standard,socfb_middlebury45,socfb-Middlebury45,social,1,car_cn,0.9368737924604338,0.9395560737132748,0.8836185617903571,0.8836185617903571,0.8836185617903571,0.8935063769139849,24308,24308,24308,48616,3767,2094,46943,0.9655874609182162,19995,16.0,206,98,108,142,True,1,True,enhanced_local,CAR-CN
standard,socfb_middlebury45,socfb-Middlebury45,social,1,car_ra,0.9420894909840334,0.9429084088883573,0.8900773407931545,0.8900773407931545,0.8900773407931545,0.8996757457010686,24308,24308,24308,48616,28245,320,20691,0.4256006253085404,19995,0.0625240256819204,1,1,0,1,False,1,True,enhanced_local,CAR-RA
standard,socfb_middlebury45,socfb-Middlebury45,social,1,cn,0.9426876795699763,0.949973268971083,0.8841122264275135,0.8841122264275135,0.8841122264275135,0.8938384773178963,24308,24308,24308,48616,96,88,48608,0.9998354451209478,13681,5.0,1482,797,685,977,True,1,True,local_similarity,CN
standard,socfb_middlebury45,socfb-Middlebury45,social,1,fl,0.9463175808545012,0.9496276287520076,0.8796281059733421,0.8796281059733421,0.8796281059733421,0.889756008738683,24308,24308,24308,48616,20652,6781,34745,0.7146824090834293,1977,0.0016483361057283,6,3,3,3,True,1,True,quasi_local_path,FL-l3
standard,socfb_middlebury45,socfb-Middlebury45,social,1,fsw,0.9516478410028572,0.9536041037000096,0.8885140694421589,0.8885140694421589,0.888514069442159,0.8982270841671067,24308,24308,24308,48616,19412,3329,32533,0.669182985025506,13681,0.0106048053024026,1,0,1,1,False,1,True,enhanced_local,FSW
standard,socfb_middlebury45,socfb-Middlebury45,social,1,hdi,0.9453542938239308,0.9489282400529392,0.8822198453184137,0.8822198453184137,0.8822198453184137,0.8920858719431584,24308,24308,24308,48616,4549,3400,47467,0.9763658054961328,13681,0.045045045045045,10,6,4,3,True,1,True,local_similarity,HDI
standard,socfb_middlebury45,socfb-Middlebury45,social,1,hpi,0.9230053868595072,0.9413117711382548,0.8771186440677966,0.8771186440677966,0.8771186440677965,0.8827761738336644,24308,24308,24308,48616,3460,2437,47593,0.9789575448412046,13681,0.0975609756097561,29,17,12,23,True,1,True,local_similarity,HPI
standard,socfb_middlebury45,socfb-Middlebury45,social,1,ia1,0.9545320151829452,0.956352360743775,0.8928747737370413,0.8928747737370413,0.8928747737370413,0.902246997635202,24308,24308,24308,48616,30761,439,18294,0.3762958696725358,13681,0.1629770346169027,1,1,0,1,False,1,True,enhanced_local,IA1
standard,socfb_middlebury45,socfb-Middlebury45,social,1,ia2,0.95310819454181,0.9548721563342296,0.8906944215896001,0.8906944215896001,0.8906944215896001,0.9002433737331325,24308,24308,24308,48616,30750,436,18302,0.3764604245515879,13681,0.0563407860008195,1,0,1,1,False,1,True,enhanced_local,IA2
standard,socfb_middlebury45,socfb-Middlebury45,social,1,ja,0.9500978247118774,0.9529260205523278,0.8886374856014481,0.8886374856014481,0.8886374856014481,0.8981532642920762,24308,24308,24308,48616,6640,4178,46154,0.9493582359716966,13681,0.0310077519379844,10,3,7,9,True,1,True,local_similarity,JA
standard,socfb_middlebury45,socfb-Middlebury45,social,1,lit,0.9491062518527944,0.9506896061525056,0.8835774230705941,0.8835774230705941,0.8835774230705941,0.8937052623502648,24308,24308,24308,48616,34709,104,14011,0.2881973012999835,13684,0.0430639223603185,1,0,1,1,False,1,True,enhanced_local,LIT-i2
standard,socfb_middlebury45,socfb-Middlebury45,social,1,llhn,0.8753328540435216,0.9158749262691516,0.8492265920684549,0.8492265920684549,0.8492265920684549,0.8531969686258086,24308,24308,24308,48616,20046,5394,33964,0.6986177390159618,13681,0.0007982120051085,3,1,2,2,True,1,True,local_similarity,LLHN
standard,socfb_middlebury45,socfb-Middlebury45,social,1,lnb_aa,0.9502889150236138,0.95317076868737,0.8884317920026329,0.8884317920026329,0.8884317920026329,0.8979386428286635,24308,24308,24308,48616,31975,864,17505,0.3600666447260161,13681,2.279991093437643,1,1,0,1,False,1,True,local_bayesian,LNB-AA
standard,socfb_middlebury45,socfb-Middlebury45,social,1,lnb_cn,0.947895923842841,0.951199318072071,0.8856343590587461,0.8856343590587461,0.8856343590587461,0.8952645182203159,24308,24308,24308,48616,31973,865,17508,0.3601283528056607,13681,10.454698149858425,1,0,1,1,False,1,True,local_bayesian,LNB-CN
standard,socfb_middlebury45,socfb-Middlebury45,social,1,lnb_ra,0.9532049780397288,0.955398006925494,0.8911880862267566,0.8911880862267566,0.8911880862267566,0.9006398665830451,24308,24308,24308,48616,31975,864,17505,0.3600666447260161,13681,0.1090664161800369,1,0,1,1,False,1,True,local_bayesian,LNB-RA
standard,socfb_middlebury45,socfb-Middlebury45,social,1,lpi,0.9460570791121634,0.9495244654748728,0.8796692446931051,0.8796692446931051,0.8796692446931051,0.8897614502923281,24308,24308,24308,48616,19582,7526,36560,0.752015797268389,1977,5.34,6,3,3,2,True,1,True,quasi_local_path,LPI-beta-0.001
standard,socfb_middlebury45,socfb-Middlebury45,social,1,lrw,0.9304066010635508,0.9376045552714168,0.8645713345400691,0.8645713345400691,0.8645713345400691,0.8749731315989346,24308,24308,24308,48616,46503,99,2212,0.0454994240579233,1979,4.0584067059575293e-07,1,1,0,1,False,1,True,quasi_local_walk,LRW-l3
standard,socfb_middlebury45,socfb-Middlebury45,social,1,ora_cni,0.9160806795697232,0.92698213943899,0.8528879381273655,0.8528879381273655,0.8528879381273655,0.8632917545025254,24308,24308,24308,48616,46478,112,2250,0.046281059733421,1977,2.2931548605102368,1,0,1,1,False,1,True,quasi_local_path,ORA-CNI-beta-0.001
standard,socfb_middlebury45,socfb-Middlebury45,social,1,pa,0.7744733960155673,0.7929145482177884,0.7159782787559651,0.7159782787559651,0.715978278755965,0.7293915136080327,24308,24308,24308,48616,9477,6697,45836,0.942817179529373,51,5073.0,5,1,4,1,True,1,True,degree_based,PA
standard,socfb_middlebury45,socfb-Middlebury45,social,1,pfp,0.916354474018338,0.9336333038983096,0.8617739015961823,0.8617739015961823,0.8617739015961824,0.870108726547821,24308,24308,24308,48616,46624,16,2008,0.0413032746420931,1977,0.0013784350363712,1,1,0,1,False,1,True,quasi_local_walk,PFP-l3
standard,socfb_middlebury45,socfb-Middlebury45,social,1,ra,0.954067966550402,0.9561413758742944,0.892627941418463,0.892627941418463,0.892627941418463,0.9019831543511964,24308,24308,24308,48616,30684,494,18426,0.3790110251768965,13681,0.0481967213114754,1,0,1,1,False,1,True,local_similarity,RA
standard,socfb_middlebury45,socfb-Middlebury45,social,1,ra_cni,0.91608029992783,0.9269818695021048,0.8528879381273655,0.8528879381273655,0.8528879381273655,0.8632917194779783,24308,24308,24308,48616,46467,117,2266,0.0466101694915254,1982,2.2931250048843417,1,0,1,1,False,1,True,enhanced_local,RA-CNI
standard,socfb_middlebury45,socfb-Middlebury45,social,1,sa,0.9507183107673044,0.9534696954399776,0.8886374856014481,0.8886374856014481,0.8886374856014481,0.8981888035792704,24308,24308,24308,48616,26029,5042,27629,0.5683108441665295,13681,0.067638112188014,1,1,0,1,False,1,True,local_similarity,SA
standard,socfb_middlebury45,socfb-Middlebury45,social,1,so,0.9500978247118774,0.9529260205523278,0.8886374856014481,0.8886374856014481,0.8886374856014481,0.8981532642920762,24308,24308,24308,48616,6640,4178,46154,0.9493582359716966,13681,0.0601503759398496,10,3,7,9,True,1,True,local_similarity,SO
standard,socfb_middlebury45,socfb-Middlebury45,social,1,srw,0.9504193520918426,0.9543010705828868,0.8880204048050024,0.8880204048050024,0.8880204048050024,0.8974059527423389,24308,24308,24308,48616,46505,99,2210,0.0454582853381602,1977,9.183790726996302e-07,1,1,0,1,False,1,True,quasi_local_walk,SRW-l3
standard,socfb_middlebury45,socfb-Middlebury45,social,1,aa,0.8267129789583698,0.9530844951665084,0.7546075366134606,0.7546075366134606,0.7546075366134606,0.7718073390372556,24308,24308,121540,145848,56064,2559,92343,0.6331454665130821,67173,1.8314893970457964,1,0,1,1,False,5,False,local_similarity,AA
standard,socfb_middlebury45,socfb-Middlebury45,social,1,car_aa,0.8154954466630822,0.9404006799945376,0.7544018430146454,0.7544018430146454,0.7544018430146454,0.7716653924752755,24308,24308,121540,145848,47295,2025,100578,0.6896083593878558,95044,5.2768223875962725,1,1,0,1,False,5,False,enhanced_local,CAR-AA
standard,socfb_middlebury45,socfb-Middlebury45,social,1,car_cn,0.8107264605526124,0.9396567293698288,0.7505759420766825,0.7505759420766825,0.7505759420766825,0.7679416424341831,24308,24308,121540,145848,3832,2152,144168,0.9884811584663484,95044,105.0,77,38,39,37,True,5,False,enhanced_local,CAR-CN
standard,socfb_middlebury45,socfb-Middlebury45,social,1,car_ra,0.8287408411278065,0.9430132437433062,0.7656738522297186,0.7656738522297186,0.7656738522297186,0.782816476712676,24308,24308,121540,145848,47235,2048,100661,0.6901774450112446,95044,0.2286017432947501,1,1,0,1,False,5,False,enhanced_local,CAR-RA
standard,socfb_middlebury45,socfb-Middlebury45,social,1,cn,0.807763780271052,0.9501388022232592,0.7470791508968241,0.7470791508968241,0.747079150896824,0.7644391991525922,24308,24308,121540,145848,96,88,145840,0.9999451483736492,67173,9.0,2145,1006,1139,2034,True,5,False,local_similarity,CN
standard,socfb_middlebury45,socfb-Middlebury45,social,1,fl,0.8133064230215333,0.9498133754535514,0.7455570182655916,0.7455570182655916,0.7455570182655916,0.762792609328176,24308,24308,121540,145848,24743,10454,131559,0.902028138884318,9598,0.0029508938341807,5,4,1,5,False,5,False,quasi_local_path,FL-l3
standard,socfb_middlebury45,socfb-Middlebury45,social,1,fsw,0.8357165765658158,0.95367642546104,0.7627118644067796,0.7627118644067796,0.7627118644067796,0.7800953935041585,24308,24308,121540,145848,29324,6889,123413,0.8461754703526959,67173,0.0266833437565144,2,0,2,1,True,5,False,enhanced_local,FSW
standard,socfb_middlebury45,socfb-Middlebury45,social,1,hdi,0.8129420582914937,0.9488596000956296,0.7436646371564917,0.7436646371564917,0.7436646371564917,0.7611640991886153,24308,24308,121540,145848,4660,3670,144858,0.9932121112390982,67173,0.0744680851063829,43,23,20,42,True,5,False,local_similarity,HDI
standard,socfb_middlebury45,socfb-Middlebury45,social,1,hpi,0.7298505730272502,0.9414885508580316,0.7166776369919368,0.7166776369919368,0.7166776369919368,0.7216605427743684,24308,24308,121540,145848,3662,2649,144835,0.99305441281334,67173,0.1578947368421052,175,65,110,146,True,5,False,local_similarity,HPI
standard,socfb_middlebury45,socfb-Middlebury45,social,1,ia1,0.8431644003945975,0.9565443615190812,0.7702402501234161,0.7702402501234161,0.7702402501234161,0.7870657236012557,24308,24308,121540,145848,56708,2246,91386,0.626583840710877,67173,0.4060742061615792,1,1,0,1,False,5,False,enhanced_local,IA1
standard,socfb_middlebury45,socfb-Middlebury45,social,1,ia2,0.8392530465111473,0.9550583753830126,0.7667023202237946,0.7667023202237946,0.7667023202237946,0.7837272001304381,24308,24308,121540,145848,56684,2238,91402,0.6266935439635786,67173,0.1447477710691814,1,0,1,1,False,5,False,enhanced_local,IA2
standard,socfb_middlebury45,socfb-Middlebury45,social,1,ja,0.8283625554622955,0.952828020600852,0.7587625473095277,0.7587625473095277,0.7587625473095277,0.7757272537110815,24308,24308,121540,145848,7199,4697,143346,0.982845153858812,67173,0.05,144,54,90,109,True,5,False,local_similarity,JA
standard,socfb_middlebury45,socfb-Middlebury45,social,1,lit,0.8283352112850033,0.9507905068677496,0.7528797103834128,0.7528797103834128,0.7528797103834127,0.7709627780361739,24308,24308,121540,145848,76983,787,69652,0.477565684822555,67189,0.0817634287288568,1,0,1,1,False,5,False,enhanced_local,LIT-i2
standard,socfb_middlebury45,socfb-Middlebury45,social,1,llhn,0.599086513804376,0.915984365621174,0.6311502386045746,0.6311502386045746,0.6311502386045746,0.6290977136854418,24308,24308,121540,145848,28089,10384,128143,0.8786064944325599,67173,0.0013672409078479,2,1,1,2,False,5,False,local_similarity,LLHN
standard,socfb_middlebury45,socfb-Middlebury45,social,1,lnb_aa,0.8282175915160561,0.953439188848698,0.7553891722889584,0.7553891722889584,0.7553891722889584,0.7726052211145837,24308,24308,121540,145848,60149,2668,88367,0.6058842082167736,67173,4.075656949630314,1,1,0,1,False,5,False,local_bayesian,LNB-AA
standard,socfb_middlebury45,socfb-Middlebury45,social,1,lnb_cn,0.8204360690407134,0.9514197184077988,0.749094948165213,0.749094948165213,0.7490949481652129,0.7664269649153365,24308,24308,121540,145848,60137,2666,88377,0.605952772749712,67173,18.725740432886436,1,1,0,1,False,5,False,local_bayesian,LNB-CN
standard,socfb_middlebury45,socfb-Middlebury45,social,1,lnb_ra,0.8386193453218722,0.9558378513941902,0.7646042455158796,0.7646042455158796,0.7646042455158797,0.7815693713652064,24308,24308,121540,145848,60149,2668,88367,0.6058842082167736,67173,0.1987643580100593,1,0,1,1,False,5,False,local_bayesian,LNB-RA
standard,socfb_middlebury45,socfb-Middlebury45,social,1,lpi,0.8123173706556326,0.9497197547414726,0.7444051341122264,0.7444051341122264,0.7444051341122264,0.7616490715279199,24308,24308,121540,145848,23033,11373,134188,0.9200537545938235,9598,9.333,4,2,2,3,True,5,False,quasi_local_path,LPI-beta-0.001
standard,socfb_middlebury45,socfb-Middlebury45,social,1,lrw,0.7646266919655592,0.9383302380232031,0.7028961658713181,0.7028961658713181,0.7028961658713181,0.720638771774733,24308,24308,121540,145848,134512,880,12216,0.0837584334375514,9600,6.713084548624746e-07,1,1,0,1,False,5,False,quasi_local_walk,LRW-l3
standard,socfb_middlebury45,socfb-Middlebury45,social,1,ora_cni,0.7226034892622328,0.9278941119816396,0.6730705940431134,0.6730705940431134,0.6730705940431134,0.6902105914609685,24308,24308,121540,145848,134252,940,12536,0.0859524984915802,9598,3.8301593410345474,1,0,1,1,False,5,False,quasi_local_path,ORA-CNI-beta-0.001
standard,socfb_middlebury45,socfb-Middlebury45,social,1,pa,0.4392592073148151,0.7938905983612912,0.4430640118479513,0.4430640118479513,0.4430640118479513,0.4593994334277479,24308,24308,121540,145848,10800,8443,143491,0.9838393395864188,195,9500.0,23,9,14,19,True,5,False,degree_based,PA
standard,socfb_middlebury45,socfb-Middlebury45,social,1,pfp,0.7085656095019494,0.933910910037222,0.6892381109099884,0.6892381109099884,0.6892381109099884,0.6990837107778014,24308,24308,121540,145848,135912,269,10205,0.0699701058636388,9598,0.0022209602811836,1,0,1,1,False,5,False,quasi_local_walk,PFP-l3
standard,socfb_middlebury45,socfb-Middlebury45,social,1,ra,0.8413898756878447,0.9565154098996508,0.7674428171795293,0.7674428171795293,0.7674428171795293,0.7843035253262424,24308,24308,121540,145848,55875,2603,92576,0.6347430201305468,67173,0.0856179322653585,1,1,0,1,False,5,False,local_similarity,RA
standard,socfb_middlebury45,socfb-Middlebury45,social,1,ra_cni,0.7226024180232378,0.927893818012756,0.6730705940431134,0.6730705940431134,0.6730705940431134,0.6902104910862118,24308,24308,121540,145848,134121,994,12721,0.0872209423509407,9626,3.830083811042985,1,0,1,1,False,5,False,enhanced_local,RA-CNI
standard,socfb_middlebury45,socfb-Middlebury45,social,1,sa,0.8298417505508592,0.9533758817949528,0.7596264604245516,0.7596264604245516,0.7596264604245517,0.7765672400300596,24308,24308,121540,145848,38806,12250,119292,0.8179200263287807,67173,0.1045825033167594,3,2,1,3,False,5,False,local_similarity,SA
standard,socfb_middlebury45,socfb-Middlebury45,social,1,so,0.8283625554622955,0.952828020600852,0.7587625473095277,0.7587625473095277,0.7587625473095277,0.7757272537110815,24308,24308,121540,145848,7199,4697,143346,0.982845153858812,67173,0.0952380952380952,144,54,90,109,True,5,False,local_similarity,SO
standard,socfb_middlebury45,socfb-Middlebury45,social,1,srw,0.8245901790712457,0.954809917519744,0.7527974329438868,0.7527974329438868,0.7527974329438868,0.7697281988886487,24308,24308,121540,145848,134520,878,12206,0.083689868904613,9598,1.5332255164944506e-06,1,0,1,1,False,5,False,quasi_local_walk,SRW-l3
standard,socfb_middlebury45,socfb-Middlebury45,social,1,aa,0.7324852574344504,0.9531025609675556,0.6737699522790851,0.6737699522790851,0.6737699522790851,0.6941716485991842,24308,24308,243080,267388,85239,5610,187759,0.7021968076353464,134042,2.2576822702350703,1,1,0,1,False,10,False,local_similarity,AA
standard,socfb_middlebury45,socfb-Middlebury45,social,1,car_aa,0.7249136390322067,0.9404921220874808,0.6746750041138719,0.6746750041138719,0.6746750041138719,0.6951010015648139,24308,24308,243080,267388,69092,4333,202629,0.7578088769877481,188664,8.241813766730921,1,1,0,1,False,10,False,enhanced_local,CAR-AA
standard,socfb_middlebury45,socfb-Middlebury45,social,1,car_cn,0.7181919343937007,0.9397247166552908,0.6699440513411222,0.6699440513411222,0.6699440513411222,0.6904030383244478,24308,24308,243080,267388,3898,2224,265714,0.993739434828788,188664,207.0,72,41,31,71,True,10,False,enhanced_local,CAR-CN
standard,socfb_middlebury45,socfb-Middlebury45,social,1,car_ra,0.7444579301992242,0.9430835433470504,0.6914596017771927,0.6914596017771927,0.6914596017771927,0.7117027708141195,24308,24308,243080,267388,68974,4362,202776,0.758358639879127,188664,0.3574741899094253,1,0,1,1,False,10,False,enhanced_local,CAR-RA
standard,socfb_middlebury45,socfb-Middlebury45,social,1,cn,0.7083373845655665,0.950152719035149,0.6631150238604575,0.6631150238604575,0.6631150238604575,0.683727873358762,24308,24308,243080,267388,96,88,267380,0.9999700809310814,134042,11.0,2406,942,1464,2268,True,10,False,local_similarity,CN
standard,socfb_middlebury45,socfb-Middlebury45,social,1,fl,0.7137612295918019,0.9498079807775964,0.6607289781142011,0.6607289781142011,0.6607289781142011,0.6812080081250073,24308,24308,243080,267388,27754,13075,252709,0.9451022484180291,19210,0.0036076228419824,2,2,0,2,False,10,False,quasi_local_path,FL-l3
standard,socfb_middlebury45,socfb-Middlebury45,social,1,fsw,0.7469080005268638,0.9537229882197986,0.6853299325324996,0.6853299325324996,0.6853299325324996,0.7060619815833062,24308,24308,243080,267388,38430,11262,240220,0.8983948419525184,134042,0.0371900826446281,2,2,0,1,True,10,False,enhanced_local,FSW
standard,socfb_middlebury45,socfb-Middlebury45,social,1,hdi,0.7134719220601202,0.9489587518906416,0.6615928912292249,0.6615928912292249,0.6615928912292249,0.6818875092859904,24308,24308,243080,267388,4715,3779,266452,0.9964994689365269,134042,0.0902777777777777,23,8,15,23,False,10,False,local_similarity,HDI
standard,socfb_middlebury45,socfb-Middlebury45,social,1,hpi,0.5907452762512375,0.9418886613788234,0.6173687674839559,0.6173687674839559,0.6173687674839559,0.6191953086894401,24308,24308,243080,267388,3801,2796,266383,0.996241416967104,134042,0.1904761904761904,170,55,115,14,True,10,False,local_similarity,HPI
standard,socfb_middlebury45,socfb-Middlebury45,social,1,ia1,0.7571019826833713,0.9566177969601568,0.6953677801546816,0.6953677801546816,0.6953677801546816,0.7154367109716356,24308,24308,243080,267388,86941,5212,185659,0.6943430520442204,134042,0.5711173033736738,1,1,0,1,False,10,False,enhanced_local,IA1
standard,socfb_middlebury45,socfb-Middlebury45,social,1,ia2,0.7523651371606606,0.9551827903087764,0.6916652953760078,0.6916652953760078,0.6916652953760078,0.7118718521798232,24308,24308,243080,267388,86908,5206,185686,0.6944440289018206,134042,0.2119764228562394,1,0,1,1,False,10,False,enhanced_local,IA2
standard,socfb_middlebury45,socfb-Middlebury45,social,1,ja,0.7352453325708234,0.9529915887294288,0.6803110087214086,0.6803110087214086,0.6803110087214086,0.7001107084447236,24308,24308,243080,267388,7600,5093,264881,0.9906241117776414,134042,0.0602409638554216,39,11,28,26,True,10,False,local_similarity,JA
standard,socfb_middlebury45,socfb-Middlebury45,social,1,lit,0.7374697715825819,0.9508186383529196,0.6772667434589436,0.6772667434589436,0.6772667434589436,0.6984002551651065,24308,24308,243080,267388,129029,1852,140211,0.5243728215177944,134082,0.103644159939486,1,0,1,1,False,10,False,enhanced_local,LIT-i2
standard,socfb_middlebury45,socfb-Middlebury45,social,1,llhn,0.4365029069196727,0.9164911529142123,0.4989303932861609,0.4989303932861609,0.4989303932861609,0.4927506666254285,24308,24308,243080,267388,34335,14532,247585,0.9259390847756818,134042,0.0017605633802816,17,5,12,16,True,10,False,local_similarity,LLHN
standard,socfb_middlebury45,socfb-Middlebury45,social,1,lnb_aa,0.7346639994786972,0.9534665228776908,0.675621194668422,0.675621194668422,0.675621194668422,0.6959618852783945,24308,24308,243080,267388,93584,4699,178503,0.6675804448965548,134042,5.07438034265405,1,1,0,1,False,10,False,local_bayesian,LNB-AA
standard,socfb_middlebury45,socfb-Middlebury45,social,1,lnb_cn,0.7236797826195447,0.9514438702278576,0.6676402830343919,0.6676402830343919,0.6676402830343919,0.6880053969486227,24308,24308,243080,267388,93567,4694,178515,0.6676253234999326,134042,23.43601798023403,1,1,0,1,False,10,False,local_bayesian,LNB-CN
standard,socfb_middlebury45,socfb-Middlebury45,social,1,lnb_ra,0.7502691928753124,0.9558875713990675,0.6895260819483298,0.6895260819483298,0.6895260819483298,0.7095453855088527,24308,24308,243080,267388,93584,4699,178503,0.6675804448965548,134042,0.2502723714261889,1,1,0,1,False,10,False,local_bayesian,LNB-RA
standard,socfb_middlebury45,socfb-Middlebury45,social,1,lpi,0.7121385502091714,0.94971415579353,0.6587131808458121,0.6587131808458121,0.6587131808458121,0.6792136052652223,24308,24308,243080,267388,25214,14114,256288,0.9584872918754768,19210,11.459,5,1,4,1,True,10,False,quasi_local_path,LPI-beta-0.001
standard,socfb_middlebury45,socfb-Middlebury45,social,1,lrw,0.646361371742001,0.938174359287964,0.6090587460918216,0.6090587460918216,0.6090587460918216,0.6291739058437608,24308,24308,243080,267388,243349,1994,26033,0.0973603901446586,19215,8.187926063938231e-07,1,1,0,1,False,10,False,quasi_local_walk,LRW-l3
standard,socfb_middlebury45,socfb-Middlebury45,social,1,ora_cni,0.5904429899062204,0.9276859356404394,0.570306072075037,0.570306072075037,0.570306072075037,0.5890845966158297,24308,24308,243080,267388,242821,2007,26574,0.0993836671802773,19210,4.679772663741038,1,0,1,1,False,10,False,quasi_local_path,ORA-CNI-beta-0.001
standard,socfb_middlebury45,socfb-Middlebury45,social,1,pa,0.2922280671098262,0.7930775152925422,0.3290686193845648,0.3290686193845648,0.3290686193845648,0.3434461856724961,24308,24308,243080,267388,11573,9539,265354,0.9923930767274524,373,12054.0,23,8,15,7,True,10,False,degree_based,PA
standard,socfb_middlebury45,socfb-Middlebury45,social,1,pfp,0.5655571008935253,0.9342233713744752,0.5850748724699687,0.5850748724699687,0.5850748724699687,0.5928905476552574,24308,24308,243080,267388,247044,802,21146,0.079083578919024,19210,0.0027114636854118,1,0,1,1,False,10,False,quasi_local_walk,PFP-l3
standard,socfb_middlebury45,socfb-Middlebury45,social,1,ra,0.7541314573799978,0.956565566626868,0.6923646536119796,0.6923646536119796,0.6923646536119796,0.712360940531037,24308,24308,243080,267388,84843,5677,188222,0.703928373749009,134042,0.1064046467113011,1,0,1,1,False,10,False,local_similarity,RA
standard,socfb_middlebury45,socfb-Middlebury45,social,1,ra_cni,0.5904415968386314,0.927685651064344,0.570306072075037,0.570306072075037,0.570306072075037,0.5890844516029029,24308,24308,243080,267388,242453,2163,27098,0.101343366194444,19263,4.679715093556125,1,0,1,1,False,10,False,enhanced_local,RA-CNI
standard,socfb_middlebury45,socfb-Middlebury45,social,1,sa,0.7373128467591262,0.9536008127547444,0.6825324995886128,0.6825324995886128,0.6825324995886128,0.7021696972739935,24308,24308,243080,267388,48753,18572,237207,0.88712657262106,134042,0.1239203992741524,4,2,2,4,False,10,False,local_similarity,SA
standard,socfb_middlebury45,socfb-Middlebury45,social,1,so,0.7352453325708234,0.9529915887294288,0.6803110087214086,0.6803110087214086,0.6803110087214086,0.7001107084447236,24308,24308,243080,267388,7600,5093,264881,0.9906241117776414,134042,0.1136363636363636,39,11,28,26,True,10,False,local_similarity,SO
standard,socfb_middlebury45,socfb-Middlebury45,social,1,srw,0.7280417894652298,0.954799445576378,0.672700345565246,0.672700345565246,0.672700345565246,0.6925054416173119,24308,24308,243080,267388,243372,1986,26002,0.0972444537525992,19210,1.872694170432184e-06,1,1,0,1,False,10,False,quasi_local_walk,SRW-l3
standard,socfb_middlebury45,socfb-Middlebury45,social,2,aa,0.9506055604975798,0.954192984977036,0.8923811090998848,0.8923811090998848,0.8923811090998848,0.901408406540002,24308,24308,24308,48616,30886,491,18221,0.3747943064011848,13601,1.0508126964650455,1,0,1,1,False,1,True,local_similarity,AA
standard,socfb_middlebury45,socfb-Middlebury45,social,2,car_aa,0.940125928977652,0.9425168785526232,0.8883906532828698,0.8883906532828698,0.8883906532828698,0.8978884719431116,24308,24308,24308,48616,28434,328,20510,0.4218775711699852,19765,1.50677504443649,1,1,0,1,False,1,True,enhanced_local,CAR-AA
standard,socfb_middlebury45,socfb-Middlebury45,social,2,car_cn,0.9386010298545716,0.9417874989348072,0.8880204048050024,0.8880204048050024,0.8880204048050024,0.8974599120240248,24308,24308,24308,48616,3872,2097,46841,0.9634893862103012,19765,16.0,250,126,124,54,True,1,True,enhanced_local,CAR-CN
standard,socfb_middlebury45,socfb-Middlebury45,social,2,car_ra,0.9437193613381398,0.9450317857367124,0.8932450222149086,0.8932450222149086,0.8932450222149086,0.9025295623925508,24308,24308,24308,48616,28428,334,20522,0.4221244034885634,19765,0.0637558116029917,1,1,0,1,False,1,True,enhanced_local,CAR-RA
standard,socfb_middlebury45,socfb-Middlebury45,social,2,cn,0.9435631815375612,0.9512335611314064,0.8871153529702156,0.8871153529702156,0.8871153529702156,0.8965210255100468,24308,24308,24308,48616,99,85,48602,0.9997120289616588,13601,5.0,1392,774,618,849,True,1,True,local_similarity,CN
standard,socfb_middlebury45,socfb-Middlebury45,social,2,fl,0.9469513724119004,0.9505921394744626,0.8836597005101201,0.8836597005101201,0.8836597005101201,0.8933504181951446,24308,24308,24308,48616,20737,6714,34593,0.7115558663814382,1899,0.0016496122369069,2,2,0,2,False,1,True,quasi_local_path,FL-l3
standard,socfb_middlebury45,socfb-Middlebury45,social,2,fsw,0.9526540010367368,0.9550565824605296,0.8943146289287477,0.8943146289287477,0.8943146289287477,0.9034093542984069,24308,24308,24308,48616,19383,3299,32532,0.6691624156656245,13601,0.0109839816933638,1,0,1,1,False,1,True,enhanced_local,FSW
standard,socfb_middlebury45,socfb-Middlebury45,social,2,hdi,0.9460425819631416,0.9503651225541212,0.8861280236959026,0.8861280236959026,0.8861280236959026,0.8955260367669828,24308,24308,24308,48616,4855,3482,47243,0.9717582688826724,13601,0.0454545454545454,85,38,47,60,True,1,True,local_similarity,HDI
standard,socfb_middlebury45,socfb-Middlebury45,social,2,hpi,0.9235896858913428,0.9428464359490104,0.8797926608523943,0.8797926608523943,0.8797926608523943,0.885010589904583,24308,24308,24308,48616,3466,2417,47567,0.978422741484285,13601,0.0989010989010989,6,4,2,6,False,1,True,local_similarity,HPI
standard,socfb_middlebury45,socfb-Middlebury45,social,2,ia1,0.955411433806761,0.957715890646581,0.8980993911469475,0.8980993911469475,0.8980993911469475,0.9069173381301294,24308,24308,24308,48616,30918,452,18150,0.3733338818495968,13601,0.165676820449672,1,1,0,1,False,1,True,enhanced_local,IA1
standard,socfb_middlebury45,socfb-Middlebury45,social,2,ia2,0.9543486850644248,0.9565578910265438,0.8953430969228238,0.8953430969228238,0.8953430969228238,0.9044281667768176,24308,24308,24308,48616,30911,447,18152,0.3733750205693599,13601,0.0567815401514939,1,1,0,1,False,1,True,enhanced_local,IA2
standard,socfb_middlebury45,socfb-Middlebury45,social,2,ja,0.9508400187618598,0.9543400193444728,0.8925868026987,0.8925868026987,0.8925868026987,0.9015230449447164,24308,24308,24308,48616,6627,4169,46158,0.9494405134112226,13601,0.03125,62,30,32,29,True,1,True,local_similarity,JA
standard,socfb_middlebury45,socfb-Middlebury45,social,2,lit,0.950232876215822,0.9523597995882962,0.8885140694421589,0.8885140694421589,0.888514069442159,0.8981172983996104,24308,24308,24308,48616,34736,102,13982,0.2876007898634194,13613,0.0431878081754506,1,1,0,1,False,1,True,enhanced_local,LIT-i2
standard,socfb_middlebury45,socfb-Middlebury45,social,2,llhn,0.8761264073548789,0.917327095321521,0.8502139213427679,0.8502139213427679,0.850213921342768,0.853519129838859,24308,24308,24308,48616,20387,5572,33801,0.695264933355274,13601,0.0008064516129032,9,3,6,1,True,1,True,local_similarity,LLHN
standard,socfb_middlebury45,socfb-Middlebury45,social,2,lnb_aa,0.9511736832642682,0.9545595795756878,0.8929159124568044,0.8929159124568044,0.8929159124568044,0.9019420929284252,24308,24308,24308,48616,32131,885,17370,0.3572897811420109,13601,2.280950292469007,1,1,0,1,False,1,True,local_bayesian,LNB-AA
standard,socfb_middlebury45,socfb-Middlebury45,social,2,lnb_cn,0.948747053608668,0.952527747717847,0.8889254566397894,0.8889254566397894,0.8889254566397894,0.8982166063179434,24308,24308,24308,48616,32127,885,17374,0.3573720585815369,13601,10.481733646058956,1,0,1,1,False,1,True,local_bayesian,LNB-CN
standard,socfb_middlebury45,socfb-Middlebury45,social,2,lnb_ra,0.9543717360748268,0.9569694999278228,0.8965361197959519,0.8965361197959519,0.8965361197959519,0.905429690076484,24308,24308,24308,48616,32131,885,17370,0.3572897811420109,13601,0.1084409680297226,1,1,0,1,False,1,True,local_bayesian,LNB-RA
standard,socfb_middlebury45,socfb-Middlebury45,social,2,lpi,0.94672458341459,0.9505042289006296,0.8836597005101201,0.8836597005101201,0.8836597005101201,0.893323127652973,24308,24308,24308,48616,19694,7425,36347,0.7476345236136251,1899,5.364,2,2,0,2,False,1,True,quasi_local_path,LPI-beta-0.001
standard,socfb_middlebury45,socfb-Middlebury45,social,2,lrw,0.931753570211876,0.9389550071975498,0.8682738193187428,0.8682738193187428,0.8682738193187428,0.8783345669640023,24308,24308,24308,48616,46547,112,2181,0.0448617739015961,1904,4.048382285892072e-07,1,0,1,1,False,1,True,quasi_local_walk,LRW-l3
standard,socfb_middlebury45,socfb-Middlebury45,social,2,ora_cni,0.9184217561704062,0.9284865628566468,0.8553562613131479,0.8553562613131479,0.8553562613131479,0.8656849622737038,24308,24308,24308,48616,46513,132,2235,0.0459725193351982,1899,2.327892199517649,1,1,0,1,False,1,True,quasi_local_path,ORA-CNI-beta-0.001
standard,socfb_middlebury45,socfb-Middlebury45,social,2,pa,0.7732368504644416,0.7910361369771385,0.7145384235642587,0.7145384235642587,0.7145384235642586,0.7280402611289423,24308,24308,24308,48616,9696,6731,45651,0.9390118479512918,47,5040.0,39,21,18,29,True,1,True,degree_based,PA
standard,socfb_middlebury45,socfb-Middlebury45,social,2,pfp,0.9171367787758796,0.9346774739263648,0.8640365311831496,0.8640365311831496,0.8640365311831496,0.8722169765495743,24308,24308,24308,48616,46699,18,1935,0.0398017113707421,1899,0.00137851224224,1,0,1,1,False,1,True,quasi_local_walk,PFP-l3
standard,socfb_middlebury45,socfb-Middlebury45,social,2,ra,0.9549939127951492,0.9576078397348124,0.8978936975481323,0.8978936975481323,0.8978936975481323,0.9066674580177312,24308,24308,24308,48616,30862,494,18248,0.3753496791179858,13601,0.0484858870823783,1,1,0,1,False,1,True,local_similarity,RA
standard,socfb_middlebury45,socfb-Middlebury45,social,2,ra_cni,0.9184213868430844,0.9284863394606038,0.8553562613131479,0.8553562613131479,0.8553562613131479,0.865684926454153,24308,24308,24308,48616,46497,142,2261,0.0465073226921178,1905,2.327864925370144,1,1,0,1,False,1,True,enhanced_local,RA-CNI
standard,socfb_middlebury45,socfb-Middlebury45,social,2,sa,0.9515565599752384,0.9549224356754112,0.8932038834951457,0.8932038834951457,0.8932038834951457,0.9020580553194052,24308,24308,24308,48616,26335,5090,27371,0.5630039493170973,13601,0.068079214041448,1,1,0,1,False,1,True,local_similarity,SA
standard,socfb_middlebury45,socfb-Middlebury45,social,2,so,0.9508400187618598,0.9543400193444728,0.8925868026987,0.8925868026987,0.8925868026987,0.9015230449447164,24308,24308,24308,48616,6627,4169,46158,0.9494405134112226,13601,0.0606060606060606,62,30,32,29,True,1,True,local_similarity,SO
standard,socfb_middlebury45,socfb-Middlebury45,social,2,srw,0.9514356840327404,0.9556655118400036,0.8921342767813065,0.8921342767813065,0.8921342767813064,0.9010943388567664,24308,24308,24308,48616,46552,112,2176,0.0447589271021885,1899,9.159027464364071e-07,1,0,1,1,False,1,True,quasi_local_walk,SRW-l3
standard,socfb_middlebury45,socfb-Middlebury45,social,2,aa,0.8307900751735575,0.9546186048719452,0.7585157149909495,0.7585157149909495,0.7585157149909495,0.7754534211599026,24308,24308,121540,145848,56277,2539,92110,0.6315479128956174,67130,1.8499258417497173,1,1,0,1,False,5,False,local_similarity,AA
standard,socfb_middlebury45,socfb-Middlebury45,social,2,car_aa,0.8206846242574244,0.9430647295923588,0.7573226921178213,0.7573226921178213,0.7573226921178212,0.7744273343133663,24308,24308,121540,145848,47376,2023,100495,0.6890392737644672,94902,5.232303302453501,1,0,1,1,False,5,False,enhanced_local,CAR-AA
standard,socfb_middlebury45,socfb-Middlebury45,social,2,car_cn,0.8159660880050525,0.9423019290803402,0.7554714497284845,0.7554714497284845,0.7554714497284845,0.7724606325573201,24308,24308,121540,145848,3921,2140,144067,0.9877886566836708,94902,105.0,72,30,42,26,True,5,False,enhanced_local,CAR-CN
standard,socfb_middlebury45,socfb-Middlebury45,social,2,car_ra,0.8335828719341027,0.9455617104286878,0.7699111403653118,0.7699111403653118,0.7699111403653117,0.7867155434338928,24308,24308,121540,145848,47339,2042,100551,0.6894232351489221,94902,0.2277220458291698,1,0,1,1,False,5,False,enhanced_local,CAR-RA
standard,socfb_middlebury45,socfb-Middlebury45,social,2,cn,0.8119621461663092,0.9516694120573586,0.7508639131150239,0.7508639131150239,0.7508639131150239,0.7679769513082896,24308,24308,121540,145848,99,85,145834,0.9999040096538864,67130,9.0,2136,1028,1108,1899,True,5,False,local_similarity,CN
standard,socfb_middlebury45,socfb-Middlebury45,social,2,fl,0.8172024689658635,0.9510096209838368,0.7475316768142175,0.7475316768142175,0.7475316768142175,0.7647162926325433,24308,24308,121540,145848,24889,10416,131375,0.9007665514782514,9545,0.0029543500227895,2,1,1,1,True,5,False,quasi_local_path,FL-l3
standard,socfb_middlebury45,socfb-Middlebury45,social,2,fsw,0.8406313896476827,0.95558908416125,0.767072568701662,0.767072568701662,0.767072568701662,0.7841570666231744,24308,24308,121540,145848,29487,6770,123131,0.844241950523833,67130,0.0270676691729323,1,1,0,1,False,5,False,enhanced_local,FSW
standard,socfb_middlebury45,socfb-Middlebury45,social,2,hdi,0.8187258783832438,0.9509259503653524,0.7494651966430804,0.7494651966430804,0.7494651966430804,0.7665995658972904,24308,24308,121540,145848,4996,3784,144636,0.9916899786078656,67130,0.0754716981132075,73,30,43,3,True,5,False,local_similarity,HDI
standard,socfb_middlebury45,socfb-Middlebury45,social,2,hpi,0.7378609410980588,0.9438045324972056,0.7205858153694257,0.7205858153694257,0.7205858153694257,0.725831268348526,24308,24308,121540,145848,3695,2626,144779,0.9926704514288848,67130,0.1578947368421052,146,57,89,10,True,5,False,local_similarity,HPI
standard,socfb_middlebury45,socfb-Middlebury45,social,2,ia1,0.8472265244260981,0.9581933037293408,0.7736547638637485,0.7736547638637485,0.7736547638637485,0.7902428511369942,24308,24308,121540,145848,56933,2194,91109,0.6246846031484834,67130,0.4044937999654063,1,0,1,1,False,5,False,enhanced_local,IA1
standard,socfb_middlebury45,socfb-Middlebury45,social,2,ia2,0.8440858413237584,0.9569740930858543,0.7720503537929899,0.7720503537929899,0.7720503537929899,0.7886497141913135,24308,24308,121540,145848,56915,2184,91117,0.6247394547748341,67130,0.1434900490793338,1,0,1,1,False,5,False,enhanced_local,IA2
standard,socfb_middlebury45,socfb-Middlebury45,social,2,ja,0.8341772299313095,0.9550339825660102,0.7654270199111404,0.7654270199111404,0.7654270199111404,0.7817026766681779,24308,24308,121540,145848,7227,4696,143317,0.9826463167132904,67130,0.0505050505050505,16,5,11,1,True,5,False,local_similarity,JA
standard,socfb_middlebury45,socfb-Middlebury45,social,2,lit,0.8334548050864103,0.952729833132092,0.7593384893862103,0.7593384893862103,0.7593384893862103,0.7768675264229696,24308,24308,121540,145848,76666,893,70075,0.4804659645658494,67165,0.0824986186689608,1,0,1,1,False,5,False,enhanced_local,LIT-i2
standard,socfb_middlebury45,socfb-Middlebury45,social,2,llhn,0.6064267850930851,0.9181717264809796,0.6347704459437222,0.6347704459437222,0.6347704459437222,0.633505823729688,24308,24308,121540,145848,28625,10520,127743,0.8758639131150239,67130,0.0013793103448275,14,2,12,10,True,5,False,local_similarity,LLHN
standard,socfb_middlebury45,socfb-Middlebury45,social,2,lnb_aa,0.8325894686509825,0.955008155614109,0.7606549284186276,0.7606549284186276,0.7606549284186276,0.7775103445292111,24308,24308,121540,145848,60244,2620,88224,0.6049037353957545,67130,4.088063121360832,1,0,1,1,False,5,False,local_bayesian,LNB-AA
standard,socfb_middlebury45,socfb-Middlebury45,social,2,lnb_cn,0.8248057477209165,0.9529955075529658,0.7539493170972519,0.7539493170972519,0.7539493170972519,0.7709583631020847,24308,24308,121540,145848,60239,2617,88226,0.6049174483023422,67130,18.831617674099952,1,0,1,1,False,5,False,local_bayesian,LNB-CN
standard,socfb_middlebury45,socfb-Middlebury45,social,2,lnb_ra,0.8427993891823699,0.9573409024493384,0.7709396083593879,0.7709396083593879,0.7709396083593879,0.7874388320361578,24308,24308,121540,145848,60244,2620,88224,0.6049037353957545,67130,0.2004793455204439,1,0,1,1,False,5,False,local_bayesian,LNB-RA
standard,socfb_middlebury45,socfb-Middlebury45,social,2,lpi,0.816218178255001,0.9509130052416294,0.7469145960177719,0.7469145960177719,0.7469145960177719,0.7640459610243878,24308,24308,121540,145848,23173,11378,134053,0.9191281333991552,9545,9.394,3,2,1,2,True,5,False,quasi_local_path,LPI-beta-0.001
standard,socfb_middlebury45,socfb-Middlebury45,social,2,lrw,0.7682591989594579,0.938922693129196,0.705817014974494,0.705817014974494,0.705817014974494,0.7235298296951698,24308,24308,121540,145848,134501,865,12212,0.083731007624376,9556,6.70821393854028e-07,1,1,0,1,False,5,False,quasi_local_walk,LRW-l3
standard,socfb_middlebury45,socfb-Middlebury45,social,2,ora_cni,0.7268118521362361,0.9284907031299736,0.6748395589929241,0.6748395589929241,0.6748395589929241,0.6920737903370915,24308,24308,121540,145848,134271,907,12484,0.0855959629203005,9545,3.8597194681510887,1,1,0,1,False,5,False,quasi_local_path,ORA-CNI-beta-0.001
standard,socfb_middlebury45,socfb-Middlebury45,social,2,pa,0.4359981433499714,0.791438462418923,0.4421589600131644,0.4421589600131644,0.4421589600131644,0.4581013378751591,24308,24308,121540,145848,11199,8548,143197,0.9818235423180296,181,9454.0,4,2,2,1,True,5,False,degree_based,PA
standard,socfb_middlebury45,socfb-Middlebury45,social,2,pfp,0.713314365384123,0.9348256000573408,0.691747572815534,0.691747572815534,0.691747572815534,0.7017138593360646,24308,24308,121540,145848,135936,291,10203,0.0699563929570511,9545,0.0022100938653881,1,1,0,1,False,5,False,quasi_local_walk,PFP-l3
standard,socfb_middlebury45,socfb-Middlebury45,social,2,ra,0.8453378409669449,0.9580107309439992,0.7728731281882508,0.7728731281882508,0.7728731281882508,0.7892948514393885,24308,24308,121540,145848,56139,2572,92281,0.632720366408864,67130,0.0864011137434366,1,1,0,1,False,5,False,local_similarity,RA
standard,socfb_middlebury45,socfb-Middlebury45,social,2,ra_cni,0.7268106897980803,0.9284904370855952,0.6748395589929241,0.6748395589929241,0.6748395589929241,0.6920736724262186,24308,24308,121540,145848,134141,965,12672,0.0868849761395425,9572,3.85959587111558,1,1,0,1,False,5,False,enhanced_local,RA-CNI
standard,socfb_middlebury45,socfb-Middlebury45,social,2,sa,0.8362139966701795,0.955697207845972,0.7660029619878229,0.7660029619878229,0.7660029619878229,0.782285268296802,24308,24308,121540,145848,39355,12369,118862,0.8149717514124294,67130,0.1055788390534916,1,1,0,1,False,5,False,local_similarity,SA
standard,socfb_middlebury45,socfb-Middlebury45,social,2,so,0.8341772299313095,0.9550339825660102,0.7654270199111404,0.7654270199111404,0.7654270199111404,0.7817026766681779,24308,24308,121540,145848,7227,4696,143317,0.9826463167132904,67130,0.0961538461538461,16,5,11,1,True,5,False,local_similarity,SO
standard,socfb_middlebury45,socfb-Middlebury45,social,2,srw,0.8286669958986647,0.955906539415497,0.7574049695573474,0.7574049695573474,0.7574049695573474,0.7740252634938006,24308,24308,121540,145848,134520,859,12187,0.08355959629203,9545,1.542244955224961e-06,1,0,1,1,False,5,False,quasi_local_walk,SRW-l3
standard,socfb_middlebury45,socfb-Middlebury45,social,2,aa,0.7379539006350512,0.9545972864583628,0.6785831824913608,0.6785831824913608,0.6785831824913608,0.6987336648243389,24308,24308,243080,267388,85658,5665,187395,0.7008354899995513,133659,2.262946598947296,1,0,1,1,False,10,False,local_similarity,AA
standard,socfb_middlebury45,socfb-Middlebury45,social,2,car_aa,0.7312910262097467,0.9430610682666084,0.6785420437715979,0.6785420437715979,0.6785420437715979,0.6988471675086109,24308,24308,243080,267388,69444,4287,202231,0.756320403309049,188351,8.18888244101203,1,1,0,1,False,10,False,enhanced_local,CAR-AA
standard,socfb_middlebury45,socfb-Middlebury45,social,2,car_cn,0.7245629148957903,0.9422900610809462,0.6744693105150568,0.6744693105150568,0.6744693105150568,0.6947282997704721,24308,24308,243080,267388,3976,2215,265627,0.9934140649542986,188351,204.0,71,31,40,10,True,10,False,enhanced_local,CAR-CN
standard,socfb_middlebury45,socfb-Middlebury45,social,2,car_ra,0.7507980777833941,0.9455637894504212,0.6948741155175251,0.6948741155175251,0.6948741155175251,0.7150586043613272,24308,24308,243080,267388,69365,4315,202338,0.756720570855835,188351,0.356007422523718,1,0,1,1,False,10,False,enhanced_local,CAR-RA
standard,socfb_middlebury45,socfb-Middlebury45,social,2,cn,0.7137575421347494,0.9516292693962396,0.6691212769458614,0.6691212769458614,0.6691212769458614,0.689342011154543,24308,24308,243080,267388,99,85,267374,0.9999476416293924,133659,11.0,2431,958,1473,2193,True,10,False,local_similarity,CN
standard,socfb_middlebury45,socfb-Middlebury45,social,2,fl,0.7189803422775074,0.9509716105702504,0.6653776534474247,0.6653776534474247,0.6653776534474247,0.6856071963862614,24308,24308,243080,267388,27819,13032,252601,0.9446983409876284,19046,0.003611663924048,4,2,2,4,False,10,False,quasi_local_path,FL-l3
standard,socfb_middlebury45,socfb-Middlebury45,social,2,fsw,0.7545483035804491,0.9554872287664024,0.6931051505677144,0.6931051505677144,0.6931051505677144,0.7134404050128214,24308,24308,243080,267388,38523,11103,239968,0.8974523912815833,133659,0.037430621612329,388,191,197,333,True,10,False,enhanced_local,FSW
standard,socfb_middlebury45,socfb-Middlebury45,social,2,hdi,0.7219376830971194,0.9508272120222596,0.6689567220668092,0.6689567220668092,0.6689567220668092,0.6890685036368212,24308,24308,243080,267388,5057,3918,266249,0.9957402725627178,133659,0.0909090909090909,341,98,243,217,True,10,False,local_similarity,HDI
standard,socfb_middlebury45,socfb-Middlebury45,social,2,hpi,0.5976831074402991,0.9437411981112934,0.6223876912950469,0.6223876912950469,0.6223876912950469,0.6244123054514289,24308,24308,243080,267388,3858,2769,266299,0.995927266743459,133659,0.1904761904761904,138,58,80,74,True,10,False,local_similarity,HPI
standard,socfb_middlebury45,socfb-Middlebury45,social,2,ia1,0.7628509514205771,0.95819979482292,0.7000575942076682,0.7000575942076682,0.7000575942076682,0.7199171508159434,24308,24308,243080,267388,87442,5292,185238,0.6927685610423804,133659,0.5723912592878085,1,1,0,1,False,10,False,enhanced_local,IA1
standard,socfb_middlebury45,socfb-Middlebury45,social,2,ia2,0.7586955091024032,0.9570093307652988,0.6970544676649663,0.6970544676649663,0.6970544676649663,0.7169851316782803,24308,24308,243080,267388,87412,5272,185248,0.6928059598785286,133659,0.2130353831821335,1,1,0,1,False,10,False,enhanced_local,IA2
standard,socfb_middlebury45,socfb-Middlebury45,social,2,ja,0.7434110201122127,0.9549524005312872,0.6875925621194668,0.6875925621194668,0.6875925621194668,0.7070097698173535,24308,24308,243080,267388,7646,5154,264896,0.9906802100318638,133659,0.0606060606060606,98,32,66,43,True,10,False,local_similarity,JA
standard,socfb_middlebury45,socfb-Middlebury45,social,2,lit,0.7453334720374177,0.9525987040551852,0.683725522461741,0.683725522461741,0.683725522461741,0.7045993688350886,24308,24308,243080,267388,128509,1991,140870,0.526837404819962,133722,0.1040479965431227,1,1,0,1,False,10,False,enhanced_local,LIT-i2
standard,socfb_middlebury45,socfb-Middlebury45,social,2,llhn,0.442599072084172,0.918249511036834,0.5044018430146454,0.5044018430146454,0.5044018430146454,0.4987258891494842,24308,24308,243080,267388,34951,14731,247168,0.924379553308301,133659,0.0017708069820389,2,1,1,2,False,10,False,local_similarity,LLHN
standard,socfb_middlebury45,socfb-Middlebury45,social,2,lnb_aa,0.7406991447651781,0.955013641510115,0.6828204706269541,0.6828204706269541,0.6828204706269541,0.7027125890021795,24308,24308,243080,267388,93845,4700,178243,0.6666080751567012,133659,5.067102378114988,1,1,0,1,False,10,False,local_bayesian,LNB-AA
standard,socfb_middlebury45,socfb-Middlebury45,social,2,lnb_cn,0.7296625894047675,0.9529936374573046,0.6742636169162416,0.6742636169162416,0.6742636169162416,0.6942373060805078,24308,24308,243080,267388,93838,4696,178246,0.6666192948075456,133659,23.34820507581994,1,0,1,1,False,10,False,local_bayesian,LNB-CN
standard,socfb_middlebury45,socfb-Middlebury45,social,2,lnb_ra,0.7556021548781648,0.9573499142795536,0.6964373868685206,0.6964373868685206,0.6964373868685206,0.7159599973910924,24308,24308,243080,267388,93845,4700,178243,0.6666080751567012,133659,0.2516464969152345,1,0,1,1,False,10,False,local_bayesian,LNB-RA
standard,socfb_middlebury45,socfb-Middlebury45,social,2,lpi,0.7173045598381276,0.9508749581877072,0.6637732433766661,0.6637732433766661,0.6637732433766661,0.6839679723675647,24308,24308,243080,267388,25295,14128,256221,0.9582367196732836,19046,11.514,2,2,0,1,True,10,False,quasi_local_path,LPI-beta-0.001
standard,socfb_middlebury45,socfb-Middlebury45,social,2,lrw,0.6500274136533039,0.9388675558549004,0.6143656409412539,0.6143656409412539,0.6143656409412539,0.6340127643295601,24308,24308,243080,267388,243434,1963,25917,0.0969265636453393,19063,8.186919861187804e-07,1,0,1,1,False,10,False,quasi_local_walk,LRW-l3
standard,socfb_middlebury45,socfb-Middlebury45,social,2,ora_cni,0.5939144041028147,0.9283784964594706,0.5736794470956064,0.5736794470956064,0.5736794470956064,0.592103471012727,24308,24308,243080,267388,243002,1982,26368,0.098613251155624,19046,4.692708115940891,1,0,1,1,False,10,False,quasi_local_path,ORA-CNI-beta-0.001
standard,socfb_middlebury45,socfb-Middlebury45,social,2,pa,0.2915195710557842,0.791131282790308,0.3268471285173605,0.3268471285173605,0.3268471285173605,0.3413511638844301,24308,24308,243080,267388,12034,9677,265031,0.9911850943198648,341,12028.0,13,2,11,6,True,10,False,degree_based,PA
standard,socfb_middlebury45,socfb-Middlebury45,social,2,pfp,0.5679533873504645,0.9348187817393312,0.589435576764851,0.589435576764851,0.589435576764851,0.596654492457318,24308,24308,243080,267388,247157,825,21056,0.07874698939369,19046,0.0027016738833039,1,1,0,1,False,10,False,quasi_local_walk,PFP-l3
standard,socfb_middlebury45,socfb-Middlebury45,social,2,ra,0.7589834636840164,0.9580034791191988,0.6986177390159618,0.6986177390159618,0.6986177390159618,0.7180658492387298,24308,24308,243080,267388,85373,5728,187743,0.7021369694975093,133659,0.1068753829224154,1,1,0,1,False,10,False,local_similarity,RA
standard,socfb_middlebury45,socfb-Middlebury45,social,2,ra_cni,0.5939129299563655,0.9283782256763884,0.5736794470956064,0.5736794470956064,0.5736794470956064,0.5921033142641348,24308,24308,243080,267388,242650,2125,26863,0.1004644935449608,19102,4.692616227190834,1,0,1,1,False,10,False,enhanced_local,RA-CNI
standard,socfb_middlebury45,socfb-Middlebury45,social,2,sa,0.7459064709893042,0.9556254626836678,0.688744446272832,0.688744446272832,0.688744446272832,0.7081152322981685,24308,24308,243080,267388,49423,18688,236653,0.8850546770984486,133659,0.1243434071559218,1,0,1,1,False,10,False,local_similarity,SA
standard,socfb_middlebury45,socfb-Middlebury45,social,2,so,0.7434110201122127,0.9549524005312872,0.6875925621194668,0.6875925621194668,0.6875925621194668,0.7070097698173535,24308,24308,243080,267388,7646,5154,264896,0.9906802100318638,133659,0.1142857142857142,98,32,66,43,True,10,False,local_similarity,SO
standard,socfb_middlebury45,socfb-Middlebury45,social,2,srw,0.7328491415785156,0.9558924220548868,0.6772256047391805,0.6772256047391805,0.6772256047391805,0.6966804638944791,24308,24308,243080,267388,243469,1957,25876,0.0967732284171316,19046,1.882203646263784e-06,1,1,0,1,False,10,False,quasi_local_walk,SRW-l3
standard,socfb_middlebury45,socfb-Middlebury45,social,3,aa,0.9500756503384024,0.9530577632913944,0.8888431792002632,0.8888431792002632,0.8888431792002632,0.8982923207863815,24308,24308,24308,48616,30846,495,18265,0.3756993582359716,13546,1.0457440872986823,1,0,1,1,False,1,True,local_similarity,AA
standard,socfb_middlebury45,socfb-Middlebury45,social,3,car_aa,0.9397400034511684,0.9414477973272032,0.88460589106467,0.88460589106467,0.88460589106467,0.8945787877034254,24308,24308,24308,48616,28364,314,20566,0.4230294553233503,19869,1.4576760495750791,1,1,0,1,False,1,True,enhanced_local,CAR-AA
standard,socfb_middlebury45,socfb-Middlebury45,social,3,car_cn,0.938123261122197,0.940631393950148,0.8841533651472766,0.8841533651472766,0.8841533651472766,0.8940742975752987,24308,24308,24308,48616,3777,2056,46895,0.9646001316439032,19869,16.0,224,116,108,86,True,1,True,enhanced_local,CAR-CN
standard,socfb_middlebury45,socfb-Middlebury45,social,3,car_ra,0.9431221195559664,0.9439725965557638,0.8904064505512589,0.8904064505512589,0.8904064505512589,0.9000317961774722,24308,24308,24308,48616,28352,325,20589,0.4235025506006253,19869,0.0651589999274462,1,1,0,1,False,1,True,enhanced_local,CAR-RA
standard,socfb_middlebury45,socfb-Middlebury45,social,3,cn,0.9430422532128804,0.950184253840564,0.8837008392298832,0.8837008392298832,0.8837008392298831,0.893528185743399,24308,24308,24308,48616,103,89,48602,0.9997120289616588,13546,5.0,1474,813,661,941,True,1,True,local_similarity,CN
standard,socfb_middlebury45,socfb-Middlebury45,social,3,fl,0.9465940734157052,0.9495937910210984,0.8792167187757117,0.8792167187757117,0.8792167187757117,0.8894418025965712,24308,24308,24308,48616,20744,6699,34571,0.7111033404640448,1946,0.0016479639008012,5,1,4,3,True,1,True,quasi_local_path,FL-l3
standard,socfb_middlebury45,socfb-Middlebury45,social,3,fsw,0.9519467061653484,0.9539127777973796,0.8888020404805003,0.8888020404805003,0.8888020404805003,0.8985155251929455,24308,24308,24308,48616,19299,3412,32729,0.673214579562284,13546,0.0108551371731082,19,8,11,16,True,1,True,enhanced_local,FSW
standard,socfb_middlebury45,socfb-Middlebury45,social,3,hdi,0.9452520290427132,0.948832421766909,0.881520487082442,0.881520487082442,0.8815204870824421,0.8914553467447748,24308,24308,24308,48616,4517,3376,47475,0.9765303603751851,13546,0.0454545454545454,100,43,57,28,True,1,True,local_similarity,HDI
standard,socfb_middlebury45,socfb-Middlebury45,social,3,hpi,0.9225431709605784,0.94233227641732,0.8776534474247162,0.8776534474247162,0.8776534474247162,0.8828817025484249,24308,24308,24308,48616,3450,2393,47559,0.9782581866052328,13546,0.1,241,105,136,127,True,1,True,local_similarity,HPI
standard,socfb_middlebury45,socfb-Middlebury45,social,3,ia1,0.9549303162127024,0.95671719609859,0.8944791838077999,0.8944791838077999,0.8944791838077999,0.9037201559970292,24308,24308,24308,48616,30920,412,18108,0.372469968734573,13546,0.1682479443390259,1,1,0,1,False,1,True,enhanced_local,IA1
standard,socfb_middlebury45,socfb-Middlebury45,social,3,ia2,0.9538087186205204,0.9553760184930224,0.8926690801382261,0.8926690801382261,0.8926690801382261,0.9020738928231908,24308,24308,24308,48616,30920,408,18104,0.3723876912950469,13546,0.0582166199813258,1,1,0,1,False,1,True,enhanced_local,IA2
standard,socfb_middlebury45,socfb-Middlebury45,social,3,ja,0.9503546239889312,0.9531737176843748,0.8889254566397894,0.8889254566397894,0.8889254566397894,0.8984246402214494,24308,24308,24308,48616,6600,4121,46137,0.9490085568537108,13546,0.0314960629921259,10,6,4,9,True,1,True,local_similarity,JA
standard,socfb_middlebury45,socfb-Middlebury45,social,3,lit,0.9495814552375146,0.9512271613424982,0.8845647523449071,0.8845647523449071,0.8845647523449071,0.8946057390765512,24308,24308,24308,48616,34791,113,13938,0.2866957380286326,13562,0.0436776563348951,1,1,0,1,False,1,True,enhanced_local,LIT-i2
standard,socfb_middlebury45,socfb-Middlebury45,social,3,llhn,0.8743948952092928,0.9153879660518708,0.8470873786407767,0.8470873786407767,0.8470873786407768,0.8504975140930914,24308,24308,24308,48616,20181,5426,33861,0.6964990949481652,13546,0.0008169934640522,22,9,13,20,True,1,True,local_similarity,LLHN
standard,socfb_middlebury45,socfb-Middlebury45,social,3,lnb_aa,0.9506418416632656,0.9534987115396296,0.8891722889583676,0.8891722889583676,0.8891722889583675,0.8986301894613212,24308,24308,24308,48616,32152,856,17320,0.3562613131479348,13546,2.280629730795979,1,0,1,1,False,1,True,local_bayesian,LNB-AA
standard,socfb_middlebury45,socfb-Middlebury45,social,3,lnb_cn,0.9483659116463172,0.9515103327507076,0.8853875267401679,0.8853875267401679,0.8853875267401679,0.8951029016941936,24308,24308,24308,48616,32151,856,17321,0.3562818825078163,13546,10.506009839234864,1,1,0,1,False,1,True,local_bayesian,LNB-CN
standard,socfb_middlebury45,socfb-Middlebury45,social,3,lnb_ra,0.9529110532495852,0.9554746512307132,0.89353299325325,0.89353299325325,0.89353299325325,0.902672790130072,24308,24308,24308,48616,32152,856,17320,0.3562613131479348,13546,0.1089413373892599,1,0,1,1,False,1,True,local_bayesian,LNB-RA
standard,socfb_middlebury45,socfb-Middlebury45,social,3,lpi,0.9463929316830674,0.9495115499680488,0.8792167187757117,0.8792167187757117,0.8792167187757117,0.8894175935926848,24308,24308,24308,48616,19728,7421,36309,0.7468528879381273,1946,5.333,5,1,4,3,True,1,True,quasi_local_path,LPI-beta-0.001
standard,socfb_middlebury45,socfb-Middlebury45,social,3,lrw,0.9314157382334296,0.9379893524165724,0.8650238604574626,0.8650238604574626,0.8650238604574626,0.8754969994452286,24308,24308,24308,48616,46525,105,2196,0.0451703142998189,1951,4.046452120576062e-07,1,0,1,1,False,1,True,quasi_local_walk,LRW-l3
standard,socfb_middlebury45,socfb-Middlebury45,social,3,ora_cni,0.9178631850154286,0.92733391204868,0.8526822445285502,0.8526822445285502,0.8526822445285502,0.8633633440492904,24308,24308,24308,48616,46503,122,2235,0.0459725193351982,1946,2.3232491776829822,1,0,1,1,False,1,True,quasi_local_path,ORA-CNI-beta-0.001
standard,socfb_middlebury45,socfb-Middlebury45,social,3,pa,0.7744218939082262,0.7923424944169267,0.715813723876913,0.715813723876913,0.715813723876913,0.7293803325894176,24308,24308,24308,48616,9613,6712,45715,0.9403282869837092,52,5016.0,17,9,8,5,True,1,True,degree_based,PA
standard,socfb_middlebury45,socfb-Middlebury45,social,3,pfp,0.9169811300850252,0.9333616771575703,0.8616916241566562,0.8616916241566562,0.8616916241566562,0.870416958243342,24308,24308,24308,48616,46648,23,1991,0.0409535955241072,1946,0.0013943782885367,1,0,1,1,False,1,True,quasi_local_walk,PFP-l3
standard,socfb_middlebury45,socfb-Middlebury45,social,3,ra,0.9537769014540176,0.956193934024352,0.8943557676485108,0.8943557676485108,0.8943557676485108,0.9034738371936064,24308,24308,24308,48616,30819,498,18295,0.3763164390324173,13546,0.0485226149096204,1,0,1,1,False,1,True,local_similarity,RA
standard,socfb_middlebury45,socfb-Middlebury45,social,3,ra_cni,0.9178628445487584,0.9273336725748916,0.8526822445285502,0.8526822445285502,0.8526822445285502,0.8633633124879287,24308,24308,24308,48616,46493,127,2250,0.046281059733421,1949,2.3232077923574765,1,0,1,1,False,1,True,enhanced_local,RA-CNI
standard,socfb_middlebury45,socfb-Middlebury45,social,3,sa,0.9513747519361496,0.9540734350924422,0.889583676155998,0.889583676155998,0.889583676155998,0.8990783756674151,24308,24308,24308,48616,26143,5031,27504,0.5657396741813395,13546,0.0686802819743445,2,0,2,2,False,1,True,local_similarity,SA
standard,socfb_middlebury45,socfb-Middlebury45,social,3,so,0.9503546239889312,0.9531737176843748,0.8889254566397894,0.8889254566397894,0.8889254566397894,0.8984246402214494,24308,24308,24308,48616,6600,4121,46137,0.9490085568537108,13546,0.0610687022900763,10,6,4,9,True,1,True,local_similarity,SO
standard,socfb_middlebury45,socfb-Middlebury45,social,3,srw,0.950588893699126,0.954545528472313,0.8888431792002632,0.8888431792002632,0.8888431792002632,0.8981418701410538,24308,24308,24308,48616,46530,105,2191,0.0450674675004113,1946,9.204441307492032e-07,1,0,1,1,False,1,True,quasi_local_walk,SRW-l3
standard,socfb_middlebury45,socfb-Middlebury45,social,3,aa,0.8293523655828973,0.953555355637158,0.7573226921178213,0.7573226921178213,0.7573226921178212,0.7744499449245781,24308,24308,121540,145848,56380,2586,92054,0.6311639515111623,67019,1.8336334746994456,1,1,0,1,False,5,False,local_similarity,AA
standard,socfb_middlebury45,socfb-Middlebury45,social,3,car_aa,0.8208662129274478,0.941754264203974,0.755965114365641,0.755965114365641,0.755965114365641,0.7735449036913712,24308,24308,121540,145848,47555,2071,100364,0.688141078382974,94662,5.243454809405673,1,1,0,1,False,5,False,enhanced_local,CAR-AA
standard,socfb_middlebury45,socfb-Middlebury45,social,3,car_cn,0.8155487011850594,0.9409055508203116,0.7528797103834128,0.7528797103834128,0.7528797103834127,0.7704289818830171,24308,24308,121540,145848,3831,2113,144130,0.9882206132411826,94662,105.0,76,27,49,65,True,5,False,enhanced_local,CAR-CN
standard,socfb_middlebury45,socfb-Middlebury45,social,3,car_ra,0.8332835030645939,0.944368729019219,0.7694174757281553,0.7694174757281553,0.7694174757281554,0.7864604759153637,24308,24308,121540,145848,47505,2095,100438,0.6886484559267182,94662,0.2292958499467168,1,0,1,1,False,5,False,enhanced_local,CAR-RA
standard,socfb_middlebury45,socfb-Middlebury45,social,3,cn,0.8106084858848865,0.9506081554475776,0.7510284679940761,0.7510284679940761,0.7510284679940761,0.7682286790212377,24308,24308,121540,145848,103,89,145834,0.9999040096538864,67019,9.0,2159,1015,1144,2007,True,5,False,local_similarity,CN
standard,socfb_middlebury45,socfb-Middlebury45,social,3,fl,0.8160070176695686,0.9499691031426029,0.7484367286490045,0.7484367286490045,0.7484367286490043,0.765628097509335,24308,24308,121540,145848,24862,10440,131426,0.9011162305962372,9690,0.0029522231374918,5,3,2,3,True,5,False,quasi_local_path,FL-l3
standard,socfb_middlebury45,socfb-Middlebury45,social,3,fsw,0.8395153076542536,0.9545478316516668,0.766126378147112,0.766126378147112,0.766126378147112,0.7834254678867957,24308,24308,121540,145848,29281,6943,123510,0.8468405463221984,67019,0.026842412750474,10,2,8,2,True,5,False,enhanced_local,FSW
standard,socfb_middlebury45,socfb-Middlebury45,social,3,hdi,0.8174327778756905,0.9498260381166724,0.749012670725687,0.749012670725687,0.749012670725687,0.7662334363136974,24308,24308,121540,145848,4625,3613,144836,0.9930612692666336,67019,0.075268817204301,28,11,17,7,True,5,False,local_similarity,HDI
standard,socfb_middlebury45,socfb-Middlebury45,social,3,hpi,0.7333112005187895,0.9429886324382049,0.7215320059239756,0.7215320059239756,0.7215320059239757,0.7255595494576802,24308,24308,121540,145848,3665,2622,144805,0.9928487192145248,67019,0.1578947368421052,127,50,77,116,True,5,False,local_similarity,HPI
standard,socfb_middlebury45,socfb-Middlebury45,social,3,ia1,0.8468280016204732,0.95726037528396,0.7729142669080138,0.7729142669080138,0.7729142669080138,0.7897312401538509,24308,24308,121540,145848,57115,2229,90962,0.6236767045142888,67019,0.4058375846256927,1,0,1,1,False,5,False,enhanced_local,IA1
standard,socfb_middlebury45,socfb-Middlebury45,social,3,ia2,0.843814783701649,0.9559242421979748,0.7703636662827053,0.7703636662827053,0.7703636662827053,0.7873180336247122,24308,24308,121540,145848,57113,2212,90947,0.6235738577148813,67019,0.1454254955641683,1,1,0,1,False,5,False,enhanced_local,IA2
standard,socfb_middlebury45,socfb-Middlebury45,social,3,ja,0.8329263663389572,0.9540297332415668,0.7638637485601448,0.7638637485601448,0.7638637485601448,0.7805019618991522,24308,24308,121540,145848,7156,4657,143349,0.9828657232186936,67019,0.0505050505050505,24,6,18,19,True,5,False,local_similarity,JA
standard,socfb_middlebury45,socfb-Middlebury45,social,3,lit,0.8327142286472848,0.9517396792517528,0.757116998519006,0.757116998519006,0.757116998519006,0.7750709403398428,24308,24308,121540,145848,77055,794,69587,0.4771200153584554,67051,0.0825557155526778,1,0,1,1,False,5,False,enhanced_local,LIT-i2
standard,socfb_middlebury45,socfb-Middlebury45,social,3,llhn,0.6039297210829667,0.9173213037791108,0.6330837584334376,0.6330837584334376,0.6330837584334376,0.6313717343010841,24308,24308,121540,145848,28340,10445,127953,0.8773037683067303,67019,0.0013881658858233,1,0,1,1,False,5,False,local_similarity,LLHN
standard,socfb_middlebury45,socfb-Middlebury45,social,3,lnb_aa,0.8315882631727204,0.954040546794715,0.7603669573802864,0.7603669573802864,0.7603669573802864,0.7773180398697848,24308,24308,121540,145848,60520,2656,87984,0.6032581866052329,67019,4.059592134702641,1,0,1,1,False,5,False,local_bayesian,LNB-AA
standard,socfb_middlebury45,socfb-Middlebury45,social,3,lnb_cn,0.8240640916807795,0.9519817451111268,0.7541961494158301,0.7541961494158301,0.75419614941583,0.7713092052931674,24308,24308,121540,145848,60517,2657,87988,0.6032856124184082,67019,18.75691894120882,1,0,1,1,False,5,False,local_bayesian,LNB-CN
standard,socfb_middlebury45,socfb-Middlebury45,social,3,lnb_ra,0.8400555008158272,0.9562458563418846,0.7687181174921837,0.7687181174921837,0.7687181174921837,0.785261683916103,24308,24308,121540,145848,60520,2656,87984,0.6032581866052329,67019,0.2013346743954646,1,1,0,1,False,5,False,local_bayesian,LNB-RA
standard,socfb_middlebury45,socfb-Middlebury45,social,3,lpi,0.815010395767231,0.9498693314235724,0.7472848444956393,0.7472848444956393,0.7472848444956391,0.7644858872545418,24308,24308,121540,145848,23141,11408,134115,0.9195532335033734,9690,9.362,4,3,1,3,True,5,False,quasi_local_path,LPI-beta-0.001
standard,socfb_middlebury45,socfb-Middlebury45,social,3,lrw,0.7660094160443123,0.9382479407826644,0.7056935988152049,0.7056935988152049,0.7056935988152049,0.7231161274360597,24308,24308,121540,145848,134361,904,12391,0.0849583127639734,9697,6.742765477812787e-07,1,1,0,1,False,5,False,quasi_local_walk,LRW-l3
standard,socfb_middlebury45,socfb-Middlebury45,social,3,ora_cni,0.7233571478728859,0.9273409969187862,0.6733585650814546,0.6733585650814546,0.6733585650814546,0.6905720305471469,24308,24308,121540,145848,134194,901,12555,0.0860827711041632,9690,3.8641256119407785,1,0,1,1,False,5,False,quasi_local_path,ORA-CNI-beta-0.001
standard,socfb_middlebury45,socfb-Middlebury45,social,3,pa,0.4354586242116137,0.7911035523179587,0.4403077176238275,0.4403077176238275,0.4403077176238275,0.4565314295728316,24308,24308,121540,145848,10926,8586,143508,0.983955899292414,210,9450.0,34,8,26,34,False,5,False,degree_based,PA
standard,socfb_middlebury45,socfb-Middlebury45,social,3,pfp,0.7074048230521613,0.9336630418041152,0.6883741977949647,0.6883741977949647,0.6883741977949647,0.697792314643301,24308,24308,121540,145848,135830,266,10284,0.0705117656738522,9690,0.0022305838379329,1,1,0,1,False,5,False,quasi_local_walk,PFP-l3
standard,socfb_middlebury45,socfb-Middlebury45,social,3,ra,0.8427049444448123,0.9569429081829538,0.7716389665953596,0.7716389665953596,0.7716389665953596,0.7880351079465329,24308,24308,121540,145848,56226,2626,92248,0.6324941034501673,67019,0.0864236292807721,1,1,0,1,False,5,False,local_similarity,RA
standard,socfb_middlebury45,socfb-Middlebury45,social,3,ra_cni,0.7233561552343022,0.927340726135704,0.6733585650814546,0.6733585650814546,0.6733585650814546,0.6905719452766438,24308,24308,121540,145848,134028,980,12800,0.087762602161154,9720,3.86406932650581,1,0,1,1,False,5,False,enhanced_local,RA-CNI
standard,socfb_middlebury45,socfb-Middlebury45,social,3,sa,0.8349775410317146,0.9547901924953606,0.7648099391146947,0.7648099391146947,0.7648099391146947,0.7814257694916552,24308,24308,121540,145848,39209,12305,118944,0.8155339805825242,67019,0.1054737312150073,2,1,1,2,False,5,False,local_similarity,SA
standard,socfb_middlebury45,socfb-Middlebury45,social,3,so,0.8329263663389572,0.9540297332415668,0.7638637485601448,0.7638637485601448,0.7638637485601448,0.7805019618991522,24308,24308,121540,145848,7156,4657,143349,0.9828657232186936,67019,0.0961538461538461,24,6,18,19,True,5,False,local_similarity,SO
standard,socfb_middlebury45,socfb-Middlebury45,social,3,srw,0.8261675650811532,0.9550795096640992,0.7557182820470627,0.7557182820470627,0.7557182820470627,0.7723300017173842,24308,24308,121540,145848,134372,902,12378,0.0848691788711535,9690,1.5381041966150977e-06,1,1,0,1,False,5,False,quasi_local_walk,SRW-l3
standard,socfb_middlebury45,socfb-Middlebury45,social,3,aa,0.7350337308695791,0.9533445112364012,0.6773490208984696,0.6773490208984696,0.6773490208984696,0.6975819052789908,24308,24308,243080,267388,85591,5650,187447,0.7010299639475219,133671,2.273855157262703,1,1,0,1,False,10,False,local_similarity,AA
standard,socfb_middlebury45,socfb-Middlebury45,social,3,car_aa,0.730629238703677,0.941554519878714,0.6780483791344414,0.6780483791344414,0.6780483791344414,0.6986844409010835,24308,24308,243080,267388,69609,4318,202097,0.7558192589046628,188058,8.27598540240071,1,0,1,1,False,10,False,enhanced_local,CAR-AA
standard,socfb_middlebury45,socfb-Middlebury45,social,3,car_cn,0.7231424438445933,0.9406878914017136,0.6732762876419286,0.6732762876419286,0.6732762876419286,0.693868948377581,24308,24308,243080,267388,3894,2184,265678,0.9936047990186544,188058,208.0,34,14,20,17,True,10,False,enhanced_local,CAR-CN
standard,socfb_middlebury45,socfb-Middlebury45,social,3,car_ra,0.7494866393070294,0.9441961496527652,0.693763370083923,0.693763370083923,0.693763370083923,0.7141697251120214,24308,24308,243080,267388,69492,4353,202249,0.7563877212141158,188058,0.3588956785263603,1,1,0,1,False,10,False,enhanced_local,CAR-RA
standard,socfb_middlebury45,socfb-Middlebury45,social,3,cn,0.7109608527982753,0.950371114476012,0.6680516702320224,0.6680516702320224,0.6680516702320224,0.6883882134515343,24308,24308,243080,267388,103,89,267374,0.9999476416293924,133671,11.0,2320,897,1423,2013,True,10,False,local_similarity,CN
standard,socfb_middlebury45,socfb-Middlebury45,social,3,fl,0.7162162870937552,0.9497149315870604,0.6644726016126378,0.6644726016126378,0.6644726016126378,0.6847857763239988,24308,24308,243080,267388,28017,13064,252435,0.944077520307568,19261,0.0036140034978755,1,1,0,1,False,10,False,quasi_local_path,FL-l3
standard,socfb_middlebury45,socfb-Middlebury45,social,3,fsw,0.7528451900416444,0.9544123630220086,0.6912950468981405,0.6912950468981405,0.6912950468981405,0.7119389006743857,24308,24308,243080,267388,38337,11254,240305,0.8987127320597783,133671,0.037430621612329,360,152,208,166,True,10,False,enhanced_local,FSW
standard,socfb_middlebury45,socfb-Middlebury45,social,3,hdi,0.7203967322942987,0.9497639962968788,0.6671466183972354,0.6671466183972354,0.6671466183972354,0.6874830813137361,24308,24308,243080,267388,4661,3707,266434,0.99643215103146,133671,0.0909090909090909,273,77,196,73,True,10,False,local_similarity,HDI
standard,socfb_middlebury45,socfb-Middlebury45,social,3,hpi,0.594825879783011,0.943011951007948,0.6227168010531512,0.6227168010531512,0.6227168010531512,0.6237265343333359,24308,24308,243080,267388,3818,2798,266368,0.9961853187128816,133671,0.1908396946564885,5,4,1,2,True,10,False,local_similarity,HPI
standard,socfb_middlebury45,socfb-Middlebury45,social,3,ia1,0.761309129179888,0.957108541117152,0.6987411551752509,0.6987411551752509,0.6987411551752509,0.7187962129585765,24308,24308,243080,267388,87464,5210,185134,0.6923796131464389,133671,0.5760026369314313,1,0,1,1,False,10,False,enhanced_local,IA1
standard,socfb_middlebury45,socfb-Middlebury45,social,3,ia2,0.7575482168243107,0.955811816785513,0.695779167352312,0.695779167352312,0.695779167352312,0.7159539874437444,24308,24308,243080,267388,87446,5187,185129,0.6923609137283647,133671,0.2143871496187191,1,0,1,1,False,10,False,enhanced_local,IA2
standard,socfb_middlebury45,socfb-Middlebury45,social,3,ja,0.7414718850287656,0.9539149646246272,0.6853710712522626,0.6853710712522626,0.6853710712522626,0.7051805928303869,24308,24308,243080,267388,7591,5046,264843,0.9904819962002782,133671,0.0609756097560975,43,10,33,39,True,10,False,local_similarity,JA
standard,socfb_middlebury45,socfb-Middlebury45,social,3,lit,0.7442453713830819,0.9516285820303094,0.6832729965443476,0.6832729965443476,0.6832729965443476,0.7043418821787648,24308,24308,243080,267388,129206,1862,140044,0.5237482609541191,133722,0.104947680284584,1,1,0,1,False,10,False,enhanced_local,LIT-i2
standard,socfb_middlebury45,socfb-Middlebury45,social,3,llhn,0.4398174552988233,0.9176907738402368,0.5027562942241237,0.5027562942241237,0.5027562942241237,0.4963242669794915,24308,24308,243080,267388,34635,14637,247390,0.9252098074707916,133671,0.0017692852087756,1,1,0,1,False,10,False,local_similarity,LLHN
standard,socfb_middlebury45,socfb-Middlebury45,social,3,lnb_aa,0.7386288561235392,0.9538581769274456,0.6799818989633043,0.6799818989633043,0.6799818989633043,0.7002168647487722,24308,24308,243080,267388,94012,4740,178116,0.6661331099376188,133671,5.104352886531768,1,1,0,1,False,10,False,local_bayesian,LNB-AA
standard,socfb_middlebury45,socfb-Middlebury45,social,3,lnb_cn,0.7278907468769167,0.9517763603742644,0.672700345565246,0.672700345565246,0.672700345565246,0.692935743159126,24308,24308,243080,267388,94006,4737,178119,0.6661443295884633,133671,23.479014391618637,1,0,1,1,False,10,False,local_bayesian,LNB-CN
standard,socfb_middlebury45,socfb-Middlebury45,social,3,lnb_ra,0.7514883983964763,0.9561655415719862,0.6909247984202732,0.6909247984202732,0.6909247984202732,0.7107905121570972,24308,24308,243080,267388,94012,4740,178116,0.6661331099376188,133671,0.2532667839922248,1,0,1,1,False,10,False,local_bayesian,LNB-RA
standard,socfb_middlebury45,socfb-Middlebury45,social,3,lpi,0.7144712601434682,0.9496108554324596,0.6631973012999836,0.6631973012999836,0.6631973012999836,0.6834299025483452,24308,24308,243080,267388,25398,14168,256158,0.95800110700555,19261,11.543,7,3,4,6,True,10,False,quasi_local_path,LPI-beta-0.001
standard,socfb_middlebury45,socfb-Middlebury45,social,3,lrw,0.6459703438728523,0.9379649660306684,0.6116916241566562,0.6116916241566562,0.6116916241566562,0.6311711660735911,24308,24308,243080,267388,243314,1909,25983,0.0971733959639176,19270,8.231669141634467e-07,1,1,0,1,False,10,False,quasi_local_walk,LRW-l3
standard,socfb_middlebury45,socfb-Middlebury45,social,3,ora_cni,0.5874070572390298,0.9269880697577296,0.5703472107948001,0.5703472107948001,0.5703472107948001,0.5885473625267197,24308,24308,243080,267388,242887,1981,26482,0.0990395978877137,19261,4.73885658714945,1,0,1,1,False,10,False,quasi_local_path,ORA-CNI-beta-0.001
standard,socfb_middlebury45,socfb-Middlebury45,social,3,pa,0.2886823124496691,0.7904047122931105,0.3219104821457956,0.3219104821457956,0.3219104821457956,0.3364221981273646,24308,24308,243080,267388,11697,9641,265332,0.9923107992879262,401,12032.0,11,3,8,11,False,10,False,degree_based,PA
standard,socfb_middlebury45,socfb-Middlebury45,social,3,pfp,0.5598159961446446,0.9336410022613366,0.584293236794471,0.584293236794471,0.584293236794471,0.5909836665026231,24308,24308,243080,267388,247022,801,21167,0.0791621164749353,19261,0.0027346683956054,1,0,1,1,False,10,False,quasi_local_walk,PFP-l3
standard,socfb_middlebury45,socfb-Middlebury45,social,3,ra,0.7548777944466412,0.956821141515734,0.6940102024025012,0.6940102024025012,0.6940102024025012,0.7137538643518295,24308,24308,243080,267388,85255,5731,187864,0.7025894954149027,133671,0.1075653318449511,1,1,0,1,False,10,False,local_similarity,RA
standard,socfb_middlebury45,socfb-Middlebury45,social,3,ra_cni,0.5874056727812195,0.9269877965206756,0.5703472107948001,0.5703472107948001,0.5703472107948001,0.5885472244731845,24308,24308,243080,267388,242482,2133,27039,0.1011227130611695,19322,4.738775456162453,1,0,1,1,False,10,False,enhanced_local,RA-CNI
standard,socfb_middlebury45,socfb-Middlebury45,social,3,sa,0.7436009773026293,0.9546694446494876,0.6884976139542538,0.6884976139542538,0.6884976139542538,0.7079976151338266,24308,24308,243080,267388,49378,18650,236660,0.8850808562837524,133671,0.1248051440748294,3,1,2,2,True,10,False,local_similarity,SA
standard,socfb_middlebury45,socfb-Middlebury45,social,3,so,0.7414718850287656,0.9539149646246272,0.6853710712522626,0.6853710712522626,0.6853710712522626,0.7051805928303869,24308,24308,243080,267388,7591,5046,264843,0.9904819962002782,133671,0.1149425287356321,43,10,33,39,True,10,False,local_similarity,SO
standard,socfb_middlebury45,socfb-Middlebury45,social,3,srw,0.7285826426934061,0.9548866233434946,0.675621194668422,0.675621194668422,0.675621194668422,0.6949455288917333,24308,24308,243080,267388,243334,1904,25958,0.097079898873547,19261,1.8953203030055893e-06,1,0,1,1,False,10,False,quasi_local_walk,SRW-l3
standard,socfb_middlebury45,socfb-Middlebury45,social,4,aa,0.9511804297965156,0.9548312401643122,0.89164061214415,0.89164061214415,0.89164061214415,0.9007797268856984,24308,24308,24308,48616,30778,508,18346,0.3773654763863748,13548,1.0475887458513506,1,0,1,1,False,1,True,local_similarity,AA
standard,socfb_middlebury45,socfb-Middlebury45,social,4,car_aa,0.940587365821675,0.942723981069663,0.8881849596840546,0.8881849596840546,0.8881849596840546,0.8977812518797327,24308,24308,24308,48616,28254,335,20697,0.4257240414678295,19954,1.4173255127146571,1,1,0,1,False,1,True,enhanced_local,CAR-AA
standard,socfb_middlebury45,socfb-Middlebury45,social,4,car_cn,0.938882399338372,0.9418641440862234,0.8872387691295047,0.8872387691295047,0.8872387691295046,0.8968272654391968,24308,24308,24308,48616,3845,2061,46832,0.9633042619713674,19954,16.0,235,116,119,120,True,1,True,enhanced_local,CAR-CN
standard,socfb_middlebury45,socfb-Middlebury45,social,4,car_ra,0.944088895594033,0.9451976361435732,0.8927513575777521,0.8927513575777521,0.8927513575777523,0.9021636528738486,24308,24308,24308,48616,28251,337,20702,0.4258268882672371,19954,0.0625192887865592,1,0,1,1,False,1,True,enhanced_local,CAR-RA
standard,socfb_middlebury45,socfb-Middlebury45,social,4,cn,0.9441286079925364,0.9519139154721906,0.8861691624156657,0.8861691624156657,0.8861691624156658,0.895709313948026,24308,24308,24308,48616,99,88,48605,0.9997737370413032,13548,5.0,1471,819,652,940,True,1,True,local_similarity,CN
standard,socfb_middlebury45,socfb-Middlebury45,social,4,fl,0.9474728426991854,0.9512099674629756,0.8832483133124898,0.8832483133124898,0.8832483133124899,0.8930094496395169,24308,24308,24308,48616,20701,6722,34637,0.7124609182162251,1915,0.0016479107286687,3,2,1,3,False,1,True,quasi_local_path,FL-l3
standard,socfb_middlebury45,socfb-Middlebury45,social,4,fsw,0.9539981286826956,0.9559573110741696,0.8923811090998848,0.8923811090998848,0.8923811090998848,0.9018189699907008,24308,24308,24308,48616,19255,3417,32778,0.6742224781964785,13548,0.0106060326450159,8,6,2,7,True,1,True,enhanced_local,FSW
standard,socfb_middlebury45,socfb-Middlebury45,social,4,hdi,0.9482277499987484,0.9513593322573136,0.8852641105808787,0.8852641105808787,0.8852641105808787,0.8950196609901288,24308,24308,24308,48616,4545,3381,47452,0.97605726509791,13548,0.045045045045045,13,6,7,4,True,1,True,local_similarity,HDI
standard,socfb_middlebury45,socfb-Middlebury45,social,4,hpi,0.9213378633889348,0.9427373958327944,0.8772420602270857,0.8772420602270857,0.8772420602270857,0.8817879427389449,24308,24308,24308,48616,3459,2428,47585,0.9787929899621524,13548,0.0994152046783625,2,1,1,1,True,1,True,local_similarity,HPI
standard,socfb_middlebury45,socfb-Middlebury45,social,4,ia1,0.9563090129900456,0.958532024932948,0.8971532005923976,0.8971532005923976,0.8971532005923974,0.9061397069470344,24308,24308,24308,48616,30840,441,18217,0.3747120289616587,13548,0.1656608778910937,1,1,0,1,False,1,True,enhanced_local,IA1
standard,socfb_middlebury45,socfb-Middlebury45,social,4,ia2,0.9550880505849544,0.9572352515218754,0.8951374033240086,0.8951374033240086,0.8951374033240086,0.904292174891716,24308,24308,24308,48616,30838,438,18216,0.3746914596017772,13548,0.0567472912138133,1,1,0,1,False,1,True,enhanced_local,IA2
standard,socfb_middlebury45,socfb-Middlebury45,social,4,ja,0.9524351255515716,0.9551460111120168,0.8917228895836762,0.8917228895836762,0.8917228895836762,0.9010521729235944,24308,24308,24308,48616,6617,4162,46161,0.9495022214908672,13548,0.0310077519379844,9,4,5,2,True,1,True,local_similarity,JA
standard,socfb_middlebury45,socfb-Middlebury45,social,4,lit,0.9518174291103152,0.9534061418043888,0.8884317920026329,0.8884317920026329,0.8884317920026329,0.8981927819791516,24308,24308,24308,48616,34813,105,13908,0.2860786572321869,13559,0.0429791095503241,1,0,1,1,False,1,True,enhanced_local,LIT-i2
standard,socfb_middlebury45,socfb-Middlebury45,social,4,llhn,0.8762523646489603,0.9177250686022168,0.8523531347704459,0.8523531347704459,0.8523531347704459,0.8556720921355467,24308,24308,24308,48616,20345,5510,33781,0.6948535461576436,13548,0.0007993605115907,5,2,3,1,True,1,True,local_similarity,LLHN
standard,socfb_middlebury45,socfb-Middlebury45,social,4,lnb_aa,0.9518220432186946,0.9552804616819056,0.8923811090998848,0.8923811090998848,0.8923811090998848,0.9014982837505952,24308,24308,24308,48616,32094,908,17430,0.358523942734902,13548,2.2916628533186043,1,1,0,1,False,1,True,local_bayesian,LNB-AA
standard,socfb_middlebury45,socfb-Middlebury45,social,4,lnb_cn,0.9494355806315952,0.9532749998652852,0.889542537436235,0.889542537436235,0.889542537436235,0.8987916744745797,24308,24308,24308,48616,32093,908,17431,0.3585445120947836,13548,10.455223671810044,1,0,1,1,False,1,True,local_bayesian,LNB-CN
standard,socfb_middlebury45,socfb-Middlebury45,social,4,lnb_ra,0.9546902480969612,0.957508491960545,0.8957956228402172,0.8957956228402172,0.8957956228402172,0.9047769046491564,24308,24308,24308,48616,32094,908,17430,0.358523942734902,13548,0.1088199869550483,1,0,1,1,False,1,True,local_bayesian,LNB-RA
standard,socfb_middlebury45,socfb-Middlebury45,social,4,lpi,0.9472276548153528,0.9511171802550716,0.8832483133124898,0.8832483133124898,0.8832483133124899,0.8929784695505864,24308,24308,24308,48616,19660,7433,36389,0.748498436728649,1915,5.332,3,2,1,3,False,1,True,quasi_local_path,LPI-beta-0.001
standard,socfb_middlebury45,socfb-Middlebury45,social,4,lrw,0.9324329187490896,0.939354900499538,0.8673276287641929,0.8673276287641929,0.8673276287641929,0.8775870014558028,24308,24308,24308,48616,46551,99,2164,0.0445120947836103,1917,4.019918849272996e-07,1,0,1,1,False,1,True,quasi_local_walk,LRW-l3
standard,socfb_middlebury45,socfb-Middlebury45,social,4,ora_cni,0.9182728436027734,0.9283984458107136,0.8546980417969393,0.8546980417969393,0.8546980417969393,0.8651069721315557,24308,24308,24308,48616,46534,100,2182,0.0448823432614777,1915,2.3122583878734204,1,0,1,1,False,1,True,quasi_local_path,ORA-CNI-beta-0.001
standard,socfb_middlebury45,socfb-Middlebury45,social,4,pa,0.7747398175039206,0.7937240449338532,0.7177472437057759,0.7177472437057759,0.7177472437057759,0.7308774754027743,24308,24308,24308,48616,9476,6717,45857,0.943249136086885,46,5100.0,23,11,12,14,True,1,True,degree_based,PA
standard,socfb_middlebury45,socfb-Middlebury45,social,4,pfp,0.9177710384566016,0.9352688032516931,0.86539410893533,0.86539410893533,0.86539410893533,0.8734715111423468,24308,24308,24308,48616,46687,16,1945,0.0400074049695573,1915,0.0013797528025442,1,1,0,1,False,1,True,quasi_local_walk,PFP-l3
standard,socfb_middlebury45,socfb-Middlebury45,social,4,ra,0.9552854807469796,0.9580906121224874,0.8971120618726345,0.8971120618726345,0.8971120618726345,0.9059809601822498,24308,24308,24308,48616,30746,515,18385,0.3781676814217541,13548,0.0484615592200356,1,1,0,1,False,1,True,local_similarity,RA
standard,socfb_middlebury45,socfb-Middlebury45,social,4,ra_cni,0.91827247650155,0.9283981640270688,0.8546980417969393,0.8546980417969393,0.8546980417969393,0.8651069397445716,24308,24308,24308,48616,46525,105,2196,0.0451703142998189,1918,2.312216896093917,1,0,1,1,False,1,True,enhanced_local,RA-CNI
standard,socfb_middlebury45,socfb-Middlebury45,social,4,sa,0.9526036591752988,0.9556168681978782,0.8912292249465197,0.8912292249465197,0.8912292249465197,0.9005887681735676,24308,24308,24308,48616,26346,5045,27315,0.5618520651637321,13548,0.0676620695611089,1,1,0,1,False,1,True,local_similarity,SA
standard,socfb_middlebury45,socfb-Middlebury45,social,4,so,0.9524351255515716,0.9551460111120168,0.8917228895836762,0.8917228895836762,0.8917228895836762,0.9010521729235944,24308,24308,24308,48616,6617,4162,46161,0.9495022214908672,13548,0.0601503759398496,9,4,5,2,True,1,True,local_similarity,SO
standard,socfb_middlebury45,socfb-Middlebury45,social,4,srw,0.9517961498077984,0.9561519448764714,0.8922576929405956,0.8922576929405956,0.8922576929405956,0.9012253213554254,24308,24308,24308,48616,46554,98,2160,0.0444298173440842,1915,9.198704416335618e-07,1,0,1,1,False,1,True,quasi_local_walk,SRW-l3
standard,socfb_middlebury45,socfb-Middlebury45,social,4,aa,0.8273294444257979,0.954073567945392,0.755965114365641,0.755965114365641,0.755965114365641,0.7729188687518099,24308,24308,121540,145848,56269,2644,92223,0.6323226921178213,67003,1.8432772790602137,1,0,1,1,False,5,False,local_similarity,AA
standard,socfb_middlebury45,socfb-Middlebury45,social,4,car_aa,0.8178521022942464,0.9417605805578452,0.7554714497284845,0.7554714497284845,0.7554714497284845,0.7726790025571956,24308,24308,121540,145848,47512,2032,100368,0.6881685041961494,94753,5.196851041256744,1,1,0,1,False,5,False,enhanced_local,CAR-AA
standard,socfb_middlebury45,socfb-Middlebury45,social,4,car_cn,0.8124500573955356,0.9408769634041269,0.7523860457462563,0.7523860457462563,0.7523860457462563,0.7695555581115778,24308,24308,121540,145848,3898,2140,144090,0.987946355109429,94753,108.0,205,90,115,204,True,5,False,enhanced_local,CAR-CN
standard,socfb_middlebury45,socfb-Middlebury45,social,4,car_ra,0.8313376849668859,0.9443739270389606,0.7677719269376337,0.7677719269376337,0.7677719269376337,0.7847540423854314,24308,24308,121540,145848,47462,2063,100449,0.6887238769129505,94753,0.2286650554931211,1,1,0,1,False,5,False,enhanced_local,CAR-RA
standard,socfb_middlebury45,socfb-Middlebury45,social,4,cn,0.8082351191336739,0.951072821755222,0.7468734572980089,0.7468734572980089,0.7468734572980089,0.764143430253439,24308,24308,121540,145848,99,88,145837,0.9999245790137676,67003,9.0,2133,954,1179,1909,True,5,False,local_similarity,CN
standard,socfb_middlebury45,socfb-Middlebury45,social,4,fl,0.8134366380851212,0.950329957478391,0.7437469145960178,0.7437469145960178,0.7437469145960178,0.7610673798206476,24308,24308,121540,145848,24909,10442,131381,0.9008076901980144,9751,0.0029542968506571,1,1,0,1,False,5,False,quasi_local_path,FL-l3
standard,socfb_middlebury45,socfb-Middlebury45,social,4,fsw,0.8383716597829889,0.955002614038332,0.7651801875925621,0.7651801875925621,0.7651801875925621,0.7824112396089346,24308,24308,121540,145848,29435,6898,123311,0.8454761121167242,67003,0.0270622701159959,5,2,3,3,True,5,False,enhanced_local,FSW
standard,socfb_middlebury45,socfb-Middlebury45,social,4,hdi,0.8170648141619397,0.9501711888953268,0.7454336021063025,0.7454336021063025,0.7454336021063024,0.7631287661163118,24308,24308,121540,145848,4673,3653,144828,0.9930064176402832,67003,0.075,74,26,48,26,True,5,False,local_similarity,HDI
standard,socfb_middlebury45,socfb-Middlebury45,social,4,hpi,0.7365365406214205,0.9440091414405374,0.72186111568208,0.72186111568208,0.7218611156820801,0.7262630500516951,24308,24308,121540,145848,3679,2639,144808,0.9928692885744064,67003,0.1571428571428571,37,21,16,14,True,5,False,local_similarity,HPI
standard,socfb_middlebury45,socfb-Middlebury45,social,4,ia1,0.8453559761192173,0.9578527648942948,0.7713098568372552,0.7713098568372552,0.7713098568372552,0.7880654642823478,24308,24308,121540,145848,57004,2277,91121,0.6247668805880094,67003,0.4050939602927266,1,0,1,1,False,5,False,enhanced_local,IA1
standard,socfb_middlebury45,socfb-Middlebury45,social,4,ia2,0.8419187727437774,0.9565553163871502,0.7695408918874445,0.7695408918874445,0.7695408918874445,0.7863027278961048,24308,24308,121540,145848,56986,2268,91130,0.624828588667654,67003,0.1440852164771466,1,0,1,1,False,5,False,enhanced_local,IA2
standard,socfb_middlebury45,socfb-Middlebury45,social,4,ja,0.8329163313918599,0.9544148741119975,0.7613542866545993,0.7613542866545993,0.7613542866545993,0.7783983674533413,24308,24308,121540,145848,7199,4689,143338,0.9827903022324612,67003,0.0504587155963302,10,6,4,3,True,5,False,local_similarity,JA
standard,socfb_middlebury45,socfb-Middlebury45,social,4,lit,0.8316163401181811,0.9523535583767302,0.7581866052328452,0.7581866052328452,0.7581866052328452,0.7757909332797382,24308,24308,121540,145848,77116,780,69512,0.4766057813614173,67040,0.082290130078469,1,0,1,1,False,5,False,enhanced_local,LIT-i2
standard,socfb_middlebury45,socfb-Middlebury45,social,4,llhn,0.6064660485240894,0.9187810823438084,0.634523613625144,0.634523613625144,0.634523613625144,0.6336490688721642,24308,24308,121540,145848,28609,10527,127766,0.8760216115407822,67003,0.0013676772281741,2,1,1,2,False,5,False,local_similarity,LLHN
standard,socfb_middlebury45,socfb-Middlebury45,social,4,lnb_aa,0.829591934657717,0.9545484602068962,0.7576106631561625,0.7576106631561625,0.7576106631561627,0.7745545737436342,24308,24308,121540,145848,60425,2586,88009,0.6034295979375789,67003,4.07853927317706,1,0,1,1,False,5,False,local_bayesian,LNB-AA
standard,socfb_middlebury45,socfb-Middlebury45,social,4,lnb_cn,0.8215864581356432,0.9524667592442432,0.751069606713839,0.751069606713839,0.751069606713839,0.7681424948803623,24308,24308,121540,145848,60415,2583,88016,0.6034775931106358,67003,18.82082184991903,1,0,1,1,False,5,False,local_bayesian,LNB-CN
standard,socfb_middlebury45,socfb-Middlebury45,social,4,lnb_ra,0.8404093557332017,0.9570662165367284,0.7689649498107619,0.7689649498107619,0.7689649498107619,0.785464659176259,24308,24308,121540,145848,60425,2586,88009,0.6034295979375789,67003,0.2006867572552458,1,1,0,1,False,5,False,local_bayesian,LNB-RA
standard,socfb_middlebury45,socfb-Middlebury45,social,4,lpi,0.8123751383413623,0.9502305007139332,0.7430886950798091,0.7430886950798091,0.7430886950798091,0.7603492196069331,24308,24308,121540,145848,23173,11400,134075,0.9192789753716196,9751,9.384,6,3,3,3,True,5,False,quasi_local_path,LPI-beta-0.001
standard,socfb_middlebury45,socfb-Middlebury45,social,4,lrw,0.7655541905903543,0.9384919754042852,0.704829685700181,0.704829685700181,0.704829685700181,0.7222767112173447,24308,24308,121540,145848,134282,888,12454,0.0853902693214853,9756,6.755848292654097e-07,1,1,0,1,False,5,False,quasi_local_walk,LRW-l3
standard,socfb_middlebury45,socfb-Middlebury45,social,4,ora_cni,0.7218052607760284,0.9274343850958934,0.6731117327628764,0.6731117327628764,0.6731117327628764,0.6900569423068854,24308,24308,121540,145848,134050,916,12714,0.0871729471778838,9751,3.875680248568993,1,0,1,1,False,5,False,quasi_local_path,ORA-CNI-beta-0.001
standard,socfb_middlebury45,socfb-Middlebury45,social,4,pa,0.4346923195487553,0.7920334945336613,0.439731775547145,0.439731775547145,0.439731775547145,0.4555149084606251,24308,24308,121540,145848,10812,8418,143454,0.9835856508145466,165,9477.0,12,2,10,2,True,5,False,degree_based,PA
standard,socfb_middlebury45,socfb-Middlebury45,social,4,pfp,0.715121353227527,0.9351731978688612,0.6904311337831167,0.6904311337831167,0.6904311337831167,0.7011634019493902,24308,24308,121540,145848,135761,266,10353,0.0709848609511272,9751,0.0022164787804846,1,0,1,1,False,5,False,quasi_local_walk,PFP-l3
standard,socfb_middlebury45,socfb-Middlebury45,social,4,ra,0.8423514308493665,0.9576291681335212,0.7698288629257858,0.7698288629257858,0.7698288629257858,0.7863511313861543,24308,24308,121540,145848,56122,2688,92414,0.6336322746969447,67003,0.0863573137544024,1,1,0,1,False,5,False,local_similarity,RA
standard,socfb_middlebury45,socfb-Middlebury45,social,4,ra_cni,0.7218040598978563,0.9274340868960242,0.6731117327628764,0.6731117327628764,0.6731117327628764,0.690056826214152,24308,24308,121540,145848,133924,984,12908,0.0885030991168888,9769,3.875621708711998,1,0,1,1,False,5,False,enhanced_local,RA-CNI
standard,socfb_middlebury45,socfb-Middlebury45,social,4,sa,0.835022886420684,0.9552898889949126,0.7626707256870167,0.7626707256870167,0.7626707256870167,0.7796531411155565,24308,24308,121540,145848,39452,12443,118839,0.8148140529866711,67003,0.1053909598853084,2,2,0,2,False,5,False,local_similarity,SA
standard,socfb_middlebury45,socfb-Middlebury45,social,4,so,0.8329163313918599,0.9544148741119975,0.7613542866545993,0.7613542866545993,0.7613542866545993,0.7783983674533413,24308,24308,121540,145848,7199,4689,143338,0.9827903022324612,67003,0.0960698689956331,10,6,4,3,True,5,False,local_similarity,SO
standard,socfb_middlebury45,socfb-Middlebury45,social,4,srw,0.8253518716116213,0.9555086092908546,0.755965114365641,0.755965114365641,0.755965114365641,0.7724311557059214,24308,24308,121540,145848,134294,883,12437,0.08527370961549,9751,1.5400563253921142e-06,1,0,1,1,False,5,False,quasi_local_walk,SRW-l3
standard,socfb_middlebury45,socfb-Middlebury45,social,4,aa,0.7348478089911332,0.954331282359086,0.6772256047391805,0.6772256047391805,0.6772256047391805,0.6972953412167077,24308,24308,243080,267388,85216,5629,187801,0.7023538827471689,133928,2.268469951890065,1,0,1,1,False,10,False,local_similarity,AA
standard,socfb_middlebury45,socfb-Middlebury45,social,4,car_aa,0.7290306928386874,0.9419510239919496,0.6776369919368109,0.6776369919368109,0.6776369919368109,0.6980007505164525,24308,24308,243080,267388,69208,4234,202414,0.7570048020105614,188560,8.25962337310732,1,0,1,1,False,10,False,enhanced_local,CAR-AA
standard,socfb_middlebury45,socfb-Middlebury45,social,4,car_cn,0.7216953347704818,0.941100435773922,0.6730294553233503,0.6730294553233503,0.6730294553233503,0.6933478814893059,24308,24308,243080,267388,3953,2192,265627,0.9934140649542986,188560,207.0,67,32,35,42,True,10,False,enhanced_local,CAR-CN
standard,socfb_middlebury45,socfb-Middlebury45,social,4,car_ra,0.7486089467658494,0.9445306435093608,0.6932285667270035,0.6932285667270035,0.6932285667270035,0.7135198397234869,24308,24308,243080,267388,69111,4259,202536,0.7574610678115697,188560,0.3569990268770319,1,0,1,1,False,10,False,enhanced_local,CAR-RA
standard,socfb_middlebury45,socfb-Middlebury45,social,4,cn,0.7105774185254724,0.9513541307681636,0.6673111732762876,0.6673111732762876,0.6673111732762876,0.6874936255930205,24308,24308,243080,267388,99,88,267377,0.9999588612802368,133928,11.0,2359,957,1402,2074,True,10,False,local_similarity,CN
standard,socfb_middlebury45,socfb-Middlebury45,social,4,fl,0.7157917471701141,0.9506250281106686,0.6638966595359552,0.6638966595359552,0.6638966595359552,0.6840396573959646,24308,24308,243080,267388,27956,13030,252462,0.9441784971651682,19642,0.0036127273666969,3,1,2,1,True,10,False,quasi_local_path,FL-l3
standard,socfb_middlebury45,socfb-Middlebury45,social,4,fsw,0.752225780309284,0.9552535652214496,0.6915418792167187,0.6915418792167187,0.6915418792167187,0.7119476110912477,24308,24308,243080,267388,38448,11191,240131,0.8980619923107993,133928,0.0372395340912423,10,4,6,2,True,10,False,enhanced_local,FSW
standard,socfb_middlebury45,socfb-Middlebury45,social,4,hdi,0.7201423930791685,0.95043237314036,0.666694092479842,0.666694092479842,0.666694092479842,0.6871128948019635,24308,24308,243080,267388,4722,3771,266437,0.9964433706823044,133928,0.0901639344262295,36,13,23,3,True,10,False,local_similarity,HDI
standard,socfb_middlebury45,socfb-Middlebury45,social,4,hpi,0.5944125808088412,0.9438876393791604,0.622511107454336,0.622511107454336,0.622511107454336,0.6234678856588518,24308,24308,243080,267388,3837,2780,266331,0.9960469430191332,133928,0.1904761904761904,122,42,80,13,True,10,False,local_similarity,HPI
standard,socfb_middlebury45,socfb-Middlebury45,social,4,ia1,0.7608010932907112,0.9580082306853338,0.6963139707092315,0.6963139707092315,0.6963139707092315,0.7164823131711701,24308,24308,243080,267388,87088,5257,185557,0.6939615839155086,133928,0.5719973163534625,1,0,1,1,False,10,False,enhanced_local,IA1
standard,socfb_middlebury45,socfb-Middlebury45,social,4,ia2,0.7563425779624909,0.9566913229443252,0.6942981734408425,0.6942981734408425,0.6942981734408425,0.7144268543268487,24308,24308,243080,267388,87062,5237,185563,0.6939840232171974,133928,0.2126268565391662,1,0,1,1,False,10,False,enhanced_local,IA2
standard,socfb_middlebury45,socfb-Middlebury45,social,4,ja,0.7408072189513248,0.9546001779139625,0.6852065163732105,0.6852065163732105,0.6852065163732105,0.7049711463969461,24308,24308,243080,267388,7596,5085,264877,0.9906091522431822,133928,0.0602409638554216,36,16,20,27,True,10,False,local_similarity,JA
standard,socfb_middlebury45,socfb-Middlebury45,social,4,lit,0.7438340954432147,0.9525971439215332,0.6850831002139214,0.6850831002139214,0.6850831002139214,0.7057150785437829,24308,24308,243080,267388,129014,1828,140202,0.5243391625652609,133985,0.1039400198940367,1,0,1,1,False,10,False,enhanced_local,LIT-i2
standard,socfb_middlebury45,socfb-Middlebury45,social,4,llhn,0.4403982256504843,0.918885941907714,0.5012341615928912,0.5012341615928912,0.5012341615928912,0.49546027447688,24308,24308,243080,267388,34912,14813,247289,0.9248320792256944,133928,0.001763668430335,40,10,30,5,True,10,False,local_similarity,LLHN
standard,socfb_middlebury45,socfb-Middlebury45,social,4,lnb_aa,0.737826011634531,0.954759466569784,0.6794882343261478,0.6794882343261478,0.6794882343261478,0.6995406284466148,24308,24308,243080,267388,93766,4656,178278,0.6667389710832199,133928,5.069691378408292,1,0,1,1,False,10,False,local_bayesian,LNB-AA
standard,socfb_middlebury45,socfb-Middlebury45,social,4,lnb_cn,0.7267672602139834,0.9527014104704884,0.67072568701662,0.67072568701662,0.67072568701662,0.6908963104348136,24308,24308,243080,267388,93748,4648,178288,0.6667763699193681,133928,23.42705600225397,1,0,1,1,False,10,False,local_bayesian,LNB-CN
standard,socfb_middlebury45,socfb-Middlebury45,social,4,lnb_ra,0.752363010761451,0.957166611564566,0.6931874280072404,0.6931874280072404,0.6931874280072404,0.7127854881695352,24308,24308,243080,267388,93766,4656,178278,0.6667389710832199,133928,0.2506813782078522,1,0,1,1,False,10,False,local_bayesian,LNB-RA
standard,socfb_middlebury45,socfb-Middlebury45,social,4,lpi,0.7140583572851644,0.9505238310571894,0.6620042784268554,0.6620042784268554,0.6620042784268554,0.682138734323022,24308,24308,243080,267388,25418,14050,256020,0.9574850030667046,19642,11.534,5,2,3,4,True,10,False,quasi_local_path,LPI-beta-0.001
standard,socfb_middlebury45,socfb-Middlebury45,social,4,lrw,0.6490499064830013,0.938706114727434,0.6127200921507323,0.6127200921507323,0.6127200921507323,0.6324453281632817,24308,24308,243080,267388,242865,1965,26488,0.0990620371894026,19648,8.221006675247278e-07,1,1,0,1,False,10,False,quasi_local_walk,LRW-l3
standard,socfb_middlebury45,socfb-Middlebury45,social,4,ora_cni,0.5903551362859014,0.927744295656512,0.573309198617739,0.573309198617739,0.573309198617739,0.5914322439290496,24308,24308,243080,267388,242345,2020,27063,0.1012124702679252,19642,4.715423473928458,1,1,0,1,False,10,False,quasi_local_path,ORA-CNI-beta-0.001
standard,socfb_middlebury45,socfb-Middlebury45,social,4,pa,0.2898526615567759,0.7925176590848577,0.3268882672371235,0.3268882672371235,0.3268882672371235,0.3408664147366508,24308,24308,243080,267388,11597,9512,265303,0.9922023426630964,340,12084.0,25,6,19,25,False,10,False,degree_based,PA
standard,socfb_middlebury45,socfb-Middlebury45,social,4,pfp,0.5674833427314807,0.9350361226493288,0.5896824090834293,0.5896824090834293,0.5896824090834293,0.5972597607996306,24308,24308,243080,267388,246585,806,21609,0.0808151450326865,19642,0.0027110197576315,1,0,1,1,False,10,False,quasi_local_walk,PFP-l3
standard,socfb_middlebury45,socfb-Middlebury45,social,4,ra,0.7555538659953221,0.9577831462253829,0.6956968899127859,0.6956968899127859,0.6956968899127859,0.71523447359543,24308,24308,243080,267388,84911,5703,188180,0.7037712986371865,133928,0.1068783114615227,1,1,0,1,False,10,False,local_similarity,RA
standard,socfb_middlebury45,socfb-Middlebury45,social,4,ra_cni,0.5903536740003187,0.9277440028723044,0.573309198617739,0.573309198617739,0.573309198617739,0.5914320948411526,24308,24308,243080,267388,242000,2173,27561,0.1030749323081065,19679,4.715228073548659,1,1,0,1,False,10,False,enhanced_local,RA-CNI
standard,socfb_middlebury45,socfb-Middlebury45,social,4,sa,0.7424694786864727,0.9553901647089544,0.6870166200427843,0.6870166200427843,0.6870166200427843,0.706466656034119,24308,24308,243080,267388,49540,18970,236818,0.8856717578948943,133928,0.1241242795903477,3,1,2,2,True,10,False,local_similarity,SA
standard,socfb_middlebury45,socfb-Middlebury45,social,4,so,0.7408072189513248,0.9546001779139625,0.6852065163732105,0.6852065163732105,0.6852065163732105,0.7049711463969461,24308,24308,243080,267388,7596,5085,264877,0.9906091522431822,133928,0.1136363636363636,36,16,20,27,True,10,False,local_similarity,SO
standard,socfb_middlebury45,socfb-Middlebury45,social,4,srw,0.729853600985379,0.9556918543798176,0.6739345071581372,0.6739345071581372,0.6739345071581372,0.6935485989821571,24308,24308,243080,267388,242890,1958,26456,0.0989423609137283,19642,1.8823152800240232e-06,1,1,0,1,False,10,False,quasi_local_walk,SRW-l3
standard,socfb_middlebury45,socfb-Middlebury45,social,5,aa,0.9514964873447712,0.9544431178912102,0.8903608014152302,0.8903608014152302,0.8903608014152302,0.8997391516879854,24307,24307,24307,48614,30750,465,18329,0.3770313078537047,13558,1.0322223017004932,1,0,1,1,False,1,True,local_similarity,AA
standard,socfb_middlebury45,socfb-Middlebury45,social,5,car_aa,0.9401299946142488,0.9415411185218446,0.8861644793680833,0.8861644793680833,0.8861644793680833,0.8960414839790061,24307,24307,24307,48614,28333,298,20579,0.4233142716090015,19902,1.379675842943508,1,0,1,1,False,1,True,enhanced_local,CAR-AA
standard,socfb_middlebury45,socfb-Middlebury45,social,5,car_cn,0.9383991658495272,0.9406602352209626,0.8844777224667791,0.8844777224667791,0.8844777224667791,0.8944341938169813,24307,24307,24307,48614,3830,2029,46813,0.9629530587896492,19902,16.0,231,124,107,205,True,1,True,enhanced_local,CAR-CN
standard,socfb_middlebury45,socfb-Middlebury45,social,5,car_ra,0.9439920674148398,0.9443227042696656,0.8915538733698112,0.8915538733698112,0.8915538733698112,0.9011799836334176,24307,24307,24307,48614,28329,302,20587,0.4234788332579092,19902,0.0616162922270397,1,1,0,1,False,1,True,enhanced_local,CAR-RA
standard,socfb_middlebury45,socfb-Middlebury45,social,5,cn,0.9440796046234708,0.9512509556700102,0.884518862879006,0.884518862879006,0.884518862879006,0.8943311795802101,24307,24307,24307,48614,101,88,48601,0.999732587320525,13558,5.0,1468,798,670,1033,True,1,True,local_similarity,CN
standard,socfb_middlebury45,socfb-Middlebury45,social,5,fl,0.9474854017196236,0.9506007333757888,0.8805282428929938,0.8805282428929938,0.8805282428929938,0.890669526213769,24307,24307,24307,48614,20716,6716,34614,0.7120171144114864,1949,0.0016470068024172,1,1,0,1,False,1,True,quasi_local_path,FL-l3
standard,socfb_middlebury45,socfb-Middlebury45,social,5,fsw,0.9542568628236494,0.9552808754380484,0.8889208869872877,0.8889208869872877,0.8889208869872877,0.8988567934971333,24307,24307,24307,48614,19264,3354,32704,0.6727280207347678,13558,0.0103479159393393,3,1,2,1,True,1,True,enhanced_local,FSW
standard,socfb_middlebury45,socfb-Middlebury45,social,5,hdi,0.9477413737165556,0.9505084166738388,0.8819681573209364,0.8819681573209364,0.8819681573209364,0.8920961108594383,24307,24307,24307,48614,4489,3339,47464,0.9763442629695148,13558,0.044776119402985,24,7,17,9,True,1,True,local_similarity,HDI
standard,socfb_middlebury45,socfb-Middlebury45,social,5,hpi,0.9268393028309494,0.9448698411174274,0.8793351709384128,0.8793351709384128,0.8793351709384128,0.8850958754500807,24307,24307,24307,48614,3454,2392,47552,0.9781544411075,13558,0.0972222222222222,12,9,3,4,True,1,True,local_similarity,HPI
standard,socfb_middlebury45,socfb-Middlebury45,social,5,ia1,0.9567868825268956,0.958348852243684,0.8957090550047312,0.8957090550047312,0.8957090550047312,0.9049568222808384,24307,24307,24307,48614,30802,410,18222,0.3748302957995639,13558,0.1602735234205994,1,0,1,1,False,1,True,enhanced_local,IA1
standard,socfb_middlebury45,socfb-Middlebury45,social,5,ia2,0.9556378897840492,0.9571233987378328,0.8941045789278809,0.8941045789278809,0.8941045789278809,0.9034772334035304,24307,24307,24307,48614,30792,411,18233,0.375056568066812,13558,0.0557378698783057,1,1,0,1,False,1,True,enhanced_local,IA2
standard,socfb_middlebury45,socfb-Middlebury45,social,5,ja,0.9529202223029376,0.95483179382713,0.8892088698728762,0.8892088698728762,0.8892088698728762,0.8989221535273283,24307,24307,24307,48614,6575,4117,46156,0.9494384333731024,13558,0.0306406685236768,1,0,1,1,False,1,True,local_similarity,JA
standard,socfb_middlebury45,socfb-Middlebury45,social,5,lit,0.951243556788258,0.952031136611626,0.8842308799934175,0.8842308799934175,0.8842308799934175,0.8945065009281519,24307,24307,24307,48614,34784,104,13934,0.2866252519850248,13567,0.0424466540647804,1,1,0,1,False,1,True,enhanced_local,LIT-i2
standard,socfb_middlebury45,socfb-Middlebury45,social,5,llhn,0.8800164423632146,0.919499784277294,0.8516065330974616,0.8516065330974616,0.8516065330974616,0.8549457325740237,24307,24307,24307,48614,20259,5535,33890,0.6971242851853375,13558,0.0008043758043758,1,0,1,1,False,1,True,local_similarity,LLHN
standard,socfb_middlebury45,socfb-Middlebury45,social,5,lnb_aa,0.9521468770157494,0.954894268624354,0.8906899247130456,0.8906899247130456,0.8906899247130456,0.9000944797922751,24307,24307,24307,48614,32048,901,17467,0.3592997901838976,13558,2.2383705546330503,1,0,1,1,False,1,True,local_bayesian,LNB-AA
standard,socfb_middlebury45,socfb-Middlebury45,social,5,lnb_cn,0.949530921125748,0.9526612719180532,0.8871518492615296,0.8871518492615296,0.8871518492615296,0.8967576418007812,24307,24307,24307,48614,32045,901,17470,0.359361500802238,13558,10.31223683972098,1,1,0,1,False,1,True,local_bayesian,LNB-CN
standard,socfb_middlebury45,socfb-Middlebury45,social,5,lnb_ra,0.9558525136682507,0.9578716906554324,0.8960381783025466,0.8960381783025466,0.8960381783025466,0.9051445875273928,24307,24307,24307,48614,32048,901,17467,0.3592997901838976,13558,0.1067201332359992,1,1,0,1,False,1,True,local_bayesian,LNB-RA
standard,socfb_middlebury45,socfb-Middlebury45,social,5,lpi,0.9472340515603086,0.950502743301486,0.8805282428929938,0.8805282428929938,0.8805282428929938,0.8906389872155402,24307,24307,24307,48614,19727,7411,36298,0.7466573415065619,1949,5.315,1,1,0,1,False,1,True,quasi_local_path,LPI-beta-0.001
standard,socfb_middlebury45,socfb-Middlebury45,social,5,lrw,0.9330922453799496,0.9393876878162342,0.8664170814991566,0.8664170814991566,0.8664170814991566,0.876901537061979,24307,24307,24307,48614,46541,95,2168,0.0445962068539926,1951,3.999346662922982e-07,1,0,1,1,False,1,True,quasi_local_walk,LRW-l3
standard,socfb_middlebury45,socfb-Middlebury45,social,5,ora_cni,0.9177991772195336,0.927866921045202,0.8533755708232197,0.8533755708232197,0.8533755708232197,0.8639187737063301,24307,24307,24307,48614,46478,133,2269,0.0466737976714526,1949,2.307002958726724,1,1,0,1,False,1,True,quasi_local_path,ORA-CNI-beta-0.001
standard,socfb_middlebury45,socfb-Middlebury45,social,5,pa,0.7714197103269232,0.7905629235987205,0.713457028839429,0.713457028839429,0.713457028839429,0.7268126230246623,24307,24307,24307,48614,9407,6661,45868,0.9435142140124244,46,5040.0,44,21,23,14,True,1,True,degree_based,PA
standard,socfb_middlebury45,socfb-Middlebury45,social,5,pfp,0.9224589364109408,0.9371761295857416,0.8668696260336528,0.8668696260336528,0.8668696260336528,0.8756656194840479,24307,24307,24307,48614,46638,29,2005,0.0412432632574978,1949,0.0013748181628296,1,1,0,1,False,1,True,quasi_local_walk,PFP-l3
standard,socfb_middlebury45,socfb-Middlebury45,social,5,ra,0.956533487480971,0.9584773155377156,0.8966141440737236,0.8966141440737236,0.8966141440737236,0.9057008535385216,24307,24307,24307,48614,30727,475,18362,0.377710124655449,13558,0.0479166666666666,1,1,0,1,False,1,True,local_similarity,RA
standard,socfb_middlebury45,socfb-Middlebury45,social,5,ra_cni,0.917798752117482,0.927866601156367,0.8533755708232197,0.8533755708232197,0.8533755708232197,0.8639187373152307,24307,24307,24307,48614,46466,138,2286,0.0470234911753815,1959,2.306952977021437,1,1,0,1,False,1,True,enhanced_local,RA-CNI
standard,socfb_middlebury45,socfb-Middlebury45,social,5,sa,0.9537621566705335,0.9557204153912574,0.8908544863619533,0.8908544863619533,0.8908544863619533,0.9004234644556154,24307,24307,24307,48614,26315,5042,27341,0.5624100053482536,13558,0.0670190709794987,1,0,1,1,False,1,True,local_similarity,SA
standard,socfb_middlebury45,socfb-Middlebury45,social,5,so,0.9529202223029376,0.95483179382713,0.8892088698728762,0.8892088698728762,0.8892088698728762,0.8989221535273283,24307,24307,24307,48614,6575,4117,46156,0.9494384333731024,13558,0.0594594594594594,1,0,1,1,False,1,True,local_similarity,SO
standard,socfb_middlebury45,socfb-Middlebury45,social,5,srw,0.9528339679603964,0.9563696373981692,0.8912658904842227,0.8912658904842227,0.8912658904842227,0.9004948921945618,24307,24307,24307,48614,46545,94,2163,0.0444933558234253,1949,9.067634397843356e-07,1,1,0,1,False,1,True,quasi_local_walk,SRW-l3
standard,socfb_middlebury45,socfb-Middlebury45,social,5,aa,0.8309897527911425,0.9543441850757376,0.7576829719833793,0.7576829719833793,0.7576829719833794,0.7749171192072121,24307,24307,121535,145842,55708,2577,92711,0.6356947929951592,67526,1.8192112131782057,1,1,0,1,False,5,False,local_similarity,AA
standard,socfb_middlebury45,socfb-Middlebury45,social,5,car_aa,0.8215559937898417,0.941582342883734,0.7565310404410253,0.7565310404410253,0.7565310404410253,0.7741868346009705,24307,24307,121535,145842,47021,2078,100899,0.6918377422141769,95185,5.11055159360081,1,1,0,1,False,5,False,enhanced_local,CAR-AA
standard,socfb_middlebury45,socfb-Middlebury45,social,5,car_cn,0.8159979385685651,0.940659775867366,0.752499280042786,0.752499280042786,0.752499280042786,0.7702168145265,24307,24307,121535,145842,3887,2089,144044,0.9876715898026632,95185,100.0,66,25,41,62,True,5,False,enhanced_local,CAR-CN
standard,socfb_middlebury45,socfb-Middlebury45,social,5,car_ra,0.8348574416910899,0.9443134329095596,0.7703953593615008,0.7703953593615008,0.7703953593615009,0.7875660165419576,24307,24307,121535,145842,46982,2101,100961,0.6922628598071886,95185,0.2214277835439103,1,0,1,1,False,5,False,enhanced_local,CAR-RA
standard,socfb_middlebury45,socfb-Middlebury45,social,5,cn,0.8116463908337133,0.9512266221156188,0.7485909408812277,0.7485909408812277,0.7485909408812277,0.7661809257189854,24307,24307,121535,145842,101,88,145829,0.999910862440175,67526,8.0,2346,959,1387,35,True,5,False,local_similarity,CN
standard,socfb_middlebury45,socfb-Middlebury45,social,5,fl,0.8170158995712138,0.9506283633084603,0.7479738346978236,0.7479738346978236,0.7479738346978236,0.7653225186019437,24307,24307,121535,145842,24790,10383,131435,0.9012150135077688,9907,0.0026787056882058,1,1,0,1,False,5,False,quasi_local_path,FL-l3
standard,socfb_middlebury45,socfb-Middlebury45,social,5,fsw,0.8412255330479661,0.9550695045744012,0.764964824947546,0.764964824947546,0.764964824947546,0.7826035768309125,24307,24307,121535,145842,29155,6900,123587,0.8474033543149436,67526,0.0265505737917258,18,10,8,5,True,5,False,enhanced_local,FSW
standard,socfb_middlebury45,socfb-Middlebury45,social,5,hdi,0.8193789426258953,0.950487745592728,0.7474390093388735,0.7474390093388735,0.7474390093388735,0.7650173822723834,24307,24307,121535,145842,4591,3591,144842,0.993143264628845,67526,0.0746268656716417,38,15,23,7,True,5,False,local_similarity,HDI
standard,socfb_middlebury45,socfb-Middlebury45,social,5,hpi,0.738922290325453,0.9444645776760152,0.7272802073476776,0.7272802073476776,0.7272802073476776,0.7316628160447153,24307,24307,121535,145842,3642,2620,144820,0.9929924164506796,67526,0.15625,92,35,57,29,True,5,False,local_similarity,HPI
standard,socfb_middlebury45,socfb-Middlebury45,social,5,ia1,0.849457596279643,0.9582776016601684,0.7751676471798248,0.7751676471798248,0.7751676471798248,0.791970252926041,24307,24307,121535,145842,56436,2204,91610,0.6281455273515174,67526,0.3935122058328059,1,0,1,1,False,5,False,enhanced_local,IA1
standard,socfb_middlebury45,socfb-Middlebury45,social,5,ia2,0.8463435363921541,0.9570402124079468,0.7724112395606204,0.7724112395606204,0.7724112395606204,0.7893593722475181,24307,24307,121535,145842,56403,2206,91645,0.6283855130895079,67526,0.1400369781246735,1,0,1,1,False,5,False,enhanced_local,IA2
standard,socfb_middlebury45,socfb-Middlebury45,social,5,ja,0.8349254271998946,0.9547130334892516,0.7631135063973341,0.7631135063973341,0.7631135063973341,0.7794156080374831,24307,24307,121535,145842,7175,4654,143321,0.982714170129318,67526,0.05,145,47,98,91,True,5,False,local_similarity,JA
standard,socfb_middlebury45,socfb-Middlebury45,social,5,lit,0.8339220339731778,0.9520926783151212,0.7571892870366561,0.7571892870366561,0.7571892870366561,0.7752964849698312,24307,24307,121535,145842,76642,742,69942,0.479573785329329,67549,0.0814456696470877,1,0,1,1,False,5,False,enhanced_local,LIT-i2
standard,socfb_middlebury45,socfb-Middlebury45,social,5,llhn,0.6134942946296719,0.9199127546700812,0.6421606944501584,0.6421606944501584,0.6421606944501584,0.640458113453373,24307,24307,121535,145842,28191,10512,128163,0.8787797753733493,67526,0.0013702239789196,1,1,0,1,False,5,False,local_similarity,LLHN
standard,socfb_middlebury45,socfb-Middlebury45,social,5,lnb_aa,0.833544524116195,0.9548251946389426,0.7604805200148106,0.7604805200148106,0.7604805200148106,0.7776184968857563,24307,24307,121535,145842,59790,2633,88685,0.6080895763908888,67526,4.037988997731004,1,0,1,1,False,5,False,local_bayesian,LNB-AA
standard,socfb_middlebury45,socfb-Middlebury45,social,5,lnb_cn,0.8254328007532211,0.9526590205099672,0.7525404204550129,0.7525404204550129,0.7525404204550129,0.7699850397542821,24307,24307,121535,145842,59781,2630,88691,0.6081307168031157,67526,18.552582375496133,1,0,1,1,False,5,False,local_bayesian,LNB-CN
standard,socfb_middlebury45,socfb-Middlebury45,social,5,lnb_ra,0.8446457513111444,0.957577427454971,0.7717118525527625,0.7717118525527625,0.7717118525527625,0.7883735885232934,24307,24307,121535,145842,59790,2633,88685,0.6080895763908888,67526,0.1977736143789968,1,0,1,1,False,5,False,local_bayesian,LNB-RA
standard,socfb_middlebury45,socfb-Middlebury45,social,5,lpi,0.816054368893733,0.9505333422764548,0.7469864648043774,0.7469864648043774,0.7469864648043774,0.7643312302941334,24307,24307,121535,145842,23114,11313,134041,0.9190836658849988,9907,9.228,2,2,0,2,False,5,False,quasi_local_path,LPI-beta-0.001
standard,socfb_middlebury45,socfb-Middlebury45,social,5,lrw,0.7717891912427309,0.9395943778091836,0.7091784259678282,0.7091784259678282,0.7091784259678282,0.7269863282811491,24307,24307,121535,145842,134154,909,12597,0.0863742954704406,9915,6.685446257189148e-07,1,0,1,1,False,5,False,quasi_local_walk,LRW-l3
standard,socfb_middlebury45,socfb-Middlebury45,social,5,ora_cni,0.727619145733877,0.9284582326792818,0.6777882914386802,0.6777882914386802,0.6777882914386802,0.6949382321750901,24307,24307,121535,145842,133906,918,12854,0.0881364764608274,9907,3.840850659780692,1,1,0,1,False,5,False,quasi_local_path,ORA-CNI-beta-0.001
standard,socfb_middlebury45,socfb-Middlebury45,social,5,pa,0.4353195279011975,0.7921755179125908,0.441683465668326,0.441683465668326,0.441683465668326,0.4576605287148212,24307,24307,121535,145842,10690,8397,143549,0.9842775057939414,189,9408.0,34,11,23,5,True,5,False,degree_based,PA
standard,socfb_middlebury45,socfb-Middlebury45,social,5,pfp,0.7195797956755772,0.9363580089820348,0.6959723536429835,0.6959723536429835,0.6959723536429835,0.7061412136655058,24307,24307,121535,145842,135551,290,10581,0.0725511169621919,9907,0.0022110294776148,1,1,0,1,False,5,False,quasi_local_walk,PFP-l3
standard,socfb_middlebury45,socfb-Middlebury45,social,5,ra,0.8466346707983213,0.958156742411474,0.7736043115152014,0.7736043115152014,0.7736043115152014,0.7901750126174261,24307,24307,121535,145842,55561,2622,92903,0.6370112861864209,67526,0.0851904096430935,1,1,0,1,False,5,False,local_similarity,RA
standard,socfb_middlebury45,socfb-Middlebury45,social,5,ra_cni,0.7276180657536854,0.9284579391939696,0.6777882914386802,0.6777882914386802,0.6777882914386802,0.6949381387245964,24307,24307,121535,145842,133755,1003,13090,0.08975466600842,9930,3.840782536138148,1,1,0,1,False,5,False,enhanced_local,RA-CNI
standard,socfb_middlebury45,socfb-Middlebury45,social,5,sa,0.837120959290718,0.9555696918963946,0.7657464927798576,0.7657464927798576,0.7657464927798577,0.781836690417674,24307,24307,121535,145842,39061,12334,119115,0.816740033735138,67526,0.1048284836721918,14,2,12,14,False,5,False,local_similarity,SA
standard,socfb_middlebury45,socfb-Middlebury45,social,5,so,0.8349254271998946,0.9547130334892516,0.7631135063973341,0.7631135063973341,0.7631135063973341,0.7794156080374831,24307,24307,121535,145842,7175,4654,143321,0.982714170129318,67526,0.0952380952380952,145,47,98,91,True,5,False,local_similarity,SO
standard,socfb_middlebury45,socfb-Middlebury45,social,5,srw,0.8304645015419809,0.9561988485799412,0.7586292014645987,0.7586292014645987,0.7586292014645987,0.7754199423720038,24307,24307,121535,145842,134165,909,12586,0.0862988713813579,9907,1.5218993539123492e-06,1,1,0,1,False,5,False,quasi_local_walk,SRW-l3
standard,socfb_middlebury45,socfb-Middlebury45,social,5,aa,0.7352993096996923,0.953771261464306,0.6756901304151067,0.6756901304151067,0.6756901304151067,0.696202131290133,24307,24307,243070,267377,84660,5665,188382,0.7045557396485113,134343,2.265602726099159,1,1,0,1,False,10,False,local_similarity,AA
standard,socfb_middlebury45,socfb-Middlebury45,social,5,car_aa,0.7303763143326147,0.9410346288820428,0.6777882914386802,0.6777882914386802,0.6777882914386802,0.6985547132836102,24307,24307,243070,267377,68925,4271,202723,0.7581916170800032,188858,8.231043675005745,1,0,1,1,False,10,False,enhanced_local,CAR-AA
standard,socfb_middlebury45,socfb-Middlebury45,social,5,car_cn,0.7225020567019234,0.9401159707718352,0.6712881063068252,0.6712881063068252,0.6712881063068252,0.6921812257447814,24307,24307,243070,267377,3959,2148,265566,0.9932267921324572,188858,207.0,63,27,36,35,True,10,False,enhanced_local,CAR-CN
standard,socfb_middlebury45,socfb-Middlebury45,social,5,car_ra,0.7504853096544133,0.9437979697955512,0.6950261241617641,0.6950261241617641,0.6950261241617641,0.7155167811574907,24307,24307,243070,267377,68828,4310,202859,0.758700262176627,188858,0.3582556085236628,1,0,1,1,False,10,False,enhanced_local,CAR-RA
standard,socfb_middlebury45,socfb-Middlebury45,social,5,cn,0.71056157931224,0.9506537978559048,0.6662689760151397,0.6662689760151397,0.6662689760151397,0.6868406993265632,24307,24307,243070,267377,101,88,267364,0.9999513795128228,134343,11.0,2370,927,1443,2084,True,10,False,local_similarity,CN
standard,socfb_middlebury45,socfb-Middlebury45,social,5,fl,0.7157922898859737,0.9500580682015828,0.6623606368535813,0.6623606368535813,0.6623606368535813,0.6829432769979225,24307,24307,243070,267377,27958,13024,252443,0.9441462803457292,19832,0.0036127273666969,2,2,0,1,True,10,False,quasi_local_path,FL-l3
standard,socfb_middlebury45,socfb-Middlebury45,social,5,fsw,0.7536335608208861,0.9545923405319756,0.6883202369687744,0.6883202369687744,0.6883202369687744,0.7095301309476157,24307,24307,243070,267377,38171,11179,240385,0.8990489084700629,134343,0.0374299474418059,344,174,170,248,True,10,False,enhanced_local,FSW
standard,socfb_middlebury45,socfb-Middlebury45,social,5,hdi,0.7212973349465139,0.9499862812541948,0.6661455547784588,0.6661455547784588,0.6661455547784588,0.6868013815717894,24307,24307,243070,267377,4637,3694,266434,0.9964731446609096,134343,0.0909090909090909,368,92,276,265,True,10,False,local_similarity,HDI
standard,socfb_middlebury45,socfb-Middlebury45,social,5,hpi,0.5970218080678068,0.943665425126194,0.6246348788414859,0.6246348788414859,0.6246348788414859,0.6259599361181678,24307,24307,243070,267377,3803,2766,266340,0.996121581138243,134343,0.1904761904761904,187,58,129,33,True,10,False,local_similarity,HPI
standard,socfb_middlebury45,socfb-Middlebury45,social,5,ia1,0.7631322932883977,0.9577087403830604,0.6981527954910108,0.6981527954910108,0.6981527954910108,0.7185245664728832,24307,24307,243070,267377,86512,5224,186089,0.6959798337179338,134343,0.5744304790627266,1,1,0,1,False,10,False,enhanced_local,IA1
standard,socfb_middlebury45,socfb-Middlebury45,social,5,ia2,0.7589532258959427,0.9564296470203236,0.6954786686962603,0.6954786686962603,0.6954786686962603,0.7159071133694325,24307,24307,243070,267377,86472,5228,186133,0.6961443953668416,134343,0.2140025544007871,1,1,0,1,False,10,False,enhanced_local,IA2
standard,socfb_middlebury45,socfb-Middlebury45,social,5,ja,0.7428397027493474,0.9541811254657004,0.6853169868762085,0.6853169868762085,0.6853169868762085,0.7047840939767784,24307,24307,243070,267377,7564,5042,264855,0.9905676254876074,134343,0.0606060606060606,85,26,59,11,True,10,False,local_similarity,JA
standard,socfb_middlebury45,socfb-Middlebury45,social,5,lit,0.7444095904921082,0.9516405128235066,0.6819846134858272,0.6819846134858272,0.6819846134858272,0.7033441366863258,24307,24307,243070,267377,128772,1765,140370,0.5249890603903851,134386,0.1042991714919587,1,0,1,1,False,10,False,enhanced_local,LIT-i2
standard,socfb_middlebury45,socfb-Middlebury45,social,5,llhn,0.4440902714459067,0.9190447523955396,0.5092360225449459,0.5092360225449459,0.5092360225449459,0.5022402578597579,24307,24307,243070,267377,34449,14700,247628,0.926137999902759,134343,0.0017605633802816,21,3,18,3,True,10,False,local_similarity,LLHN
standard,socfb_middlebury45,socfb-Middlebury45,social,5,lnb_aa,0.7389292237254425,0.9542408394022492,0.6783642572098573,0.6783642572098573,0.6783642572098573,0.6988774084198164,24307,24307,243070,267377,93024,4754,179107,0.6698668920662585,134343,5.074125688369315,1,1,0,1,False,10,False,local_bayesian,LNB-AA
standard,socfb_middlebury45,socfb-Middlebury45,social,5,lnb_cn,0.727427264031314,0.9520678556185436,0.6698481918788827,0.6698481918788827,0.6698481918788827,0.6904382991445537,24307,24307,243070,267377,93011,4748,179114,0.6698930723285847,134343,23.42740977424862,1,0,1,1,False,10,False,local_bayesian,LNB-CN
standard,socfb_middlebury45,socfb-Middlebury45,social,5,lnb_ra,0.7552945369440817,0.9569846114124736,0.6922697165425598,0.6922697165425598,0.6922697165425598,0.7124492137314342,24307,24307,243070,267377,93024,4754,179107,0.6698668920662585,134343,0.250451563919271,1,1,0,1,False,10,False,local_bayesian,LNB-RA
standard,socfb_middlebury45,socfb-Middlebury45,social,5,lpi,0.7141269624445776,0.9499602505118184,0.6610441436623194,0.6610441436623194,0.6610441436623194,0.6815674768837253,24307,24307,243070,267377,25414,14084,256047,0.9576253754062616,19832,11.528,3,0,3,2,True,10,False,quasi_local_path,LPI-beta-0.001
standard,socfb_middlebury45,socfb-Middlebury45,social,5,lrw,0.6513852677949651,0.9389644540694464,0.6135269675402147,0.6135269675402147,0.6135269675402147,0.633205528625958,24307,24307,243070,267377,242649,2048,26776,0.1001432434352992,19842,8.18730688098695e-07,1,1,0,1,False,10,False,quasi_local_walk,LRW-l3
standard,socfb_middlebury45,socfb-Middlebury45,social,5,ora_cni,0.5922401353154484,0.9278166946052891,0.5723454149010573,0.5723454149010573,0.5723454149010573,0.5909951256202448,24307,24307,243070,267377,242153,2037,27261,0.1019571616107593,19832,4.717797485531996,1,1,0,1,False,10,False,quasi_local_path,ORA-CNI-beta-0.001
standard,socfb_middlebury45,socfb-Middlebury45,social,5,pa,0.2893204339258297,0.7915732385766864,0.3216768832023697,0.3216768832023697,0.3216768832023697,0.336653434943248,24307,24307,243070,267377,11454,9509,265432,0.9927256271107836,371,12000.0,48,15,33,19,True,10,False,degree_based,PA
standard,socfb_middlebury45,socfb-Middlebury45,social,5,pfp,0.573431787945199,0.935765806990698,0.5897478092730489,0.5897478092730489,0.5897478092730489,0.5981801082242668,24307,24307,243070,267377,246319,827,21885,0.0818507201442158,19832,0.0027102690672776,1,0,1,1,False,10,False,quasi_local_walk,PFP-l3
standard,socfb_middlebury45,socfb-Middlebury45,social,5,ra,0.7580325017367998,0.9575927752642877,0.6946147200394948,0.6946147200394948,0.6946147200394948,0.7146959281962533,24307,24307,243070,267377,84334,5735,188778,0.7060367944886807,134343,0.1066599363274363,1,0,1,1,False,10,False,local_similarity,RA
standard,socfb_middlebury45,socfb-Middlebury45,social,5,ra_cni,0.5922386820163811,0.927816389187616,0.5723454149010573,0.5723454149010573,0.5723454149010573,0.5909950016550206,24307,24307,243070,267377,241765,2220,27832,0.1040927230090845,19880,4.717709539870833,1,1,0,1,False,10,False,enhanced_local,RA-CNI
standard,socfb_middlebury45,socfb-Middlebury45,social,5,sa,0.7451600396064415,0.954983721898098,0.6871683054264204,0.6871683054264204,0.6871683054264204,0.7064775089635955,24307,24307,243070,267377,49216,18659,236820,0.8857156748710622,134343,0.1249961854773484,1,0,1,1,False,10,False,local_similarity,SA
standard,socfb_middlebury45,socfb-Middlebury45,social,5,so,0.7428397027493474,0.9541811254657004,0.6853169868762085,0.6853169868762085,0.6853169868762085,0.7047840939767784,24307,24307,243070,267377,7564,5042,264855,0.9905676254876074,134343,0.1142857142857142,85,26,59,11,True,10,False,local_similarity,SO
standard,socfb_middlebury45,socfb-Middlebury45,social,5,srw,0.7322610116137019,0.9556124523170784,0.6737153906282141,0.6737153906282141,0.6737153906282141,0.6937397468703019,24307,24307,243070,267377,242672,2045,26750,0.1000460024609446,19832,1.8777721485779475e-06,1,1,0,1,False,10,False,quasi_local_walk,SRW-l3
