benchmark,network_id,network,domain,fold,family,method_id,average_precision,roc_auc,precision,recall,f1,ndcg,cutoff,positive_count,negative_count,candidate_count,distinct_score_count,tie_group_count,tied_candidate_count,tied_candidate_ratio,largest_tie_group,cutoff_score,cutoff_tie_size,cutoff_tie_positive_count,cutoff_tie_negative_count,cutoff_slots_in_tie,cutoff_tie_crosses_boundary,method,family_scoring_seconds
standard,ego_facebook,ego-Facebook,social,1,local_similarity,cn,0.9899865051369019,0.9921230432715906,0.9710807600950119,0.9710807600950119,0.9710807600950119,0.9739588717928747,16840,16840,16840,33680,141,135,33674,0.9998218527315914,14740,2.0,536,281,255,221,True,CN,0.7855688920244575
standard,ego_facebook,ego-Facebook,social,1,local_similarity,aa,0.9921061337789395,0.9931957810974886,0.9747624703087886,0.9747624703087886,0.9747624703087886,0.977286001070857,16840,16840,16840,33680,17031,230,16879,0.5011579572446556,14740,0.47445676945713994,1,1,0,1,False,AA,0.7855688920244575
standard,ego_facebook,ego-Facebook,social,1,local_similarity,ra,0.9939966209839524,0.9943577230296601,0.976187648456057,0.976187648456057,0.976187648456057,0.9787334233740004,16840,16840,16840,33680,17015,238,16903,0.5018705463182898,14740,0.03425058548009367,1,0,1,1,False,RA,0.7855688920244575
standard,ego_facebook,ego-Facebook,social,1,local_similarity,ja,0.9877863021624196,0.9897986110719301,0.9532066508313539,0.9532066508313539,0.953206650831354,0.9573999982900508,16840,16840,16840,33680,5657,3035,31058,0.9221496437054632,14740,0.038461538461538464,36,16,20,32,True,JA,0.7855688920244575
standard,ego_facebook,ego-Facebook,social,1,local_similarity,sa,0.9886160407119187,0.9908471410396013,0.960688836104513,0.960688836104513,0.9606888361045129,0.9639839462033812,16840,16840,16840,33680,14227,2340,21793,0.647060570071259,14740,0.10269923319261935,1,1,0,1,False,SA,0.7855688920244575
standard,ego_facebook,ego-Facebook,social,1,local_similarity,so,0.9877863021624196,0.9897986110719301,0.9532066508313539,0.9532066508313539,0.953206650831354,0.9573999982900508,16840,16840,16840,33680,5657,3035,31058,0.9221496437054632,14740,0.07407407407407407,36,16,20,32,True,SO,0.7855688920244575
standard,ego_facebook,ego-Facebook,social,1,local_similarity,hpi,0.9663007787773836,0.9857718145773269,0.9574228028503563,0.9574228028503563,0.9574228028503563,0.9568511435915787,16840,16840,16840,33680,2867,1948,32761,0.9727137767220903,14740,0.19298245614035087,2,2,0,2,False,HPI,0.7855688920244575
standard,ego_facebook,ego-Facebook,social,1,local_similarity,hdi,0.9869525891516311,0.9889884888372328,0.9504156769596199,0.9504156769596199,0.9504156769596199,0.9548919537463094,16840,16840,16840,33680,4637,2917,31960,0.9489311163895487,14740,0.04880952380952381,4,4,0,1,True,HDI,0.7855688920244575
standard,ego_facebook,ego-Facebook,social,1,local_similarity,llhn,0.9101041381623494,0.9579451178056994,0.9307600950118765,0.9307600950118765,0.9307600950118765,0.9255815256091968,16840,16840,16840,33680,11609,2581,24652,0.7319477434679335,14740,0.0026833631484794273,1,1,0,1,False,LLHN,0.7855688920244575
standard,ego_facebook,ego-Facebook,social,2,local_similarity,cn,0.9912460458813377,0.9929548281917653,0.9715541302927727,0.9715541302927727,0.9715541302927727,0.9744840707299527,16839,16839,16839,33678,141,134,33671,0.9997921491775046,14799,2.0,567,341,226,288,True,CN,0.6508068665862083
standard,ego_facebook,ego-Facebook,social,2,local_similarity,aa,0.9932208544295542,0.9939393216101683,0.9750579013005523,0.9750579013005523,0.9750579013005523,0.9776468738589965,16839,16839,16839,33678,16975,227,16930,0.5027020606924402,14799,0.4641332181741144,1,0,1,1,False,AA,0.6508068665862083
standard,ego_facebook,ego-Facebook,social,2,local_similarity,ra,0.9946341972846948,0.9949653682649536,0.9774927252212127,0.9774927252212127,0.9774927252212127,0.979923668701962,16839,16839,16839,33678,16960,235,16953,0.5033849991092108,14799,0.03098861922391334,1,1,0,1,False,RA,0.6508068665862083
standard,ego_facebook,ego-Facebook,social,2,local_similarity,ja,0.99005930369478,0.9909960740488158,0.956410713225251,0.956410713225251,0.956410713225251,0.9610360702717673,16839,16839,16839,33678,5641,3016,31053,0.9220559415642259,14799,0.03777777777777778,1,1,0,1,False,JA,0.6508068665862083
standard,ego_facebook,ego-Facebook,social,2,local_similarity,sa,0.9907350819108507,0.9919259513674747,0.9624086941029752,0.9624086941029752,0.9624086941029752,0.9662991081767499,16839,16839,16839,33678,14105,2347,21920,0.6508700041570165,14799,0.10709591052033318,2,2,0,1,True,SA,0.6508068665862083
standard,ego_facebook,ego-Facebook,social,2,local_similarity,so,0.99005930369478,0.9909960740488158,0.956410713225251,0.956410713225251,0.956410713225251,0.9610360702717673,16839,16839,16839,33678,5641,3016,31053,0.9220559415642259,14799,0.0728051391862955,1,1,0,1,False,SO,0.6508068665862083
standard,ego_facebook,ego-Facebook,social,2,local_similarity,hpi,0.9692506411932718,0.9871020799749758,0.9599738701823148,0.9599738701823148,0.9599738701823148,0.9592559539061485,16839,16839,16839,33678,2867,1901,32712,0.9713165864956351,14799,0.2,173,68,105,119,True,HPI,0.6508068665862083
standard,ego_facebook,ego-Facebook,social,2,local_similarity,hdi,0.9893980129385158,0.9902265553686727,0.9532632579131778,0.9532632579131778,0.9532632579131778,0.9582389059869979,16839,16839,16839,33678,4652,2864,31890,0.946908961339747,14799,0.04838709677419355,4,4,0,3,True,HDI,0.6508068665862083
standard,ego_facebook,ego-Facebook,social,2,local_similarity,llhn,0.9125325390062974,0.9598404995464659,0.9352099293307203,0.9352099293307203,0.9352099293307203,0.9297040684648944,16839,16839,16839,33678,11543,2497,24632,0.731397351386662,14799,0.0026595744680851063,4,3,1,1,True,LLHN,0.6508068665862083
standard,ego_facebook,ego-Facebook,social,3,local_similarity,cn,0.9912361210322463,0.9929434793002161,0.9722073757349011,0.9722073757349011,0.9722073757349011,0.9750786761961521,16839,16839,16839,33678,142,131,33667,0.9996733772789358,14842,2.0,591,375,216,367,True,CN,0.7977910903282464
standard,ego_facebook,ego-Facebook,social,3,local_similarity,aa,0.9931946779594788,0.9938934093837439,0.9758893045905339,0.9758893045905339,0.9758893045905339,0.9783914851569522,16839,16839,16839,33678,16897,250,17031,0.5057010511313024,14842,0.4520053700102782,5,4,1,4,True,AA,0.7977910903282464
standard,ego_facebook,ego-Facebook,social,3,local_similarity,ra,0.9944864622232439,0.9947655424277658,0.9779084268662035,0.9779084268662035,0.9779084268662035,0.9802949698893585,16839,16839,16839,33678,16878,257,17057,0.5064730684719996,14842,0.030132375265533556,1,1,0,1,False,RA,0.7977910903282464
standard,ego_facebook,ego-Facebook,social,3,local_similarity,ja,0.9896478044949704,0.9905439804796811,0.9548072925945721,0.9548072925945721,0.9548072925945721,0.9596140010370047,16839,16839,16839,33678,5649,3034,31063,0.9223528713106479,14842,0.034482758620689655,31,4,27,19,True,JA,0.7977910903282464
standard,ego_facebook,ego-Facebook,social,3,local_similarity,sa,0.9905056371519906,0.9915795439100553,0.9618148346101313,0.9618148346101313,0.9618148346101314,0.9657819766264162,16839,16839,16839,33678,14161,2305,21822,0.6479600926420809,14842,0.1,9,2,7,3,True,SA,0.7977910903282464
standard,ego_facebook,ego-Facebook,social,3,local_similarity,so,0.9896478044949704,0.9905439804796811,0.9548072925945721,0.9548072925945721,0.9548072925945721,0.9596140010370047,16839,16839,16839,33678,5649,3034,31063,0.9223528713106479,14842,0.06666666666666667,31,4,27,19,True,SO,0.7977910903282464
standard,ego_facebook,ego-Facebook,social,3,local_similarity,hpi,0.966020601002771,0.9861592861506306,0.9593800106894709,0.9593800106894709,0.9593800106894709,0.9579416352581559,16839,16839,16839,33678,2784,1897,32791,0.9736623314923689,14842,0.17647058823529413,21,15,6,1,True,HPI,0.7977910903282464
standard,ego_facebook,ego-Facebook,social,3,local_similarity,hdi,0.9887565392127994,0.9896607930228059,0.9513035215867925,0.9513035215867925,0.9513035215867925,0.95647814516958,16839,16839,16839,33678,4590,2838,31926,0.9479779084268662,14842,0.043478260869565216,39,11,28,18,True,HDI,0.7977910903282464
standard,ego_facebook,ego-Facebook,social,3,local_similarity,llhn,0.9143397606645001,0.9605838149126842,0.9350317714828672,0.9350317714828672,0.9350317714828671,0.9306887305471431,16839,16839,16839,33678,11485,2576,24769,0.7354652889126433,14842,0.0024784609937448365,1,1,0,1,False,LLHN,0.7977910903282464
standard,ego_facebook,ego-Facebook,social,4,local_similarity,cn,0.9914904416579258,0.9933897926228474,0.9722667616841856,0.9722667616841856,0.9722667616841856,0.9750804763291245,16839,16839,16839,33678,136,132,33674,0.9998812281014312,14768,2.0,502,281,221,210,True,CN,0.6243621269240975
standard,ego_facebook,ego-Facebook,social,4,local_similarity,aa,0.9935035896342549,0.9944244267701505,0.9758893045905339,0.9758893045905339,0.9758893045905339,0.9783476559763399,16839,16839,16839,33678,17017,221,16882,0.5012767979096145,14768,0.48663571923316884,1,1,0,1,False,AA,0.6243621269240975
standard,ego_facebook,ego-Facebook,social,4,local_similarity,ra,0.994957289003756,0.9954641058488897,0.9780271987647723,0.9780271987647723,0.9780271987647723,0.9803700377445892,16839,16839,16839,33678,17013,224,16889,0.50148464873211,14768,0.03561643835616438,1,1,0,1,False,RA,0.6243621269240975
standard,ego_facebook,ego-Facebook,social,4,local_similarity,ja,0.9885288515912789,0.9909390844860473,0.956410713225251,0.956410713225251,0.956410713225251,0.9600557560177083,16839,16839,16839,33678,5706,3031,31003,0.9205712928321159,14768,0.038461538461538464,30,12,18,15,True,JA,0.6243621269240975
standard,ego_facebook,ego-Facebook,social,4,local_similarity,sa,0.9893043173166309,0.9919381484282026,0.9621117643565532,0.9621117643565532,0.9621117643565532,0.9650692949735823,16839,16839,16839,33678,14177,2373,21874,0.6495041273234753,14768,0.10660035817780521,10,3,7,8,True,SA,0.6243621269240975
standard,ego_facebook,ego-Facebook,social,4,local_similarity,so,0.9885288515912789,0.9909390844860473,0.956410713225251,0.956410713225251,0.956410713225251,0.9600557560177083,16839,16839,16839,33678,5706,3031,31003,0.9205712928321159,14768,0.07407407407407407,30,12,18,15,True,SO,0.6243621269240975
standard,ego_facebook,ego-Facebook,social,4,local_similarity,hpi,0.9659790484599613,0.9865076456315033,0.9589049230951957,0.9589049230951957,0.9589049230951957,0.9575521361145828,16839,16839,16839,33678,2753,1899,32824,0.9746421996555615,14768,0.2,189,87,102,118,True,HPI,0.6243621269240975
standard,ego_facebook,ego-Facebook,social,4,local_similarity,hdi,0.9877429634047747,0.9901776807218315,0.952847556268187,0.952847556268187,0.9528475562681868,0.9568734711388502,16839,16839,16839,33678,4586,2856,31948,0.9486311538689945,14768,0.04878048780487805,3,1,2,1,True,HDI,0.6243621269240975
standard,ego_facebook,ego-Facebook,social,4,local_similarity,llhn,0.9104635643178055,0.9588701746090446,0.932478175663638,0.932478175663638,0.932478175663638,0.9267886017890152,16839,16839,16839,33678,11500,2586,24764,0.7353168240394322,14768,0.0026455026455026454,5,4,1,3,True,LLHN,0.6243621269240975
standard,ego_facebook,ego-Facebook,social,5,local_similarity,cn,0.9902768882024661,0.9922061487285779,0.9686442187778371,0.9686442187778371,0.9686442187778371,0.9718523041137089,16839,16839,16839,33678,138,133,33673,0.999851535126789,14691,2.0,597,350,247,251,True,CN,0.756865831092
standard,ego_facebook,ego-Facebook,social,5,local_similarity,aa,0.9924666305762375,0.9933337094196585,0.972623077379892,0.972623077379892,0.972623077379892,0.9754407710047835,16839,16839,16839,33678,17034,243,16887,0.5014252627828256,14691,0.489730302431473,1,1,0,1,False,AA,0.756865831092
standard,ego_facebook,ego-Facebook,social,5,local_similarity,ra,0.9940427017720895,0.9943888424582388,0.9747015856048459,0.9747015856048459,0.9747015856048459,0.9774257661537405,16839,16839,16839,33678,17019,248,16907,0.5020191222756696,14691,0.03563086424640722,3,3,0,1,True,RA,0.756865831092
standard,ego_facebook,ego-Facebook,social,5,local_similarity,ja,0.9881448444923513,0.9900126880113783,0.9537977314567373,0.9537977314567373,0.9537977314567374,0.958194332186082,16839,16839,16839,33678,5710,3045,31013,0.920868222578538,14691,0.04,40,12,28,32,True,JA,0.756865831092
standard,ego_facebook,ego-Facebook,social,5,local_similarity,sa,0.9887082055199643,0.9909625193475589,0.9600926420808836,0.9600926420808836,0.9600926420808836,0.9636882753148817,16839,16839,16839,33678,14068,2434,22044,0.6545519330126492,14691,0.10934350421017384,1,1,0,1,False,SA,0.756865831092
standard,ego_facebook,ego-Facebook,social,5,local_similarity,so,0.9881448444923513,0.9900126880113783,0.9537977314567373,0.9537977314567373,0.9537977314567374,0.958194332186082,16839,16839,16839,33678,5710,3045,31013,0.920868222578538,14691,0.07692307692307693,40,12,28,32,True,SO,0.756865831092
standard,ego_facebook,ego-Facebook,social,5,local_similarity,hpi,0.963874020289673,0.9850625187617755,0.9580141338559297,0.9580141338559297,0.9580141338559297,0.9556618850666412,16839,16839,16839,33678,2777,1871,32772,0.9730981649741671,14691,0.2,172,66,106,79,True,HPI,0.756865831092
standard,ego_facebook,ego-Facebook,social,5,local_similarity,hdi,0.987699372291035,0.989246755975954,0.9517192232317834,0.9517192232317834,0.9517192232317834,0.9563768645683399,16839,16839,16839,33678,4551,2800,31927,0.9480076014015084,14691,0.05,38,11,27,15,True,HDI,0.756865831092
standard,ego_facebook,ego-Facebook,social,5,local_similarity,llhn,0.9073284076669037,0.9574457688121252,0.9330126492071976,0.9330126492071976,0.9330126492071976,0.9275839703816106,16839,16839,16839,33678,11372,2598,24904,0.7394738404893402,14691,0.0027223230490018148,1,1,0,1,False,LLHN,0.756865831092
standard,socfb_middlebury45,socfb-Middlebury45,social,1,local_similarity,cn,0.9426876795699763,0.949973268971083,0.8841122264275135,0.8841122264275135,0.8841122264275135,0.8938384773178963,24308,24308,24308,48616,96,88,48608,0.9998354451209478,13681,5.0,1482,797,685,977,True,CN,0.6516927611082792
standard,socfb_middlebury45,socfb-Middlebury45,social,1,local_similarity,aa,0.94982853128651,0.9528650503565822,0.8883495145631068,0.8883495145631068,0.8883495145631068,0.8978266542168812,24308,24308,24308,48616,30717,486,18385,0.37816768142175416,13681,1.0442528521373244,1,1,0,1,False,AA,0.6516927611082792
standard,socfb_middlebury45,socfb-Middlebury45,social,1,local_similarity,ra,0.9540679665504019,0.9561413758742944,0.892627941418463,0.892627941418463,0.892627941418463,0.9019831543511964,24308,24308,24308,48616,30684,494,18426,0.3790110251768965,13681,0.04819672131147541,1,0,1,1,False,RA,0.6516927611082792
standard,socfb_middlebury45,socfb-Middlebury45,social,1,local_similarity,ja,0.9500978247118774,0.9529260205523278,0.8886374856014481,0.8886374856014481,0.8886374856014481,0.8981532642920762,24308,24308,24308,48616,6640,4178,46154,0.9493582359716966,13681,0.031007751937984496,10,3,7,9,True,JA,0.6516927611082792
standard,socfb_middlebury45,socfb-Middlebury45,social,1,local_similarity,sa,0.9507183107673044,0.9534696954399777,0.8886374856014481,0.8886374856014481,0.8886374856014481,0.8981888035792704,24308,24308,24308,48616,26029,5042,27629,0.5683108441665295,13681,0.067638112188014,1,1,0,1,False,SA,0.6516927611082792
standard,socfb_middlebury45,socfb-Middlebury45,social,1,local_similarity,so,0.9500978247118774,0.9529260205523278,0.8886374856014481,0.8886374856014481,0.8886374856014481,0.8981532642920762,24308,24308,24308,48616,6640,4178,46154,0.9493582359716966,13681,0.06015037593984962,10,3,7,9,True,SO,0.6516927611082792
standard,socfb_middlebury45,socfb-Middlebury45,social,1,local_similarity,hpi,0.9230053868595073,0.9413117711382549,0.8771186440677966,0.8771186440677966,0.8771186440677965,0.8827761738336644,24308,24308,24308,48616,3460,2437,47593,0.9789575448412046,13681,0.0975609756097561,29,17,12,23,True,HPI,0.6516927611082792
standard,socfb_middlebury45,socfb-Middlebury45,social,1,local_similarity,hdi,0.9453542938239308,0.9489282400529392,0.8822198453184137,0.8822198453184137,0.8822198453184137,0.8920858719431584,24308,24308,24308,48616,4549,3400,47467,0.9763658054961329,13681,0.04504504504504504,10,6,4,3,True,HDI,0.6516927611082792
standard,socfb_middlebury45,socfb-Middlebury45,social,1,local_similarity,llhn,0.8753328540435216,0.9158749262691516,0.8492265920684549,0.8492265920684549,0.8492265920684549,0.8531969686258086,24308,24308,24308,48616,20046,5394,33964,0.6986177390159618,13681,0.0007982120051085569,3,1,2,2,True,LLHN,0.6516927611082792
standard,socfb_middlebury45,socfb-Middlebury45,social,2,local_similarity,cn,0.9435631815375612,0.9512335611314064,0.8871153529702156,0.8871153529702156,0.8871153529702156,0.8965210255100468,24308,24308,24308,48616,99,85,48602,0.9997120289616587,13601,5.0,1392,774,618,849,True,CN,0.7669498771429062
standard,socfb_middlebury45,socfb-Middlebury45,social,2,local_similarity,aa,0.9506055604975798,0.9541929849770359,0.8923811090998848,0.8923811090998848,0.8923811090998848,0.901408406540002,24308,24308,24308,48616,30886,491,18221,0.3747943064011848,13601,1.0508126964650457,1,0,1,1,False,AA,0.7669498771429062
standard,socfb_middlebury45,socfb-Middlebury45,social,2,local_similarity,ra,0.9549939127951491,0.9576078397348123,0.8978936975481323,0.8978936975481323,0.8978936975481323,0.9066674580177311,24308,24308,24308,48616,30862,494,18248,0.37534967911798583,13601,0.04848588708237831,1,1,0,1,False,RA,0.7669498771429062
standard,socfb_middlebury45,socfb-Middlebury45,social,2,local_similarity,ja,0.9508400187618598,0.9543400193444727,0.8925868026987,0.8925868026987,0.8925868026987,0.9015230449447164,24308,24308,24308,48616,6627,4169,46158,0.9494405134112226,13601,0.03125,62,30,32,29,True,JA,0.7669498771429062
standard,socfb_middlebury45,socfb-Middlebury45,social,2,local_similarity,sa,0.9515565599752385,0.9549224356754111,0.8932038834951457,0.8932038834951457,0.8932038834951457,0.9020580553194051,24308,24308,24308,48616,26335,5090,27371,0.5630039493170973,13601,0.06807921404144805,1,1,0,1,False,SA,0.7669498771429062
standard,socfb_middlebury45,socfb-Middlebury45,social,2,local_similarity,so,0.9508400187618598,0.9543400193444727,0.8925868026987,0.8925868026987,0.8925868026987,0.9015230449447164,24308,24308,24308,48616,6627,4169,46158,0.9494405134112226,13601,0.06060606060606061,62,30,32,29,True,SO,0.7669498771429062
standard,socfb_middlebury45,socfb-Middlebury45,social,2,local_similarity,hpi,0.9235896858913427,0.9428464359490104,0.8797926608523943,0.8797926608523943,0.8797926608523943,0.885010589904583,24308,24308,24308,48616,3466,2417,47567,0.978422741484285,13601,0.0989010989010989,6,4,2,6,False,HPI,0.7669498771429062
standard,socfb_middlebury45,socfb-Middlebury45,social,2,local_similarity,hdi,0.9460425819631416,0.9503651225541213,0.8861280236959026,0.8861280236959026,0.8861280236959026,0.8955260367669828,24308,24308,24308,48616,4855,3482,47243,0.9717582688826724,13601,0.045454545454545456,85,38,47,60,True,HDI,0.7669498771429062
standard,socfb_middlebury45,socfb-Middlebury45,social,2,local_similarity,llhn,0.8761264073548789,0.917327095321521,0.8502139213427679,0.8502139213427679,0.850213921342768,0.853519129838859,24308,24308,24308,48616,20387,5572,33801,0.695264933355274,13601,0.0008064516129032258,9,3,6,1,True,LLHN,0.7669498771429062
standard,socfb_middlebury45,socfb-Middlebury45,social,3,local_similarity,cn,0.9430422532128803,0.9501842538405639,0.8837008392298832,0.8837008392298832,0.8837008392298831,0.893528185743399,24308,24308,24308,48616,103,89,48602,0.9997120289616587,13546,5.0,1474,813,661,941,True,CN,0.577319797128439
standard,socfb_middlebury45,socfb-Middlebury45,social,3,local_similarity,aa,0.9500756503384025,0.9530577632913945,0.8888431792002632,0.8888431792002632,0.8888431792002632,0.8982923207863815,24308,24308,24308,48616,30846,495,18265,0.37569935823597167,13546,1.0457440872986825,1,0,1,1,False,AA,0.577319797128439
standard,socfb_middlebury45,socfb-Middlebury45,social,3,local_similarity,ra,0.9537769014540176,0.956193934024352,0.8943557676485108,0.8943557676485108,0.8943557676485108,0.9034738371936064,24308,24308,24308,48616,30819,498,18295,0.3763164390324173,13546,0.04852261490962042,1,0,1,1,False,RA,0.577319797128439
standard,socfb_middlebury45,socfb-Middlebury45,social,3,local_similarity,ja,0.9503546239889313,0.9531737176843749,0.8889254566397894,0.8889254566397894,0.8889254566397894,0.8984246402214494,24308,24308,24308,48616,6600,4121,46137,0.9490085568537107,13546,0.031496062992125984,10,6,4,9,True,JA,0.577319797128439
standard,socfb_middlebury45,socfb-Middlebury45,social,3,local_similarity,sa,0.9513747519361495,0.9540734350924422,0.889583676155998,0.889583676155998,0.889583676155998,0.8990783756674151,24308,24308,24308,48616,26143,5031,27504,0.5657396741813395,13546,0.06868028197434452,2,0,2,2,False,SA,0.577319797128439
standard,socfb_middlebury45,socfb-Middlebury45,social,3,local_similarity,so,0.9503546239889313,0.9531737176843749,0.8889254566397894,0.8889254566397894,0.8889254566397894,0.8984246402214494,24308,24308,24308,48616,6600,4121,46137,0.9490085568537107,13546,0.061068702290076333,10,6,4,9,True,SO,0.577319797128439
standard,socfb_middlebury45,socfb-Middlebury45,social,3,local_similarity,hpi,0.9225431709605785,0.9423322764173201,0.8776534474247162,0.8776534474247162,0.8776534474247162,0.8828817025484249,24308,24308,24308,48616,3450,2393,47559,0.9782581866052329,13546,0.1,241,105,136,127,True,HPI,0.577319797128439
standard,socfb_middlebury45,socfb-Middlebury45,social,3,local_similarity,hdi,0.9452520290427132,0.948832421766909,0.881520487082442,0.881520487082442,0.8815204870824421,0.8914553467447748,24308,24308,24308,48616,4517,3376,47475,0.9765303603751851,13546,0.045454545454545456,100,43,57,28,True,HDI,0.577319797128439
standard,socfb_middlebury45,socfb-Middlebury45,social,3,local_similarity,llhn,0.8743948952092928,0.9153879660518709,0.8470873786407767,0.8470873786407767,0.8470873786407768,0.8504975140930914,24308,24308,24308,48616,20181,5426,33861,0.6964990949481652,13546,0.0008169934640522876,22,9,13,20,True,LLHN,0.577319797128439
standard,socfb_middlebury45,socfb-Middlebury45,social,4,local_similarity,cn,0.9441286079925364,0.9519139154721906,0.8861691624156657,0.8861691624156657,0.8861691624156658,0.895709313948026,24308,24308,24308,48616,99,88,48605,0.9997737370413032,13548,5.0,1471,819,652,940,True,CN,0.7655918658711016
standard,socfb_middlebury45,socfb-Middlebury45,social,4,local_similarity,aa,0.9511804297965156,0.9548312401643122,0.89164061214415,0.89164061214415,0.89164061214415,0.9007797268856985,24308,24308,24308,48616,30778,508,18346,0.37736547638637485,13548,1.0475887458513506,1,0,1,1,False,AA,0.7655918658711016
standard,socfb_middlebury45,socfb-Middlebury45,social,4,local_similarity,ra,0.9552854807469795,0.9580906121224874,0.8971120618726345,0.8971120618726345,0.8971120618726345,0.9059809601822498,24308,24308,24308,48616,30746,515,18385,0.37816768142175416,13548,0.048461559220035685,1,1,0,1,False,RA,0.7655918658711016
standard,socfb_middlebury45,socfb-Middlebury45,social,4,local_similarity,ja,0.9524351255515717,0.9551460111120168,0.8917228895836762,0.8917228895836762,0.8917228895836762,0.9010521729235945,24308,24308,24308,48616,6617,4162,46161,0.9495022214908672,13548,0.031007751937984496,9,4,5,2,True,JA,0.7655918658711016
standard,socfb_middlebury45,socfb-Middlebury45,social,4,local_similarity,sa,0.9526036591752989,0.9556168681978782,0.8912292249465197,0.8912292249465197,0.8912292249465197,0.9005887681735676,24308,24308,24308,48616,26346,5045,27315,0.5618520651637321,13548,0.06766206956110896,1,1,0,1,False,SA,0.7655918658711016
standard,socfb_middlebury45,socfb-Middlebury45,social,4,local_similarity,so,0.9524351255515717,0.9551460111120168,0.8917228895836762,0.8917228895836762,0.8917228895836762,0.9010521729235945,24308,24308,24308,48616,6617,4162,46161,0.9495022214908672,13548,0.06015037593984962,9,4,5,2,True,SO,0.7655918658711016
standard,socfb_middlebury45,socfb-Middlebury45,social,4,local_similarity,hpi,0.9213378633889349,0.9427373958327945,0.8772420602270857,0.8772420602270857,0.8772420602270857,0.8817879427389449,24308,24308,24308,48616,3459,2428,47585,0.9787929899621524,13548,0.09941520467836257,2,1,1,1,True,HPI,0.7655918658711016
standard,socfb_middlebury45,socfb-Middlebury45,social,4,local_similarity,hdi,0.9482277499987483,0.9513593322573137,0.8852641105808787,0.8852641105808787,0.8852641105808787,0.8950196609901288,24308,24308,24308,48616,4545,3381,47452,0.9760572650979101,13548,0.04504504504504504,13,6,7,4,True,HDI,0.7655918658711016
standard,socfb_middlebury45,socfb-Middlebury45,social,4,local_similarity,llhn,0.8762523646489603,0.9177250686022169,0.8523531347704459,0.8523531347704459,0.8523531347704459,0.8556720921355467,24308,24308,24308,48616,20345,5510,33781,0.6948535461576436,13548,0.0007993605115907274,5,2,3,1,True,LLHN,0.7655918658711016
standard,socfb_middlebury45,socfb-Middlebury45,social,5,local_similarity,cn,0.9440796046234707,0.9512509556700102,0.884518862879006,0.884518862879006,0.884518862879006,0.8943311795802101,24307,24307,24307,48614,101,88,48601,0.999732587320525,13558,5.0,1468,798,670,1033,True,CN,0.7444978691637516
standard,socfb_middlebury45,socfb-Middlebury45,social,5,local_similarity,aa,0.9514964873447711,0.9544431178912102,0.8903608014152302,0.8903608014152302,0.8903608014152302,0.8997391516879854,24307,24307,24307,48614,30750,465,18329,0.3770313078537047,13558,1.0322223017004932,1,0,1,1,False,AA,0.7444978691637516
standard,socfb_middlebury45,socfb-Middlebury45,social,5,local_similarity,ra,0.956533487480971,0.9584773155377155,0.8966141440737236,0.8966141440737236,0.8966141440737236,0.9057008535385217,24307,24307,24307,48614,30727,475,18362,0.37771012465544906,13558,0.04791666666666666,1,1,0,1,False,RA,0.7444978691637516
standard,socfb_middlebury45,socfb-Middlebury45,social,5,local_similarity,ja,0.9529202223029377,0.9548317938271301,0.8892088698728762,0.8892088698728762,0.8892088698728762,0.8989221535273283,24307,24307,24307,48614,6575,4117,46156,0.9494384333731024,13558,0.03064066852367688,1,0,1,1,False,JA,0.7444978691637516
standard,socfb_middlebury45,socfb-Middlebury45,social,5,local_similarity,sa,0.9537621566705335,0.9557204153912574,0.8908544863619533,0.8908544863619533,0.8908544863619533,0.9004234644556154,24307,24307,24307,48614,26315,5042,27341,0.5624100053482536,13558,0.0670190709794987,1,0,1,1,False,SA,0.7444978691637516
standard,socfb_middlebury45,socfb-Middlebury45,social,5,local_similarity,so,0.9529202223029377,0.9548317938271301,0.8892088698728762,0.8892088698728762,0.8892088698728762,0.8989221535273283,24307,24307,24307,48614,6575,4117,46156,0.9494384333731024,13558,0.05945945945945946,1,0,1,1,False,SO,0.7444978691637516
standard,socfb_middlebury45,socfb-Middlebury45,social,5,local_similarity,hpi,0.9268393028309494,0.9448698411174274,0.8793351709384128,0.8793351709384128,0.8793351709384128,0.8850958754500807,24307,24307,24307,48614,3454,2392,47552,0.9781544411074999,13558,0.09722222222222222,12,9,3,4,True,HPI,0.7444978691637516
standard,socfb_middlebury45,socfb-Middlebury45,social,5,local_similarity,hdi,0.9477413737165555,0.9505084166738389,0.8819681573209364,0.8819681573209364,0.8819681573209364,0.8920961108594383,24307,24307,24307,48614,4489,3339,47464,0.9763442629695149,13558,0.04477611940298507,24,7,17,9,True,HDI,0.7444978691637516
standard,socfb_middlebury45,socfb-Middlebury45,social,5,local_similarity,llhn,0.8800164423632146,0.9194997842772941,0.8516065330974616,0.8516065330974616,0.8516065330974616,0.8549457325740237,24307,24307,24307,48614,20259,5535,33890,0.6971242851853375,13558,0.0008043758043758043,1,0,1,1,False,LLHN,0.7444978691637516
standard,ca_grqc,ca-GrQc,scientific_collaboration,1,local_similarity,cn,0.9647290553055953,0.9650956180508614,0.9390178089584458,0.9390178089584458,0.9390178089584458,0.9488550462320505,1853,1853,1853,3706,38,38,3706,1.0,1971,0.0,1971,127,1844,118,True,CN,0.04399861674755812
standard,ca_grqc,ca-GrQc,scientific_collaboration,1,local_similarity,aa,0.9655865540122782,0.9654405903525999,0.9390178089584458,0.9390178089584458,0.9390178089584458,0.9488959225975874,1853,1853,1853,3706,1202,135,2639,0.7120885051268214,1971,0.0,1971,127,1844,118,True,AA,0.04399861674755812
standard,ca_grqc,ca-GrQc,scientific_collaboration,1,local_similarity,ra,0.965565142089398,0.9654219510724722,0.9390178089584458,0.9390178089584458,0.9390178089584458,0.9488934709249232,1853,1853,1853,3706,1171,139,2674,0.7215326497571506,1971,0.0,1971,127,1844,118,True,RA,0.04399861674755812
standard,ca_grqc,ca-GrQc,scientific_collaboration,1,local_similarity,ja,0.9650548571120455,0.9650238276984945,0.9390178089584458,0.9390178089584458,0.9390178089584458,0.948835241275503,1853,1853,1853,3706,433,220,3493,0.9425256341068537,1971,0.0,1971,127,1844,118,True,JA,0.04399861674755812
standard,ca_grqc,ca-GrQc,scientific_collaboration,1,local_similarity,sa,0.9651597214400652,0.9650943074764774,0.9390178089584458,0.9390178089584458,0.9390178089584458,0.9488451437215634,1853,1853,1853,3706,813,270,3163,0.8534808418780356,1971,0.0,1971,127,1844,118,True,SA,0.04399861674755812
standard,ca_grqc,ca-GrQc,scientific_collaboration,1,local_similarity,so,0.9650548571120455,0.9650238276984945,0.9390178089584458,0.9390178089584458,0.9390178089584458,0.948835241275503,1853,1853,1853,3706,433,220,3493,0.9425256341068537,1971,0.0,1971,127,1844,118,True,SO,0.04399861674755812
standard,ca_grqc,ca-GrQc,scientific_collaboration,1,local_similarity,hpi,0.9639505733374442,0.9647944771812982,0.9390178089584458,0.9390178089584458,0.9390178089584458,0.948592919650417,1853,1853,1853,3706,214,138,3630,0.9794927145169995,1971,0.0,1971,127,1844,118,True,HPI,0.04399861674755812
standard,ca_grqc,ca-GrQc,scientific_collaboration,1,local_similarity,hdi,0.9649116342063675,0.9649246609034401,0.9390178089584458,0.9390178089584458,0.9390178089584458,0.9488191518981606,1853,1853,1853,3706,358,218,3566,0.9622234214786832,1971,0.0,1971,127,1844,118,True,HDI,0.04399861674755812
standard,ca_grqc,ca-GrQc,scientific_collaboration,1,local_similarity,llhn,0.9629796738708305,0.9640553132287341,0.9390178089584458,0.9390178089584458,0.9390178089584458,0.9485348794482177,1853,1853,1853,3706,653,247,3300,0.8904479222881814,1971,0.0,1971,127,1844,118,True,LLHN,0.04399861674755812
standard,ca_grqc,ca-GrQc,scientific_collaboration,2,local_similarity,cn,0.9679356810410027,0.9681984757146199,0.9395574743658931,0.9395574743658931,0.9395574743658931,0.9493268662046622,1853,1853,1853,3706,40,38,3704,0.9994603345925526,1963,0.0,1963,116,1847,110,True,CN,0.04484872426837683
standard,ca_grqc,ca-GrQc,scientific_collaboration,2,local_similarity,aa,0.968424000136678,0.9683625887513693,0.9395574743658931,0.9395574743658931,0.9395574743658931,0.9493596800568034,1853,1853,1853,3706,1220,136,2622,0.7075013491635186,1963,0.0,1963,116,1847,110,True,AA,0.04484872426837683
standard,ca_grqc,ca-GrQc,scientific_collaboration,2,local_similarity,ra,0.9684275655395184,0.9683646274226333,0.9395574743658931,0.9395574743658931,0.9395574743658931,0.9493601928953321,1853,1853,1853,3706,1185,137,2658,0.7172153264975715,1963,0.0,1963,116,1847,110,True,RA,0.04484872426837683
standard,ca_grqc,ca-GrQc,scientific_collaboration,2,local_similarity,ja,0.967762366652192,0.9678821904299529,0.9395574743658931,0.9395574743658931,0.9395574743658931,0.9492816343744593,1853,1853,1853,3706,456,219,3469,0.9360496492174851,1963,0.0,1963,116,1847,110,True,JA,0.04484872426837683
standard,ca_grqc,ca-GrQc,scientific_collaboration,2,local_similarity,sa,0.9678963487252205,0.9679624267061276,0.9395574743658931,0.9395574743658931,0.9395574743658931,0.9492963098938897,1853,1853,1853,3706,884,268,3090,0.8337830545062062,1963,0.0,1963,116,1847,110,True,SA,0.04484872426837683
standard,ca_grqc,ca-GrQc,scientific_collaboration,2,local_similarity,so,0.967762366652192,0.9678821904299529,0.9395574743658931,0.9395574743658931,0.9395574743658931,0.9492816343744593,1853,1853,1853,3706,456,219,3469,0.9360496492174851,1963,0.0,1963,116,1847,110,True,SO,0.04484872426837683
standard,ca_grqc,ca-GrQc,scientific_collaboration,2,local_similarity,hpi,0.9679986511342166,0.9680799415425578,0.9395574743658931,0.9395574743658931,0.9395574743658931,0.9493129470949573,1853,1853,1853,3706,224,142,3624,0.9778737182946573,1963,0.0,1963,116,1847,110,True,HPI,0.04484872426837683
standard,ca_grqc,ca-GrQc,scientific_collaboration,2,local_similarity,hdi,0.9676522096294247,0.967813458084482,0.9395574743658931,0.9395574743658931,0.9395574743658931,0.9492688983626837,1853,1853,1853,3706,368,208,3546,0.9568267674042094,1963,0.0,1963,116,1847,110,True,HDI,0.04484872426837683
standard,ca_grqc,ca-GrQc,scientific_collaboration,2,local_similarity,llhn,0.964786922725702,0.9667898994905945,0.9395574743658931,0.9395574743658931,0.9395574743658931,0.9487995040615453,1853,1853,1853,3706,710,250,3246,0.875876956287102,1963,0.0,1963,116,1847,110,True,LLHN,0.04484872426837683
standard,ca_grqc,ca-GrQc,scientific_collaboration,3,local_similarity,cn,0.9714221106634773,0.9718027008899381,0.9471127900701565,0.9471127900701565,0.9471127900701565,0.955662752753924,1853,1853,1853,3706,38,37,3705,0.9997301672962763,1946,0.0,1946,102,1844,93,True,CN,0.04399183904752135
standard,ca_grqc,ca-GrQc,scientific_collaboration,3,local_similarity,aa,0.9721262106668068,0.9720394779953104,0.9471127900701565,0.9471127900701565,0.9471127900701565,0.9557010157196246,1853,1853,1853,3706,1229,157,2634,0.710739341608203,1946,0.0,1946,102,1844,93,True,AA,0.04399183904752135
standard,ca_grqc,ca-GrQc,scientific_collaboration,3,local_similarity,ra,0.9721030499797279,0.9720211299539346,0.9471127900701565,0.9471127900701565,0.9471127900701565,0.9556984738898894,1853,1853,1853,3706,1201,157,2662,0.7182946573124662,1946,0.0,1946,102,1844,93,True,RA,0.04399183904752135
standard,ca_grqc,ca-GrQc,scientific_collaboration,3,local_similarity,ja,0.9711554922252056,0.9713386119386336,0.9471127900701565,0.9471127900701565,0.9471127900701565,0.9555878025861401,1853,1853,1853,3706,456,229,3479,0.9387479762547221,1946,0.0,1946,102,1844,93,True,JA,0.04399183904752135
standard,ca_grqc,ca-GrQc,scientific_collaboration,3,local_similarity,sa,0.9712317577504883,0.9713853557583289,0.9471127900701565,0.9471127900701565,0.9471127900701565,0.9555941805444969,1853,1853,1853,3706,860,273,3119,0.8416082029141932,1946,0.0,1946,102,1844,93,True,SA,0.04399183904752135
standard,ca_grqc,ca-GrQc,scientific_collaboration,3,local_similarity,so,0.9711554922252056,0.9713386119386336,0.9471127900701565,0.9471127900701565,0.9471127900701565,0.9555878025861401,1853,1853,1853,3706,456,229,3479,0.9387479762547221,1946,0.0,1946,102,1844,93,True,SO,0.04399183904752135
standard,ca_grqc,ca-GrQc,scientific_collaboration,3,local_similarity,hpi,0.969269467942726,0.970999901270063,0.9471127900701565,0.9471127900701565,0.9471127900701565,0.9552596039774884,1853,1853,1853,3706,221,140,3625,0.978143550998381,1946,0.0,1946,102,1844,93,True,HPI,0.04399183904752135
standard,ca_grqc,ca-GrQc,scientific_collaboration,3,local_similarity,hdi,0.9710085827104142,0.9712644916762508,0.9471127900701565,0.9471127900701565,0.9471127900701565,0.9555710962021946,1853,1853,1853,3706,374,227,3559,0.9603345925526173,1946,0.0,1946,102,1844,93,True,HDI,0.04399183904752135
standard,ca_grqc,ca-GrQc,scientific_collaboration,3,local_similarity,llhn,0.9659355553019302,0.969748157113987,0.9471127900701565,0.9471127900701565,0.9471127900701565,0.9546806291369352,1853,1853,1853,3706,711,239,3234,0.8726389638424177,1946,0.0,1946,102,1844,93,True,LLHN,0.04399183904752135
standard,ca_grqc,ca-GrQc,scientific_collaboration,4,local_similarity,cn,0.9610475099894508,0.961740256389123,0.9325418240690772,0.9325418240690772,0.9325418240690772,0.9432937266966342,1853,1853,1853,3706,39,39,3706,1.0,1973,0.0,1973,136,1837,120,True,CN,0.04836878273636103
standard,ca_grqc,ca-GrQc,scientific_collaboration,4,local_similarity,aa,0.9622695616875407,0.9621503205519325,0.9325418240690772,0.9325418240690772,0.9325418240690772,0.9433528190890725,1853,1853,1853,3706,1217,131,2620,0.7069616837560713,1973,0.0,1973,136,1837,120,True,AA,0.04836878273636103
standard,ca_grqc,ca-GrQc,scientific_collaboration,4,local_similarity,ra,0.9623810778417063,0.9622307024474832,0.9325418240690772,0.9325418240690772,0.9325418240690772,0.9433666129807475,1853,1853,1853,3706,1177,129,2658,0.7172153264975715,1973,0.0,1973,136,1837,120,True,RA,0.04836878273636103
standard,ca_grqc,ca-GrQc,scientific_collaboration,4,local_similarity,ja,0.9602455396004952,0.9610503117856459,0.9325418240690772,0.9325418240690772,0.9325418240690772,0.943090894960326,1853,1853,1853,3706,440,224,3490,0.9417161359956827,1973,0.0,1973,136,1837,120,True,JA,0.04836878273636103
standard,ca_grqc,ca-GrQc,scientific_collaboration,4,local_similarity,sa,0.9600241298762602,0.9608987220152324,0.9325418240690772,0.9325418240690772,0.9325418240690772,0.9430566649916642,1853,1853,1853,3706,858,253,3101,0.8367512142471668,1973,0.0,1973,136,1837,120,True,SA,0.04836878273636103
standard,ca_grqc,ca-GrQc,scientific_collaboration,4,local_similarity,so,0.9602455396004952,0.9610503117856459,0.9325418240690772,0.9325418240690772,0.9325418240690772,0.943090894960326,1853,1853,1853,3706,440,224,3490,0.9417161359956827,1973,0.0,1973,136,1837,120,True,SO,0.04836878273636103
standard,ca_grqc,ca-GrQc,scientific_collaboration,4,local_similarity,hpi,0.9544164217946552,0.9595776630361815,0.9325418240690772,0.9325418240690772,0.9325418240690772,0.9419919411724174,1853,1853,1853,3706,214,146,3638,0.981651376146789,1973,0.0,1973,136,1837,120,True,HPI,0.04836878273636103
standard,ca_grqc,ca-GrQc,scientific_collaboration,4,local_similarity,hdi,0.9603737231651067,0.9611673897639481,0.9325418240690772,0.9325418240690772,0.9325418240690772,0.9430995433624876,1853,1853,1853,3706,362,223,3567,0.9624932541824069,1973,0.0,1973,136,1837,120,True,HDI,0.04836878273636103
standard,ca_grqc,ca-GrQc,scientific_collaboration,4,local_similarity,llhn,0.9510993295852983,0.9586213805940048,0.9325418240690772,0.9325418240690772,0.9325418240690772,0.9407020687239589,1853,1853,1853,3706,697,235,3244,0.8753372908796546,1973,0.0,1973,136,1837,120,True,LLHN,0.04836878273636103
standard,ca_grqc,ca-GrQc,scientific_collaboration,5,local_similarity,cn,0.9637878027322944,0.9643539785689051,0.9330814894765246,0.9330814894765246,0.9330814894765246,0.9438018337003662,1853,1853,1853,3706,39,38,3705,0.9997301672962763,1967,0.0,1967,127,1840,114,True,CN,0.045805341098457575
standard,ca_grqc,ca-GrQc,scientific_collaboration,5,local_similarity,aa,0.9651183091063634,0.9649751908269112,0.9330814894765246,0.9330814894765246,0.9330814894765246,0.9438739696933688,1853,1853,1853,3706,1241,142,2607,0.7034538586076633,1967,0.0,1967,127,1840,114,True,AA,0.045805341098457575
standard,ca_grqc,ca-GrQc,scientific_collaboration,5,local_similarity,ra,0.9653468687207161,0.9651671171644762,0.9330814894765246,0.9330814894765246,0.9330814894765246,0.9439007959390067,1853,1853,1853,3706,1210,144,2640,0.712358337830545,1967,0.0,1967,127,1840,114,True,RA,0.045805341098457575
standard,ca_grqc,ca-GrQc,scientific_collaboration,5,local_similarity,ja,0.9641748765117081,0.9643643175446011,0.9330814894765246,0.9330814894765246,0.9330814894765246,0.9437653178812679,1853,1853,1853,3706,458,222,3470,0.9363194819212088,1967,0.0,1967,127,1840,114,True,JA,0.045805341098457575
standard,ca_grqc,ca-GrQc,scientific_collaboration,5,local_similarity,sa,0.9641765527560621,0.9643580559114331,0.9330814894765246,0.9330814894765246,0.9330814894765246,0.9437585992440666,1853,1853,1853,3706,892,263,3077,0.8302752293577982,1967,0.0,1967,127,1840,114,True,SA,0.045805341098457575
standard,ca_grqc,ca-GrQc,scientific_collaboration,5,local_similarity,so,0.9641748765117081,0.9643643175446011,0.9330814894765246,0.9330814894765246,0.9330814894765246,0.9437653178812679,1853,1853,1853,3706,458,222,3470,0.9363194819212088,1967,0.0,1967,127,1840,114,True,SO,0.045805341098457575
standard,ca_grqc,ca-GrQc,scientific_collaboration,5,local_similarity,hpi,0.9618864350890471,0.9637581040823227,0.9330814894765246,0.9330814894765246,0.9330814894765246,0.9435011406868998,1853,1853,1853,3706,237,159,3628,0.978953049109552,1967,0.0,1967,127,1840,114,True,HPI,0.045805341098457575
standard,ca_grqc,ca-GrQc,scientific_collaboration,5,local_similarity,hdi,0.9643066558680025,0.96442402148876,0.9330814894765246,0.9330814894765246,0.9330814894765246,0.9437830874879519,1853,1853,1853,3706,380,234,3560,0.960604425256341,1967,0.0,1967,127,1840,114,True,HDI,0.045805341098457575
standard,ca_grqc,ca-GrQc,scientific_collaboration,5,local_similarity,llhn,0.9592563797905722,0.9628476917435853,0.9330814894765246,0.9330814894765246,0.9330814894765246,0.9428884926924276,1853,1853,1853,3706,750,248,3204,0.864543982730707,1967,0.0,1967,127,1840,114,True,LLHN,0.045805341098457575
standard,ca_hepth,ca-HepTh,scientific_collaboration,1,local_similarity,cn,0.9371017730122442,0.9377434562963319,0.891156462585034,0.891156462585034,0.891156462585034,0.906790120875905,3234,3234,3234,6468,27,26,6467,0.9998453927025356,3619,0.0,3619,396,3223,385,True,CN,0.06772556295618415
standard,ca_hepth,ca-HepTh,scientific_collaboration,1,local_similarity,aa,0.9379920872623316,0.9380205446995799,0.891156462585034,0.891156462585034,0.891156462585034,0.9068506974493105,3234,3234,3234,6468,1355,289,5402,0.8351886209029066,3619,0.0,3619,396,3223,385,True,AA,0.06772556295618415
standard,ca_hepth,ca-HepTh,scientific_collaboration,1,local_similarity,ra,0.9380389868808884,0.9380418187402019,0.891156462585034,0.891156462585034,0.891156462585034,0.906856987415294,3234,3234,3234,6468,1245,293,5516,0.8528138528138528,3619,0.0,3619,396,3223,385,True,RA,0.06772556295618415
standard,ca_hepth,ca-HepTh,scientific_collaboration,1,local_similarity,ja,0.9368999569809842,0.9375320544814315,0.891156462585034,0.891156462585034,0.891156462585034,0.9067082202099678,3234,3234,3234,6468,319,212,6361,0.9834570191713049,3619,0.0,3619,396,3223,385,True,JA,0.06772556295618415
standard,ca_hepth,ca-HepTh,scientific_collaboration,1,local_similarity,sa,0.9368793539746132,0.9375012668810707,0.891156462585034,0.891156462585034,0.891156462585034,0.9067039423468276,3234,3234,3234,6468,837,360,5991,0.9262523191094619,3619,0.0,3619,396,3223,385,True,SA,0.06772556295618415
standard,ca_hepth,ca-HepTh,scientific_collaboration,1,local_similarity,so,0.9368999569809842,0.9375320544814315,0.891156462585034,0.891156462585034,0.891156462585034,0.9067082202099678,3234,3234,3234,6468,319,212,6361,0.9834570191713049,3619,0.0,3619,396,3223,385,True,SO,0.06772556295618415
standard,ca_hepth,ca-HepTh,scientific_collaboration,1,local_similarity,hpi,0.9360738990692565,0.9373353293642188,0.891156462585034,0.891156462585034,0.891156462585034,0.9066047566886795,3234,3234,3234,6468,167,113,6414,0.9916512059369202,3619,0.0,3619,396,3223,385,True,HPI,0.06772556295618415
standard,ca_hepth,ca-HepTh,scientific_collaboration,1,local_similarity,hdi,0.9369120592901359,0.9375444364511419,0.891156462585034,0.891156462585034,0.891156462585034,0.9067129168740665,3234,3234,3234,6468,252,175,6391,0.9880952380952381,3619,0.0,3619,396,3223,385,True,HDI,0.06772556295618415
standard,ca_hepth,ca-HepTh,scientific_collaboration,1,local_similarity,llhn,0.9357972072528239,0.9371779492704486,0.891156462585034,0.891156462585034,0.891156462585034,0.9065317367851742,3234,3234,3234,6468,607,310,6171,0.9540816326530612,3619,0.0,3619,396,3223,385,True,LLHN,0.06772556295618415
standard,ca_hepth,ca-HepTh,scientific_collaboration,2,local_similarity,cn,0.9392969987791541,0.939684318096722,0.8945578231292517,0.8945578231292517,0.8945578231292517,0.9098031160452063,3234,3234,3234,6468,26,25,6467,0.9998453927025356,3610,0.0,3610,386,3224,376,True,CN,0.07839572802186012
standard,ca_hepth,ca-HepTh,scientific_collaboration,2,local_similarity,aa,0.9400897755369539,0.9399555262595284,0.8945578231292517,0.8945578231292517,0.8945578231292517,0.9098494555165649,3234,3234,3234,6468,1374,284,5378,0.83147804576376,3610,0.0,3610,386,3224,376,True,AA,0.07839572802186012
standard,ca_hepth,ca-HepTh,scientific_collaboration,2,local_similarity,ra,0.9400510973115181,0.9399278461033033,0.8945578231292517,0.8945578231292517,0.8945578231292517,0.9098451043510084,3234,3234,3234,6468,1282,282,5468,0.8453927025355596,3610,0.0,3610,386,3224,376,True,RA,0.07839572802186012
standard,ca_hepth,ca-HepTh,scientific_collaboration,2,local_similarity,ja,0.9393740784354951,0.9396536739168597,0.8945578231292517,0.8945578231292517,0.8945578231292517,0.9097459302251496,3234,3234,3234,6468,332,216,6352,0.9820655534941249,3610,0.0,3610,386,3224,376,True,JA,0.07839572802186012
standard,ca_hepth,ca-HepTh,scientific_collaboration,2,local_similarity,sa,0.9392457648401111,0.9395710159028474,0.8945578231292517,0.8945578231292517,0.8945578231292517,0.9097304242102776,3234,3234,3234,6468,890,374,5952,0.9202226345083488,3610,0.0,3610,386,3224,376,True,SA,0.07839572802186012
standard,ca_hepth,ca-HepTh,scientific_collaboration,2,local_similarity,so,0.9393740784354951,0.9396536739168597,0.8945578231292517,0.8945578231292517,0.8945578231292517,0.9097459302251496,3234,3234,3234,6468,332,216,6352,0.9820655534941249,3610,0.0,3610,386,3224,376,True,SO,0.07839572802186012
standard,ca_hepth,ca-HepTh,scientific_collaboration,2,local_similarity,hpi,0.9382604049826742,0.939275760903113,0.8945578231292517,0.8945578231292517,0.8945578231292517,0.9092975909654903,3234,3234,3234,6468,172,125,6421,0.9927334570191713,3610,0.0,3610,386,3224,376,True,HPI,0.07839572802186012
standard,ca_hepth,ca-HepTh,scientific_collaboration,2,local_similarity,hdi,0.9394053781208729,0.9396652909772443,0.8945578231292517,0.8945578231292517,0.8945578231292517,0.9097521353480112,3234,3234,3234,6468,239,182,6411,0.9911873840445269,3610,0.0,3610,386,3224,376,True,HDI,0.07839572802186012
standard,ca_hepth,ca-HepTh,scientific_collaboration,2,local_similarity,llhn,0.938142495423969,0.9393236633496373,0.8945578231292517,0.8945578231292517,0.8945578231292517,0.9092361209132639,3234,3234,3234,6468,653,310,6125,0.946969696969697,3610,0.0,3610,386,3224,376,True,LLHN,0.07839572802186012
standard,ca_hepth,ca-HepTh,scientific_collaboration,3,local_similarity,cn,0.9353232835417317,0.9358042199282591,0.8868274582560297,0.8868274582560297,0.8868274582560297,0.903082803488366,3234,3234,3234,6468,27,25,6466,0.9996907854050712,3633,0.0,3633,410,3223,399,True,CN,0.06486910907551646
standard,ca_hepth,ca-HepTh,scientific_collaboration,3,local_similarity,aa,0.9361695326231209,0.9360585522790664,0.8868274582560297,0.8868274582560297,0.8868274582560297,0.9031639925733362,3234,3234,3234,6468,1363,288,5393,0.8337971552257266,3633,0.0,3633,410,3223,399,True,AA,0.06486910907551646
standard,ca_hepth,ca-HepTh,scientific_collaboration,3,local_similarity,ra,0.9361275076041637,0.9360315414185014,0.8868274582560297,0.8868274582560297,0.8868274582560297,0.903159284163116,3234,3234,3234,6468,1265,299,5502,0.8506493506493507,3633,0.0,3633,410,3223,399,True,RA,0.06486910907551646
standard,ca_hepth,ca-HepTh,scientific_collaboration,3,local_similarity,ja,0.9352797584957795,0.9355880852369058,0.8868274582560297,0.8868274582560297,0.8868274582560297,0.9030530572910801,3234,3234,3234,6468,316,199,6351,0.9819109461966605,3633,0.0,3633,410,3223,399,True,JA,0.06486910907551646
standard,ca_hepth,ca-HepTh,scientific_collaboration,3,local_similarity,sa,0.9354253456998923,0.935665054237808,0.8868274582560297,0.8868274582560297,0.8868274582560297,0.9030699879708095,3234,3234,3234,6468,819,386,6035,0.9330550401978973,3633,0.0,3633,410,3223,399,True,SA,0.06486910907551646
standard,ca_hepth,ca-HepTh,scientific_collaboration,3,local_similarity,so,0.9352797584957795,0.9355880852369058,0.8868274582560297,0.8868274582560297,0.8868274582560297,0.9030530572910801,3234,3234,3234,6468,316,199,6351,0.9819109461966605,3633,0.0,3633,410,3223,399,True,SO,0.06486910907551646
standard,ca_hepth,ca-HepTh,scientific_collaboration,3,local_similarity,hpi,0.9350988571547525,0.9356395253890616,0.8868274582560297,0.8868274582560297,0.8868274582560297,0.9030082328706228,3234,3234,3234,6468,169,114,6413,0.9914965986394558,3633,0.0,3633,410,3223,399,True,HPI,0.06486910907551646
standard,ca_hepth,ca-HepTh,scientific_collaboration,3,local_similarity,hdi,0.9351293775262415,0.9355198170795839,0.8868274582560297,0.8868274582560297,0.8868274582560297,0.9030358780476753,3234,3234,3234,6468,248,182,6402,0.9897959183673469,3633,0.0,3633,410,3223,399,True,HDI,0.06486910907551646
standard,ca_hepth,ca-HepTh,scientific_collaboration,3,local_similarity,llhn,0.9344116894519995,0.9353482861632876,0.8868274582560297,0.8868274582560297,0.8868274582560297,0.9028952262614597,3234,3234,3234,6468,627,306,6147,0.9503710575139147,3633,0.0,3633,410,3223,399,True,LLHN,0.06486910907551646
standard,ca_hepth,ca-HepTh,scientific_collaboration,4,local_similarity,cn,0.9327761321470737,0.9331654739818006,0.8815708101422387,0.8815708101422387,0.8815708101422387,0.898599269018648,3234,3234,3234,6468,27,25,6466,0.9996907854050712,3652,0.0,3652,428,3224,418,True,CN,0.06175006506964564
standard,ca_hepth,ca-HepTh,scientific_collaboration,4,local_similarity,aa,0.9334650297994549,0.9333500083566344,0.8815708101422387,0.8815708101422387,0.8815708101422387,0.8986352112002807,3234,3234,3234,6468,1364,276,5380,0.8317872603586889,3652,0.0,3652,428,3224,418,True,AA,0.06175006506964564
standard,ca_hepth,ca-HepTh,scientific_collaboration,4,local_similarity,ra,0.9333248883775918,0.9332675893767863,0.8815708101422387,0.8815708101422387,0.8815708101422387,0.8986187946466446,3234,3234,3234,6468,1275,276,5469,0.8455473098330241,3652,0.0,3652,428,3224,418,True,RA,0.06175006506964564
standard,ca_hepth,ca-HepTh,scientific_collaboration,4,local_similarity,ja,0.9325278913777905,0.9329508213022658,0.8815708101422387,0.8815708101422387,0.8815708101422387,0.898511971059098,3234,3234,3234,6468,302,204,6370,0.9848484848484849,3652,0.0,3652,428,3224,418,True,JA,0.06175006506964564
standard,ca_hepth,ca-HepTh,scientific_collaboration,4,local_similarity,sa,0.9326217713260745,0.9330056079327217,0.8815708101422387,0.8815708101422387,0.8815708101422387,0.8985194663426546,3234,3234,3234,6468,845,391,6014,0.9298082869511441,3652,0.0,3652,428,3224,418,True,SA,0.06175006506964564
standard,ca_hepth,ca-HepTh,scientific_collaboration,4,local_similarity,so,0.9325278913777905,0.9329508213022658,0.8815708101422387,0.8815708101422387,0.8815708101422387,0.898511971059098,3234,3234,3234,6468,302,204,6370,0.9848484848484849,3652,0.0,3652,428,3224,418,True,SO,0.06175006506964564
standard,ca_hepth,ca-HepTh,scientific_collaboration,4,local_similarity,hpi,0.9324774613995445,0.9330009706699344,0.8815708101422387,0.8815708101422387,0.8815708101422387,0.8985360722148196,3234,3234,3234,6468,164,119,6423,0.9930426716141002,3652,0.0,3652,428,3224,418,True,HPI,0.06175006506964564
standard,ca_hepth,ca-HepTh,scientific_collaboration,4,local_similarity,hdi,0.9324534983739622,0.9328821228834482,0.8815708101422387,0.8815708101422387,0.8815708101422387,0.8985080108773411,3234,3234,3234,6468,239,177,6406,0.9904143475572047,3652,0.0,3652,428,3224,418,True,HDI,0.06175006506964564
standard,ca_hepth,ca-HepTh,scientific_collaboration,4,local_similarity,llhn,0.9314929772754119,0.9327540005713874,0.8815708101422387,0.8815708101422387,0.8815708101422387,0.8982686085458129,3234,3234,3234,6468,626,323,6165,0.9531539888682746,3652,0.0,3652,428,3224,418,True,LLHN,0.06175006506964564
standard,ca_hepth,ca-HepTh,scientific_collaboration,5,local_similarity,cn,0.9345221705097655,0.9349662547600818,0.8855552118775132,0.8855552118775132,0.8855552118775132,0.9020228721239504,3233,3233,3233,6466,27,26,6465,0.9998453448809156,3642,0.0,3642,416,3226,409,True,CN,0.0666406280361116
standard,ca_hepth,ca-HepTh,scientific_collaboration,5,local_similarity,aa,0.9351348952728769,0.9351481287974338,0.8855552118775132,0.8855552118775132,0.8855552118775132,0.9020413618415118,3233,3233,3233,6466,1327,267,5406,0.8360655737704918,3642,0.0,3642,416,3226,409,True,AA,0.0666406280361116
standard,ca_hepth,ca-HepTh,scientific_collaboration,5,local_similarity,ra,0.9351756116720845,0.9351717121484108,0.8855552118775132,0.8855552118775132,0.8855552118775132,0.9020467338984356,3233,3233,3233,6466,1248,262,5480,0.8475100525827405,3642,0.0,3642,416,3226,409,True,RA,0.0666406280361116
standard,ca_hepth,ca-HepTh,scientific_collaboration,5,local_similarity,ja,0.9344828210655705,0.9348371442848548,0.8855552118775132,0.8855552118775132,0.8855552118775132,0.9019601540200811,3233,3233,3233,6466,310,210,6366,0.9845344880915559,3642,0.0,3642,416,3226,409,True,JA,0.0666406280361116
standard,ca_hepth,ca-HepTh,scientific_collaboration,5,local_similarity,sa,0.934649546521542,0.9349127258153692,0.8855552118775132,0.8855552118775132,0.8855552118775132,0.9019796081339505,3233,3233,3233,6466,829,383,6020,0.931023816888339,3642,0.0,3642,416,3226,409,True,SA,0.0666406280361116
standard,ca_hepth,ca-HepTh,scientific_collaboration,5,local_similarity,so,0.9344828210655705,0.9348371442848548,0.8855552118775132,0.8855552118775132,0.8855552118775132,0.9019601540200811,3233,3233,3233,6466,310,210,6366,0.9845344880915559,3642,0.0,3642,416,3226,409,True,SO,0.0666406280361116
standard,ca_hepth,ca-HepTh,scientific_collaboration,5,local_similarity,hpi,0.9348630077635046,0.9350227495623207,0.8855552118775132,0.8855552118775132,0.8855552118775132,0.9020171747651712,3233,3233,3233,6466,166,116,6416,0.9922672440457779,3642,0.0,3642,416,3226,409,True,HPI,0.0666406280361116
standard,ca_hepth,ca-HepTh,scientific_collaboration,5,local_similarity,hdi,0.9342727263216797,0.9347596971342832,0.8855552118775132,0.8855552118775132,0.8855552118775132,0.9019321027986675,3233,3233,3233,6466,251,169,6384,0.9873182802350757,3642,0.0,3642,416,3226,409,True,HDI,0.0666406280361116
standard,ca_hepth,ca-HepTh,scientific_collaboration,5,local_similarity,llhn,0.9341129347925402,0.9347254462634931,0.8855552118775132,0.8855552118775132,0.8855552118775132,0.9019038522931973,3233,3233,3233,6466,637,312,6141,0.9497370862975565,3642,0.0,3642,416,3226,409,True,LLHN,0.0666406280361116
standard,email_eu_core,email-Eu-core,communication,1,local_similarity,cn,0.933220335007201,0.9424675382926777,0.8789787798408488,0.8789787798408488,0.8789787798408487,0.8921447592866556,3016,3016,3016,6032,67,55,6020,0.9980106100795756,1967,3.0,240,138,102,124,True,CN,0.05376057792454958
standard,email_eu_core,email-Eu-core,communication,1,local_similarity,aa,0.9439215317417833,0.9476532432684392,0.8852785145888594,0.8852785145888594,0.8852785145888594,0.89743995659368,3016,3016,3016,6032,3523,124,2633,0.4365053050397878,1967,0.69237673103463,1,1,0,1,False,AA,0.05376057792454958
standard,email_eu_core,email-Eu-core,communication,1,local_similarity,ra,0.9498589239198019,0.9521074384889784,0.8905835543766578,0.8905835543766578,0.8905835543766578,0.9027466903299945,3016,3016,3016,6032,3522,124,2634,0.4366710875331565,1967,0.04586751586330776,1,0,1,1,False,RA,0.05376057792454958
standard,email_eu_core,email-Eu-core,communication,1,local_similarity,ja,0.9268658280397021,0.932000594530321,0.8607427055702918,0.8607427055702918,0.8607427055702918,0.8759020960304359,3016,3016,3016,6032,1610,716,5138,0.851790450928382,1967,0.041666666666666664,29,13,16,20,True,JA,0.05376057792454958
standard,email_eu_core,email-Eu-core,communication,1,local_similarity,sa,0.9257152286943001,0.9322341521610649,0.8614058355437666,0.8614058355437666,0.8614058355437667,0.8761893277647604,3016,3016,3016,6032,3341,478,3169,0.5253647214854111,1967,0.10425720702853739,2,2,0,2,False,SA,0.05376057792454958
standard,email_eu_core,email-Eu-core,communication,1,local_similarity,so,0.9268658280397021,0.932000594530321,0.8607427055702918,0.8607427055702918,0.8607427055702918,0.8759020960304359,3016,3016,3016,6032,1610,716,5138,0.851790450928382,1967,0.08,29,13,16,20,True,SO,0.05376057792454958
standard,email_eu_core,email-Eu-core,communication,1,local_similarity,hpi,0.8354688428760175,0.9043853866909638,0.8461538461538461,0.8461538461538461,0.8461538461538461,0.8338421836495724,3016,3016,3016,6032,830,484,5686,0.9426392572944297,1967,0.18181818181818182,18,11,7,17,True,HPI,0.05376057792454958
standard,email_eu_core,email-Eu-core,communication,1,local_similarity,hdi,0.9206827679030691,0.926351676997657,0.8514588859416445,0.8514588859416445,0.8514588859416445,0.8673883623817291,3016,3016,3016,6032,1294,706,5444,0.9025198938992043,1967,0.05405405405405406,12,5,7,9,True,HDI,0.05376057792454958
standard,email_eu_core,email-Eu-core,communication,1,local_similarity,llhn,0.7750218692141759,0.8533176177099678,0.7808355437665783,0.7808355437665783,0.7808355437665783,0.7742610931830151,3016,3016,3016,6032,2718,599,3913,0.6487068965517241,1967,0.002366863905325444,1,1,0,1,False,LLHN,0.05376057792454958
standard,email_eu_core,email-Eu-core,communication,2,local_similarity,cn,0.9332228569866557,0.9417623030838183,0.8756631299734748,0.8756631299734748,0.8756631299734748,0.8898235529243954,3016,3016,3016,6032,62,56,6026,0.9990053050397878,1886,3.0,285,135,150,102,True,CN,0.05296387104317546
standard,email_eu_core,email-Eu-core,communication,2,local_similarity,aa,0.9444339782156655,0.9467694180990509,0.8862732095490716,0.8862732095490716,0.8862732095490716,0.8993898602026854,3016,3016,3016,6032,3578,137,2591,0.4295424403183024,1886,0.7241209073178639,1,0,1,1,False,AA,0.05296387104317546
standard,email_eu_core,email-Eu-core,communication,2,local_similarity,ra,0.9496972934942495,0.9503778807456608,0.8875994694960212,0.8875994694960212,0.8875994694960212,0.9011785518856849,3016,3016,3016,6032,3577,137,2592,0.4297082228116711,1886,0.047850205135421854,1,1,0,1,False,RA,0.05296387104317546
standard,email_eu_core,email-Eu-core,communication,2,local_similarity,ja,0.9249893990433605,0.929769511763961,0.8594164456233422,0.8594164456233422,0.8594164456233422,0.8747761962649507,3016,3016,3016,6032,1636,726,5122,0.8491379310344828,1886,0.043478260869565216,18,10,8,11,True,JA,0.05296387104317546
standard,email_eu_core,email-Eu-core,communication,2,local_similarity,sa,0.9252825109968985,0.9322223341119686,0.8630636604774535,0.8630636604774535,0.8630636604774534,0.8774612287062038,3016,3016,3016,6032,3302,510,3240,0.5371352785145889,1886,0.1091089451179962,5,0,5,5,False,SA,0.05296387104317546
standard,email_eu_core,email-Eu-core,communication,2,local_similarity,so,0.9249893990433605,0.929769511763961,0.8594164456233422,0.8594164456233422,0.8594164456233422,0.8747761962649507,3016,3016,3016,6032,1636,726,5122,0.8491379310344828,1886,0.08333333333333333,18,10,8,11,True,SO,0.05296387104317546
standard,email_eu_core,email-Eu-core,communication,2,local_similarity,hpi,0.8374955045580761,0.9049706274757439,0.8464854111405835,0.8464854111405835,0.8464854111405835,0.8351991043562413,3016,3016,3016,6032,805,476,5703,0.9454575596816976,1886,0.1935483870967742,3,3,0,1,True,HPI,0.05296387104317546
standard,email_eu_core,email-Eu-core,communication,2,local_similarity,hdi,0.9180279179852467,0.9227487660857391,0.8478116710875332,0.8478116710875332,0.8478116710875332,0.8643490117326854,3016,3016,3016,6032,1228,731,5535,0.917606100795756,1886,0.05660377358490566,7,5,2,3,True,HDI,0.05296387104317546
standard,email_eu_core,email-Eu-core,communication,2,local_similarity,llhn,0.7665163374339081,0.8493641779650882,0.7768567639257294,0.7768567639257294,0.7768567639257294,0.7673061598566564,3016,3016,3016,6032,2689,620,3963,0.6569960212201591,1886,0.002458592132505176,1,1,0,1,False,LLHN,0.05296387104317546
standard,email_eu_core,email-Eu-core,communication,3,local_similarity,cn,0.9345116077844571,0.9437412491469017,0.8753315649867374,0.8753315649867374,0.8753315649867374,0.8896400543163172,3016,3016,3016,6032,74,56,6014,0.9970159151193634,1925,3.0,250,120,130,103,True,CN,0.07781558390706778
standard,email_eu_core,email-Eu-core,communication,3,local_similarity,aa,0.9460111561120136,0.9487353917919636,0.8826259946949602,0.8826259946949602,0.8826259946949603,0.8964223407044978,3016,3016,3016,6032,3543,139,2628,0.43567639257294427,1925,0.7306739862502561,1,0,1,1,False,AA,0.07781558390706778
standard,email_eu_core,email-Eu-core,communication,3,local_similarity,ra,0.9515638275580556,0.9529537207396097,0.8902519893899205,0.8902519893899205,0.8902519893899205,0.9034665407954747,3016,3016,3016,6032,3538,137,2631,0.4361737400530504,1925,0.0483695839628043,1,1,0,1,False,RA,0.07781558390706778
standard,email_eu_core,email-Eu-core,communication,3,local_similarity,ja,0.922887979184341,0.9310002928677469,0.8561007957559682,0.8561007957559682,0.8561007957559682,0.8713004189226543,3016,3016,3016,6032,1636,709,5105,0.8463196286472149,1925,0.042105263157894736,3,3,0,1,True,JA,0.07781558390706778
standard,email_eu_core,email-Eu-core,communication,3,local_similarity,sa,0.9240166048514902,0.9331777271879771,0.8624005305039788,0.8624005305039788,0.8624005305039788,0.8764908753978057,3016,3016,3016,6032,3237,521,3316,0.5497347480106101,1925,0.10540925533894598,12,4,8,7,True,SA,0.07781558390706778
standard,email_eu_core,email-Eu-core,communication,3,local_similarity,so,0.922887979184341,0.9310002928677469,0.8561007957559682,0.8561007957559682,0.8561007957559682,0.8713004189226543,3016,3016,3016,6032,1636,709,5105,0.8463196286472149,1925,0.08080808080808081,3,3,0,1,True,SO,0.07781558390706778
standard,email_eu_core,email-Eu-core,communication,3,local_similarity,hpi,0.8440287266383155,0.9098701707603657,0.8527851458885941,0.8527851458885941,0.8527851458885941,0.8465336111274933,3016,3016,3016,6032,786,457,5703,0.9454575596816976,1925,0.19047619047619047,14,9,5,3,True,HPI,0.07781558390706778
standard,email_eu_core,email-Eu-core,communication,3,local_similarity,hdi,0.9144643501890883,0.923262164125548,0.8454907161803713,0.8454907161803713,0.8454907161803713,0.8615725784109405,3016,3016,3016,6032,1215,721,5538,0.9181034482758621,1925,0.05517241379310345,1,1,0,1,False,HDI,0.07781558390706778
standard,email_eu_core,email-Eu-core,communication,3,local_similarity,llhn,0.7706399771981955,0.8561410320905657,0.78315649867374,0.78315649867374,0.7831564986737399,0.7741424082818784,3016,3016,3016,6032,2617,640,4055,0.6722480106100795,1925,0.0023923444976076554,2,1,1,2,False,LLHN,0.07781558390706778
standard,email_eu_core,email-Eu-core,communication,4,local_similarity,cn,0.9370167266723534,0.9446876824926652,0.8869363395225465,0.8869363395225465,0.8869363395225464,0.8998277422896181,3016,3016,3016,6032,69,59,6022,0.998342175066313,1995,3.0,276,145,131,159,True,CN,0.06050168303772807
standard,email_eu_core,email-Eu-core,communication,4,local_similarity,aa,0.9474022989565252,0.9490199594206672,0.8932360742705571,0.8932360742705571,0.8932360742705571,0.9056965993632831,3016,3016,3016,6032,3507,132,2657,0.4404840848806366,1995,0.68101357237605,1,0,1,1,False,AA,0.06050168303772807
standard,email_eu_core,email-Eu-core,communication,4,local_similarity,ra,0.9514735089140668,0.9521867018694284,0.894893899204244,0.894893899204244,0.894893899204244,0.9075531465325702,3016,3016,3016,6032,3505,133,2660,0.4409814323607427,1995,0.043759658354552915,1,1,0,1,False,RA,0.06050168303772807
standard,email_eu_core,email-Eu-core,communication,4,local_similarity,ja,0.9264581797433745,0.9318929128643697,0.8547745358090185,0.8547745358090185,0.8547745358090185,0.8702129608311832,3016,3016,3016,6032,1613,680,5099,0.8453249336870027,1995,0.0410958904109589,6,4,2,6,False,JA,0.06050168303772807
standard,email_eu_core,email-Eu-core,communication,4,local_similarity,sa,0.9277279746599827,0.9339740438263832,0.8597480106100795,0.8597480106100795,0.8597480106100794,0.8743894983791272,3016,3016,3016,6032,3210,514,3336,0.553050397877984,1995,0.10206207261596577,6,3,3,6,False,SA,0.06050168303772807
standard,email_eu_core,email-Eu-core,communication,4,local_similarity,so,0.9264581797433745,0.9318929128643697,0.8547745358090185,0.8547745358090185,0.8547745358090185,0.8702129608311832,3016,3016,3016,6032,1613,680,5099,0.8453249336870027,1995,0.07894736842105263,6,4,2,6,False,SO,0.06050168303772807
standard,email_eu_core,email-Eu-core,communication,4,local_similarity,hpi,0.8476626669269246,0.9098396637033962,0.8494694960212201,0.8494694960212201,0.8494694960212201,0.8427529657794306,3016,3016,3016,6032,806,468,5694,0.9439655172413793,1995,0.18181818181818182,26,16,10,14,True,HPI,0.06050168303772807
standard,email_eu_core,email-Eu-core,communication,4,local_similarity,hdi,0.9187076241990619,0.9251042956574661,0.8461538461538461,0.8461538461538461,0.8461538461538461,0.8627474862111011,3016,3016,3016,6032,1206,705,5531,0.9169429708222812,1995,0.05263157894736842,31,13,18,4,True,HDI,0.06050168303772807
standard,email_eu_core,email-Eu-core,communication,4,local_similarity,llhn,0.7713685157361647,0.8546251886490442,0.7887931034482759,0.7887931034482759,0.7887931034482759,0.7789029023830424,3016,3016,3016,6032,2630,599,4001,0.6632957559681698,1995,0.00234375,1,0,1,1,False,LLHN,0.06050168303772807
standard,email_eu_core,email-Eu-core,communication,5,local_similarity,cn,0.9383167628898385,0.9458659714143489,0.8779436152570481,0.8779436152570481,0.8779436152570481,0.892316767671027,3015,3015,3015,6030,69,59,6020,0.9983416252072969,1929,3.0,252,134,118,87,True,CN,0.06268440000712872
standard,email_eu_core,email-Eu-core,communication,5,local_similarity,aa,0.9494931324848384,0.9511905920920549,0.8835820895522388,0.8835820895522388,0.8835820895522388,0.8976051819149743,3015,3015,3015,6030,3573,133,2590,0.4295190713101161,1929,0.7470972450851208,1,1,0,1,False,AA,0.06268440000712872
standard,email_eu_core,email-Eu-core,communication,5,local_similarity,ra,0.9556766763644733,0.9561114273849107,0.8955223880597015,0.8955223880597015,0.8955223880597015,0.9083601246853272,3015,3015,3015,6030,3567,133,2596,0.430514096185738,1929,0.0496391114585369,1,1,0,1,False,RA,0.06268440000712872
standard,email_eu_core,email-Eu-core,communication,5,local_similarity,ja,0.923334406857603,0.9335966931511597,0.8550580431177446,0.8550580431177446,0.8550580431177446,0.8668298021003574,3015,3015,3015,6030,1630,743,5143,0.8529021558872305,1929,0.042735042735042736,4,2,2,3,True,JA,0.06268440000712872
standard,email_eu_core,email-Eu-core,communication,5,local_similarity,sa,0.9243974509137366,0.9357966386970621,0.860033167495854,0.860033167495854,0.860033167495854,0.8708005764585812,3015,3015,3015,6030,3312,501,3219,0.5338308457711443,1929,0.10606601717798213,2,1,1,1,True,SA,0.06268440000712872
standard,email_eu_core,email-Eu-core,communication,5,local_similarity,so,0.923334406857603,0.9335966931511597,0.8550580431177446,0.8550580431177446,0.8550580431177446,0.8668298021003574,3015,3015,3015,6030,1630,743,5143,0.8529021558872305,1929,0.08196721311475409,4,2,2,3,True,SO,0.06268440000712872
standard,email_eu_core,email-Eu-core,communication,5,local_similarity,hpi,0.8394044120862532,0.9064203031278105,0.8467661691542289,0.8467661691542289,0.8467661691542289,0.8408059841521937,3015,3015,3015,6030,841,485,5674,0.9409618573797678,1929,0.18867924528301888,5,3,2,5,False,HPI,0.06268440000712872
standard,email_eu_core,email-Eu-core,communication,5,local_similarity,hdi,0.9168318184714981,0.9266399896592219,0.8454394693200663,0.8454394693200663,0.8454394693200663,0.8589093344093967,3015,3015,3015,6030,1248,768,5550,0.9203980099502488,1929,0.05555555555555555,37,16,21,27,True,HDI,0.06268440000712872
standard,email_eu_core,email-Eu-core,communication,5,local_similarity,llhn,0.7717909012808484,0.8497085055650438,0.7728026533996684,0.7728026533996684,0.7728026533996684,0.7678250136863897,3015,3015,3015,6030,2704,624,3950,0.6550580431177446,1929,0.002380952380952381,7,2,5,2,True,LLHN,0.06268440000712872
standard,email_univ,email-univ,communication,1,local_similarity,cn,0.8519848973176148,0.8585752636316872,0.7974537037037037,0.7974537037037037,0.7974537037037037,0.8296797099824365,864,864,864,1728,13,12,1727,0.9994212962962963,1010,0.0,1010,208,802,146,True,CN,0.015928144101053476
standard,email_univ,email-univ,communication,1,local_similarity,aa,0.8645778235556864,0.8616322123628258,0.7974537037037037,0.7974537037037037,0.7974537037037037,0.8303194604689236,864,864,864,1728,445,65,1348,0.7800925925925926,1010,0.0,1010,208,802,146,True,AA,0.015928144101053476
standard,email_univ,email-univ,communication,1,local_similarity,ra,0.8631971339615198,0.8614949041923868,0.7974537037037037,0.7974537037037037,0.7974537037037037,0.829947284347127,864,864,864,1728,441,66,1353,0.7829861111111112,1010,0.0,1010,208,802,146,True,RA,0.015928144101053476
standard,email_univ,email-univ,communication,1,local_similarity,ja,0.8522465317858692,0.8558398169581619,0.7974537037037037,0.7974537037037037,0.7974537037037037,0.8281257558549177,864,864,864,1728,192,117,1653,0.9565972222222222,1010,0.0,1010,208,802,146,True,JA,0.015928144101053476
standard,email_univ,email-univ,communication,1,local_similarity,sa,0.8515687902838598,0.85563017082476,0.7974537037037037,0.7974537037037037,0.7974537037037037,0.8279372651282144,864,864,864,1728,437,137,1428,0.8263888888888888,1010,0.0,1010,208,802,146,True,SA,0.015928144101053476
standard,email_univ,email-univ,communication,1,local_similarity,so,0.8522465317858692,0.8558398169581619,0.7974537037037037,0.7974537037037037,0.7974537037037037,0.8281257558549177,864,864,864,1728,192,117,1653,0.9565972222222222,1010,0.0,1010,208,802,146,True,SO,0.015928144101053476
standard,email_univ,email-univ,communication,1,local_similarity,hpi,0.8403895862852453,0.8539154931841564,0.7974537037037037,0.7974537037037037,0.7974537037037037,0.8232224210280488,864,864,864,1728,111,71,1688,0.9768518518518519,1010,0.0,1010,208,802,146,True,HPI,0.015928144101053476
standard,email_univ,email-univ,communication,1,local_similarity,hdi,0.8510973554746262,0.8555712287808642,0.7974537037037037,0.7974537037037037,0.7974537037037037,0.8275243609013413,864,864,864,1728,145,103,1686,0.9756944444444444,1010,0.0,1010,208,802,146,True,HDI,0.015928144101053476
standard,email_univ,email-univ,communication,1,local_similarity,llhn,0.8286552074628819,0.849407096622085,0.7974537037037037,0.7974537037037037,0.7974537037037037,0.8193069903874833,864,864,864,1728,352,142,1518,0.8784722222222222,1010,0.0,1010,208,802,146,True,LLHN,0.015928144101053476
standard,email_univ,email-univ,communication,2,local_similarity,cn,0.8465712011714082,0.8514151448902606,0.7858796296296297,0.7858796296296297,0.7858796296296298,0.8203884883884327,864,864,864,1728,16,13,1725,0.9982638888888888,1022,0.0,1022,221,801,158,True,CN,0.009073217865079641
standard,email_univ,email-univ,communication,2,local_similarity,aa,0.8570992105775528,0.8537212523576817,0.7858796296296297,0.7858796296296297,0.7858796296296298,0.8205680038718496,864,864,864,1728,479,70,1319,0.7633101851851852,1022,0.0,1022,221,801,158,True,AA,0.009073217865079641
standard,email_univ,email-univ,communication,2,local_similarity,ra,0.8543487768948949,0.8531827364111798,0.7858796296296297,0.7858796296296297,0.7858796296296298,0.819921156564021,864,864,864,1728,474,72,1326,0.7673611111111112,1022,0.0,1022,221,801,158,True,RA,0.009073217865079641
standard,email_univ,email-univ,communication,2,local_similarity,ja,0.842399260854044,0.8460989744084362,0.7858796296296297,0.7858796296296297,0.7858796296296298,0.8183181503704531,864,864,864,1728,209,114,1633,0.9450231481481481,1022,0.0,1022,221,801,158,True,JA,0.009073217865079641
standard,email_univ,email-univ,communication,2,local_similarity,sa,0.8402414563662912,0.8450306498628257,0.7858796296296297,0.7858796296296297,0.7858796296296298,0.8178708975578167,864,864,864,1728,457,122,1393,0.8061342592592593,1022,0.0,1022,221,801,158,True,SA,0.009073217865079641
standard,email_univ,email-univ,communication,2,local_similarity,so,0.842399260854044,0.8460989744084362,0.7858796296296297,0.7858796296296297,0.7858796296296298,0.8183181503704531,864,864,864,1728,209,114,1633,0.9450231481481481,1022,0.0,1022,221,801,158,True,SO,0.009073217865079641
standard,email_univ,email-univ,communication,2,local_similarity,hpi,0.8206731431990968,0.8422784582904664,0.7858796296296297,0.7858796296296297,0.7858796296296298,0.8035539794593858,864,864,864,1728,113,76,1691,0.9785879629629629,1022,0.0,1022,221,801,158,True,HPI,0.009073217865079641
standard,email_univ,email-univ,communication,2,local_similarity,hdi,0.8419929717276702,0.8462436503343621,0.7858796296296297,0.7858796296296297,0.7858796296296298,0.8182482594204098,864,864,864,1728,142,92,1678,0.9710648148148148,1022,0.0,1022,221,801,158,True,HDI,0.009073217865079641
standard,email_univ,email-univ,communication,2,local_similarity,llhn,0.809877046876055,0.8369381751543209,0.7858796296296297,0.7858796296296297,0.7858796296296298,0.8110169743105574,864,864,864,1728,364,143,1507,0.8721064814814815,1022,0.0,1022,221,801,158,True,LLHN,0.009073217865079641
standard,email_univ,email-univ,communication,3,local_similarity,cn,0.8524468940441811,0.8578384880829905,0.7847222222222222,0.7847222222222222,0.7847222222222222,0.8192033172524258,864,864,864,1728,13,13,1728,1.0,1036,0.0,1036,218,818,172,True,CN,0.009181647095829248
standard,email_univ,email-univ,communication,3,local_similarity,aa,0.8610184727423462,0.8595484771519204,0.7847222222222222,0.7847222222222222,0.7847222222222222,0.81992275520428,864,864,864,1728,468,67,1327,0.7679398148148148,1036,0.0,1036,218,818,172,True,AA,0.009181647095829248
standard,email_univ,email-univ,communication,3,local_similarity,ra,0.8616495119581928,0.8595839763374487,0.7847222222222222,0.7847222222222222,0.7847222222222222,0.8200612064820154,864,864,864,1728,457,72,1343,0.7771990740740741,1036,0.0,1036,218,818,172,True,RA,0.009181647095829248
standard,email_univ,email-univ,communication,3,local_similarity,ja,0.8496543037441584,0.8538357874657065,0.7847222222222222,0.7847222222222222,0.7847222222222222,0.8181619664206476,864,864,864,1728,205,116,1639,0.9484953703703703,1036,0.0,1036,218,818,172,True,JA,0.009181647095829248
standard,email_univ,email-univ,communication,3,local_similarity,sa,0.8472277114598331,0.853001221707819,0.7847222222222222,0.7847222222222222,0.7847222222222222,0.8176621674965496,864,864,864,1728,453,126,1401,0.8107638888888888,1036,0.0,1036,218,818,172,True,SA,0.009181647095829248
standard,email_univ,email-univ,communication,3,local_similarity,so,0.8496543037441584,0.8538357874657065,0.7847222222222222,0.7847222222222222,0.7847222222222222,0.8181619664206476,864,864,864,1728,205,116,1639,0.9484953703703703,1036,0.0,1036,218,818,172,True,SO,0.009181647095829248
standard,email_univ,email-univ,communication,3,local_similarity,hpi,0.8311840018856712,0.8511378493655694,0.7847222222222222,0.7847222222222222,0.7847222222222222,0.8099159151183148,864,864,864,1728,118,76,1686,0.9756944444444444,1036,0.0,1036,218,818,172,True,HPI,0.009181647095829248
standard,email_univ,email-univ,communication,3,local_similarity,hdi,0.8502024453857349,0.8542564193244171,0.7847222222222222,0.7847222222222222,0.7847222222222222,0.8182316691083045,864,864,864,1728,145,97,1680,0.9722222222222222,1036,0.0,1036,218,818,172,True,HDI,0.009181647095829248
standard,email_univ,email-univ,communication,3,local_similarity,llhn,0.8154305674082323,0.8471559124228396,0.7847222222222222,0.7847222222222222,0.7847222222222222,0.8081989305200126,864,864,864,1728,364,130,1494,0.8645833333333334,1036,0.0,1036,218,818,172,True,LLHN,0.009181647095829248
standard,email_univ,email-univ,communication,4,local_similarity,cn,0.848714030748242,0.8554553540809329,0.7893518518518519,0.7893518518518519,0.7893518518518517,0.8224327331035455,864,864,864,1728,14,13,1727,0.9994212962962963,1020,0.0,1020,216,804,156,True,CN,0.012679924257099628
standard,email_univ,email-univ,communication,4,local_similarity,aa,0.8590997359222895,0.8575745884773663,0.7893518518518519,0.7893518518518519,0.7893518518518517,0.8229848691547675,864,864,864,1728,475,66,1319,0.7633101851851852,1020,0.0,1020,216,804,156,True,AA,0.012679924257099628
standard,email_univ,email-univ,communication,4,local_similarity,ra,0.8595975312671275,0.8573481974451304,0.7893518518518519,0.7893518518518519,0.7893518518518517,0.8232982951025064,864,864,864,1728,467,71,1332,0.7708333333333334,1020,0.0,1020,216,804,156,True,RA,0.012679924257099628
standard,email_univ,email-univ,communication,4,local_similarity,ja,0.851766700750783,0.853010598851166,0.7893518518518519,0.7893518518518519,0.7893518518518517,0.8221840353754691,864,864,864,1728,189,116,1655,0.9577546296296297,1020,0.0,1020,216,804,156,True,JA,0.012679924257099628
standard,email_univ,email-univ,communication,4,local_similarity,sa,0.8492388592705867,0.8518063057270233,0.7893518518518519,0.7893518518518519,0.7893518518518517,0.8216992907792418,864,864,864,1728,456,138,1410,0.8159722222222222,1020,0.0,1020,216,804,156,True,SA,0.012679924257099628
standard,email_univ,email-univ,communication,4,local_similarity,so,0.851766700750783,0.853010598851166,0.7893518518518519,0.7893518518518519,0.7893518518518517,0.8221840353754691,864,864,864,1728,189,116,1655,0.9577546296296297,1020,0.0,1020,216,804,156,True,SO,0.012679924257099628
standard,email_univ,email-univ,communication,4,local_similarity,hpi,0.8306002946409585,0.8479362247085049,0.7893518518518519,0.7893518518518519,0.7893518518518517,0.8172947797689616,864,864,864,1728,107,66,1687,0.9762731481481481,1020,0.0,1020,216,804,156,True,HPI,0.012679924257099628
standard,email_univ,email-univ,communication,4,local_similarity,hdi,0.8520140230268598,0.8533830054012346,0.7893518518518519,0.7893518518518519,0.7893518518518517,0.8222771280554457,864,864,864,1728,151,99,1676,0.9699074074074074,1020,0.0,1020,216,804,156,True,HDI,0.012679924257099628
standard,email_univ,email-univ,communication,4,local_similarity,llhn,0.8227161925433696,0.845060790680727,0.7893518518518519,0.7893518518518519,0.7893518518518517,0.8154584069516728,864,864,864,1728,362,135,1501,0.8686342592592593,1020,0.0,1020,216,804,156,True,LLHN,0.012679924257099628
standard,email_univ,email-univ,communication,5,local_similarity,cn,0.8473024149227373,0.8540030532957198,0.7891077636152954,0.7891077636152954,0.7891077636152953,0.8221415726408152,863,863,863,1726,14,13,1725,0.9994206257242179,1023,0.0,1023,217,806,160,True,CN,0.01578811090439558
standard,email_univ,email-univ,communication,5,local_similarity,aa,0.8569670359954884,0.8557505750105066,0.7891077636152954,0.7891077636152954,0.7891077636152953,0.8227986292587928,863,863,863,1726,468,65,1323,0.7665121668597914,1023,0.0,1023,217,806,160,True,AA,0.01578811090439558
standard,email_univ,email-univ,communication,5,local_similarity,ra,0.8569599433515843,0.8556532293905895,0.7891077636152954,0.7891077636152954,0.7891077636152953,0.8228197874443736,863,863,863,1726,460,64,1330,0.7705677867902665,1023,0.0,1023,217,806,160,True,RA,0.01578811090439558
standard,email_univ,email-univ,communication,5,local_similarity,ja,0.8407135539200301,0.851204198885829,0.7891077636152954,0.7891077636152954,0.7891077636152953,0.8163143096892248,863,863,863,1726,200,122,1648,0.9548088064889919,1023,0.0,1023,217,806,160,True,JA,0.01578811090439558
standard,email_univ,email-univ,communication,5,local_similarity,sa,0.8386748963069293,0.8501219841319925,0.7891077636152954,0.7891077636152954,0.7891077636152953,0.8159391706157656,863,863,863,1726,458,127,1395,0.8082271147161066,1023,0.0,1023,217,806,160,True,SA,0.01578811090439558
standard,email_univ,email-univ,communication,5,local_similarity,so,0.8407135539200301,0.851204198885829,0.7891077636152954,0.7891077636152954,0.7891077636152953,0.8163143096892248,863,863,863,1726,200,122,1648,0.9548088064889919,1023,0.0,1023,217,806,160,True,SO,0.01578811090439558
standard,email_univ,email-univ,communication,5,local_similarity,hpi,0.8244017585873435,0.8467101879911757,0.7891077636152954,0.7891077636152954,0.7891077636152953,0.8147388914108382,863,863,863,1726,108,70,1688,0.9779837775202781,1023,0.0,1023,217,806,160,True,HPI,0.01578811090439558
standard,email_univ,email-univ,communication,5,local_similarity,hdi,0.8404132548099447,0.8512498506248246,0.7891077636152954,0.7891077636152954,0.7891077636152953,0.8162920493306349,863,863,863,1726,155,106,1677,0.9716106604866744,1023,0.0,1023,217,806,160,True,HDI,0.01578811090439558
standard,email_univ,email-univ,communication,5,local_similarity,llhn,0.8161877000598201,0.8442127693284763,0.7891077636152954,0.7891077636152954,0.7891077636152953,0.8088971981965816,863,863,863,1726,360,134,1500,0.8690614136732329,1023,0.0,1023,217,806,160,True,LLHN,0.01578811090439558
standard,power_grid,power-grid,infrastructure,1,local_similarity,cn,0.6700774990148431,0.6708454650833783,0.6193353474320241,0.6193353474320241,0.6193353474320241,0.6790391434757617,331,331,331,662,5,5,662,1.0,547,0.0,547,217,330,216,True,CN,0.006436485797166824
standard,power_grid,power-grid,infrastructure,1,local_similarity,aa,0.6703672581864386,0.6707815737351795,0.6193353474320241,0.6193353474320241,0.6193353474320241,0.6793127410260338,331,331,331,662,40,13,635,0.959214501510574,547,0.0,547,217,330,216,True,AA,0.006436485797166824
standard,power_grid,power-grid,infrastructure,1,local_similarity,ra,0.6701687628042436,0.6707450643933517,0.6193353474320241,0.6193353474320241,0.6193353474320241,0.6792625466930697,331,331,331,662,39,12,635,0.959214501510574,547,0.0,547,217,330,216,True,RA,0.006436485797166824
standard,power_grid,power-grid,infrastructure,1,local_similarity,ja,0.6714838963152647,0.671023448124789,0.6193353474320241,0.6193353474320241,0.6193353474320241,0.6795765381282846,331,331,331,662,27,19,654,0.9879154078549849,547,0.0,547,217,330,216,True,JA,0.006436485797166824
standard,power_grid,power-grid,infrastructure,1,local_similarity,sa,0.6713372844851261,0.6709595567765902,0.6193353474320241,0.6193353474320241,0.6193353474320241,0.6795248129973954,331,331,331,662,44,23,641,0.9682779456193353,547,0.0,547,217,330,216,True,SA,0.006436485797166824
standard,power_grid,power-grid,infrastructure,1,local_similarity,so,0.6714838963152647,0.671023448124789,0.6193353474320241,0.6193353474320241,0.6193353474320241,0.6795765381282846,331,331,331,662,27,19,654,0.9879154078549849,547,0.0,547,217,330,216,True,SO,0.006436485797166824
standard,power_grid,power-grid,infrastructure,1,local_similarity,hpi,0.6696792993191132,0.6707039913837954,0.6193353474320241,0.6193353474320241,0.6193353474320241,0.6790582999466782,331,331,331,662,15,12,659,0.9954682779456193,547,0.0,547,217,330,216,True,HPI,0.006436485797166824
standard,power_grid,power-grid,infrastructure,1,local_similarity,hdi,0.6717308968292914,0.6710782121375307,0.6193353474320241,0.6193353474320241,0.6193353474320241,0.6796229941791522,331,331,331,662,24,15,653,0.986404833836858,547,0.0,547,217,330,216,True,HDI,0.006436485797166824
standard,power_grid,power-grid,infrastructure,1,local_similarity,llhn,0.6709332831110141,0.6708637197542922,0.6193353474320241,0.6193353474320241,0.6193353474320241,0.6794300277792628,331,331,331,662,39,23,646,0.9758308157099698,547,0.0,547,217,330,216,True,LLHN,0.006436485797166824
standard,power_grid,power-grid,infrastructure,2,local_similarity,cn,0.6941837134752428,0.6950237767088654,0.6193353474320241,0.6193353474320241,0.6193353474320241,0.6822579751238489,331,331,331,662,6,5,661,0.9984894259818731,531,0.0,531,201,330,200,True,CN,0.011641004122793674
standard,power_grid,power-grid,infrastructure,2,local_similarity,aa,0.6963515601577455,0.6954481978076141,0.6193353474320241,0.6193353474320241,0.6193353474320241,0.6822803589357955,331,331,331,662,41,15,636,0.9607250755287009,531,0.0,531,201,330,200,True,AA,0.011641004122793674
standard,power_grid,power-grid,infrastructure,2,local_similarity,ra,0.6963515601577451,0.6954481978076141,0.6193353474320241,0.6193353474320241,0.6193353474320241,0.6822803589357955,331,331,331,662,39,16,639,0.9652567975830816,531,0.0,531,201,330,200,True,RA,0.011641004122793674
standard,power_grid,power-grid,infrastructure,2,local_similarity,ja,0.6928713460541778,0.6946358649519446,0.6193353474320241,0.6193353474320241,0.6193353474320241,0.6815199596031193,331,331,331,662,27,17,652,0.9848942598187311,531,0.0,531,201,330,200,True,JA,0.011641004122793674
standard,power_grid,power-grid,infrastructure,2,local_similarity,sa,0.6935591755387391,0.6947408293096997,0.6193353474320241,0.6193353474320241,0.6193353474320241,0.681693058676004,331,331,331,662,47,22,637,0.9622356495468278,531,0.0,531,201,330,200,True,SA,0.011641004122793674
standard,power_grid,power-grid,infrastructure,2,local_similarity,so,0.6928713460541778,0.6946358649519446,0.6193353474320241,0.6193353474320241,0.6193353474320241,0.6815199596031193,331,331,331,662,27,17,652,0.9848942598187311,531,0.0,531,201,330,200,True,SO,0.011641004122793674
standard,power_grid,power-grid,infrastructure,2,local_similarity,hpi,0.6936464563711419,0.6948366663319977,0.6193353474320241,0.6193353474320241,0.6193353474320241,0.6819930692160765,331,331,331,662,18,9,653,0.986404833836858,531,0.0,531,201,330,200,True,HPI,0.011641004122793674
standard,power_grid,power-grid,infrastructure,2,local_similarity,hdi,0.6924118562447895,0.6945993556101168,0.6193353474320241,0.6193353474320241,0.6193353474320241,0.6814995077249418,331,331,331,662,24,15,653,0.986404833836858,531,0.0,531,201,330,200,True,HDI,0.011641004122793674
standard,power_grid,power-grid,infrastructure,2,local_similarity,llhn,0.6923272909196313,0.6945811009392029,0.6193353474320241,0.6193353474320241,0.6193353474320241,0.6813603489834434,331,331,331,662,41,22,643,0.9712990936555891,531,0.0,531,201,330,200,True,LLHN,0.011641004122793674
standard,power_grid,power-grid,infrastructure,3,local_similarity,cn,0.6918429003021147,0.6918429003021148,0.6132930513595166,0.6132930513595166,0.6132930513595166,0.678763519314789,331,331,331,662,7,5,660,0.9969788519637462,535,0.0,535,204,331,204,True,CN,0.008803776931017637
standard,power_grid,power-grid,infrastructure,3,local_similarity,aa,0.6918429003021149,0.6918429003021148,0.6132930513595166,0.6132930513595166,0.6132930513595166,0.678763519314789,331,331,331,662,40,19,641,0.9682779456193353,535,0.0,535,204,331,204,True,AA,0.008803776931017637
standard,power_grid,power-grid,infrastructure,3,local_similarity,ra,0.6918429003021147,0.6918429003021148,0.6132930513595166,0.6132930513595166,0.6132930513595166,0.678763519314789,331,331,331,662,39,19,642,0.9697885196374623,535,0.0,535,204,331,204,True,RA,0.008803776931017637
standard,power_grid,power-grid,infrastructure,3,local_similarity,ja,0.6918429003021147,0.6918429003021148,0.6132930513595166,0.6132930513595166,0.6132930513595166,0.678763519314789,331,331,331,662,28,15,649,0.9803625377643505,535,0.0,535,204,331,204,True,JA,0.008803776931017637
standard,power_grid,power-grid,infrastructure,3,local_similarity,sa,0.6918429003021146,0.6918429003021148,0.6132930513595166,0.6132930513595166,0.6132930513595166,0.678763519314789,331,331,331,662,42,23,643,0.9712990936555891,535,0.0,535,204,331,204,True,SA,0.008803776931017637
standard,power_grid,power-grid,infrastructure,3,local_similarity,so,0.6918429003021147,0.6918429003021148,0.6132930513595166,0.6132930513595166,0.6132930513595166,0.678763519314789,331,331,331,662,28,15,649,0.9803625377643505,535,0.0,535,204,331,204,True,SO,0.008803776931017637
standard,power_grid,power-grid,infrastructure,3,local_similarity,hpi,0.6918429003021147,0.6918429003021148,0.6132930513595166,0.6132930513595166,0.6132930513595166,0.678763519314789,331,331,331,662,14,11,659,0.9954682779456193,535,0.0,535,204,331,204,True,HPI,0.008803776931017637
standard,power_grid,power-grid,infrastructure,3,local_similarity,hdi,0.6918429003021147,0.6918429003021148,0.6132930513595166,0.6132930513595166,0.6132930513595166,0.678763519314789,331,331,331,662,24,12,650,0.9818731117824774,535,0.0,535,204,331,204,True,HDI,0.008803776931017637
standard,power_grid,power-grid,infrastructure,3,local_similarity,llhn,0.6918429003021147,0.6918429003021148,0.6132930513595166,0.6132930513595166,0.6132930513595166,0.678763519314789,331,331,331,662,37,21,646,0.9758308157099698,535,0.0,535,204,331,204,True,LLHN,0.008803776931017637
standard,power_grid,power-grid,infrastructure,4,local_similarity,cn,0.6822268071623314,0.6829528755670358,0.6163141993957704,0.6163141993957704,0.6163141993957704,0.6788321960274127,331,331,331,662,6,5,661,0.9984894259818731,539,0.0,539,209,330,208,True,CN,0.006609631702303886
standard,power_grid,power-grid,infrastructure,4,local_similarity,aa,0.681673789786439,0.6827475105192542,0.6163141993957704,0.6163141993957704,0.6163141993957704,0.6788879088858313,331,331,331,662,47,14,629,0.9501510574018127,539,0.0,539,209,330,208,True,AA,0.006609631702303886
standard,power_grid,power-grid,infrastructure,4,local_similarity,ra,0.6809985782274455,0.6826516734969561,0.6163141993957704,0.6163141993957704,0.6163141993957704,0.6786527994129422,331,331,331,662,44,14,632,0.9546827794561934,539,0.0,539,209,330,208,True,RA,0.006609631702303886
standard,power_grid,power-grid,infrastructure,4,local_similarity,ja,0.6812537644219631,0.6826425461614991,0.6163141993957704,0.6163141993957704,0.6163141993957704,0.6787708010038869,331,331,331,662,24,16,654,0.9879154078549849,539,0.0,539,209,330,208,True,JA,0.006609631702303886
standard,power_grid,power-grid,infrastructure,4,local_similarity,sa,0.6816749418813828,0.6827018738419693,0.6163141993957704,0.6163141993957704,0.6163141993957704,0.6789053688496243,331,331,331,662,42,22,642,0.9697885196374623,539,0.0,539,209,330,208,True,SA,0.006609631702303886
standard,power_grid,power-grid,infrastructure,4,local_similarity,so,0.6812537644219631,0.6826425461614991,0.6163141993957704,0.6163141993957704,0.6163141993957704,0.6787708010038869,331,331,331,662,24,16,654,0.9879154078549849,539,0.0,539,209,330,208,True,SO,0.006609631702303886
standard,power_grid,power-grid,infrastructure,4,local_similarity,hpi,0.6820559352564417,0.6828479112092808,0.6163141993957704,0.6163141993957704,0.6163141993957704,0.6789547930662218,331,331,331,662,15,10,657,0.9924471299093656,539,0.0,539,209,330,208,True,HPI,0.006609631702303886
standard,power_grid,power-grid,infrastructure,4,local_similarity,hdi,0.6806358515473703,0.6825786548133004,0.6163141993957704,0.6163141993957704,0.6163141993957704,0.678441499162445,331,331,331,662,22,16,656,0.9909365558912386,539,0.0,539,209,330,208,True,HDI,0.006609631702303886
standard,power_grid,power-grid,infrastructure,4,local_similarity,llhn,0.6805343350100168,0.6825604001423865,0.6163141993957704,0.6163141993957704,0.6163141993957704,0.6785087725102606,331,331,331,662,35,20,647,0.9773413897280967,539,0.0,539,209,330,208,True,LLHN,0.006609631702303886
standard,power_grid,power-grid,infrastructure,5,local_similarity,cn,0.6644826644826646,0.6652892561983471,0.5848484848484848,0.5848484848484848,0.5848484848484848,0.6514170885904734,330,330,330,660,5,4,659,0.9984848484848485,549,0.0,549,220,329,219,True,CN,0.006786298006772995
standard,power_grid,power-grid,infrastructure,5,local_similarity,aa,0.6657137346643309,0.6654224058769512,0.5848484848484848,0.5848484848484848,0.5848484848484848,0.6515595478851445,330,330,330,660,35,13,638,0.9666666666666667,549,0.0,549,220,329,219,True,AA,0.006786298006772995
standard,power_grid,power-grid,infrastructure,5,local_similarity,ra,0.6656763646269609,0.6654132231404958,0.5848484848484848,0.5848484848484848,0.5848484848484848,0.6515517782778153,330,330,330,660,33,13,640,0.9696969696969697,549,0.0,549,220,329,219,True,RA,0.006786298006772995
standard,power_grid,power-grid,infrastructure,5,local_similarity,ja,0.6619750446115088,0.6648714416896234,0.5848484848484848,0.5848484848484848,0.5848484848484848,0.6504233930203753,330,330,330,660,25,16,651,0.9863636363636363,549,0.0,549,220,329,219,True,JA,0.006786298006772995
standard,power_grid,power-grid,infrastructure,5,local_similarity,sa,0.6611829914957585,0.6648255280073462,0.5848484848484848,0.5848484848484848,0.5848484848484848,0.6501979067377044,330,330,330,660,37,22,645,0.9772727272727273,549,0.0,549,220,329,219,True,SA,0.006786298006772995
standard,power_grid,power-grid,infrastructure,5,local_similarity,so,0.6619750446115088,0.6648714416896234,0.5848484848484848,0.5848484848484848,0.5848484848484848,0.6504233930203753,330,330,330,660,25,16,651,0.9863636363636363,549,0.0,549,220,329,219,True,SO,0.006786298006772995
standard,power_grid,power-grid,infrastructure,5,local_similarity,hpi,0.6611280795735468,0.6648347107438016,0.5848484848484848,0.5848484848484848,0.5848484848484848,0.6503183109743841,330,330,330,660,13,10,657,0.9954545454545455,549,0.0,549,220,329,219,True,HPI,0.006786298006772995
standard,power_grid,power-grid,infrastructure,5,local_similarity,hdi,0.6628370291613194,0.6649678604224059,0.5848484848484848,0.5848484848484848,0.5848484848484848,0.6509351233878229,330,330,330,660,19,17,658,0.996969696969697,549,0.0,549,220,329,219,True,HDI,0.006786298006772995
standard,power_grid,power-grid,infrastructure,5,local_similarity,llhn,0.660597165127415,0.6647750229568411,0.5848484848484848,0.5848484848484848,0.5848484848484848,0.6497977043771498,330,330,330,660,30,22,652,0.9878787878787879,549,0.0,549,220,329,219,True,LLHN,0.006786298006772995
standard,power_1138_bus,power-1138-bus,infrastructure,1,local_similarity,cn,0.6846153846153846,0.6846153846153846,0.5692307692307692,0.5692307692307692,0.5692307692307692,0.667317950401946,65,65,65,130,3,3,130,1.0,106,0.0,106,41,65,41,True,CN,0.002615382894873619
standard,power_1138_bus,power-1138-bus,infrastructure,1,local_similarity,aa,0.6846153846153844,0.6846153846153846,0.5692307692307692,0.5692307692307692,0.5692307692307692,0.667317950401946,65,65,65,130,11,7,126,0.9692307692307692,106,0.0,106,41,65,41,True,AA,0.002615382894873619
standard,power_1138_bus,power-1138-bus,infrastructure,1,local_similarity,ra,0.6846153846153844,0.6846153846153846,0.5692307692307692,0.5692307692307692,0.5692307692307692,0.667317950401946,65,65,65,130,11,7,126,0.9692307692307692,106,0.0,106,41,65,41,True,RA,0.002615382894873619
standard,power_1138_bus,power-1138-bus,infrastructure,1,local_similarity,ja,0.6846153846153846,0.6846153846153846,0.5692307692307692,0.5692307692307692,0.5692307692307692,0.667317950401946,65,65,65,130,13,7,124,0.9538461538461539,106,0.0,106,41,65,41,True,JA,0.002615382894873619
standard,power_1138_bus,power-1138-bus,infrastructure,1,local_similarity,sa,0.6846153846153846,0.6846153846153846,0.5692307692307692,0.5692307692307692,0.5692307692307692,0.667317950401946,65,65,65,130,15,8,123,0.9461538461538461,106,0.0,106,41,65,41,True,SA,0.002615382894873619
standard,power_1138_bus,power-1138-bus,infrastructure,1,local_similarity,so,0.6846153846153846,0.6846153846153846,0.5692307692307692,0.5692307692307692,0.5692307692307692,0.667317950401946,65,65,65,130,13,7,124,0.9538461538461539,106,0.0,106,41,65,41,True,SO,0.002615382894873619
standard,power_1138_bus,power-1138-bus,infrastructure,1,local_similarity,hpi,0.6846153846153846,0.6846153846153846,0.5692307692307692,0.5692307692307692,0.5692307692307692,0.667317950401946,65,65,65,130,7,5,128,0.9846153846153847,106,0.0,106,41,65,41,True,HPI,0.002615382894873619
standard,power_1138_bus,power-1138-bus,infrastructure,1,local_similarity,hdi,0.6846153846153846,0.6846153846153846,0.5692307692307692,0.5692307692307692,0.5692307692307692,0.667317950401946,65,65,65,130,9,7,128,0.9846153846153847,106,0.0,106,41,65,41,True,HDI,0.002615382894873619
standard,power_1138_bus,power-1138-bus,infrastructure,1,local_similarity,llhn,0.6846153846153846,0.6846153846153846,0.5692307692307692,0.5692307692307692,0.5692307692307692,0.667317950401946,65,65,65,130,14,7,123,0.9461538461538461,106,0.0,106,41,65,41,True,LLHN,0.002615382894873619
standard,power_1138_bus,power-1138-bus,infrastructure,2,local_similarity,cn,0.6953125,0.6953125,0.65625,0.65625,0.65625,0.7324234713353902,64,64,64,128,5,3,126,0.984375,103,0.0,103,39,64,39,True,CN,0.004207608290016651
standard,power_1138_bus,power-1138-bus,infrastructure,2,local_similarity,aa,0.6953125,0.6953125,0.65625,0.65625,0.65625,0.7324234713353902,64,64,64,128,14,7,121,0.9453125,103,0.0,103,39,64,39,True,AA,0.004207608290016651
standard,power_1138_bus,power-1138-bus,infrastructure,2,local_similarity,ra,0.6953125,0.6953125,0.65625,0.65625,0.65625,0.7324234713353902,64,64,64,128,14,7,121,0.9453125,103,0.0,103,39,64,39,True,RA,0.004207608290016651
standard,power_1138_bus,power-1138-bus,infrastructure,2,local_similarity,ja,0.6953125,0.6953125,0.65625,0.65625,0.65625,0.7324234713353902,64,64,64,128,13,6,121,0.9453125,103,0.0,103,39,64,39,True,JA,0.004207608290016651
standard,power_1138_bus,power-1138-bus,infrastructure,2,local_similarity,sa,0.6953125,0.6953125,0.65625,0.65625,0.65625,0.7324234713353902,64,64,64,128,17,7,118,0.921875,103,0.0,103,39,64,39,True,SA,0.004207608290016651
standard,power_1138_bus,power-1138-bus,infrastructure,2,local_similarity,so,0.6953125,0.6953125,0.65625,0.65625,0.65625,0.7324234713353902,64,64,64,128,13,6,121,0.9453125,103,0.0,103,39,64,39,True,SO,0.004207608290016651
standard,power_1138_bus,power-1138-bus,infrastructure,2,local_similarity,hpi,0.6953125,0.6953125,0.65625,0.65625,0.65625,0.7324234713353902,64,64,64,128,6,5,127,0.9921875,103,0.0,103,39,64,39,True,HPI,0.004207608290016651
standard,power_1138_bus,power-1138-bus,infrastructure,2,local_similarity,hdi,0.6953125,0.6953125,0.65625,0.65625,0.65625,0.7324234713353902,64,64,64,128,11,7,124,0.96875,103,0.0,103,39,64,39,True,HDI,0.004207608290016651
standard,power_1138_bus,power-1138-bus,infrastructure,2,local_similarity,llhn,0.6953125,0.6953125,0.65625,0.65625,0.65625,0.7324234713353902,64,64,64,128,17,7,118,0.921875,103,0.0,103,39,64,39,True,LLHN,0.004207608290016651
standard,power_1138_bus,power-1138-bus,infrastructure,3,local_similarity,cn,0.7578125,0.7578125,0.6875,0.6875,0.6875,0.7663865887570379,64,64,64,128,4,3,127,0.9921875,95,0.0,95,31,64,31,True,CN,0.004414753057062626
standard,power_1138_bus,power-1138-bus,infrastructure,3,local_similarity,aa,0.7578125,0.7578125,0.6875,0.6875,0.6875,0.7663865887570379,64,64,64,128,17,6,117,0.9140625,95,0.0,95,31,64,31,True,AA,0.004414753057062626
standard,power_1138_bus,power-1138-bus,infrastructure,3,local_similarity,ra,0.7578125,0.7578125,0.6875,0.6875,0.6875,0.7663865887570379,64,64,64,128,17,6,117,0.9140625,95,0.0,95,31,64,31,True,RA,0.004414753057062626
standard,power_1138_bus,power-1138-bus,infrastructure,3,local_similarity,ja,0.7578125,0.7578125,0.6875,0.6875,0.6875,0.7663865887570379,64,64,64,128,15,11,124,0.96875,95,0.0,95,31,64,31,True,JA,0.004414753057062626
standard,power_1138_bus,power-1138-bus,infrastructure,3,local_similarity,sa,0.7578125,0.7578125,0.6875,0.6875,0.6875,0.7663865887570379,64,64,64,128,20,10,118,0.921875,95,0.0,95,31,64,31,True,SA,0.004414753057062626
standard,power_1138_bus,power-1138-bus,infrastructure,3,local_similarity,so,0.7578125,0.7578125,0.6875,0.6875,0.6875,0.7663865887570379,64,64,64,128,15,11,124,0.96875,95,0.0,95,31,64,31,True,SO,0.004414753057062626
standard,power_1138_bus,power-1138-bus,infrastructure,3,local_similarity,hpi,0.7578125,0.7578125,0.6875,0.6875,0.6875,0.7663865887570379,64,64,64,128,9,7,126,0.984375,95,0.0,95,31,64,31,True,HPI,0.004414753057062626
standard,power_1138_bus,power-1138-bus,infrastructure,3,local_similarity,hdi,0.7578125,0.7578125,0.6875,0.6875,0.6875,0.7663865887570379,64,64,64,128,14,8,122,0.953125,95,0.0,95,31,64,31,True,HDI,0.004414753057062626
standard,power_1138_bus,power-1138-bus,infrastructure,3,local_similarity,llhn,0.7578125,0.7578125,0.6875,0.6875,0.6875,0.7663865887570379,64,64,64,128,20,8,116,0.90625,95,0.0,95,31,64,31,True,LLHN,0.004414753057062626
standard,power_1138_bus,power-1138-bus,infrastructure,4,local_similarity,cn,0.7109375,0.7109375,0.671875,0.671875,0.671875,0.7533919800580622,64,64,64,128,4,4,128,1.0,101,0.0,101,37,64,37,True,CN,0.0026788953691720963
standard,power_1138_bus,power-1138-bus,infrastructure,4,local_similarity,aa,0.7109375,0.7109375,0.671875,0.671875,0.671875,0.7533919800580622,64,64,64,128,15,7,120,0.9375,101,0.0,101,37,64,37,True,AA,0.0026788953691720963
standard,power_1138_bus,power-1138-bus,infrastructure,4,local_similarity,ra,0.7109375,0.7109375,0.671875,0.671875,0.671875,0.7533919800580622,64,64,64,128,14,8,122,0.953125,101,0.0,101,37,64,37,True,RA,0.0026788953691720963
standard,power_1138_bus,power-1138-bus,infrastructure,4,local_similarity,ja,0.7109375,0.7109375,0.671875,0.671875,0.671875,0.7533919800580622,64,64,64,128,17,5,116,0.90625,101,0.0,101,37,64,37,True,JA,0.0026788953691720963
standard,power_1138_bus,power-1138-bus,infrastructure,4,local_similarity,sa,0.7109375,0.7109375,0.671875,0.671875,0.671875,0.7533919800580622,64,64,64,128,18,8,118,0.921875,101,0.0,101,37,64,37,True,SA,0.0026788953691720963
standard,power_1138_bus,power-1138-bus,infrastructure,4,local_similarity,so,0.7109375,0.7109375,0.671875,0.671875,0.671875,0.7533919800580622,64,64,64,128,17,5,116,0.90625,101,0.0,101,37,64,37,True,SO,0.0026788953691720963
standard,power_1138_bus,power-1138-bus,infrastructure,4,local_similarity,hpi,0.7109375,0.7109375,0.671875,0.671875,0.671875,0.7533919800580622,64,64,64,128,7,6,127,0.9921875,101,0.0,101,37,64,37,True,HPI,0.0026788953691720963
standard,power_1138_bus,power-1138-bus,infrastructure,4,local_similarity,hdi,0.7109375,0.7109375,0.671875,0.671875,0.671875,0.7533919800580622,64,64,64,128,16,6,118,0.921875,101,0.0,101,37,64,37,True,HDI,0.0026788953691720963
standard,power_1138_bus,power-1138-bus,infrastructure,4,local_similarity,llhn,0.7109375,0.7109375,0.671875,0.671875,0.671875,0.7533919800580622,64,64,64,128,17,8,119,0.9296875,101,0.0,101,37,64,37,True,LLHN,0.0026788953691720963
standard,power_1138_bus,power-1138-bus,infrastructure,5,local_similarity,cn,0.6640625,0.6640625,0.59375,0.59375,0.59375,0.6853416786544688,64,64,64,128,4,3,127,0.9921875,107,0.0,107,43,64,43,True,CN,0.002606114372611046
standard,power_1138_bus,power-1138-bus,infrastructure,5,local_similarity,aa,0.6640625,0.6640625,0.59375,0.59375,0.59375,0.6853416786544688,64,64,64,128,12,8,124,0.96875,107,0.0,107,43,64,43,True,AA,0.002606114372611046
standard,power_1138_bus,power-1138-bus,infrastructure,5,local_similarity,ra,0.6640625,0.6640625,0.59375,0.59375,0.59375,0.6853416786544688,64,64,64,128,12,8,124,0.96875,107,0.0,107,43,64,43,True,RA,0.002606114372611046
standard,power_1138_bus,power-1138-bus,infrastructure,5,local_similarity,ja,0.6640625,0.6640625,0.59375,0.59375,0.59375,0.6853416786544688,64,64,64,128,13,6,121,0.9453125,107,0.0,107,43,64,43,True,JA,0.002606114372611046
standard,power_1138_bus,power-1138-bus,infrastructure,5,local_similarity,sa,0.6640625,0.6640625,0.59375,0.59375,0.59375,0.6853416786544688,64,64,64,128,15,7,120,0.9375,107,0.0,107,43,64,43,True,SA,0.002606114372611046
standard,power_1138_bus,power-1138-bus,infrastructure,5,local_similarity,so,0.6640625,0.6640625,0.59375,0.59375,0.59375,0.6853416786544688,64,64,64,128,13,6,121,0.9453125,107,0.0,107,43,64,43,True,SO,0.002606114372611046
standard,power_1138_bus,power-1138-bus,infrastructure,5,local_similarity,hpi,0.6640625,0.6640625,0.59375,0.59375,0.59375,0.6853416786544688,64,64,64,128,7,4,125,0.9765625,107,0.0,107,43,64,43,True,HPI,0.002606114372611046
standard,power_1138_bus,power-1138-bus,infrastructure,5,local_similarity,hdi,0.6640625,0.6640625,0.59375,0.59375,0.59375,0.6853416786544688,64,64,64,128,11,7,124,0.96875,107,0.0,107,43,64,43,True,HDI,0.002606114372611046
standard,power_1138_bus,power-1138-bus,infrastructure,5,local_similarity,llhn,0.6640625,0.6640625,0.59375,0.59375,0.59375,0.6853416786544688,64,64,64,128,15,7,120,0.9375,107,0.0,107,43,64,43,True,LLHN,0.002606114372611046
