benchmark,network_id,network,domain,negative_ratio,is_primary_ratio,family,method_id,method,average_precision_mean,average_precision_std,roc_auc_mean,roc_auc_std,precision_mean,precision_std,recall_mean,recall_std,f1_mean,f1_std,ndcg_mean,ndcg_std
standard,ca_grqc,ca-GrQc,scientific_collaboration,1,True,local_similarity,aa,AA,0.9667049271219333,0.0037345049531455348,0.9665936336956247,0.0037576029622871008,0.9382622773880194,0.005919123403430636,0.9382622773880194,0.005919123403430636,0.9382622773880194,0.005919123403430636,0.9482366814312913,0.005007428888216474
standard,ca_grqc,ca-GrQc,scientific_collaboration,1,True,enhanced_local,car_aa,CAR-AA,0.8506057809214045,0.008656058133259679,0.8504962853953376,0.008577789566053151,0.7729087965461414,0.01086323811340411,0.7729087965461414,0.01086323811340411,0.7729087965461414,0.010863238113404132,0.8062599352675346,0.009526811827318207
standard,ca_grqc,ca-GrQc,scientific_collaboration,1,True,enhanced_local,car_cn,CAR-CN,0.8504856860755581,0.008565048855124205,0.8504570555354437,0.00854971645048597,0.7729087965461414,0.01086323811340411,0.7729087965461414,0.01086323811340411,0.7729087965461414,0.010863238113404132,0.8062516477149126,0.009520794418081197
standard,ca_grqc,ca-GrQc,scientific_collaboration,1,True,enhanced_local,car_ra,CAR-RA,0.8506555928706685,0.00866155962588055,0.8505251180317852,0.00858244424909574,0.7729087965461414,0.01086323811340411,0.7729087965461414,0.01086323811340411,0.7729087965461414,0.010863238113404132,0.8062663765787288,0.00952635450500402
standard,ca_grqc,ca-GrQc,scientific_collaboration,1,True,local_similarity,cn,CN,0.965784431946364,0.003998439435667958,0.9662382059226895,0.0038695488002414256,0.9382622773880194,0.005919123403430636,0.9382622773880194,0.005919123403430636,0.9382622773880194,0.005919123403430636,0.9481880451175275,0.005020116074504968
standard,ca_grqc,ca-GrQc,scientific_collaboration,1,True,quasi_local_path,fl,FL-l3,0.9820305938209868,0.0031636655250474564,0.981985630862454,0.0031281722276434716,0.9676200755531571,0.005004651103883274,0.9676200755531571,0.005004651103883274,0.9676200755531571,0.005004651103883274,0.9727529013024458,0.0042544106318682775
standard,ca_grqc,ca-GrQc,scientific_collaboration,1,True,enhanced_local,fsw,FSW,0.966183580847157,0.0036798159223167468,0.9662230906314611,0.0037088809323991122,0.9382622773880194,0.005919123403430636,0.9382622773880194,0.005919123403430636,0.9382622773880194,0.005919123403430636,0.9481813986007109,0.005002438676116369
standard,ca_grqc,ca-GrQc,scientific_collaboration,1,True,local_similarity,hdi,HDI,0.965650561115863,0.003965857575319183,0.9659188043833762,0.003806728363265711,0.9382622773880194,0.005919123403430636,0.9382622773880194,0.005919123403430636,0.9382622773880194,0.005919123403430636,0.9481083554626956,0.0050334067103924305
standard,ca_grqc,ca-GrQc,scientific_collaboration,1,True,local_similarity,hpi,HPI,0.9635043098596178,0.005891573019193766,0.9654420174224846,0.004344371110866322,0.9382622773880194,0.005919123403430636,0.9382622773880194,0.005919123403430636,0.9382622773880194,0.005919123403430636,0.947731710516436,0.005261982598217626
standard,ca_grqc,ca-GrQc,scientific_collaboration,1,True,enhanced_local,ia1,IA1,0.9667321110171475,0.0037084768344434913,0.9666166124331571,0.003735351624889075,0.9382622773880194,0.005919123403430636,0.9382622773880194,0.005919123403430636,0.9382622773880194,0.005919123403430636,0.9482399043146916,0.005002605668252711
standard,ca_grqc,ca-GrQc,scientific_collaboration,1,True,enhanced_local,ia2,IA2,0.96669194102798,0.0037090520728800783,0.9665837024541816,0.0037356225835245543,0.9382622773880194,0.005919123403430636,0.9382622773880194,0.005919123403430636,0.9382622773880194,0.005919123403430636,0.9482353929010404,0.00500010728625985
standard,ca_grqc,ca-GrQc,scientific_collaboration,1,True,local_similarity,ja,JA,0.9656786264203292,0.004077585582424876,0.9659318518794656,0.003877756448344444,0.9382622773880194,0.005919123403430636,0.9382622773880194,0.005919123403430636,0.9382622773880194,0.005919123403430636,0.9481121782155393,0.005046877448516734
standard,ca_grqc,ca-GrQc,scientific_collaboration,1,True,enhanced_local,lit,LIT-i2,0.9331738985288535,0.0066746094441559635,0.9329805752489582,0.006748253968034779,0.8820291419320021,0.0091472888578127,0.8820291419320021,0.0091472888578127,0.8820291419320021,0.0091472888578127,0.9006164927716223,0.007816232936115362
standard,ca_grqc,ca-GrQc,scientific_collaboration,1,True,local_similarity,llhn,LLHN,0.9608115722548666,0.005989690299241147,0.9644124884341811,0.00419030238821303,0.9382622773880194,0.005919123403430636,0.9382622773880194,0.005919123403430636,0.9382622773880194,0.005919123403430636,0.947121114812617,0.005501845609338716
standard,ca_grqc,ca-GrQc,scientific_collaboration,1,True,local_bayesian,lnb_aa,LNB-AA,0.9666711682342409,0.003765712529958126,0.9665572288516252,0.003785278754245436,0.9382622773880194,0.005919123403430636,0.9382622773880194,0.005919123403430636,0.9382622773880194,0.005919123403430636,0.9482313885938712,0.005009471227351704
standard,ca_grqc,ca-GrQc,scientific_collaboration,1,True,local_bayesian,lnb_cn,LNB-CN,0.9663530965877541,0.003913966795637852,0.9663209468521314,0.0038871754245032274,0.9382622773880194,0.005919123403430636,0.9382622773880194,0.005919123403430636,0.9382622773880194,0.005919123403430636,0.9481929421381785,0.005028613298103796
standard,ca_grqc,ca-GrQc,scientific_collaboration,1,True,local_bayesian,lnb_ra,LNB-RA,0.9667526069238509,0.003694613320278794,0.9666217673590675,0.0037311269488744395,0.9382622773880194,0.005919123403430636,0.9382622773880194,0.005919123403430636,0.9382622773880194,0.005919123403430636,0.948241083139812,0.004999273697682975
standard,ca_grqc,ca-GrQc,scientific_collaboration,1,True,quasi_local_path,lpi,LPI-beta-0.001,0.9820305938209868,0.0031636655250474564,0.981985630862454,0.0031281722276434716,0.9676200755531571,0.005004651103883274,0.9676200755531571,0.005004651103883274,0.9676200755531571,0.005004651103883274,0.9727529013024458,0.0042544106318682775
standard,ca_grqc,ca-GrQc,scientific_collaboration,1,True,quasi_local_walk,lrw,LRW-l3,0.9534237051067892,0.004969398233179982,0.9524259459944332,0.005174745511766024,0.9137614678899082,0.008258820479784672,0.9137614678899082,0.008258820479784672,0.9137614678899082,0.008258820479784672,0.9274802460168964,0.007021024090259118
standard,ca_grqc,ca-GrQc,scientific_collaboration,1,True,quasi_local_path,ora_cni,ORA-CNI-beta-0.001,0.9818539635006669,0.003176595043708484,0.9817546785321218,0.0031066517375469326,0.9676200755531571,0.005004651103883274,0.9676200755531571,0.005004651103883274,0.9676200755531571,0.005004651103883274,0.9727115512794082,0.004259144889836275
standard,ca_grqc,ca-GrQc,scientific_collaboration,1,True,degree_based,pa,PA,0.8628888089330177,0.004232154817945291,0.8421915541344399,0.0054118808866969745,0.7597409606044253,0.007030164735879981,0.7597409606044253,0.007030164735879981,0.7597409606044252,0.007030164735879957,0.7891579073809867,0.006257773667806515
standard,ca_grqc,ca-GrQc,scientific_collaboration,1,True,quasi_local_walk,pfp,PFP-l3,0.9810902095099152,0.0039359048233712475,0.9815711689944895,0.0032541197698459333,0.9675121424716675,0.00478753483350607,0.9675121424716675,0.00478753483350607,0.9675121424716675,0.00478753483350607,0.9724936590610757,0.004161737124625949
standard,ca_grqc,ca-GrQc,scientific_collaboration,1,True,local_similarity,ra,RA,0.9667647408342134,0.003671798954338585,0.9666411056122,0.0037089697073379464,0.9382622773880194,0.005919123403430636,0.9382622773880194,0.005919123403430636,0.9382622773880194,0.005919123403430636,0.9482439093259798,0.004997229373534055
standard,ca_grqc,ca-GrQc,scientific_collaboration,1,True,enhanced_local,ra_cni,RA-CNI,0.9815997873654503,0.0031757162412137836,0.9815060771334185,0.0030986198165334974,0.9671883432271992,0.005223894242991951,0.9671883432271992,0.005223894242991951,0.9671883432271992,0.005223894242991951,0.9723512695160966,0.00444141446985952
standard,ca_grqc,ca-GrQc,scientific_collaboration,1,True,local_similarity,sa,SA,0.9656977021096192,0.0041908399880069705,0.9659397735735199,0.003948871216039916,0.9382622773880194,0.005919123403430636,0.9382622773880194,0.005919123403430636,0.9382622773880194,0.005919123403430636,0.948110179679136,0.005060425104724581
standard,ca_grqc,ca-GrQc,scientific_collaboration,1,True,local_similarity,so,SO,0.9656786264203292,0.004077585582424876,0.9659318518794656,0.003877756448344444,0.9382622773880194,0.005919123403430636,0.9382622773880194,0.005919123403430636,0.9382622773880194,0.005919123403430636,0.9481121782155393,0.005046877448516734
standard,ca_grqc,ca-GrQc,scientific_collaboration,1,True,quasi_local_walk,srw,SRW-l3,0.9830306537905141,0.0028679149873342786,0.9826687022313839,0.0029212844917775403,0.9677280086346466,0.0052238942429918955,0.9677280086346466,0.0052238942429918955,0.9677280086346466,0.0052238942429918955,0.9729435889688958,0.004400893506398309
standard,ca_grqc,ca-GrQc,scientific_collaboration,5,False,local_similarity,aa,AA,0.943375406977059,0.005924939514718523,0.9666768114831944,0.0035476047443072987,0.9349163518618457,0.007145218906708519,0.9349163518618457,0.007145218906708519,0.9349163518618457,0.007145218906708519,0.9452702340108404,0.006017038078989418
standard,ca_grqc,ca-GrQc,scientific_collaboration,5,False,enhanced_local,car_aa,CAR-AA,0.7509180186891534,0.014379027348664518,0.8505962676588977,0.008627383252067923,0.7174311926605504,0.014168658078674741,0.7174311926605504,0.014168658078674741,0.7174311926605504,0.014168658078674738,0.75893512401168,0.01246377551810053
standard,ca_grqc,ca-GrQc,scientific_collaboration,5,False,enhanced_local,car_cn,CAR-CN,0.7505504232949516,0.014256095725210338,0.8505724152051093,0.008618804217526288,0.7174311926605504,0.014168658078674741,0.7174311926605504,0.014168658078674741,0.7174311926605504,0.014168658078674738,0.758908898247752,0.012449659395084701
standard,ca_grqc,ca-GrQc,scientific_collaboration,5,False,enhanced_local,car_ra,CAR-RA,0.7510041233649777,0.01439217272030449,0.850605960084564,0.008628705749341894,0.7174311926605504,0.014168658078674741,0.7174311926605504,0.014168658078674741,0.7174311926605504,0.014168658078674738,0.7589464070506184,0.012465831794296906
standard,ca_grqc,ca-GrQc,scientific_collaboration,5,False,local_similarity,cn,CN,0.9389930155602471,0.006074024646255202,0.9663316644382048,0.003557637557973372,0.9349163518618457,0.007145218906708519,0.9349163518618457,0.007145218906708519,0.9349163518618457,0.007145218906708519,0.9450366040150335,0.006029004234753562
standard,ca_grqc,ca-GrQc,scientific_collaboration,5,False,quasi_local_path,fl,FL-l3,0.9648769666130372,0.004565079887093331,0.9820011830118105,0.0026840159458522035,0.9489476524554776,0.0059314114037924085,0.9489476524554776,0.0059314114037924085,0.9489476524554776,0.0059314114037924085,0.9565989080346441,0.005038728819534602
standard,ca_grqc,ca-GrQc,scientific_collaboration,5,False,enhanced_local,fsw,FSW,0.940898363663422,0.005979768374147948,0.9663046491315697,0.00354751876303597,0.9349163518618457,0.007145218906708519,0.9349163518618457,0.007145218906708519,0.9349163518618457,0.007145218906708519,0.945003972311517,0.006025607367133159
standard,ca_grqc,ca-GrQc,scientific_collaboration,5,False,local_similarity,hdi,HDI,0.9383931550222261,0.007244408292433864,0.9660354222044502,0.0036050849263568616,0.9349163518618457,0.007145218906708519,0.9349163518618457,0.007145218906708519,0.9349163518618457,0.007145218906708519,0.9446155615916304,0.006278791437167784
standard,ca_grqc,ca-GrQc,scientific_collaboration,5,False,local_similarity,hpi,HPI,0.9299028174466845,0.006916553929747938,0.9656394714715624,0.0035771299339404775,0.9349163518618457,0.007145218906708519,0.9349163518618457,0.007145218906708519,0.9349163518618457,0.007145218906708519,0.943258239170461,0.006211020782998059
standard,ca_grqc,ca-GrQc,scientific_collaboration,5,False,enhanced_local,ia1,IA1,0.9434329154197713,0.005913344615865652,0.9666853156547527,0.003544565394277877,0.9349163518618457,0.007145218906708519,0.9349163518618457,0.007145218906708519,0.9349163518618457,0.007145218906708519,0.9452776718992333,0.006016007048430937
standard,ca_grqc,ca-GrQc,scientific_collaboration,5,False,enhanced_local,ia2,IA2,0.9431781051452418,0.00590101458811507,0.9666443092384718,0.003543123718751022,0.9349163518618457,0.007145218906708519,0.9349163518618457,0.007145218906708519,0.9349163518618457,0.007145218906708519,0.9452483353118927,0.006013662807507643
standard,ca_grqc,ca-GrQc,scientific_collaboration,5,False,local_similarity,ja,JA,0.938524142191771,0.007298196576655787,0.9660570204702982,0.003609836984735099,0.9349163518618457,0.007145218906708519,0.9349163518618457,0.007145218906708519,0.9349163518618457,0.007145218906708519,0.9446243989524371,0.006281135617512897
standard,ca_grqc,ca-GrQc,scientific_collaboration,5,False,enhanced_local,lit,LIT-i2,0.8864988395888507,0.010883239379921429,0.9330489464583767,0.006508380620774405,0.8700485698866703,0.011844395587625406,0.8700485698866703,0.011844395587625406,0.8700485698866703,0.011844395587625406,0.8902222260216106,0.010098350148533788
standard,ca_grqc,ca-GrQc,scientific_collaboration,5,False,local_similarity,llhn,LLHN,0.9176684675922819,0.00899471913520792,0.9646395672891117,0.0036222757512814788,0.9349163518618457,0.007145218906708519,0.9349163518618457,0.007145218906708519,0.9349163518618457,0.007145218906708519,0.9405543252980545,0.007063597795767425
standard,ca_grqc,ca-GrQc,scientific_collaboration,5,False,local_bayesian,lnb_aa,LNB-AA,0.9432255724866812,0.00590799189836352,0.9666408784459734,0.0035421744310753602,0.9349163518618457,0.007145218906708519,0.9349163518618457,0.007145218906708519,0.9349163518618457,0.007145218906708519,0.9452468480210431,0.006014474777953932
standard,ca_grqc,ca-GrQc,scientific_collaboration,5,False,local_bayesian,lnb_cn,LNB-CN,0.9417652802644081,0.00597313689001698,0.9664058604226632,0.003540310265559589,0.9349163518618457,0.007145218906708519,0.9349163518618457,0.007145218906708519,0.9349163518618457,0.007145218906708519,0.9450727258118871,0.0060220815220479946
standard,ca_grqc,ca-GrQc,scientific_collaboration,5,False,local_bayesian,lnb_ra,LNB-RA,0.9434372171477955,0.00581804179356426,0.9666777143233256,0.003532930266748193,0.9349163518618457,0.007145218906708519,0.9349163518618457,0.007145218906708519,0.9349163518618457,0.007145218906708519,0.9452716900252387,0.006002781145112163
standard,ca_grqc,ca-GrQc,scientific_collaboration,5,False,quasi_local_path,lpi,LPI-beta-0.001,0.9648769666130372,0.004565079887093331,0.9820011830118105,0.0026840159458522035,0.9489476524554776,0.0059314114037924085,0.9489476524554776,0.0059314114037924085,0.9489476524554776,0.0059314114037924085,0.9565989080346441,0.005038728819534602
standard,ca_grqc,ca-GrQc,scientific_collaboration,5,False,quasi_local_walk,lrw,LRW-l3,0.9179227122316347,0.008207138559011297,0.9522825808063761,0.004896509391444568,0.9019967620075553,0.008520904932719318,0.9019967620075553,0.008520904932719318,0.9019967620075553,0.00852090493271936,0.917037449513194,0.007268194592289895
standard,ca_grqc,ca-GrQc,scientific_collaboration,5,False,quasi_local_path,ora_cni,ORA-CNI-beta-0.001,0.9630894535821571,0.00452119116008123,0.9816290789079363,0.0026671515527197185,0.9420399352401511,0.0057696264483126074,0.9420399352401511,0.0057696264483126074,0.9420399352401511,0.0057696264483126074,0.9505394717505548,0.0050284551802096435
standard,ca_grqc,ca-GrQc,scientific_collaboration,5,False,degree_based,pa,PA,0.658658731740225,0.007437372405120353,0.8423357173166777,0.00426681884712885,0.5866162978953049,0.007574564947446431,0.5866162978953049,0.007574564947446431,0.5866162978953049,0.007574564947446431,0.6319007391714001,0.006898168829220237
standard,ca_grqc,ca-GrQc,scientific_collaboration,5,False,quasi_local_walk,pfp,PFP-l3,0.9590425672217038,0.004193641880874526,0.9815276229762911,0.0026503695099887063,0.9467889908256881,0.0061483973528877155,0.9467889908256881,0.0061483973528877155,0.9467889908256881,0.0061483973528877155,0.9537221364433552,0.005170810416583924
standard,ca_grqc,ca-GrQc,scientific_collaboration,5,False,local_similarity,ra,RA,0.9433893084696917,0.005698160338661025,0.9666844419384967,0.003522704452418362,0.9349163518618457,0.007145218906708519,0.9349163518618457,0.007145218906708519,0.9349163518618457,0.007145218906708519,0.9452707117970848,0.005985468875990327
standard,ca_grqc,ca-GrQc,scientific_collaboration,5,False,enhanced_local,ra_cni,RA-CNI,0.9627010944921605,0.004525540056373091,0.9813799474547042,0.002664524166893494,0.9420399352401511,0.0057696264483126074,0.9420399352401511,0.0057696264483126074,0.9420399352401511,0.0057696264483126074,0.9505404067559364,0.005028483076872067
standard,ca_grqc,ca-GrQc,scientific_collaboration,5,False,local_similarity,sa,SA,0.9386926503783657,0.007356429980754941,0.9660755723788002,0.003615214458168581,0.9349163518618457,0.007145218906708519,0.9349163518618457,0.007145218906708519,0.9349163518618457,0.007145218906708519,0.9446274027775035,0.00628673958413854
standard,ca_grqc,ca-GrQc,scientific_collaboration,5,False,local_similarity,so,SO,0.938524142191771,0.007298196576655787,0.9660570204702982,0.003609836984735099,0.9349163518618457,0.007145218906708519,0.9349163518618457,0.007145218906708519,0.9349163518618457,0.007145218906708519,0.9446243989524371,0.006281135617512897
standard,ca_grqc,ca-GrQc,scientific_collaboration,5,False,quasi_local_walk,srw,SRW-l3,0.9694069964457915,0.004380573553410769,0.9826604951233527,0.0026976917567783846,0.9536967080410147,0.0042732504899792995,0.9536967080410147,0.0042732504899792995,0.9536967080410147,0.0042732504899792995,0.9609726984863729,0.0036223589767838574
standard,ca_grqc,ca-GrQc,scientific_collaboration,10,False,local_similarity,aa,AA,0.9365427823897106,0.00657972983073544,0.9666833031949764,0.003560626383093939,0.9343766864543983,0.007042581874909795,0.9343766864543983,0.007042581874909795,0.9343766864543983,0.007042581874909795,0.9446063923503528,0.0059419675607749545
standard,ca_grqc,ca-GrQc,scientific_collaboration,10,False,enhanced_local,car_aa,CAR-AA,0.7278950326962438,0.01568078495132619,0.850586758713645,0.008641860448336675,0.7087965461413923,0.01656166225441214,0.7087965461413923,0.01656166225441214,0.7087965461413923,0.01656166225441214,0.751533010519524,0.014490353495964175
standard,ca_grqc,ca-GrQc,scientific_collaboration,10,False,enhanced_local,car_cn,CAR-CN,0.7271100876653913,0.01554480805446424,0.8505592279144188,0.008635781084813022,0.7087965461413923,0.01656166225441214,0.7087965461413923,0.01656166225441214,0.7087965461413923,0.01656166225441214,0.7514731589455381,0.014472740018817955
standard,ca_grqc,ca-GrQc,scientific_collaboration,10,False,enhanced_local,car_ra,CAR-RA,0.7281765878717865,0.015717938914980398,0.8506022700895762,0.008644343531787174,0.7087965461413923,0.01656166225441214,0.7087965461413923,0.01656166225441214,0.7087965461413923,0.01656166225441214,0.7515700823933692,0.014495256688379098
standard,ca_grqc,ca-GrQc,scientific_collaboration,10,False,local_similarity,cn,CN,0.9279304746705709,0.0071267142585561835,0.966324339783592,0.0035899091139586425,0.9343766864543983,0.007042581874909795,0.9343766864543983,0.007042581874909795,0.9343766864543983,0.007042581874909795,0.9441045424912271,0.005993344751213995
standard,ca_grqc,ca-GrQc,scientific_collaboration,10,False,quasi_local_path,fl,FL-l3,0.9546905795189083,0.005992915944806915,0.9819760782313885,0.002809458989166734,0.9370750134916352,0.006183821483273066,0.9370750134916352,0.006183821483273066,0.9370750134916352,0.006183821483273066,0.9460102250737163,0.005291927574313742
standard,ca_grqc,ca-GrQc,scientific_collaboration,10,False,enhanced_local,fsw,FSW,0.9320656794941868,0.006841426817647484,0.9663408937942556,0.0035776000878807355,0.9343766864543983,0.007042581874909795,0.9343766864543983,0.007042581874909795,0.9343766864543983,0.007042581874909795,0.9441153193653091,0.005979374897198645
standard,ca_grqc,ca-GrQc,scientific_collaboration,10,False,local_similarity,hdi,HDI,0.927327830697535,0.008276582601462822,0.9660863831612744,0.003609987494460078,0.9343766864543983,0.007042581874909795,0.9343766864543983,0.007042581874909795,0.9343766864543983,0.007042581874909795,0.943395158915251,0.0062761039786933225
standard,ca_grqc,ca-GrQc,scientific_collaboration,10,False,local_similarity,hpi,HPI,0.9140091175674128,0.007832215739200288,0.9657994926038462,0.0035947250645617227,0.9343766864543983,0.007042581874909795,0.9343766864543983,0.007042581874909795,0.9343766864543983,0.007042581874909795,0.9404982936999342,0.006055598706487511
standard,ca_grqc,ca-GrQc,scientific_collaboration,10,False,enhanced_local,ia1,IA1,0.9368304700921751,0.006559363271627583,0.9667049334970871,0.0035584446826450126,0.9343766864543983,0.007042581874909795,0.9343766864543983,0.007042581874909795,0.9343766864543983,0.007042581874909795,0.9446423032441869,0.005941220182607541
standard,ca_grqc,ca-GrQc,scientific_collaboration,10,False,enhanced_local,ia2,IA2,0.9364228427328053,0.006525389213685536,0.9666718837235108,0.0035568981107438366,0.9343766864543983,0.007042581874909795,0.9343766864543983,0.007042581874909795,0.9343766864543983,0.007042581874909795,0.9445955665696311,0.005936571630359671
standard,ca_grqc,ca-GrQc,scientific_collaboration,10,False,local_similarity,ja,JA,0.927835029310377,0.008379271227458168,0.9661259275590203,0.003613875209697233,0.9343766864543983,0.007042581874909795,0.9343766864543983,0.007042581874909795,0.9343766864543983,0.007042581874909795,0.9434389035194226,0.006278160992368637
standard,ca_grqc,ca-GrQc,scientific_collaboration,10,False,enhanced_local,lit,LIT-i2,0.8732916299934257,0.011584350248881388,0.9330591369023089,0.006468113978116759,0.8686454398273071,0.012819751469937935,0.8686454398273071,0.012819751469937935,0.8686454398273071,0.012819751469937949,0.8886572996425048,0.010884041404107658
standard,ca_grqc,ca-GrQc,scientific_collaboration,10,False,local_similarity,llhn,LLHN,0.8920626085969111,0.010099779070074007,0.9648656763189984,0.0036415851932286285,0.9343766864543983,0.007042581874909795,0.9343766864543983,0.007042581874909795,0.9343766864543983,0.007042581874909795,0.9364864560608339,0.007137308939181381
standard,ca_grqc,ca-GrQc,scientific_collaboration,10,False,local_bayesian,lnb_aa,LNB-AA,0.9361400986041831,0.00665463334567462,0.9666379514965158,0.003567122320362504,0.9343766864543983,0.007042581874909795,0.9343766864543983,0.007042581874909795,0.9343766864543983,0.007042581874909795,0.9445482126442792,0.005951450188648152
standard,ca_grqc,ca-GrQc,scientific_collaboration,10,False,local_bayesian,lnb_cn,LNB-CN,0.9329271777341175,0.007038671695888696,0.9663784082579001,0.00359345735246921,0.9343766864543983,0.007042581874909795,0.9343766864543983,0.007042581874909795,0.9343766864543983,0.007042581874909795,0.9441598820254555,0.006001625818300382
standard,ca_grqc,ca-GrQc,scientific_collaboration,10,False,local_bayesian,lnb_ra,LNB-RA,0.936845286746902,0.006454876554122807,0.966696962292445,0.003553351588232295,0.9343766864543983,0.007042581874909795,0.9343766864543983,0.007042581874909795,0.9343766864543983,0.007042581874909795,0.944632778597186,0.0059281340872813885
standard,ca_grqc,ca-GrQc,scientific_collaboration,10,False,quasi_local_path,lpi,LPI-beta-0.001,0.9546905795189083,0.005992915944806915,0.9819760782313885,0.002809458989166734,0.9370750134916352,0.006183821483273066,0.9370750134916352,0.006183821483273066,0.9370750134916352,0.006183821483273066,0.9460102250737163,0.005291927574313742
standard,ca_grqc,ca-GrQc,scientific_collaboration,10,False,quasi_local_walk,lrw,LRW-l3,0.9050406224757612,0.008773819818405342,0.952284765097016,0.004858632186605636,0.8863464651915812,0.009867173596934687,0.8863464651915812,0.009867173596934687,0.8863464651915812,0.00986717359693471,0.903405316822804,0.008368526081941984
standard,ca_grqc,ca-GrQc,scientific_collaboration,10,False,quasi_local_path,ora_cni,ORA-CNI-beta-0.001,0.951011773612424,0.005615707424231059,0.981614732487013,0.0028125098150451854,0.9185105234754453,0.007958921318808742,0.9185105234754453,0.007958921318808742,0.9185105234754453,0.007958921318808742,0.9300073693714893,0.006756752071662472
standard,ca_grqc,ca-GrQc,scientific_collaboration,10,False,degree_based,pa,PA,0.5561130112050099,0.006753323378024111,0.8424318523163237,0.002609443920475663,0.5167835941716137,0.0039027921709151965,0.5167835941716137,0.0039027921709151965,0.5167835941716137,0.0039027921709151965,0.5661773569363431,0.004165334518630788
standard,ca_grqc,ca-GrQc,scientific_collaboration,10,False,quasi_local_walk,pfp,PFP-l3,0.9451144125634887,0.005732389519681623,0.981632792202024,0.0027800856200382758,0.9288720992984348,0.005181912092458859,0.9288720992984348,0.005181912092458859,0.9288720992984351,0.005181912092458844,0.9373855667755487,0.004408148258080747
standard,ca_grqc,ca-GrQc,scientific_collaboration,10,False,local_similarity,ra,RA,0.9368703684451687,0.006319367434304096,0.9667110116498414,0.003546182596280899,0.9343766864543983,0.007042581874909795,0.9343766864543983,0.007042581874909795,0.9343766864543983,0.007042581874909795,0.9446457121631482,0.005908557747870135
standard,ca_grqc,ca-GrQc,scientific_collaboration,10,False,enhanced_local,ra_cni,RA-CNI,0.9506388434909349,0.005624550527929243,0.9813651146650653,0.0028092368123256678,0.9185105234754453,0.007958921318808742,0.9185105234754453,0.007958921318808742,0.9185105234754453,0.007958921318808742,0.9300078586536117,0.006757771020466626
standard,ca_grqc,ca-GrQc,scientific_collaboration,10,False,local_similarity,sa,SA,0.9283017249046441,0.008424699540059893,0.9661552465641836,0.003615770828459824,0.9343766864543983,0.007042581874909795,0.9343766864543983,0.007042581874909795,0.9343766864543983,0.007042581874909795,0.9434666951105447,0.006280532717006705
standard,ca_grqc,ca-GrQc,scientific_collaboration,10,False,local_similarity,so,SO,0.927835029310377,0.008379271227458168,0.9661259275590203,0.003613875209697233,0.9343766864543983,0.007042581874909795,0.9343766864543983,0.007042581874909795,0.9343766864543983,0.007042581874909795,0.9434389035194226,0.006278160992368637
standard,ca_grqc,ca-GrQc,scientific_collaboration,10,False,quasi_local_walk,srw,SRW-l3,0.9638246363443029,0.005089912360246224,0.9826789450982917,0.0027486413513492726,0.9411764705882353,0.006487218176023374,0.9411764705882353,0.006487218176023374,0.9411764705882353,0.006487218176023374,0.9502909219003474,0.005462431374957259
standard,ca_hepth,ca-HepTh,scientific_collaboration,1,True,local_similarity,aa,AA,0.9365702640989475,0.002562805655307906,0.9365065520784486,0.0025591689303839016,0.8879335531980134,0.005040648512099952,0.8879335531980134,0.005040648512099952,0.8879335531980134,0.005040648512099952,0.9041081437162009,0.004347420533774214
standard,ca_hepth,ca-HepTh,scientific_collaboration,1,True,enhanced_local,car_aa,CAR-AA,0.7405121719956682,0.003858339799907191,0.7404590183084541,0.0038962610980995327,0.6573689960195196,0.003630696992598243,0.6573689960195196,0.003630696992598243,0.6573689960195196,0.003630696992598243,0.6971291531671893,0.003432733096244645
standard,ca_hepth,ca-HepTh,scientific_collaboration,1,True,enhanced_local,car_cn,CAR-CN,0.7404351195257061,0.00390981055524106,0.7404421553188911,0.003910770201190259,0.6573689960195196,0.003630696992598243,0.6573689960195196,0.003630696992598243,0.6573689960195196,0.003630696992598243,0.6971231621819577,0.003435800847074849
standard,ca_hepth,ca-HepTh,scientific_collaboration,1,True,enhanced_local,car_ra,CAR-RA,0.7405148813556999,0.0038597346842312295,0.7404595822042825,0.0038967463871271016,0.6573689960195196,0.003630696992598243,0.6573689960195196,0.003630696992598243,0.6573689960195196,0.003630696992598243,0.697129596340284,0.003432784106769627
standard,ca_hepth,ca-HepTh,scientific_collaboration,1,True,local_similarity,cn,CN,0.9358040715979937,0.0024963680681601855,0.9362727446126391,0.0025190964839515643,0.8879335531980134,0.005040648512099952,0.8879335531980134,0.005040648512099952,0.8879335531980134,0.005040648512099952,0.9040596363104152,0.004340545101160521
standard,ca_hepth,ca-HepTh,scientific_collaboration,1,True,quasi_local_path,fl,FL-l3,0.9678464769819755,0.0019264698168619115,0.9677248014786739,0.0019197329516751787,0.9416164587478273,0.0034369754141358165,0.9416164587478273,0.0034369754141358165,0.9416164587478273,0.0034369754141358165,0.9501044336204376,0.002935635684504437
standard,ca_hepth,ca-HepTh,scientific_collaboration,1,True,enhanced_local,fsw,FSW,0.9359854343793182,0.002571915408705478,0.936189912537387,0.0025576607676619347,0.8879335531980134,0.005040648512099952,0.8879335531980134,0.005040648512099952,0.8879335531980134,0.005040648512099952,0.9040360053209355,0.004344641381961044
standard,ca_hepth,ca-HepTh,scientific_collaboration,1,True,local_similarity,hdi,HDI,0.9356346079265784,0.002649529538114598,0.9360742729051402,0.0026116155980052207,0.8879335531980134,0.005040648512099952,0.8879335531980134,0.005040648512099952,0.8879335531980134,0.005040648512099952,0.9039882087891524,0.004353560564693171
standard,ca_hepth,ca-HepTh,scientific_collaboration,1,True,local_similarity,hpi,HPI,0.9353547260739464,0.0020944025117562437,0.9360548671777297,0.0023758050874923995,0.8879335531980134,0.005040648512099952,0.8879335531980134,0.005040648512099952,0.8879335531980134,0.005040648512099952,0.9038927655009565,0.004170174937829164
standard,ca_hepth,ca-HepTh,scientific_collaboration,1,True,enhanced_local,ia1,IA1,0.9365502301068434,0.0025699701524496458,0.9364943256521325,0.0025638129396144604,0.8879335531980134,0.005040648512099952,0.8879335531980134,0.005040648512099952,0.8879335531980134,0.005040648512099952,0.9041058631202388,0.004348342258846886
standard,ca_hepth,ca-HepTh,scientific_collaboration,1,True,enhanced_local,ia2,IA2,0.9364120943953157,0.002623514845212958,0.9364088635666066,0.002585165814859129,0.8879335531980134,0.005040648512099952,0.8879335531980134,0.005040648512099952,0.8879335531980134,0.005040648512099952,0.904089964833538,0.004355616295850661
standard,ca_hepth,ca-HepTh,scientific_collaboration,1,True,local_similarity,ja,JA,0.9357129012711238,0.002581584662750016,0.9361123558444635,0.0025716144133066656,0.8879335531980134,0.005040648512099952,0.8879335531980134,0.005040648512099952,0.8879335531980134,0.005040648512099952,0.9039958665610752,0.004345291106569409
standard,ca_hepth,ca-HepTh,scientific_collaboration,1,True,enhanced_local,lit,LIT-i2,0.88777176085381,0.0032093062449428064,0.8877735339274819,0.003158511166761585,0.8179230840889626,0.0044184639588898435,0.8179230840889626,0.0044184639588898435,0.8179230840889626,0.004418463958889855,0.8431054463791672,0.0038889451076490836
standard,ca_hepth,ca-HepTh,scientific_collaboration,1,True,local_similarity,llhn,LLHN,0.9347914608393489,0.0024354453576269884,0.9358658691236508,0.002496501428413478,0.8879335531980134,0.005040648512099952,0.8879335531980134,0.005040648512099952,0.8879335531980134,0.005040648512099952,0.9037671089597815,0.0042431907336309286
standard,ca_hepth,ca-HepTh,scientific_collaboration,1,True,local_bayesian,lnb_aa,LNB-AA,0.9365558638416178,0.002582575863662871,0.936488925883302,0.002573394199904071,0.8879335531980134,0.005040648512099952,0.8879335531980134,0.005040648512099952,0.8879335531980134,0.005040648512099952,0.9041053102845382,0.004349864134811457
standard,ca_hepth,ca-HepTh,scientific_collaboration,1,True,local_bayesian,lnb_cn,LNB-CN,0.9363908910736363,0.0026109872184186434,0.9363903569418964,0.0025911047712672618,0.8879335531980134,0.005040648512099952,0.8879335531980134,0.005040648512099952,0.8879335531980134,0.005040648512099952,0.904085090413502,0.00435196142725072
standard,ca_hepth,ca-HepTh,scientific_collaboration,1,True,local_bayesian,lnb_ra,LNB-RA,0.9365277071089485,0.002610196992437445,0.9364709735412899,0.0025867170828419057,0.8879335531980134,0.005040648512099952,0.8879335531980134,0.005040648512099952,0.8879335531980134,0.005040648512099952,0.904102061308882,0.004353883721506565
standard,ca_hepth,ca-HepTh,scientific_collaboration,1,True,quasi_local_path,lpi,LPI-beta-0.001,0.9678464769819755,0.0019264698168619115,0.9677248014786739,0.0019197329516751787,0.9416164587478273,0.0034369754141358165,0.9416164587478273,0.0034369754141358165,0.9416164587478273,0.0034369754141358165,0.9501044336204376,0.002935635684504437
standard,ca_hepth,ca-HepTh,scientific_collaboration,1,True,quasi_local_walk,lrw,LRW-l3,0.9259987412329919,0.0025691869432390288,0.924766876376966,0.002559642283333407,0.8718532274141836,0.004244358082872361,0.8718532274141836,0.004244358082872361,0.8718532274141836,0.004244358082872361,0.8900501559926507,0.0036525645555173123
standard,ca_hepth,ca-HepTh,scientific_collaboration,1,True,quasi_local_path,ora_cni,ORA-CNI-beta-0.001,0.9678914960363135,0.0018166892099594713,0.9675374445233553,0.0018592376072024616,0.9416164587478273,0.0034369754141358165,0.9416164587478273,0.0034369754141358165,0.9416164587478273,0.0034369754141358165,0.9500852009094981,0.0029244984702662936
standard,ca_hepth,ca-HepTh,scientific_collaboration,1,True,degree_based,pa,PA,0.8352817232942801,0.002571408808192637,0.8253882061086035,0.0024377863421652293,0.7463045077998018,0.0033913149582840804,0.7463045077998018,0.0033913149582840804,0.7463045077998018,0.003391314958284049,0.7711835563743815,0.0028553970637465735
standard,ca_hepth,ca-HepTh,scientific_collaboration,1,True,quasi_local_walk,pfp,PFP-l3,0.9677402512371375,0.0017826602868789882,0.9676000913661834,0.0018889790119484048,0.9416164587478273,0.0034369754141358165,0.9416164587478273,0.0034369754141358165,0.9416164587478273,0.0034369754141358165,0.9500543820844639,0.002915123271194275
standard,ca_hepth,ca-HepTh,scientific_collaboration,1,True,local_similarity,ra,RA,0.9365436183692493,0.0025953491464331146,0.9364881015574408,0.0025767667030221937,0.8879335531980134,0.005040648512099952,0.8879335531980134,0.005040648512099952,0.8879335531980134,0.005040648512099952,0.9041053808948997,0.004351767426493655
standard,ca_hepth,ca-HepTh,scientific_collaboration,1,True,enhanced_local,ra_cni,RA-CNI,0.9674197625750101,0.001821383191279312,0.967066073135644,0.001867158995168713,0.9406887575770966,0.003566739250573641,0.9406887575770966,0.003566739250573641,0.9406887575770966,0.003566739250573641,0.9492950335716435,0.0030352439965297723
standard,ca_hepth,ca-HepTh,scientific_collaboration,1,True,local_similarity,sa,SA,0.9357643564724466,0.0024797678613644497,0.9361311341539634,0.002509019413220262,0.8879335531980134,0.005040648512099952,0.8879335531980134,0.005040648512099952,0.8879335531980134,0.005040648512099952,0.904000685800904,0.0043339421526257015
standard,ca_hepth,ca-HepTh,scientific_collaboration,1,True,local_similarity,so,SO,0.9357129012711238,0.002581584662750016,0.9361123558444635,0.0025716144133066656,0.8879335531980134,0.005040648512099952,0.8879335531980134,0.005040648512099952,0.8879335531980134,0.005040648512099952,0.9039958665610752,0.004345291106569409
standard,ca_hepth,ca-HepTh,scientific_collaboration,1,True,quasi_local_walk,srw,SRW-l3,0.96873017319694,0.0019368896998664244,0.9681850719600694,0.001930522277068609,0.9416164587478273,0.0034369754141358165,0.9416164587478273,0.0034369754141358165,0.9416164587478273,0.0034369754141358165,0.950180722407665,0.0029382286696863743
standard,ca_hepth,ca-HepTh,scientific_collaboration,5,False,local_similarity,aa,AA,0.8920605530797413,0.004368226282704205,0.9363991144851935,0.0025690557206520977,0.8765536335727667,0.005851306802460859,0.8765536335727667,0.005851306802460859,0.8765536335727667,0.0058513068024608605,0.8940924431149639,0.005050056454966217
standard,ca_hepth,ca-HepTh,scientific_collaboration,5,False,enhanced_local,car_aa,CAR-AA,0.5670385471030589,0.006643830126740845,0.7404562103458412,0.003897366088002488,0.5294077521906606,0.008390612248139872,0.5294077521906606,0.008390612248139872,0.5294077521906606,0.008390612248139872,0.5839595429139453,0.007759008271276712
standard,ca_hepth,ca-HepTh,scientific_collaboration,5,False,enhanced_local,car_cn,CAR-CN,0.5667338311869625,0.00679409916996465,0.7404420831157099,0.0039047821818972706,0.5294077521906606,0.008390612248139872,0.5294077521906606,0.008390612248139872,0.5294077521906606,0.008390612248139872,0.5839308688238372,0.007772135085536299
standard,ca_hepth,ca-HepTh,scientific_collaboration,5,False,enhanced_local,car_ra,CAR-RA,0.5671348314578858,0.006604980346745614,0.7404607994515819,0.003895372736433116,0.5294077521906606,0.008390612248139872,0.5294077521906606,0.008390612248139872,0.5294077521906606,0.008390612248139872,0.5839749661959904,0.007749219908641287
standard,ca_hepth,ca-HepTh,scientific_collaboration,5,False,local_similarity,cn,CN,0.8879112328716626,0.0045228610953235915,0.9361483366275006,0.0025856779368671856,0.8765536335727667,0.005851306802460859,0.8765536335727667,0.005851306802460859,0.8765536335727667,0.0058513068024608605,0.8938567308208144,0.005074120387484357
standard,ca_hepth,ca-HepTh,scientific_collaboration,5,False,quasi_local_path,fl,FL-l3,0.9393612435727918,0.003306010856315971,0.9675114441251651,0.00200428000123879,0.9234952975088188,0.0038854496499275692,0.9234952975088188,0.0038854496499275692,0.9234952975088188,0.0038854496499274873,0.9339159792949199,0.0032906695395125305
standard,ca_hepth,ca-HepTh,scientific_collaboration,5,False,enhanced_local,fsw,FSW,0.8893878839842324,0.004620446015762182,0.9360799818280773,0.002598771938414172,0.8765536335727667,0.005851306802460859,0.8765536335727667,0.005851306802460859,0.8765536335727667,0.0058513068024608605,0.8937700232385414,0.005075881811753259
standard,ca_hepth,ca-HepTh,scientific_collaboration,5,False,local_similarity,hdi,HDI,0.8872705783562111,0.0048108002581658945,0.935952352290659,0.0026018393564654586,0.8765536335727667,0.005851306802460859,0.8765536335727667,0.005851306802460859,0.8765536335727667,0.0058513068024608605,0.893467724667645,0.005108069343012713
standard,ca_hepth,ca-HepTh,scientific_collaboration,5,False,local_similarity,hpi,HPI,0.885393976843414,0.004187641478287717,0.9358568328596408,0.002558855876788109,0.8765536335727667,0.005851306802460859,0.8765536335727667,0.005851306802460859,0.8765536335727667,0.0058513068024608605,0.8930910546720595,0.004940122291817908
standard,ca_hepth,ca-HepTh,scientific_collaboration,5,False,enhanced_local,ia1,IA1,0.8920290673692877,0.004345325594796273,0.9363944628828706,0.002565487870667323,0.8765536335727667,0.005851306802460859,0.8765536335727667,0.005851306802460859,0.8765536335727667,0.0058513068024608605,0.8940897090308301,0.005049783576513425
standard,ca_hepth,ca-HepTh,scientific_collaboration,5,False,enhanced_local,ia2,IA2,0.8911663982073093,0.004253448438814414,0.9362971947212403,0.0025561681530537534,0.8765536335727667,0.005851306802460859,0.8765536335727667,0.005851306802460859,0.8765536335727667,0.0058513068024608605,0.8939846740401975,0.005035224439567119
standard,ca_hepth,ca-HepTh,scientific_collaboration,5,False,local_similarity,ja,JA,0.8876438043491124,0.004701308624800287,0.9359829271160802,0.00259526331584078,0.8765536335727667,0.005851306802460859,0.8765536335727667,0.005851306802460859,0.8765536335727667,0.0058513068024608605,0.8935057518950899,0.005093721258202571
standard,ca_hepth,ca-HepTh,scientific_collaboration,5,False,enhanced_local,lit,LIT-i2,0.8099321468414079,0.0058090939581662004,0.8876803177807184,0.0031671778816393316,0.7858244858554169,0.005736422502810935,0.7858244858554169,0.005736422502810935,0.7858244858554169,0.005736422502810956,0.8150349064947919,0.005105630342731014
standard,ca_hepth,ca-HepTh,scientific_collaboration,5,False,local_similarity,llhn,LLHN,0.8825423543928714,0.004402938657249817,0.9356634559126398,0.0025806624773741468,0.8765536335727667,0.005851306802460859,0.8765536335727667,0.005851306802460859,0.8765536335727667,0.0058513068024608605,0.8924846851486612,0.004899139755867025
standard,ca_hepth,ca-HepTh,scientific_collaboration,5,False,local_bayesian,lnb_aa,LNB-AA,0.8920420206633624,0.004383994016403489,0.9363855846690635,0.0025709273819626115,0.8765536335727667,0.005851306802460859,0.8765536335727667,0.005851306802460859,0.8765536335727667,0.0058513068024608605,0.8940846734672823,0.005052816557180861
standard,ca_hepth,ca-HepTh,scientific_collaboration,5,False,local_bayesian,lnb_cn,LNB-CN,0.891181047147815,0.004549009899152192,0.9362869218981885,0.002586219940611684,0.8765536335727667,0.005851306802460859,0.8765536335727667,0.005851306802460859,0.8765536335727667,0.0058513068024608605,0.8939748555976019,0.0050678807058446235
standard,ca_hepth,ca-HepTh,scientific_collaboration,5,False,local_bayesian,lnb_ra,LNB-RA,0.8919046651724939,0.004307319946812162,0.9363671052459599,0.002562100298570627,0.8765536335727667,0.005851306802460859,0.8765536335727667,0.005851306802460859,0.8765536335727667,0.0058513068024608605,0.8940693737148495,0.005045370602462196
standard,ca_hepth,ca-HepTh,scientific_collaboration,5,False,quasi_local_path,lpi,LPI-beta-0.001,0.9393612435727918,0.003306010856315971,0.9675114441251651,0.00200428000123879,0.9234952975088188,0.0038854496499275692,0.9234952975088188,0.0038854496499275692,0.9234952975088188,0.0038854496499274873,0.9339159792949199,0.0032906695395125305
standard,ca_hepth,ca-HepTh,scientific_collaboration,5,False,quasi_local_walk,lrw,LRW-l3,0.8688911292686118,0.004575515335541157,0.9243515639286499,0.0027606308049318786,0.8562059359637904,0.005005119934150267,0.8562059359637904,0.005005119934150267,0.8562059359637904,0.005005119934150267,0.875616516786297,0.00433616612403296
standard,ca_hepth,ca-HepTh,scientific_collaboration,5,False,quasi_local_path,ora_cni,ORA-CNI-beta-0.001,0.9384133369557202,0.0029131562482565807,0.96719508151707,0.0019650947206508907,0.9242375655658321,0.003378157436027843,0.9242375655658321,0.003378157436027843,0.9242375655658321,0.003378157436027843,0.934294571474827,0.00279299674437205
standard,ca_hepth,ca-HepTh,scientific_collaboration,5,False,degree_based,pa,PA,0.5764105143631207,0.003176280557507464,0.8250171234630121,0.0021692465823847343,0.5387471424190968,0.00221622196006305,0.5387471424190968,0.00221622196006305,0.5387471424190968,0.00221622196006305,0.5739979554131958,0.0015290037595383995
standard,ca_hepth,ca-HepTh,scientific_collaboration,5,False,quasi_local_walk,pfp,PFP-l3,0.9376097795337793,0.003876042825537297,0.9672332382884828,0.002021281346105514,0.9252890099604784,0.0023045646856737624,0.9252890099604784,0.0023045646856737624,0.9252890099604784,0.0023045646856737624,0.9350156653356807,0.002098811061233312
standard,ca_hepth,ca-HepTh,scientific_collaboration,5,False,local_similarity,ra,RA,0.8919426807090213,0.0042736152957456525,0.9363809121524159,0.0025593379388427775,0.8765536335727667,0.005851306802460859,0.8765536335727667,0.005851306802460859,0.8765536335727667,0.0058513068024608605,0.8940815876735991,0.0050396400586404915
standard,ca_hepth,ca-HepTh,scientific_collaboration,5,False,enhanced_local,ra_cni,RA-CNI,0.937699772127403,0.0029018046590435997,0.966727536666349,0.001965744148740973,0.9242375655658321,0.003378157436027843,0.9242375655658321,0.003378157436027843,0.9242375655658321,0.003378157436027843,0.9342953170020898,0.002793069098352012
standard,ca_hepth,ca-HepTh,scientific_collaboration,5,False,local_similarity,sa,SA,0.8878129344521367,0.004534559680177281,0.9359832913001768,0.002581051867525508,0.8765536335727667,0.005851306802460859,0.8765536335727667,0.005851306802460859,0.8765536335727667,0.0058513068024608605,0.8935183826469574,0.005070861374806246
standard,ca_hepth,ca-HepTh,scientific_collaboration,5,False,local_similarity,so,SO,0.8876438043491124,0.004701308624800287,0.9359829271160802,0.00259526331584078,0.8765536335727667,0.005851306802460859,0.8765536335727667,0.005851306802460859,0.8765536335727667,0.0058513068024608605,0.8935057518950899,0.005093721258202571
standard,ca_hepth,ca-HepTh,scientific_collaboration,5,False,quasi_local_walk,srw,SRW-l3,0.9436648186763353,0.00321331554965904,0.9679586111262202,0.001977273203657837,0.9285048991336826,0.0032167836335408174,0.9285048991336826,0.0032167836335408174,0.9285048991336826,0.0032167836335408174,0.938537733546902,0.002746400572479503
standard,ca_hepth,ca-HepTh,scientific_collaboration,10,False,local_similarity,aa,AA,0.8798015944709308,0.004690002066251999,0.9364076602244775,0.0025770320942978104,0.8753785798547409,0.00554239433131864,0.8753785798547409,0.00554239433131864,0.8753785798547409,0.00554239433131864,0.8927810317800675,0.004774495078008693
standard,ca_hepth,ca-HepTh,scientific_collaboration,10,False,enhanced_local,car_aa,CAR-AA,0.527292369823047,0.006870496936176095,0.740467678972702,0.00385628219241848,0.507761429797575,0.007434213318689725,0.507761429797575,0.007434213318689725,0.507761429797575,0.007434213318689725,0.5647205282471699,0.006908802770751769
standard,ca_hepth,ca-HepTh,scientific_collaboration,10,False,enhanced_local,car_cn,CAR-CN,0.526775346575196,0.007070744330950735,0.7404586812086842,0.0038614151871895473,0.507761429797575,0.007434213318689725,0.507761429797575,0.007434213318689725,0.507761429797575,0.007434213318689725,0.5646842741815773,0.006923539952897623
standard,ca_hepth,ca-HepTh,scientific_collaboration,10,False,enhanced_local,car_ra,CAR-RA,0.5274321195827005,0.006894399855748018,0.7404706963530536,0.003856600998138599,0.507761429797575,0.007434213318689725,0.507761429797575,0.007434213318689725,0.507761429797575,0.007434213318689725,0.564743593120484,0.006910310311867896
standard,ca_hepth,ca-HepTh,scientific_collaboration,10,False,local_similarity,cn,CN,0.8717285846806841,0.005041146230146911,0.9361606381428592,0.00258908386514211,0.8753785798547409,0.00554239433131864,0.8753785798547409,0.00554239433131864,0.8753785798547409,0.00554239433131864,0.8923377616543208,0.004789574591735507
standard,ca_hepth,ca-HepTh,scientific_collaboration,10,False,quasi_local_path,fl,FL-l3,0.925669029574337,0.004116434521309747,0.967487161257511,0.002059118413592083,0.9121773355744457,0.003795857446574289,0.9121773355744457,0.003795857446574289,0.9121773355744457,0.0037958574465742543,0.9235411826376694,0.003265544143793234
standard,ca_hepth,ca-HepTh,scientific_collaboration,10,False,enhanced_local,fsw,FSW,0.8744382845506384,0.004867795630512458,0.9360890962418026,0.0025963938291434707,0.8753785798547409,0.00554239433131864,0.8753785798547409,0.00554239433131864,0.8753785798547409,0.00554239433131864,0.8921244614674008,0.004785038058135874
standard,ca_hepth,ca-HepTh,scientific_collaboration,10,False,local_similarity,hdi,HDI,0.8703673743278513,0.005383360832280534,0.9359604770744007,0.0025976649643309553,0.8753785798547409,0.00554239433131864,0.8753785798547409,0.00554239433131864,0.8753785798547409,0.00554239433131864,0.8915431205916663,0.004887269404390187
standard,ca_hepth,ca-HepTh,scientific_collaboration,10,False,local_similarity,hpi,HPI,0.8655182780730722,0.006263276387475551,0.9358345184325989,0.0026193934527315344,0.8753785798547409,0.00554239433131864,0.8753785798547409,0.00554239433131864,0.8753785798547409,0.00554239433131864,0.8907242552283146,0.0050312917757645015
standard,ca_hepth,ca-HepTh,scientific_collaboration,10,False,enhanced_local,ia1,IA1,0.8796090845173795,0.004697736271149843,0.9363969402393089,0.002578331962372242,0.8753785798547409,0.00554239433131864,0.8753785798547409,0.00554239433131864,0.8753785798547409,0.00554239433131864,0.8927583225566156,0.004777956937460658
standard,ca_hepth,ca-HepTh,scientific_collaboration,10,False,enhanced_local,ia2,IA2,0.8777723559014717,0.004814618102308338,0.9362915505548586,0.002585376234015176,0.8753785798547409,0.00554239433131864,0.8753785798547409,0.00554239433131864,0.8753785798547409,0.00554239433131864,0.892533024692803,0.0047887782431539705
standard,ca_hepth,ca-HepTh,scientific_collaboration,10,False,local_similarity,ja,JA,0.8709678890548505,0.005452930509966441,0.9359830800316888,0.0026038462727341026,0.8753785798547409,0.00554239433131864,0.8753785798547409,0.00554239433131864,0.8753785798547409,0.00554239433131864,0.8916026049451024,0.0048946152056361875
standard,ca_hepth,ca-HepTh,scientific_collaboration,10,False,enhanced_local,lit,LIT-i2,0.7889310976104171,0.00615974158874241,0.8876822381555349,0.003161127997226332,0.7814950798248046,0.006272472057492378,0.7814950798248046,0.006272472057492378,0.7814950798248045,0.006272472057492342,0.8108011451088087,0.005537900025517982
standard,ca_hepth,ca-HepTh,scientific_collaboration,10,False,local_similarity,llhn,LLHN,0.8603919807525756,0.00588252051767121,0.9356354675254653,0.0026219077586403,0.8753785798547409,0.00554239433131864,0.8753785798547409,0.00554239433131864,0.8753785798547409,0.00554239433131864,0.8896270149167262,0.004854143169710341
standard,ca_hepth,ca-HepTh,scientific_collaboration,10,False,local_bayesian,lnb_aa,LNB-AA,0.8797366872973853,0.004766260567325564,0.9363931244669533,0.0025839197378032196,0.8753785798547409,0.00554239433131864,0.8753785798547409,0.00554239433131864,0.8753785798547409,0.00554239433131864,0.8927606057081995,0.004785576712829242
standard,ca_hepth,ca-HepTh,scientific_collaboration,10,False,local_bayesian,lnb_cn,LNB-CN,0.8782343424039464,0.004990428093234926,0.9362995047932513,0.002601270692392122,0.8753785798547409,0.00554239433131864,0.8753785798547409,0.00554239433131864,0.8753785798547409,0.00554239433131864,0.8925723858802683,0.004809499851739537
standard,ca_hepth,ca-HepTh,scientific_collaboration,10,False,local_bayesian,lnb_ra,LNB-RA,0.8793580157590656,0.004820421774811802,0.9363701711335718,0.002585201653199644,0.8753785798547409,0.00554239433131864,0.8753785798547409,0.00554239433131864,0.8753785798547409,0.00554239433131864,0.8927158818257803,0.0047946928301810295
standard,ca_hepth,ca-HepTh,scientific_collaboration,10,False,quasi_local_path,lpi,LPI-beta-0.001,0.925669029574337,0.004116434521309747,0.967487161257511,0.002059118413592083,0.9121773355744457,0.003795857446574289,0.9121773355744457,0.003795857446574289,0.9121773355744457,0.0037958574465742543,0.9235411826376694,0.003265544143793234
standard,ca_hepth,ca-HepTh,scientific_collaboration,10,False,quasi_local_walk,lrw,LRW-l3,0.8478670202784546,0.0054722267790199165,0.9242932622816197,0.0028179613250420977,0.8382082501476253,0.006158799598635572,0.8382082501476253,0.006158799598635572,0.8382082501476253,0.006158799598635577,0.8592118180767019,0.0052688661957320405
standard,ca_hepth,ca-HepTh,scientific_collaboration,10,False,quasi_local_path,ora_cni,ORA-CNI-beta-0.001,0.9227323697354466,0.003986311782874664,0.9671330683227912,0.0020456958092950543,0.9016634272301278,0.002698640635956549,0.9016634272301278,0.002698640635956549,0.9016634272301278,0.002698640635956549,0.9140022740353059,0.002295159698859056
standard,ca_hepth,ca-HepTh,scientific_collaboration,10,False,degree_based,pa,PA,0.444632419684197,0.0049349391059563775,0.8246488201861517,0.002671745162347379,0.44783204511453373,0.004422201406697853,0.44783204511453373,0.004422201406697853,0.44783204511453373,0.004422201406697853,0.48384596677408415,0.004247031684333461
standard,ca_hepth,ca-HepTh,scientific_collaboration,10,False,quasi_local_walk,pfp,PFP-l3,0.9212665992159049,0.00553479360603729,0.967191125740575,0.0020949597154516155,0.9071060440597801,0.002689701903303743,0.9071060440597801,0.002689701903303743,0.9071060440597801,0.002689701903303743,0.9180518221752111,0.0025195920129700644
standard,ca_hepth,ca-HepTh,scientific_collaboration,10,False,local_similarity,ra,RA,0.8793921460868634,0.004776942031056573,0.936381780211953,0.0025817481675516345,0.8753785798547409,0.00554239433131864,0.8753785798547409,0.00554239433131864,0.8753785798547409,0.00554239433131864,0.8927354779097607,0.004786609185784598
standard,ca_hepth,ca-HepTh,scientific_collaboration,10,False,enhanced_local,ra_cni,RA-CNI,0.9220364470656236,0.004006351043656143,0.9666684196744866,0.0020501147253649647,0.9016634272301278,0.002698640635956549,0.9016634272301278,0.002698640635956549,0.9016634272301278,0.002698640635956549,0.9140041399556248,0.0022961262251088126
standard,ca_hepth,ca-HepTh,scientific_collaboration,10,False,local_similarity,sa,SA,0.8710729707206515,0.005538392274739258,0.93597250838761,0.0026076330065358286,0.8753785798547409,0.00554239433131864,0.8753785798547409,0.00554239433131864,0.8753785798547409,0.00554239433131864,0.8915966002866561,0.004909111910255654
standard,ca_hepth,ca-HepTh,scientific_collaboration,10,False,local_similarity,so,SO,0.8709678890548505,0.005452930509966441,0.9359830800316888,0.0026038462727341026,0.8753785798547409,0.00554239433131864,0.8753785798547409,0.00554239433131864,0.8753785798547409,0.00554239433131864,0.8916026049451024,0.0048946152056361875
standard,ca_hepth,ca-HepTh,scientific_collaboration,10,False,quasi_local_walk,srw,SRW-l3,0.9336037375885254,0.003756068436278633,0.9679393266413754,0.002013704231181709,0.9163829409951985,0.002658146557259451,0.9163829409951985,0.002658146557259451,0.9163829409951985,0.002658146557259471,0.9277698741973982,0.0022619896477121407
standard,ego_facebook,ego-Facebook,social,1,True,local_similarity,aa,AA,0.992898377275693,0.0005856881805980793,0.993757329656242,0.0004978574624320264,0.97484441163406,0.0013388633862538011,0.97484441163406,0.0013388633862538011,0.97484441163406,0.0013388633862538011,0.9774225574135859,0.0012032322297887
standard,ego_facebook,ego-Facebook,social,1,True,enhanced_local,car_aa,CAR-AA,0.9818050886776742,0.0005061897184351495,0.9826606835372342,0.0004757918900486569,0.971887023098031,0.0009710058577015417,0.971887023098031,0.0009710058577015417,0.971887023098031,0.0009710058577015417,0.9747480113057,0.0008590828667368357
standard,ego_facebook,ego-Facebook,social,1,True,enhanced_local,car_cn,CAR-CN,0.9813841097044282,0.0005122643119895792,0.9824016625317075,0.00048150948418891723,0.9700579563136644,0.0015137910853492815,0.9700579563136644,0.0015137910853492815,0.9700579563136644,0.0015137910853492815,0.9731092652215121,0.0013553768519441432
standard,ego_facebook,ego-Facebook,social,1,True,enhanced_local,car_ra,CAR-RA,0.982843083021654,0.0005093378077467832,0.9833893885591589,0.000504272826834938,0.9718632715395025,0.0009402829674777117,0.9718632715395025,0.0009402829674777117,0.9718632715395025,0.0009402829674777117,0.9748311236218985,0.0008366735725206919
standard,ego_facebook,ego-Facebook,social,1,True,local_similarity,cn,CN,0.9908472003821756,0.0006689821803762522,0.9927234584229995,0.0005417679614421649,0.9711506493169416,0.0014842719585105777,0.9711506493169416,0.0014842719585105777,0.9711506493169416,0.0014842719585105777,0.9740908798323625,0.0013358788619577387
standard,ego_facebook,ego-Facebook,social,1,True,quasi_local_path,fl,FL-l3,0.9927273876853837,0.0005917364735979484,0.9938534484580209,0.00044557292151961364,0.9683001554896243,0.0014961589942514729,0.9683001554896243,0.0014961589942514729,0.9683001554896243,0.0014961589942514195,0.9715626746071546,0.0013450288557924567
standard,ego_facebook,ego-Facebook,social,1,True,enhanced_local,fsw,FSW,0.9921097567114303,0.0006745559742294284,0.9930380551204344,0.0005451779458008567,0.9715782344994561,0.0015018234889465215,0.9715782344994561,0.0015018234889465215,0.9715782344994561,0.0015018234889465215,0.9745316578998235,0.001360958845398996
standard,ego_facebook,ego-Facebook,social,1,True,local_similarity,hdi,HDI,0.9881098953997511,0.0009643548462951421,0.9896600547852994,0.0005501537954373534,0.9519098471919122,0.0011562365468225034,0.9519098471919122,0.0011562365468225034,0.9519098471919121,0.0011562365468224785,0.9565718681220154,0.0011978003079094602
standard,ego_facebook,ego-Facebook,social,1,True,local_similarity,hpi,HPI,0.9662850179446121,0.0019216928080231916,0.9861206690192426,0.0007674293182972097,0.9587391481346534,0.0010272700835875384,0.9587391481346534,0.0010272700835875384,0.9587391481346534,0.0010272700835875384,0.9574525507874213,0.0013294320219855984
standard,ego_facebook,ego-Facebook,social,1,True,enhanced_local,ia1,IA1,0.9935481445872008,0.0005742646981767212,0.9942638874287685,0.00048360231775539954,0.9763528048717355,0.0012365174594085276,0.9763528048717355,0.0012365174594085276,0.9763528048717355,0.0012365174594085276,0.9788087852080032,0.0011213013434987656
standard,ego_facebook,ego-Facebook,social,1,True,enhanced_local,ia2,IA2,0.9935037047959672,0.0005680629078661474,0.9942268562815977,0.0004789861207641596,0.9765784644260531,0.0012367707199478983,0.9765784644260531,0.0012367707199478983,0.9765784644260531,0.0012367707199478983,0.9790029947179283,0.0011168825785907663
standard,ego_facebook,ego-Facebook,social,1,True,local_similarity,ja,JA,0.98883342128716,0.0009784384050453721,0.9904580876195705,0.0005388541302839012,0.9549266202666331,0.001470713068239386,0.9549266202666331,0.001470713068239386,0.9549266202666331,0.0014707130682393185,0.9592600315605226,0.0014584430250980877
standard,ego_facebook,ego-Facebook,social,1,True,enhanced_local,lit,LIT-i2,0.9917346536091138,0.000684422791928287,0.9924061003175702,0.0005958111377289547,0.9670174387333781,0.001745304186824847,0.9670174387333781,0.001745304186824847,0.9670174387333781,0.001745304186824847,0.9704842343146556,0.00155448668133589
standard,ego_facebook,ego-Facebook,social,1,True,local_similarity,llhn,LLHN,0.9109536819635713,0.00264872007926535,0.9589370751372039,0.0012981118147921936,0.93329852413926,0.0018611780337362436,0.93329852413926,0.0018611780337362436,0.93329852413926,0.0018611780337362183,0.9280693793583721,0.00209753655863687
standard,ego_facebook,ego-Facebook,social,1,True,local_bayesian,lnb_aa,LNB-AA,0.9927814987681934,0.0006450729621998453,0.9936602249157469,0.0005338704484596526,0.9747018888822592,0.001222036817174693,0.9747018888822592,0.001222036817174693,0.9747018888822592,0.001222036817174693,0.9772914158334073,0.0011046935241602678
standard,ego_facebook,ego-Facebook,social,1,True,local_bayesian,lnb_cn,LNB-CN,0.9919116725781258,0.0006774034222883753,0.9929831439549346,0.0005400937614441787,0.9721601991700355,0.0010944902799028696,0.9721601991700355,0.0010944902799028696,0.9721601991700355,0.0010944902799028696,0.9749778737791391,0.0009874298275002822
standard,ego_facebook,ego-Facebook,social,1,True,local_bayesian,lnb_ra,LNB-RA,0.9943630192956803,0.00045695088231148003,0.9947408038109451,0.0004692638753153521,0.976673484060797,0.0013226755712718752,0.976673484060797,0.0013226755712718752,0.976673484060797,0.0013226755712718752,0.979177714589583,0.001187414552940673
standard,ego_facebook,ego-Facebook,social,1,True,quasi_local_path,lpi,LPI-beta-0.001,0.992660597056271,0.0005984758377195425,0.9938178353383392,0.00044824145655825566,0.9683001554896243,0.0014961589942514729,0.9683001554896243,0.0014961589942514729,0.9683001554896243,0.0014961589942514195,0.9715555388215062,0.0013457753731549095
standard,ego_facebook,ego-Facebook,social,1,True,quasi_local_walk,lrw,LRW-l3,0.9948354923055733,0.0004562197243207621,0.9955508872740515,0.00041395048520697123,0.973882375477468,0.0014073230437234622,0.973882375477468,0.0014073230437234622,0.973882375477468,0.0014073230437234622,0.9766210712412006,0.0012661204243965116
standard,ego_facebook,ego-Facebook,social,1,True,quasi_local_path,ora_cni,ORA-CNI-beta-0.001,0.9891608980725592,0.0007070431786446817,0.990545150462086,0.000617971949177356,0.9523849072796313,0.0021091106332868457,0.9523849072796313,0.0021091106332868457,0.9523849072796313,0.0021091106332868457,0.957316844776049,0.0018911629236653832
standard,ego_facebook,ego-Facebook,social,1,True,degree_based,pa,PA,0.8528110660931685,0.0024155889756391244,0.8396095863499016,0.003088502336612232,0.7588959185772086,0.0028340475659549215,0.7588959185772086,0.0028340475659549215,0.7588959185772086,0.0028340475659548873,0.7776775779702756,0.0025792419062759917
standard,ego_facebook,ego-Facebook,social,1,True,quasi_local_walk,pfp,PFP-l3,0.9848202220551201,0.0007040635721151072,0.9901373430402385,0.00039068838601743366,0.9628010991055573,0.0014089181039321046,0.9628010991055573,0.0014089181039321046,0.9628010991055573,0.0014089181039321046,0.9657680081092627,0.0012826851213385223
standard,ego_facebook,ego-Facebook,social,1,True,local_similarity,ra,RA,0.9944234542535473,0.0004063622959017899,0.9947883164059016,0.00045649410638374464,0.9768635169826183,0.0014117932311283649,0.9768635169826183,0.0014117932311283649,0.9768635169826183,0.0014117932311283649,0.9793495731727301,0.0012595021428825801
standard,ego_facebook,ego-Facebook,social,1,True,enhanced_local,ra_cni,RA-CNI,0.989160324989259,0.0007070232819052139,0.9905446267591987,0.0006179568779931483,0.9523849072796313,0.0021091106332868457,0.9523849072796313,0.0021091106332868457,0.9523849072796313,0.0021091106332868457,0.9573168049252263,0.0018911631294604124
standard,ego_facebook,ego-Facebook,social,1,True,local_similarity,sa,SA,0.9895738565222711,0.0009944940563843617,0.9914506608185786,0.000520258192155979,0.9614233542510113,0.000988480115647039,0.9614233542510113,0.000988480115647039,0.9614233542510113,0.0009884801156470927,0.9649645202590023,0.0011236841415172307
standard,ego_facebook,ego-Facebook,social,1,True,local_similarity,so,SO,0.98883342128716,0.0009784384050453721,0.9904580876195705,0.0005388541302839012,0.9549266202666331,0.001470713068239386,0.9549266202666331,0.001470713068239386,0.9549266202666331,0.0014707130682393185,0.9592600315605226,0.0014584430250980877
standard,ego_facebook,ego-Facebook,social,1,True,quasi_local_walk,srw,SRW-l3,0.9958544778279746,0.00033494302695099497,0.9964413509130627,0.0002957342377700685,0.976637851080634,0.001452466041376812,0.976637851080634,0.001452466041376812,0.976637851080634,0.001452466041376812,0.9791224803335761,0.001298873418803606
standard,ego_facebook,ego-Facebook,social,5,False,local_similarity,aa,AA,0.9709609355058643,0.0009058146323873056,0.9935817299647901,0.0004179935220897967,0.931695087286766,0.00207379039890979,0.931695087286766,0.00207379039890979,0.931695087286766,0.00207379039890979,0.9378593778195548,0.0018384253239525613
standard,ego_facebook,ego-Facebook,social,5,False,enhanced_local,car_aa,CAR-AA,0.9527312750073944,0.0011019909554404483,0.9824672663152739,0.0006615376491728943,0.9260534919290826,0.0016380396288514611,0.9260534919290826,0.0016380396288514611,0.9260534919290826,0.0016380396288514611,0.9325730494723781,0.0014564594942600903
standard,ego_facebook,ego-Facebook,social,5,False,enhanced_local,car_cn,CAR-CN,0.9508911735686784,0.0011671566815377708,0.9822117641514204,0.0006713809525329868,0.922739794045014,0.0016709454252666167,0.922739794045014,0.0016709454252666167,0.922739794045014,0.0016709454252666167,0.9295491768565134,0.0014824448007845724
standard,ego_facebook,ego-Facebook,social,5,False,enhanced_local,car_ra,CAR-RA,0.9578217052443356,0.0010457396082175468,0.9832078927742393,0.0006561598283805168,0.9328709192084489,0.0015993991496652809,0.9328709192084489,0.0015993991496652809,0.9328709192084489,0.0015993991496652809,0.9390545499621045,0.0014221344512552125
standard,ego_facebook,ego-Facebook,social,5,False,local_similarity,cn,CN,0.9629031762190075,0.0010372102028997404,0.9925388978854297,0.0004325292443313493,0.9238562343750418,0.0015411898981098123,0.9238562343750418,0.0015411898981098123,0.923856234375042,0.0015411898981098247,0.9306232184951286,0.0013646035141880323
standard,ego_facebook,ego-Facebook,social,5,False,quasi_local_path,fl,FL-l3,0.966056515195274,0.0008267909092076159,0.9936674685673846,0.000225251391085864,0.9199843191471444,0.0021952542276927633,0.9199843191471444,0.0021952542276927633,0.9199843191471444,0.0021952542276927633,0.9271590280493308,0.0019479290533588659
standard,ego_facebook,ego-Facebook,social,5,False,enhanced_local,fsw,FSW,0.9680216478369253,0.000789204061504072,0.9928590347858222,0.0004080690525950071,0.924248186577393,0.0014166950692060146,0.924248186577393,0.0014166950692060146,0.924248186577393,0.0014166950692060146,0.9312843284681162,0.0012468252685237432
standard,ego_facebook,ego-Facebook,social,5,False,local_similarity,hdi,HDI,0.9518513517825438,0.0011649477000721222,0.9894868275242399,0.00042144060981323385,0.8953632015035788,0.001945646698494589,0.8953632015035788,0.001945646698494589,0.8953632015035788,0.001945646698494589,0.9037808513856198,0.0013418055977187247
standard,ego_facebook,ego-Facebook,social,5,False,local_similarity,hpi,HPI,0.8719545449300833,0.004322792768290272,0.9860962005942785,0.0005603309871261508,0.8871086511786418,0.0016612178286450295,0.8871086511786418,0.0016612178286450295,0.8871086511786418,0.0016612178286450295,0.8788342317024916,0.0022979022730726744
standard,ego_facebook,ego-Facebook,social,5,False,enhanced_local,ia1,IA1,0.973999647593037,0.0008529570975536897,0.994084895586741,0.00040388493751320376,0.9365290492507002,0.0016625832565623786,0.9365290492507002,0.0016625832565623786,0.9365290492507002,0.0016625832565623786,0.942368033558116,0.0014808333849981028
standard,ego_facebook,ego-Facebook,social,5,False,enhanced_local,ia2,IA2,0.9737957644060284,0.0008370310819145616,0.9940496206043175,0.0003987277854279027,0.93642215806847,0.0013905548010075062,0.93642215806847,0.0013905548010075062,0.93642215806847,0.0013905548010075062,0.942253348541201,0.001245510955914329
standard,ego_facebook,ego-Facebook,social,5,False,local_similarity,ja,JA,0.954826880330842,0.0011740230181089353,0.9902877521589749,0.00042058569476416364,0.9008860404792122,0.002366215546373325,0.9008860404792122,0.002366215546373325,0.9008860404792122,0.002366215546373325,0.9087432426087103,0.0016573406685200266
standard,ego_facebook,ego-Facebook,social,5,False,enhanced_local,lit,LIT-i2,0.966840134584715,0.0008676087275172629,0.9922450611445015,0.00044720983772194596,0.917953349304063,0.0016178301494077774,0.917953349304063,0.0016178301494077774,0.917953349304063,0.0016178301494077642,0.925684588615489,0.001422749015005287
standard,ego_facebook,ego-Facebook,social,5,False,local_similarity,llhn,LLHN,0.6819989223543785,0.005248187545718526,0.9588122109849925,0.0010102705964407548,0.7562354654299719,0.004872766372294867,0.7562354654299719,0.004872766372294867,0.7562354654299719,0.004872766372294849,0.7392128655187571,0.004937404145959907
standard,ego_facebook,ego-Facebook,social,5,False,local_bayesian,lnb_aa,LNB-AA,0.9704423562908723,0.000993672513388144,0.9934734945568149,0.0004392610438793914,0.9316475742955607,0.0023612719238919238,0.9316475742955607,0.0023612719238919238,0.9316475742955607,0.0023612719238919238,0.937782531681749,0.0020862994876183136
standard,ego_facebook,ego-Facebook,social,5,False,local_bayesian,lnb_cn,LNB-CN,0.9663822283977439,0.000974473059590294,0.9927904305676872,0.00042123471660055395,0.9250439343177295,0.001955019252313593,0.9250439343177295,0.001955019252313593,0.9250439343177295,0.001955019252313593,0.9316420323883101,0.0017252497352200332
standard,ego_facebook,ego-Facebook,social,5,False,local_bayesian,lnb_ra,LNB-RA,0.9786353940381944,0.0007725813450376085,0.9946304229391482,0.0003985071206287995,0.9386312949282566,0.0013652759955437522,0.9386312949282566,0.0013652759955437522,0.9386312949282566,0.0013652759955438065,0.9447054631811348,0.0012253742731504762
standard,ego_facebook,ego-Facebook,social,5,False,quasi_local_path,lpi,LPI-beta-0.001,0.9657257326269605,0.0008345435454129199,0.9936315507702094,0.0002252121991640036,0.9199843191471444,0.0021952542276927633,0.9199843191471444,0.0021952542276927633,0.9199843191471444,0.0021952542276927633,0.9271230201010278,0.0019487289732614864
standard,ego_facebook,ego-Facebook,social,5,False,quasi_local_walk,lrw,LRW-l3,0.975866256241303,0.0007983667012185972,0.9954391381504386,0.0002256095690875833,0.9282982526001806,0.00220208492235987,0.9282982526001806,0.00220208492235987,0.9282982526001806,0.00220208492235987,0.9352016105058432,0.0019774235686268547
standard,ego_facebook,ego-Facebook,social,5,False,quasi_local_path,ora_cni,ORA-CNI-beta-0.001,0.9521262871447738,0.001433881494393615,0.9904116623402752,0.0003494498694735155,0.8929165003930617,0.002407333307553368,0.8929165003930617,0.002407333307553368,0.8929165003930615,0.002407333307553378,0.9026775593988369,0.002178749989926984
standard,ego_facebook,ego-Facebook,social,5,False,degree_based,pa,PA,0.6180767639500475,0.0037434766886434755,0.840135228421708,0.0019598572548570506,0.5670815459361602,0.0018503186547799858,0.5670815459361602,0.0018503186547799858,0.5670815459361602,0.0018503186547799858,0.5938592959776349,0.0019111399087931578
standard,ego_facebook,ego-Facebook,social,5,False,quasi_local_walk,pfp,PFP-l3,0.9304126383339,0.001976718875915001,0.9901262457695429,0.00020658777674651996,0.8962064756357506,0.0008744608639069455,0.8962064756357506,0.0008744608639069455,0.8962064756357506,0.0008744608639069455,0.9021170231155553,0.0008670989961740936
standard,ego_facebook,ego-Facebook,social,5,False,local_similarity,ra,RA,0.9790360803990747,0.0007064532719567595,0.9946903580605791,0.000393014916498489,0.9389044688843722,0.0012240637276878144,0.9389044688843722,0.0012240637276878144,0.9389044688843722,0.0012240637276878144,0.9449809797753348,0.0010893024972065744
standard,ego_facebook,ego-Facebook,social,5,False,enhanced_local,ra_cni,RA-CNI,0.9521240986582367,0.0014338203366914492,0.9904111365230402,0.00034944095187664463,0.8929165003930617,0.002407333307553368,0.8929165003930617,0.002407333307553368,0.8929165003930615,0.002407333307553378,0.9026774574639731,0.0021787460660832965
standard,ego_facebook,ego-Facebook,social,5,False,local_similarity,sa,SA,0.9570033144233662,0.0012300825713068826,0.9912815963224959,0.00041197715306455436,0.9050192595263316,0.0019932083947317544,0.9050192595263316,0.0019932083947317544,0.9050192595263316,0.0019932083947317544,0.912211621149221,0.0015310367200596408
standard,ego_facebook,ego-Facebook,social,5,False,local_similarity,so,SO,0.954826880330842,0.0011740230181089353,0.9902877521589749,0.00042058569476416364,0.9008860404792122,0.002366215546373325,0.9008860404792122,0.002366215546373325,0.9008860404792122,0.002366215546373325,0.9087432426087103,0.0016573406685200266
standard,ego_facebook,ego-Facebook,social,5,False,quasi_local_walk,srw,SRW-l3,0.9802489666462122,0.0005329097075454209,0.9963356036950163,0.00014327722386301924,0.9369922596551186,0.0015248925893842132,0.9369922596551186,0.0015248925893842132,0.9369922596551186,0.0015248925893842132,0.9431622037055943,0.001365612638802472
standard,ego_facebook,ego-Facebook,social,10,False,local_similarity,aa,AA,0.9473580146416969,0.0015207261907748547,0.9935271261697745,0.00041699902504091106,0.8955175866340142,0.0023945917332965643,0.8955175866340142,0.0023945917332965643,0.8955175866340142,0.0023945917332965643,0.9043110235930449,0.0021808570508585227
standard,ego_facebook,ego-Facebook,social,10,False,enhanced_local,car_aa,CAR-AA,0.9270868060648176,0.0017654661782576769,0.9824078507555629,0.0006920007780603681,0.8875124551801827,0.0026152997554242255,0.8875124551801827,0.0026152997554242255,0.8875124551801827,0.0026152997554242255,0.8966858348030939,0.0023745844691790596
standard,ego_facebook,ego-Facebook,social,10,False,enhanced_local,car_cn,CAR-CN,0.9238602042052012,0.0018856092210429358,0.9821520926791554,0.0007012891326364579,0.8836524107944754,0.0030514572577511373,0.8836524107944754,0.0030514572577511373,0.8836524107944754,0.00305145725775111,0.8931112320504211,0.0027531762966114728
standard,ego_facebook,ego-Facebook,social,10,False,enhanced_local,car_ra,CAR-RA,0.9367088649438811,0.0016489266645382677,0.9831562438210012,0.0006845247148755685,0.8989500599431335,0.002941213997505004,0.8989500599431335,0.002941213997505004,0.8989500599431335,0.002941213997505004,0.9076282296201322,0.0026562193920660316
standard,ego_facebook,ego-Facebook,social,10,False,local_similarity,cn,CN,0.9342730937763216,0.0017512123311966702,0.9924804712961924,0.00043203689015509873,0.8848638728751361,0.0027759356112875356,0.8848638728751361,0.0027759356112875356,0.8848638728751361,0.0027759356112875356,0.8943481648755762,0.002515756664641815
standard,ego_facebook,ego-Facebook,social,10,False,quasi_local_path,fl,FL-l3,0.9375485891951725,0.001652508401360768,0.9936084994042007,0.0002290644913496225,0.8814551617039903,0.0028946540990646944,0.8814551617039903,0.0028946540990646944,0.8814551617039903,0.0028946540990646983,0.8912616396750448,0.0026302741663205577
standard,ego_facebook,ego-Facebook,social,10,False,enhanced_local,fsw,FSW,0.9430237643729809,0.0013806555033028178,0.9928054875576606,0.0004217264636549115,0.8854814895688792,0.003019809949412896,0.8854814895688792,0.003019809949412896,0.8854814895688792,0.003019809949412877,0.8955013360518429,0.0026970053228987474
standard,ego_facebook,ego-Facebook,social,10,False,local_similarity,hdi,HDI,0.9163635264051015,0.002019684866733279,0.9894512155038864,0.00048109489567891396,0.8548505723973261,0.0023081645995585644,0.8548505723973261,0.0023081645995585644,0.8548505723973262,0.002308164599558604,0.8652859124029051,0.0015927617450431776
standard,ego_facebook,ego-Facebook,social,10,False,local_similarity,hpi,HPI,0.7871619323575558,0.005527927850637541,0.9860999720999878,0.0005365395393211007,0.8291604582958998,0.004464857095020639,0.8291604582958998,0.004464857095020639,0.8291604582958998,0.004464857095020643,0.8150893287443459,0.005247232072721848
standard,ego_facebook,ego-Facebook,social,10,False,enhanced_local,ia1,IA1,0.9529997354727394,0.0014550427064558636,0.9940335598360353,0.0004056057879728147,0.9040453102097707,0.002725321017555567,0.9040453102097707,0.002725321017555567,0.9040453102097707,0.002725321017555601,0.9122671295660082,0.002465463610301422
standard,ego_facebook,ego-Facebook,social,10,False,enhanced_local,ia2,IA2,0.9525865882468235,0.0014490330965488552,0.9939951676896417,0.0004027025389258256,0.9034633342544502,0.0024569491637335124,0.9034633342544502,0.0024569491637335124,0.9034633342544502,0.0024569491637335124,0.911717154960483,0.0022267795081444756
standard,ego_facebook,ego-Facebook,social,10,False,local_similarity,ja,JA,0.9208358265917671,0.0019079176301416232,0.9902439423835963,0.0004640587900152708,0.8636514614656423,0.003079925037455156,0.8636514614656423,0.003079925037455156,0.8636514614656423,0.003079925037455126,0.8731292033462216,0.002225320837188544
standard,ego_facebook,ego-Facebook,social,10,False,enhanced_local,lit,LIT-i2,0.9410364399332065,0.0015503619289378276,0.992188257692187,0.0004601030048291962,0.8789491148460782,0.0028761620545013768,0.8789491148460782,0.0028761620545013768,0.8789491148460782,0.0028761620545014136,0.8896970057842243,0.0025715232214394788
standard,ego_facebook,ego-Facebook,social,10,False,local_similarity,llhn,LLHN,0.5229234490266548,0.004701510364171379,0.9588252759153338,0.0008697828599683342,0.5631264868527831,0.007563197536976061,0.5631264868527831,0.007563197536976061,0.5631264868527831,0.007563197536976061,0.5463117518995404,0.0070469042369619116
standard,ego_facebook,ego-Facebook,social,10,False,local_bayesian,lnb_aa,LNB-AA,0.9464389974702344,0.001628316771724507,0.9934153927872721,0.00043602443315463285,0.8956363564166943,0.002590926714605282,0.8956363564166943,0.002590926714605282,0.8956363564166943,0.002590926714605282,0.9043381159569878,0.002350175789115357
standard,ego_facebook,ego-Facebook,social,10,False,local_bayesian,lnb_cn,LNB-CN,0.939021829080988,0.0016412236744330472,0.9927283400867968,0.00041895033562359464,0.8857308908075769,0.00281630398684513,0.8857308908075769,0.00281630398684513,0.8857308908075769,0.00281630398684513,0.8950432099696218,0.002550070916802946
standard,ego_facebook,ego-Facebook,social,10,False,local_bayesian,lnb_ra,LNB-RA,0.9620396648544824,0.00136782305609787,0.9945885743737957,0.00040531081958257003,0.9098531925731169,0.0023171552319466767,0.9098531925731169,0.0023171552319466767,0.9098531925731169,0.0023171552319466767,0.918318956353487,0.0020887089036883536
standard,ego_facebook,ego-Facebook,social,10,False,quasi_local_path,lpi,LPI-beta-0.001,0.936903556598215,0.0016752356974898855,0.9935719323010606,0.0002299396890876419,0.8813957764600021,0.0028532390081455004,0.8813957764600021,0.0028532390081455004,0.8813957764600021,0.0028532390081455004,0.8911378033839343,0.0025974854248500523
standard,ego_facebook,ego-Facebook,social,10,False,quasi_local_walk,lrw,LRW-l3,0.9547320847208127,0.0015216650885264387,0.9953875503844776,0.0002203414585383035,0.893154043484903,0.002942510626905991,0.893154043484903,0.002942510626905991,0.893154043484903,0.002942510626905991,0.9029024211882952,0.002667515914145832
standard,ego_facebook,ego-Facebook,social,10,False,quasi_local_path,ora_cni,ORA-CNI-beta-0.001,0.9153460975135264,0.002420670159180179,0.9903718987310913,0.00034784245235996986,0.8502422650506354,0.0028763848076826582,0.8502422650506354,0.0028763848076826582,0.8502422650506354,0.0028763848076826834,0.8628587073391906,0.0026487358370144835
standard,ego_facebook,ego-Facebook,social,10,False,degree_based,pa,PA,0.49375525447121615,0.003115350956393457,0.8402369997346278,0.0018417114633014497,0.4853318108807191,0.002489634112913102,0.4853318108807191,0.002489634112913102,0.4853318108807191,0.002489634112913102,0.5122500577961603,0.0024202073958224644
standard,ego_facebook,ego-Facebook,social,10,False,quasi_local_walk,pfp,PFP-l3,0.8705859057822831,0.002971994274669939,0.9900402007237407,0.00018493150966525336,0.8408950393548288,0.001087554510595614,0.8408950393548288,0.001087554510595614,0.8408950393548288,0.001087554510595618,0.8475242501029723,0.00116076677660809
standard,ego_facebook,ego-Facebook,social,10,False,local_similarity,ra,RA,0.9628443718485704,0.001249270737606789,0.9946526943061533,0.0004017665806534803,0.9102688921022188,0.001894560435807185,0.9102688921022188,0.001894560435807185,0.9102688921022188,0.001894560435807178,0.9187558805449832,0.0017170987816704497
standard,ego_facebook,ego-Facebook,social,10,False,enhanced_local,ra_cni,RA-CNI,0.9153427199289634,0.0024206684133129272,0.9903713737602707,0.000347851475157272,0.8502422650506354,0.0028763848076826582,0.8502422650506354,0.0028763848076826582,0.8502422650506354,0.0028763848076826834,0.8628585747271877,0.002648733149015773
standard,ego_facebook,ego-Facebook,social,10,False,local_similarity,sa,SA,0.9229788309863738,0.001953400713718787,0.9912292708901272,0.00043991079224225266,0.8649460758653387,0.002235799685755449,0.8649460758653387,0.002235799685755449,0.8649460758653387,0.0022357996857554252,0.8738891308903153,0.001588355077751599
standard,ego_facebook,ego-Facebook,social,10,False,local_similarity,so,SO,0.9208358265917671,0.0019079176301416232,0.9902439423835963,0.0004640587900152708,0.8636514614656423,0.003079925037455156,0.8636514614656423,0.003079925037455156,0.8636514614656423,0.003079925037455126,0.8731292033462216,0.002225320837188544
standard,ego_facebook,ego-Facebook,social,10,False,quasi_local_walk,srw,SRW-l3,0.9625983717298858,0.0011780160422144496,0.9962895628799389,0.00015262037329894965,0.9058743692358778,0.002309381064311816,0.9058743692358778,0.002309381064311816,0.9058743692358778,0.002309381064311816,0.9146312867622525,0.00209451555743685
standard,email_eu_core,email-Eu-core,communication,1,True,local_similarity,aa,AA,0.9462524195021652,0.0022705956202612077,0.9486737209344351,0.001667788113319797,0.8861991765311374,0.004182935625379039,0.8861991765311374,0.004182935625379039,0.8861991765311374,0.00418293562537901,0.8993107877558242,0.0037261598606244963
standard,email_eu_core,email-Eu-core,communication,1,True,enhanced_local,car_aa,CAR-AA,0.9250879051329217,0.0026806305489729195,0.9265218543976677,0.002310543833968551,0.879700150881314,0.003364340518145541,0.879700150881314,0.003364340518145541,0.879700150881314,0.003364340518145569,0.8937946624514203,0.002915672538419509
standard,email_eu_core,email-Eu-core,communication,1,True,enhanced_local,car_cn,CAR-CN,0.9221705173343449,0.002807458988475884,0.9251641479489517,0.002300946375739999,0.8785727419489643,0.002589570342980511,0.8785727419489643,0.002589570342980511,0.8785727419489643,0.0025895703429804793,0.892559522121546,0.0022532136949111803
standard,email_eu_core,email-Eu-core,communication,1,True,enhanced_local,car_ra,CAR-RA,0.9303614283667718,0.0023878705338908845,0.9298279549283418,0.0022421314277944375,0.8850056085619646,0.0015292271156049804,0.8850056085619646,0.0015292271156049804,0.8850056085619646,0.0015292271156049843,0.8989738982859485,0.0013026429044705684
standard,email_eu_core,email-Eu-core,communication,1,True,local_similarity,cn,CN,0.9352576578681011,0.0023076035397190135,0.9437049488860824,0.0016539467273647879,0.8789706859161311,0.0047087605715388755,0.8789706859161311,0.0047087605715388755,0.878970685916131,0.004708760571538844,0.8927505752976026,0.004149828173465187
standard,email_eu_core,email-Eu-core,communication,1,True,quasi_local_path,fl,FL-l3,0.9431876512780061,0.002203082388765147,0.9470139295221014,0.0015925734252623652,0.8765170830199137,0.003190525947006103,0.8765170830199137,0.003190525947006103,0.8765170830199137,0.003190525947006103,0.8905749314262803,0.0028834354326948983
standard,email_eu_core,email-Eu-core,communication,1,True,enhanced_local,fsw,FSW,0.9399243951367581,0.0018429384686795664,0.9417941712951367,0.0013609450711917037,0.8730684992367956,0.0027082168556681035,0.8730684992367956,0.0027082168556681035,0.8730684992367956,0.0027082168556681035,0.8879763449377425,0.0023408068379924046
standard,email_eu_core,email-Eu-core,communication,1,True,local_similarity,hdi,HDI,0.9177428957495929,0.0023040024812150976,0.9248213785051265,0.0017646581711207234,0.8472709177366923,0.002529953639754519,0.8472709177366923,0.002529953639754519,0.8472709177366923,0.002529953639754519,0.8629933546291706,0.003158804236739495
standard,email_eu_core,email-Eu-core,communication,1,True,local_similarity,hpi,HPI,0.8408120306171174,0.0049701293093694495,0.907097230351656,0.0026241620327854126,0.8483320136716946,0.0028164905615528165,0.8483320136716946,0.0028164905615528165,0.8483320136716946,0.0028164905615528165,0.8398267698129862,0.005285209624532289
standard,email_eu_core,email-Eu-core,communication,1,True,enhanced_local,ia1,IA1,0.9517081711157557,0.0019201102784763653,0.9522493957896969,0.0019428932964290573,0.8913721841719783,0.002450192943956553,0.8913721841719783,0.002450192943956553,0.8913721841719783,0.0024501929439564923,0.9045392198981869,0.002170546634231579
standard,email_eu_core,email-Eu-core,communication,1,True,enhanced_local,ia2,IA2,0.9506721634668682,0.0022457523858117226,0.9514097889755885,0.002298525821625001,0.8905102911613462,0.003676606479071337,0.8905102911613462,0.003676606479071337,0.8905102911613462,0.003676606479071337,0.9037036176157425,0.003273407416751218
standard,email_eu_core,email-Eu-core,communication,1,True,local_similarity,ja,JA,0.9249071585736763,0.0017888159217465424,0.9316520010355116,0.0014080014872155564,0.8572185051752731,0.0026991103881057275,0.8572185051752731,0.0026991103881057275,0.8572185051752731,0.0026991103881057275,0.8718042948299163,0.0036454075753068497
standard,email_eu_core,email-Eu-core,communication,1,True,enhanced_local,lit,LIT-i2,0.9446596972819019,0.0014615002657886501,0.9465162617725777,0.00111091190675402,0.8809601638139981,0.0017483487882326977,0.8809601638139981,0.0017483487882326977,0.8809601638139981,0.0017483487882326673,0.894937387538968,0.0013803407936274575
standard,email_eu_core,email-Eu-core,communication,1,True,local_similarity,llhn,LLHN,0.7710675201726586,0.003047409236367761,0.8526313043959419,0.0029992356105876996,0.7804889126427984,0.006092348454367436,0.7804889126427984,0.006092348454367436,0.7804889126427984,0.00609234845436742,0.7724875154781964,0.004889447981138648
standard,email_eu_core,email-Eu-core,communication,1,True,local_bayesian,lnb_aa,LNB-AA,0.9492009159504111,0.002100800679645526,0.9508975902594177,0.0017528510826880527,0.8892498383414493,0.003989591066886304,0.8892498383414493,0.003989591066886304,0.8892498383414493,0.003989591066886319,0.9022210922126039,0.0034874439211644926
standard,email_eu_core,email-Eu-core,communication,1,True,local_bayesian,lnb_cn,LNB-CN,0.9457306926966703,0.0021931948101757428,0.9482651163901539,0.001707330170112609,0.8856686945467181,0.004436093188881079,0.8856686945467181,0.004436093188881079,0.8856686945467181,0.0044360931888810665,0.8988084939776708,0.0038024362290626067
standard,email_eu_core,email-Eu-core,communication,1,True,local_bayesian,lnb_ra,LNB-RA,0.951720256486376,0.002066848518096086,0.9527254698770001,0.0020464689352442094,0.892168248061197,0.00433476920251534,0.892168248061197,0.00433476920251534,0.892168248061197,0.00433476920251534,0.9050448601774255,0.0038039763733551304
standard,email_eu_core,email-Eu-core,communication,1,True,quasi_local_path,lpi,LPI-beta-0.001,0.94318227132825,0.0022028763209659954,0.9470129401040375,0.0015923515857207123,0.8765170830199137,0.003190525947006103,0.8765170830199137,0.003190525947006103,0.8765170830199137,0.003190525947006103,0.8905739775916649,0.0028830112564336213
standard,email_eu_core,email-Eu-core,communication,1,True,quasi_local_walk,lrw,LRW-l3,0.9495116283884073,0.002234824735517467,0.9530385037969789,0.002242163037122082,0.8850056305563253,0.003890970685675957,0.8850056305563253,0.003890970685675957,0.8850056305563253,0.0038909706856759168,0.8978726624948958,0.003140238028989838
standard,email_eu_core,email-Eu-core,communication,1,True,quasi_local_path,ora_cni,ORA-CNI-beta-0.001,0.9298167080432911,0.0029829276308542944,0.9371391257466362,0.0027954989764956573,0.8653092187163212,0.004548238892930065,0.8653092187163212,0.004548238892930065,0.8653092187163212,0.004548238892930065,0.8795262470860251,0.003900193452294923
standard,email_eu_core,email-Eu-core,communication,1,True,degree_based,pa,PA,0.8663329424391805,0.005905864842405015,0.8733227884791331,0.004950146321322676,0.7824790503714848,0.006308188549217647,0.7824790503714848,0.006308188549217647,0.7824790503714848,0.006308188549217581,0.8029826242329132,0.005481621909402091
standard,email_eu_core,email-Eu-core,communication,1,True,quasi_local_walk,pfp,PFP-l3,0.9190346347097382,0.004396914888918923,0.9310558676551677,0.0027044039172363765,0.8574842410405973,0.004222545070435395,0.8574842410405973,0.004222545070435395,0.8574842410405973,0.004222545070435395,0.8706166137150652,0.00477507493085725
standard,email_eu_core,email-Eu-core,communication,1,True,local_similarity,ra,RA,0.9516540460501293,0.0024121376260188092,0.9527474338457177,0.002103437847560188,0.891770260105309,0.003352032822209234,0.891770260105309,0.003352032822209234,0.891770260105309,0.003352032822209234,0.9046610108458104,0.003133161110432832
standard,email_eu_core,email-Eu-core,communication,1,True,enhanced_local,ra_cni,RA-CNI,0.9298161505142806,0.002982773212913172,0.9371387519445975,0.0027955053987090825,0.8653092187163212,0.004548238892930065,0.8653092187163212,0.004548238892930065,0.8653092187163212,0.004548238892930065,0.8795261880942231,0.0039001868832720696
standard,email_eu_core,email-Eu-core,communication,1,True,local_similarity,sa,SA,0.9254279540232815,0.0014532393542773046,0.9334809791968912,0.0014862804696259104,0.8613302409262265,0.0014441113118571906,0.8613302409262265,0.0014441113118571906,0.8613302409262265,0.001444111311857149,0.8750663013412957,0.0026306248163733394
standard,email_eu_core,email-Eu-core,communication,1,True,local_similarity,so,SO,0.9249071585736763,0.0017888159217465424,0.9316520010355116,0.0014080014872155564,0.8572185051752731,0.0026991103881057275,0.8572185051752731,0.0026991103881057275,0.8572185051752731,0.0026991103881057275,0.8718042948299163,0.0036454075753068497
standard,email_eu_core,email-Eu-core,communication,1,True,quasi_local_walk,srw,SRW-l3,0.9564370435593714,0.0020375953022432097,0.958994949449236,0.0017956134844113658,0.8942239069902478,0.0038401460079731027,0.8942239069902478,0.0038401460079731027,0.8942239069902478,0.0038401460079731027,0.9065706369499438,0.00332120537717042
standard,email_eu_core,email-Eu-core,communication,5,False,local_similarity,aa,AA,0.8237325599993698,0.004528923346228081,0.9486286474769523,0.0015526180642398315,0.7564165028086799,0.004042990134012861,0.7564165028086799,0.004042990134012861,0.7564165028086799,0.0040429901340128605,0.7801078305993963,0.003654238952995614
standard,email_eu_core,email-Eu-core,communication,5,False,enhanced_local,car_aa,CAR-AA,0.7974042254839833,0.005077301062195562,0.9265190732082406,0.001852471144372069,0.7477287963366193,0.0024754039988587524,0.7477287963366193,0.0024754039988587524,0.7477287963366193,0.002475403998858731,0.7723101810087877,0.0023573682540783047
standard,email_eu_core,email-Eu-core,communication,5,False,enhanced_local,car_cn,CAR-CN,0.78805281982181,0.005456007163935946,0.925211361833108,0.001856679216493595,0.7423571136360637,0.0020537422317309277,0.7423571136360637,0.0020537422317309277,0.7423571136360637,0.0020537422317309277,0.7668224670953443,0.002224302808650952
standard,email_eu_core,email-Eu-core,communication,5,False,enhanced_local,car_ra,CAR-RA,0.8171498404584117,0.004120912327916354,0.9297697731896811,0.0018163730159946124,0.761124967558318,0.0041556423126976804,0.761124967558318,0.0041556423126976804,0.761124967558318,0.004155642312697669,0.7860363423806747,0.0037965639864720175
standard,email_eu_core,email-Eu-core,communication,5,False,local_similarity,cn,CN,0.7934769833885668,0.005097835892040744,0.9436876957216456,0.001425995209052144,0.7426887226115224,0.0030068866998215035,0.7426887226115224,0.0030068866998215035,0.7426887226115224,0.003006886699821501,0.7668466889095837,0.0030539925651945315
standard,email_eu_core,email-Eu-core,communication,5,False,quasi_local_path,fl,FL-l3,0.8052561263015207,0.00491634376820147,0.9469883271330642,0.0007294379725119464,0.7358580439975191,0.0029176193027485886,0.7358580439975191,0.0029176193027485886,0.7358580439975191,0.002917619302748551,0.7607493835187406,0.002979583157441933
standard,email_eu_core,email-Eu-core,communication,5,False,enhanced_local,fsw,FSW,0.8075306239038259,0.006425788307620461,0.9419762296939554,0.0017948524590748163,0.7369189419832755,0.004411172037097096,0.7369189419832755,0.004411172037097096,0.7369189419832756,0.004411172037097113,0.7628622548061663,0.004410981482281921
standard,email_eu_core,email-Eu-core,communication,5,False,local_similarity,hdi,HDI,0.741489582480341,0.0073242051745057435,0.9250848413259355,0.0018563732595865549,0.6790903572324056,0.0026003261869442184,0.6790903572324056,0.0026003261869442184,0.6790903572324056,0.0026003261869442184,0.7040535590212655,0.0015207546967080392
standard,email_eu_core,email-Eu-core,communication,5,False,local_similarity,hpi,HPI,0.5412791739283914,0.0038153833247823693,0.9064632943830515,0.0023553068624195387,0.613037729126252,0.004556779675233393,0.613037729126252,0.004556779675233393,0.613037729126252,0.004556779675233393,0.5887230490851085,0.0031804375733107573
standard,email_eu_core,email-Eu-core,communication,5,False,enhanced_local,ia1,IA1,0.842124283617042,0.003839141379671814,0.9520558702129394,0.0018257970634926826,0.7692819721023529,0.0036952437607138066,0.7692819721023529,0.0036952437607138066,0.7692819721023529,0.0036952437607138096,0.7933594706719427,0.0033600909496716022
standard,email_eu_core,email-Eu-core,communication,5,False,enhanced_local,ia2,IA2,0.8386632120535227,0.004248821180370012,0.9511439468429375,0.0020229470296993994,0.7662315302356475,0.004280685709986593,0.7662315302356475,0.004280685709986593,0.7662315302356475,0.004280685709986586,0.7904909225184997,0.003934702120583245
standard,email_eu_core,email-Eu-core,communication,5,False,local_similarity,ja,JA,0.7614350495114264,0.006723134617143058,0.9318684955238427,0.001827452348997316,0.7029647958263501,0.005694648290965016,0.7029647958263501,0.005694648290965016,0.7029647958263501,0.005694648290965016,0.7241387533187179,0.005314108280121122
standard,email_eu_core,email-Eu-core,communication,5,False,enhanced_local,lit,LIT-i2,0.8226394878762491,0.0049514321064491945,0.9469227617788132,0.0015152624195462609,0.7504477172053086,0.0028205479190322722,0.7504477172053086,0.0028205479190322722,0.7504477172053086,0.0028205479190322813,0.7754491613243839,0.002143431930209993
standard,email_eu_core,email-Eu-core,communication,5,False,local_similarity,llhn,LLHN,0.40962085362520784,0.005893067220725065,0.8503904043522648,0.00370222860372726,0.44764205057823175,0.007990517042037164,0.44764205057823175,0.007990517042037164,0.44764205057823175,0.007990517042037164,0.43279529222763785,0.007290678197370153
standard,email_eu_core,email-Eu-core,communication,5,False,local_bayesian,lnb_aa,LNB-AA,0.8340758195099566,0.0043311089719407095,0.9508790772658836,0.0016613874888603075,0.7645071943553672,0.004243494475163761,0.7645071943553672,0.004243494475163761,0.7645071943553672,0.004243494475163761,0.7880460032645393,0.0037409223402602144
standard,email_eu_core,email-Eu-core,communication,5,False,local_bayesian,lnb_cn,LNB-CN,0.822417326242501,0.004732729644393986,0.9483110349664946,0.0015400269464301587,0.7553554728567595,0.003913585876622358,0.7553554728567595,0.003913585876622358,0.7553554728567595,0.0039135858766223995,0.7790652124759504,0.003659288320189645
standard,email_eu_core,email-Eu-core,communication,5,False,local_bayesian,lnb_ra,LNB-RA,0.8410910069979952,0.004001917275737723,0.952380846812104,0.0019826123992769543,0.7708073689905908,0.004518610832818062,0.7708073689905908,0.004518610832818062,0.7708073689905908,0.004518610832817995,0.7942257883011865,0.0038330505748724953
standard,email_eu_core,email-Eu-core,communication,5,False,quasi_local_path,lpi,LPI-beta-0.001,0.8052379435626236,0.004915377242303565,0.9469876454887324,0.0007293259968830626,0.7358580439975191,0.0029176193027485886,0.7358580439975191,0.0029176193027485886,0.7358580439975191,0.002917619302748551,0.7607458430797197,0.002979465245277961
standard,email_eu_core,email-Eu-core,communication,5,False,quasi_local_walk,lrw,LRW-l3,0.8231760896754376,0.004389364830422472,0.9528793038324619,0.0010666280982042121,0.7534984449987023,0.003448397666245576,0.7534984449987023,0.003448397666245576,0.7534984449987023,0.0034483976662455637,0.7766405380105779,0.0028098619979901726
standard,email_eu_core,email-Eu-core,communication,5,False,quasi_local_path,ora_cni,ORA-CNI-beta-0.001,0.7621116677689683,0.004062246589646561,0.9370263321694103,0.0012276977549262238,0.7001130070249988,0.0037583035417153984,0.7001130070249988,0.0037583035417153984,0.7001130070249988,0.0037583035417153984,0.7255637243805563,0.0034412617460777336
standard,email_eu_core,email-Eu-core,communication,5,False,degree_based,pa,PA,0.6180322721660664,0.007144914612444384,0.8724379694490514,0.002492470013858819,0.5643618116314977,0.009081179861212157,0.5643618116314977,0.009081179861212157,0.5643618116314977,0.009081179861212157,0.597533821759629,0.008138856731423586
standard,email_eu_core,email-Eu-core,communication,5,False,quasi_local_walk,pfp,PFP-l3,0.7280723737721434,0.002987127670871193,0.9318734354746556,0.0010881781863062495,0.6867170777412671,0.004361453787985371,0.6867170777412671,0.004361453787985371,0.6867170777412671,0.004361453787985371,0.704880846205782,0.0033419474924067773
standard,email_eu_core,email-Eu-core,communication,5,False,local_similarity,ra,RA,0.841285241037513,0.004613515507143013,0.9524463783637419,0.001996904663090965,0.7725315069216252,0.0034234885495789593,0.7725315069216252,0.0034234885495789593,0.7725315069216252,0.0034234885495789355,0.7955927460636124,0.002720629484772197
standard,email_eu_core,email-Eu-core,communication,5,False,enhanced_local,ra_cni,RA-CNI,0.76210943161119,0.0040616749223678986,0.9370257604122798,0.001227640762572322,0.7001130070249988,0.0037583035417153984,0.7001130070249988,0.0037583035417153984,0.7001130070249988,0.0037583035417153984,0.7255634709851302,0.0034411436638876573
standard,email_eu_core,email-Eu-core,communication,5,False,local_similarity,sa,SA,0.7599887925317386,0.005708124656174162,0.9336298034891438,0.00205100894293121,0.7059489466900686,0.005693479149237084,0.7059489466900686,0.005693479149237084,0.7059489466900686,0.005693479149237084,0.7253780324343919,0.0054826636829836154
standard,email_eu_core,email-Eu-core,communication,5,False,local_similarity,so,SO,0.7614350495114264,0.006723134617143058,0.9318684955238427,0.001827452348997316,0.7029647958263501,0.005694648290965016,0.7029647958263501,0.005694648290965016,0.7029647958263501,0.005694648290965016,0.7241387533187179,0.005314108280121122
standard,email_eu_core,email-Eu-core,communication,5,False,quasi_local_walk,srw,SRW-l3,0.8455339376544597,0.004013650889557387,0.958756681463145,0.000814712159883507,0.7716694379561081,0.0024615942207464646,0.7716694379561081,0.0024615942207464646,0.771669437956108,0.0024615942207464603,0.7945010335342729,0.002616627351301197
standard,email_eu_core,email-Eu-core,communication,10,False,local_similarity,aa,AA,0.726784115414999,0.005573576355182355,0.9484010372684424,0.0019967198946671764,0.6773662412957318,0.005334229598105498,0.6773662412957318,0.005334229598105498,0.6773662412957318,0.005334229598105498,0.7043048030030246,0.005222424426954242
standard,email_eu_core,email-Eu-core,communication,10,False,enhanced_local,car_aa,CAR-AA,0.7037572566302959,0.005768264007688391,0.9263619418840234,0.0017650165021067402,0.664036537031905,0.005425258603027871,0.664036537031905,0.005425258603027871,0.664036537031905,0.005425258603027871,0.693061892139024,0.0048998080164698015
standard,email_eu_core,email-Eu-core,communication,10,False,enhanced_local,car_cn,CAR-CN,0.6898999279950127,0.005933482604628199,0.9250423435971294,0.0017034783577892796,0.6570068534427773,0.005598022509802184,0.6570068534427773,0.005598022509802184,0.6570068534427773,0.005598022509802184,0.6854316660869704,0.005047393858695839
standard,email_eu_core,email-Eu-core,communication,10,False,enhanced_local,car_ra,CAR-RA,0.7348260053964609,0.005257015150306557,0.929590388879124,0.0017764918183760625,0.6877780417101056,0.00593513592186417,0.6877780417101056,0.00593513592186417,0.6877780417101056,0.00593513592186417,0.7170486479985845,0.005212459932760728
standard,email_eu_core,email-Eu-core,communication,10,False,local_similarity,cn,CN,0.6876500033107509,0.005622790031661818,0.943481447529612,0.001823492316438011,0.6583993384096318,0.005966605450731007,0.6583993384096318,0.005966605450731007,0.6583993384096318,0.005966605450731007,0.6858888029185467,0.005511253826094611
standard,email_eu_core,email-Eu-core,communication,10,False,quasi_local_path,fl,FL-l3,0.6988759352753359,0.005352580207281592,0.9467751382818989,0.0009704407520759689,0.6550832486550449,0.007237821286515958,0.6550832486550449,0.007237821286515958,0.6550832486550449,0.007237821286515958,0.6826330261448663,0.006402095227126379
standard,email_eu_core,email-Eu-core,communication,10,False,enhanced_local,fsw,FSW,0.7122537992146583,0.007320234852368213,0.9418935464305671,0.0020249714374114213,0.6555478135406082,0.004820544620141133,0.6555478135406082,0.004820544620141133,0.6555478135406082,0.004820544620141133,0.6860924390916509,0.0056226642724892225
standard,email_eu_core,email-Eu-core,communication,10,False,local_similarity,hdi,HDI,0.6225943813882132,0.0046354660937072195,0.9250811092027427,0.002038566510675314,0.5916844381100687,0.005907733440614719,0.5916844381100687,0.005907733440614719,0.5916844381100687,0.005907733440614719,0.6167338240459577,0.0045302270478720695
standard,email_eu_core,email-Eu-core,communication,10,False,local_similarity,hpi,HPI,0.3781118126028531,0.004695545919240589,0.906217122949133,0.0028843282777974216,0.4603744319956363,0.01036571766768131,0.4603744319956363,0.01036571766768131,0.4603744319956363,0.01036571766768131,0.4308696707939542,0.009347694731549552
standard,email_eu_core,email-Eu-core,communication,10,False,enhanced_local,ia1,IA1,0.7562996422932853,0.005441777752357712,0.9518201682887308,0.0022839354507078204,0.695470987238872,0.00748143400391384,0.695470987238872,0.00748143400391384,0.695470987238872,0.00748143400391384,0.7239616378025788,0.006584331618753651
standard,email_eu_core,email-Eu-core,communication,10,False,enhanced_local,ia2,IA2,0.7507369112953508,0.0063999129438836325,0.9508434292562173,0.0025047546584796142,0.6919562224245703,0.007102893070510717,0.6919562224245703,0.007102893070510717,0.6919562224245703,0.007102893070510717,0.720388609769541,0.006384464821465803
standard,email_eu_core,email-Eu-core,communication,10,False,local_similarity,ja,JA,0.6468515642031468,0.004795628827657113,0.9318279050362565,0.0020856070751249216,0.6197362216327733,0.0032275294352352726,0.6197362216327733,0.0032275294352352726,0.6197362216327733,0.0032275294352352726,0.6406894950653803,0.0027310646450920163
standard,email_eu_core,email-Eu-core,communication,10,False,enhanced_local,lit,LIT-i2,0.732522369049792,0.005552075577022995,0.9468493268599445,0.002032400916550173,0.6724585736217235,0.0036741285177120985,0.6724585736217235,0.0036741285177120985,0.6724585736217235,0.0036741285177120985,0.7022752378205468,0.004144591240106425
standard,email_eu_core,email-Eu-core,communication,10,False,local_similarity,llhn,LLHN,0.2594000226031547,0.004101114714720387,0.8501912037039021,0.0032209175796551284,0.2998865530877883,0.0077022436271259815,0.2998865530877883,0.0077022436271259815,0.2998865530877883,0.0077022436271259815,0.2838699738655556,0.006695361640949056
standard,email_eu_core,email-Eu-core,communication,10,False,local_bayesian,lnb_aa,LNB-AA,0.7425519838941113,0.005535424526452432,0.9506496111752352,0.0020921747118244206,0.6874465647008108,0.00569161909366058,0.6874465647008108,0.00569161909366058,0.6874465647008108,0.00569161909366058,0.714578027782004,0.005564395604070603
standard,email_eu_core,email-Eu-core,communication,10,False,local_bayesian,lnb_cn,LNB-CN,0.725260826931588,0.005488955901029238,0.9481026128677449,0.0019650996387387386,0.6738515644588727,0.007107898547218698,0.6738515644588727,0.007107898547218698,0.6738515644588727,0.007107898547218698,0.7012778900023521,0.006648854614887773
standard,email_eu_core,email-Eu-core,communication,10,False,local_bayesian,lnb_ra,LNB-RA,0.7530156226023553,0.006273084922379572,0.952052328358298,0.002438860844427124,0.6960678701980811,0.005093241171563452,0.6960678701980811,0.005093241171563452,0.6960678701980811,0.005093241171563452,0.723446552444216,0.0049596071661612805
standard,email_eu_core,email-Eu-core,communication,10,False,quasi_local_path,lpi,LPI-beta-0.001,0.6988415398420302,0.005359734826045456,0.9467744126255029,0.0009707214607782883,0.6550832486550449,0.007237821286515958,0.6550832486550449,0.007237821286515958,0.6550832486550449,0.007237821286515958,0.6826263034180821,0.0064040886348706435
standard,email_eu_core,email-Eu-core,communication,10,False,quasi_local_walk,lrw,LRW-l3,0.722335552872506,0.006528947649309265,0.9526081873309403,0.000973321215287084,0.674382046443292,0.005138439577517137,0.674382046443292,0.005138439577517137,0.674382046443292,0.005138439577517137,0.7000621487057622,0.005302115317851751
standard,email_eu_core,email-Eu-core,communication,10,False,quasi_local_path,ora_cni,ORA-CNI-beta-0.001,0.6391478800456639,0.004913555979531673,0.9367322594327078,0.0010164644212505012,0.6016317396219609,0.004813999628583812,0.6016317396219609,0.004813999628583812,0.6016317396219609,0.004813999628583812,0.6304082113315468,0.004333677372375661
standard,email_eu_core,email-Eu-core,communication,10,False,degree_based,pa,PA,0.4796561435200545,0.006550716829974237,0.8722076291837215,0.0022084957023484563,0.4634263254901443,0.0037976813666019305,0.4634263254901443,0.0037976813666019305,0.4634263254901443,0.0037976813666019305,0.4981113202047654,0.004064459845109338
standard,email_eu_core,email-Eu-core,communication,10,False,quasi_local_walk,pfp,PFP-l3,0.5931397674610077,0.006965421716320823,0.9319954113810398,0.0014825723041818298,0.5867103254725489,0.0033270608189577945,0.5867103254725489,0.0033270608189577945,0.5867103254725489,0.0033270608189577945,0.6035965629974298,0.003906191011059224
standard,email_eu_core,email-Eu-core,communication,10,False,local_similarity,ra,RA,0.7527555899583496,0.006961981615634449,0.9521254311568315,0.0024565527829162903,0.6975933550637616,0.008436930813333493,0.6975933550637616,0.008436930813333493,0.6975933550637616,0.008436930813333493,0.7243615573944365,0.007787154618791805
standard,email_eu_core,email-Eu-core,communication,10,False,enhanced_local,ra_cni,RA-CNI,0.6391450390226919,0.004913553129696303,0.9367316569177513,0.0010164534053743396,0.6016317396219609,0.004813999628583812,0.6016317396219609,0.004813999628583812,0.6016317396219609,0.004813999628583812,0.6304079297786582,0.004333691668042725
standard,email_eu_core,email-Eu-core,communication,10,False,local_similarity,sa,SA,0.6417375154556464,0.005480018806724306,0.933568173611846,0.0023139681286722595,0.6202005665747302,0.006188042374047578,0.6202005665747302,0.006188042374047578,0.6202005665747302,0.006188042374047578,0.6389130062731474,0.005513510511729526
standard,email_eu_core,email-Eu-core,communication,10,False,local_similarity,so,SO,0.6468515642031468,0.004795628827657113,0.9318279050362565,0.0020856070751249216,0.6197362216327733,0.0032275294352352726,0.6197362216327733,0.0032275294352352726,0.6197362216327733,0.0032275294352352726,0.6406894950653803,0.0027310646450920163
standard,email_eu_core,email-Eu-core,communication,10,False,quasi_local_walk,srw,SRW-l3,0.7545836820934322,0.006538333378230788,0.9584486692954343,0.0011949155472023075,0.6988532140359212,0.00567850181289816,0.6988532140359212,0.00567850181289816,0.6988532140359212,0.00567850181289816,0.7243925798070089,0.005902963420677044
standard,email_univ,email-univ,communication,1,True,local_similarity,aa,AA,0.8597524557586727,0.003166673720660501,0.8576454210720602,0.0031028489405537153,0.7893030342045406,0.004979394148668466,0.7893030342045406,0.004979394148668466,0.7893030342045406,0.004979394148668418,0.8233187435917226,0.00413797456456143
standard,email_univ,email-univ,communication,1,True,enhanced_local,car_aa,CAR-AA,0.6916405792667384,0.011609772948176375,0.6916946848421603,0.012439450281381778,0.6242202587871766,0.011346794211446385,0.6242202587871766,0.011346794211446385,0.6242202587871766,0.011346794211446385,0.6752282954512921,0.010362622586059729
standard,email_univ,email-univ,communication,1,True,enhanced_local,car_cn,CAR-CN,0.6909390133370124,0.011705585562012377,0.6916191713863213,0.012499700210979773,0.6242202587871766,0.011346794211446385,0.6242202587871766,0.011346794211446385,0.6242202587871766,0.011346794211446385,0.6751511739843051,0.010361019774626532
standard,email_univ,email-univ,communication,1,True,enhanced_local,car_ra,CAR-RA,0.6921969042649125,0.011911001616895551,0.6917919547460836,0.012484325671701046,0.6242202587871766,0.011346794211446385,0.6242202587871766,0.011346794211446385,0.6242202587871766,0.011346794211446385,0.6753576936838618,0.01041823092414452
standard,email_univ,email-univ,communication,1,True,local_similarity,cn,CN,0.8494038876408366,0.0026850373216064055,0.8554574607963182,0.002908848954506125,0.7893030342045406,0.004979394148668466,0.7893030342045406,0.004979394148668466,0.7893030342045406,0.004979394148668418,0.8227691642735312,0.004081837265015516
standard,email_univ,email-univ,communication,1,True,quasi_local_path,fl,FL-l3,0.9290820504174946,0.004908182292945313,0.9291380173498466,0.006493296779332048,0.8684876722029097,0.0039921044719378705,0.8684876722029097,0.0039921044719378705,0.8684876722029097,0.00399210447193789,0.8882126885947844,0.003267967637039816
standard,email_univ,email-univ,communication,1,True,enhanced_local,fsw,FSW,0.8548110812060253,0.003955711412729858,0.8542993415026956,0.0035381387198451116,0.7893030342045406,0.004979394148668466,0.7893030342045406,0.004979394148668466,0.7893030342045406,0.004979394148668418,0.8226828248658592,0.004118866808782926
standard,email_univ,email-univ,communication,1,True,local_similarity,hdi,HDI,0.8471440100849671,0.005489450223922924,0.8521408308931406,0.003652291266060643,0.7893030342045406,0.004979394148668466,0.7893030342045406,0.004979394148668466,0.7893030342045406,0.004979394148668418,0.8205146933632272,0.0044838950765749746
standard,email_univ,email-univ,communication,1,True,local_similarity,hpi,HPI,0.829449756919663,0.007525331301036461,0.8483956427079745,0.004428888526785861,0.7893030342045406,0.004979394148668466,0.7893030342045406,0.004979394148668466,0.7893030342045406,0.004979394148668418,0.8137451973571098,0.007448641761811161
standard,email_univ,email-univ,communication,1,True,enhanced_local,ia1,IA1,0.8600924151747336,0.0032981898001905575,0.8576810159315984,0.003168436946666926,0.7893030342045406,0.004979394148668466,0.7893030342045406,0.004979394148668466,0.7893030342045406,0.004979394148668418,0.8234244505984736,0.004126346053311859
standard,email_univ,email-univ,communication,1,True,enhanced_local,ia2,IA2,0.8552034107988001,0.004137220554493998,0.855663864651415,0.003532444586813186,0.7893030342045406,0.004979394148668466,0.7893030342045406,0.004979394148668466,0.7893030342045406,0.004979394148668418,0.8224892870255388,0.003959954731598939
standard,email_univ,email-univ,communication,1,True,local_similarity,ja,JA,0.8473560702109768,0.0054162979797939045,0.8519978753138598,0.0036942861219578854,0.7893030342045406,0.004979394148668466,0.7893030342045406,0.004979394148668466,0.7893030342045406,0.004979394148668418,0.8206208435421425,0.004708024636142697
standard,email_univ,email-univ,communication,1,True,enhanced_local,lit,LIT-i2,0.8457098480242907,0.004608905163614752,0.8442847959433282,0.004873362060798599,0.7733283979228359,0.005134328434316761,0.7733283979228359,0.005134328434316761,0.7733283979228359,0.005134328434316833,0.8094963969716357,0.00429693321034396
standard,email_univ,email-univ,communication,1,True,local_similarity,llhn,LLHN,0.8185733428700719,0.007245707182885957,0.8445549488416898,0.0047089423924922096,0.7893030342045406,0.004979394148668466,0.7893030342045406,0.004979394148668466,0.7893030342045406,0.004979394148668418,0.8125757000732616,0.004710026062122124
standard,email_univ,email-univ,communication,1,True,local_bayesian,lnb_aa,LNB-AA,0.8602191239787447,0.0023677415412478625,0.8576222406959607,0.0024355428097638985,0.7890715527230591,0.004510594400110417,0.7890715527230591,0.004510594400110417,0.7890715527230591,0.004510594400110366,0.8232322535109834,0.003631271963109343
standard,email_univ,email-univ,communication,1,True,local_bayesian,lnb_cn,LNB-CN,0.8589740106706852,0.0024195610260295862,0.856984679983432,0.002340846283351047,0.7890715527230591,0.004510594400110417,0.7890715527230591,0.004510594400110417,0.7890715527230591,0.004510594400110366,0.8230013168310728,0.003660872017101309
standard,email_univ,email-univ,communication,1,True,local_bayesian,lnb_ra,LNB-RA,0.8597095250428991,0.002765498989867353,0.8574449944372395,0.002676613127636403,0.7890715527230591,0.004510594400110417,0.7890715527230591,0.004510594400110417,0.7890715527230591,0.004510594400110366,0.8231277841586853,0.003567773045123951
standard,email_univ,email-univ,communication,1,True,quasi_local_path,lpi,LPI-beta-0.001,0.9290820504174946,0.004908182292945313,0.9291380173498466,0.006493296779332048,0.8684876722029097,0.0039921044719378705,0.8684876722029097,0.0039921044719378705,0.8684876722029097,0.00399210447193789,0.8882126885947844,0.003267967637039816
standard,email_univ,email-univ,communication,1,True,quasi_local_walk,lrw,LRW-l3,0.9303793470329091,0.00286446910042387,0.9252628218090744,0.003799193187985857,0.8640879146817733,0.006292327853434295,0.8640879146817733,0.006292327853434295,0.8640879146817733,0.006292327853434295,0.885034419759409,0.005293075987391968
standard,email_univ,email-univ,communication,1,True,quasi_local_path,ora_cni,ORA-CNI-beta-0.001,0.928739058859885,0.0028631203858520016,0.9268711224946588,0.003936518247006404,0.8643185914767606,0.007951031504353074,0.8643185914767606,0.007951031504353074,0.8643185914767606,0.007951031504353074,0.8844604846203896,0.00632198254339311
standard,email_univ,email-univ,communication,1,True,degree_based,pa,PA,0.8206882040085887,0.005011953526489952,0.8339941995541906,0.008297209672819366,0.754805319514184,0.006042252068215658,0.754805319514184,0.006042252068215658,0.754805319514184,0.006042252068215751,0.780026904596275,0.004706475805612349
standard,email_univ,email-univ,communication,1,True,quasi_local_walk,pfp,PFP-l3,0.9189542071146828,0.006502983936222506,0.9233805424275611,0.005368930000253508,0.8638567014291233,0.0041683906480819,0.8638567014291233,0.0041683906480819,0.8638567014291232,0.0041683906480819094,0.8794687258825542,0.006883583132742741
standard,email_univ,email-univ,communication,1,True,local_similarity,ra,RA,0.8591505794866638,0.0035593267381603777,0.8574526087553471,0.003254356995853684,0.7893030342045406,0.004979394148668466,0.7893030342045406,0.004979394148668466,0.7893030342045406,0.004979394148668418,0.8232095459880087,0.004070701812107658
standard,email_univ,email-univ,communication,1,True,enhanced_local,ra_cni,RA-CNI,0.9284111943659499,0.002980259236628146,0.9264964884170157,0.00408668591887941,0.8643185914767606,0.007951031504353074,0.8643185914767606,0.007951031504353074,0.8643185914767606,0.007951031504353074,0.8844606034324605,0.0063219275724454415
standard,email_univ,email-univ,communication,1,True,local_similarity,sa,SA,0.8453903427375,0.00565615746412381,0.8511180664508841,0.003950564947139497,0.7893030342045406,0.004979394148668466,0.7893030342045406,0.004979394148668466,0.7893030342045406,0.004979394148668418,0.8202217583155177,0.004799238388193442
standard,email_univ,email-univ,communication,1,True,local_similarity,so,SO,0.8473560702109768,0.0054162979797939045,0.8519978753138598,0.0036942861219578854,0.7893030342045406,0.004979394148668466,0.7893030342045406,0.004979394148668466,0.7893030342045406,0.004979394148668418,0.8206208435421425,0.004708024636142697
standard,email_univ,email-univ,communication,1,True,quasi_local_walk,srw,SRW-l3,0.9387230902015119,0.004515979652769481,0.933973033365336,0.0052661897208963705,0.8738114780481524,0.005955203079901544,0.8738114780481524,0.005955203079901544,0.8738114780481524,0.005955203079901563,0.893517857631141,0.004965051257145761
standard,email_univ,email-univ,communication,5,False,local_similarity,aa,AA,0.7233295004213011,0.007113605309905931,0.857538101634906,0.002005671215922388,0.7265570683661645,0.004510565330040536,0.7265570683661645,0.004510565330040536,0.7265570683661645,0.004510565330040584,0.7636615968306814,0.0044370006931976425
standard,email_univ,email-univ,communication,5,False,enhanced_local,car_aa,CAR-AA,0.4782256222704988,0.020962476015513647,0.69161429548906,0.013275898075096465,0.4531133320458349,0.021886207338939978,0.4531133320458349,0.021886207338939978,0.4531133320458349,0.021886207338939978,0.525858175492926,0.02039106450390721
standard,email_univ,email-univ,communication,5,False,enhanced_local,car_cn,CAR-CN,0.47636696377080867,0.02169316901496273,0.6916082546517797,0.013342091432207983,0.4531133320458349,0.021886207338939978,0.4531133320458349,0.021886207338939978,0.4531133320458349,0.021886207338939978,0.5258248504672803,0.020615416862609245
standard,email_univ,email-univ,communication,5,False,enhanced_local,car_ra,CAR-RA,0.47880713469239955,0.0208302390956365,0.691641500387443,0.013270882549090542,0.4531133320458349,0.021886207338939978,0.4531133320458349,0.021886207338939978,0.4531133320458349,0.021886207338939978,0.5259758618807521,0.020337358444303878
standard,email_univ,email-univ,communication,5,False,local_similarity,cn,CN,0.6908904138350654,0.005585018464337828,0.8557970033748384,0.0017212888014308,0.7156742199905584,0.003597537968886303,0.7156742199905584,0.003597537968886303,0.7156742199905584,0.0035975379688862343,0.7535717259911954,0.004077680561741499
standard,email_univ,email-univ,communication,5,False,quasi_local_path,fl,FL-l3,0.7991399520678386,0.009120535631260867,0.9291092625165269,0.004124818174002951,0.7249358933093,0.0024577398139849793,0.7249358933093,0.0024577398139849793,0.7249358933093,0.0024577398139849693,0.7619845020048321,0.0023145934558085365
standard,email_univ,email-univ,communication,5,False,enhanced_local,fsw,FSW,0.7054464130900637,0.002023372103950799,0.8545639660876123,0.0019647348785532762,0.7098863782670272,0.001783717443065012,0.7098863782670272,0.001783717443065012,0.7098863782670272,0.0017837174430650196,0.7474498448218883,0.0011870122706666743
standard,email_univ,email-univ,communication,5,False,local_similarity,hdi,HDI,0.6807329142447822,0.005880221970868545,0.8528652477162323,0.0021750367714186395,0.7122014613106733,0.0024605634164358895,0.7122014613106733,0.0024605634164358895,0.7122014613106734,0.00246056341643587,0.743522273055957,0.003797935954827507
standard,email_univ,email-univ,communication,5,False,local_similarity,hpi,HPI,0.6051337479678686,0.006444714514080711,0.8487250935233893,0.0027883106221638777,0.7091905926784259,0.0035541141789016246,0.7091905926784259,0.0035541141789016246,0.7091905926784259,0.003554114178901637,0.708772822299958,0.006476045939388448
standard,email_univ,email-univ,communication,5,False,enhanced_local,ia1,IA1,0.7215529945212991,0.007185420199022279,0.8572847433207663,0.0021606809972132884,0.7265570683661645,0.004510565330040536,0.7265570683661645,0.004510565330040536,0.7265570683661645,0.004510565330040584,0.7634138423403678,0.004631894112228207
standard,email_univ,email-univ,communication,5,False,enhanced_local,ia2,IA2,0.6983064242878528,0.008174678693770646,0.855010727552405,0.002744912797281481,0.7244731985751685,0.003475155234887037,0.7244731985751685,0.003475155234887037,0.7244731985751685,0.0034751552348870323,0.757245681512906,0.004010590326871235
standard,email_univ,email-univ,communication,5,False,local_similarity,ja,JA,0.6781174365169552,0.0064976672550871055,0.8526262861865719,0.0022858310647212447,0.7105813591691345,0.002125469445676558,0.7105813591691345,0.002125469445676558,0.7105813591691345,0.0021254694456765413,0.7410412156818872,0.003959197618738823
standard,email_univ,email-univ,communication,5,False,enhanced_local,lit,LIT-i2,0.7016964757649433,0.008514768480281472,0.844562540064185,0.0032976935584508107,0.7193795330672503,0.005273466619356254,0.7193795330672503,0.005273466619356254,0.7193795330672504,0.0052734666193562365,0.7566948019221504,0.004757023196166106
standard,email_univ,email-univ,communication,5,False,local_similarity,llhn,LLHN,0.5802025649815716,0.010168919983875846,0.8454971440919241,0.0027951096908436657,0.7073392772842367,0.0015928206859276118,0.7073392772842367,0.0015928206859276118,0.7073392772842367,0.0015928206859276118,0.7017703082707417,0.005925453659090675
standard,email_univ,email-univ,communication,5,False,local_bayesian,lnb_aa,LNB-AA,0.7235224331897291,0.007666316502345033,0.8573036970473629,0.001399485489772943,0.7272528539547659,0.004585829619487236,0.7272528539547659,0.004585829619487236,0.7272528539547658,0.004585829619487271,0.7641048166082236,0.0038895128627919823
standard,email_univ,email-univ,communication,5,False,local_bayesian,lnb_cn,LNB-CN,0.7222450809849404,0.006748058834640711,0.856952037910418,0.0012601576034955266,0.7223893287841723,0.0030055349658115764,0.7223893287841723,0.0030055349658115764,0.7223893287841724,0.0030055349658115803,0.7600936880167596,0.0011522949935191752
standard,email_univ,email-univ,communication,5,False,local_bayesian,lnb_ra,LNB-RA,0.7157429214656743,0.009270081759446535,0.8567258125061903,0.001806842965309822,0.7281782434230291,0.0029443655489015527,0.7281782434230291,0.0029443655489015527,0.7281782434230291,0.00294436554890156,0.7619677560396683,0.006274382910035194
standard,email_univ,email-univ,communication,5,False,quasi_local_path,lpi,LPI-beta-0.001,0.7991399520678386,0.009120535631260867,0.9291092625165269,0.004124818174002951,0.7249358933093,0.0024577398139849793,0.7249358933093,0.0024577398139849793,0.7249358933093,0.0024577398139849693,0.7619845020048321,0.0023145934558085365
standard,email_univ,email-univ,communication,5,False,quasi_local_walk,lrw,LRW-l3,0.7967153892043639,0.006044138481891803,0.9246911524149993,0.0022603236320157915,0.7362838504785202,0.012524426864304978,0.7362838504785202,0.012524426864304978,0.7362838504785202,0.01252442686430505,0.7700250123102031,0.010353986219911489
standard,email_univ,email-univ,communication,5,False,quasi_local_path,ora_cni,ORA-CNI-beta-0.001,0.7940192418219488,0.007172006668086422,0.9273963671468106,0.0022376120168203333,0.7298010278528818,0.007236670148575658,0.7298010278528818,0.007236670148575658,0.7298010278528819,0.0072366701485756775,0.7642502352730373,0.006389086359948064
standard,email_univ,email-univ,communication,5,False,degree_based,pa,PA,0.5175565069643074,0.014123792215946953,0.8312065426408249,0.00807849303518951,0.5156280846315608,0.005518868776804322,0.5156280846315608,0.005518868776804322,0.5156280846315608,0.005518868776804322,0.5485586998987515,0.007066842047399897
standard,email_univ,email-univ,communication,5,False,quasi_local_walk,pfp,PFP-l3,0.7504561040854789,0.015042718998573946,0.9240547183418046,0.003510208428632496,0.7166030964336294,0.005322067395195835,0.7166030964336294,0.005322067395195835,0.7166030964336294,0.005322067395195694,0.7363658126480062,0.0063122178036300325
standard,email_univ,email-univ,communication,5,False,local_similarity,ra,RA,0.7148388152539044,0.009659800932288054,0.8569039226891576,0.0023469467222281895,0.7265570683661645,0.004510565330040536,0.7265570683661645,0.004510565330040536,0.7265570683661645,0.004510565330040584,0.7614221695505767,0.005970367031021804
standard,email_univ,email-univ,communication,5,False,enhanced_local,ra_cni,RA-CNI,0.7937652594252326,0.006936187240565269,0.9270480790134548,0.0023490515010143693,0.7298010278528818,0.007236670148575658,0.7298010278528818,0.007236670148575658,0.7298010278528819,0.0072366701485756775,0.7642502521646007,0.00638874216853745
standard,email_univ,email-univ,communication,5,False,local_similarity,sa,SA,0.6662517537518786,0.006513370528314315,0.8515964547873942,0.0024215664598417146,0.7096546285567144,0.002131722037942787,0.7096546285567144,0.002131722037942787,0.7096546285567144,0.002131722037942846,0.7364034301727745,0.006015924827758844
standard,email_univ,email-univ,communication,5,False,local_similarity,so,SO,0.6781174365169552,0.0064976672550871055,0.8526262861865719,0.0022858310647212447,0.7105813591691345,0.002125469445676558,0.7105813591691345,0.002125469445676558,0.7105813591691345,0.0021254694456765413,0.7410412156818872,0.003959197618738823
standard,email_univ,email-univ,communication,5,False,quasi_local_walk,srw,SRW-l3,0.8166750517705639,0.00928543135108706,0.9332954664587663,0.0036060560945911143,0.7497103128621089,0.0036257021807027234,0.7497103128621089,0.0036257021807027234,0.7497103128621088,0.0036257021807027125,0.7827512260188826,0.0020832974275808496
standard,email_univ,email-univ,communication,10,False,local_similarity,aa,AA,0.6571131920956302,0.009524622323259188,0.8573468055498928,0.002417608202345317,0.6557044225569718,0.007475545254063069,0.6557044225569718,0.007475545254063069,0.6557044225569718,0.007475545254063069,0.6997130269770897,0.0062346404504728765
standard,email_univ,email-univ,communication,10,False,enhanced_local,car_aa,CAR-AA,0.42295885933515026,0.019903646522288,0.6917498072085273,0.013022533748437369,0.424634940560491,0.021894744399113715,0.424634940560491,0.021894744399113715,0.424634940560491,0.021894744399113715,0.4992578221772749,0.020008706481624425
standard,email_univ,email-univ,communication,10,False,enhanced_local,car_cn,CAR-CN,0.41914369800755047,0.020550105219300126,0.6917299498047915,0.013062898950384975,0.424634940560491,0.021894744399113715,0.424634940560491,0.021894744399113715,0.424634940560491,0.021894744399113715,0.49912972557929736,0.02025485767940131
standard,email_univ,email-univ,communication,10,False,enhanced_local,car_ra,CAR-RA,0.42408625141841216,0.01976282823456713,0.6917747733110247,0.013018655399295942,0.424634940560491,0.021894744399113715,0.424634940560491,0.021894744399113715,0.424634940560491,0.021894744399113715,0.4995047607828294,0.019926590890273134
standard,email_univ,email-univ,communication,10,False,local_similarity,cn,CN,0.6082201790936653,0.007532979561228579,0.8554418470876269,0.0022263613726146393,0.6272273722157847,0.004949056124823828,0.6272273722157847,0.004949056124823828,0.6272273722157847,0.004949056124823828,0.6748827880970103,0.004586712974696008
standard,email_univ,email-univ,communication,10,False,quasi_local_path,fl,FL-l3,0.7106109598564719,0.01088415289876911,0.9288034915389968,0.004239649225444555,0.6533928264881336,0.009700182117747104,0.6533928264881336,0.009700182117747104,0.6533928264881336,0.009700182117747104,0.6967161247770479,0.009541801090895582
standard,email_univ,email-univ,communication,10,False,enhanced_local,fsw,FSW,0.6308026595574987,0.00394284807290126,0.8543014355138574,0.0025932961350875563,0.6119493262091755,0.009199400007230468,0.6119493262091755,0.009199400007230468,0.6119493262091755,0.009199400007230468,0.6608582651835174,0.007856702535767163
standard,email_univ,email-univ,communication,10,False,local_similarity,hdi,HDI,0.5841219932262003,0.006644427610344819,0.852523664344989,0.002862945091067881,0.613106733616583,0.010630812924648571,0.613106733616583,0.010630812924648571,0.613106733616583,0.010630812924648571,0.6490604853491211,0.010517615381339008
standard,email_univ,email-univ,communication,10,False,local_similarity,hpi,HPI,0.47744032649383233,0.01555967655140395,0.8483619068447478,0.003557034021379941,0.5971270009870822,0.014291689339742121,0.5971270009870822,0.014291689339742121,0.5971270009870822,0.014291689339742121,0.5909293840323149,0.01807516948353412
standard,email_univ,email-univ,communication,10,False,enhanced_local,ia1,IA1,0.6557160076711281,0.009075723525785648,0.8571702882388289,0.0025225095655183574,0.6557046907858032,0.00727721612068399,0.6557046907858032,0.00727721612068399,0.6557046907858032,0.00727721612068399,0.6995942399817526,0.00656720849059848
standard,email_univ,email-univ,communication,10,False,enhanced_local,ia2,IA2,0.6181855839100424,0.008741805598011293,0.8549010454325157,0.0030172067242027227,0.6374120209433072,0.010641944464805965,0.6374120209433072,0.010641944464805965,0.6374120209433072,0.010641944464805965,0.677466334485803,0.008732984096527297
standard,email_univ,email-univ,communication,10,False,local_similarity,ja,JA,0.580136440318214,0.00776839512095954,0.8523110468802958,0.002976115727835709,0.6100961332131668,0.00791841854630831,0.6100961332131668,0.00791841854630831,0.6100961332131668,0.00791841854630831,0.6448718213975492,0.007333091685502015
standard,email_univ,email-univ,communication,10,False,enhanced_local,lit,LIT-i2,0.635335365184034,0.010160031694713176,0.8443884613850656,0.003571508999801187,0.6392689691429553,0.008954786473977518,0.6392689691429553,0.008954786473977518,0.6392689691429553,0.008954786473977518,0.6850171239771539,0.008305651520546641
standard,email_univ,email-univ,communication,10,False,local_similarity,llhn,LLHN,0.44346918671633856,0.018785634765956807,0.8451132553909402,0.003744458027082924,0.5707354298098795,0.013743901841111305,0.5707354298098795,0.013743901841111305,0.5707354298098795,0.013743901841111305,0.5590287374906419,0.013774935895921502
standard,email_univ,email-univ,communication,10,False,local_bayesian,lnb_aa,LNB-AA,0.6573699091609946,0.009569977019983984,0.8570953082122721,0.0018149355480817236,0.6554745504484786,0.006453972337342432,0.6554745504484786,0.006453972337342432,0.6554745504484786,0.006453972337342432,0.6994088715122351,0.006037201070024661
standard,email_univ,email-univ,communication,10,False,local_bayesian,lnb_cn,LNB-CN,0.6542192623689218,0.008666529997523816,0.8566172632383944,0.0017401715913567082,0.6462147547315567,0.013400109363823761,0.6462147547315567,0.013400109363823761,0.6462147547315567,0.013400109363823761,0.6916992228616283,0.012482395251428297
standard,email_univ,email-univ,communication,10,False,local_bayesian,lnb_ra,LNB-RA,0.6453622080157191,0.01175916474094939,0.8565944794359919,0.0021263295875093248,0.6529271812368568,0.004380497882638255,0.6529271812368568,0.004380497882638255,0.6529271812368568,0.004380497882638255,0.6933482346757036,0.005876732259994635
standard,email_univ,email-univ,communication,10,False,quasi_local_path,lpi,LPI-beta-0.001,0.7106109598564719,0.01088415289876911,0.9288034915389968,0.004239649225444555,0.6533928264881336,0.009700182117747104,0.6533928264881336,0.009700182117747104,0.6533928264881336,0.009700182117747104,0.6967161247770479,0.009541801090895582
standard,email_univ,email-univ,communication,10,False,quasi_local_walk,lrw,LRW-l3,0.7084502764719957,0.007195310225503225,0.9246262410252324,0.0024973778102407177,0.6596447040899532,0.0075173796323567636,0.6596447040899532,0.0075173796323567636,0.6596447040899532,0.0075173796323567636,0.700235980412977,0.0057185799445900205
standard,email_univ,email-univ,communication,10,False,quasi_local_path,ora_cni,ORA-CNI-beta-0.001,0.6992169562457713,0.01092685580392163,0.9273115483263531,0.0023528358983900518,0.6501544998068752,0.012820326420047028,0.6501544998068752,0.012820326420047028,0.6501544998068752,0.012820326420047028,0.6909193206376599,0.010966934631944468
standard,email_univ,email-univ,communication,10,False,degree_based,pa,PA,0.36997515725079216,0.01446045782744735,0.8302751749350492,0.007155076970104488,0.39916688124973176,0.004625678969891464,0.39916688124973176,0.004625678969891464,0.39916688124973176,0.004625678969891475,0.43253979392766756,0.005410713659259084
standard,email_univ,email-univ,communication,10,False,quasi_local_walk,pfp,PFP-l3,0.6249041287173943,0.012361151330811934,0.9235870025066163,0.0031401932399204367,0.6279234260332174,0.010485110709762074,0.6279234260332174,0.010485110709762074,0.6279234260332174,0.010485110709762074,0.6461449078551125,0.012142275224483776
standard,email_univ,email-univ,communication,10,False,local_similarity,ra,RA,0.6445638573581329,0.01247668953392677,0.8567922085753391,0.00265819497510137,0.6550105145701901,0.007222765033776502,0.6550105145701901,0.007222765033776502,0.6550105145701901,0.007222765033776502,0.6959906954963275,0.007775700235187049
standard,email_univ,email-univ,communication,10,False,enhanced_local,ra_cni,RA-CNI,0.6990402906203546,0.0108113662556039,0.9269619201429158,0.0024433242582015996,0.6501544998068752,0.012820326420047028,0.6501544998068752,0.012820326420047028,0.6501544998068752,0.012820326420047028,0.6909192587142033,0.01096707539013868
standard,email_univ,email-univ,communication,10,False,local_similarity,sa,SA,0.5623651171477457,0.009869577614382782,0.8513096150625399,0.0031764069940923997,0.6068537830994378,0.010950649394984819,0.6068537830994378,0.010950649394984819,0.6068537830994378,0.010950649394984819,0.6359451613013329,0.010804176614709143
standard,email_univ,email-univ,communication,10,False,local_similarity,so,SO,0.580136440318214,0.00776839512095954,0.8523110468802958,0.002976115727835709,0.6100961332131668,0.00791841854630831,0.6100961332131668,0.00791841854630831,0.6100961332131668,0.00791841854630831,0.6448718213975492,0.007333091685502015
standard,email_univ,email-univ,communication,10,False,quasi_local_walk,srw,SRW-l3,0.7361192250580275,0.011850888668286725,0.933308234858538,0.003423582178787788,0.6760820351057895,0.004544437399947419,0.6760820351057895,0.004544437399947419,0.6760820351057895,0.004544437399947419,0.7165742751832413,0.004988550452394878
standard,power_1138_bus,power-1138-bus,infrastructure,1,True,local_similarity,aa,AA,0.7025480769230769,0.035283188402917054,0.702548076923077,0.03528318840291703,0.6357211538461538,0.051459042030111736,0.6357211538461538,0.051459042030111736,0.6357211538461538,0.051459042030111736,0.720972333841381,0.04299114156306007
standard,power_1138_bus,power-1138-bus,infrastructure,1,True,enhanced_local,car_aa,CAR-AA,0.5109134615384615,0.004301306382244229,0.5109134615384615,0.004301306382244229,0.5110576923076924,0.04913499171916692,0.5110576923076924,0.04913499171916692,0.5110576923076924,0.04913499171916692,0.5319558858048711,0.05662531640089367
standard,power_1138_bus,power-1138-bus,infrastructure,1,True,enhanced_local,car_cn,CAR-CN,0.5109134615384615,0.004301306382244229,0.5109134615384615,0.004301306382244229,0.5110576923076924,0.04913499171916692,0.5110576923076924,0.04913499171916692,0.5110576923076924,0.04913499171916692,0.5319558858048711,0.05662531640089367
standard,power_1138_bus,power-1138-bus,infrastructure,1,True,enhanced_local,car_ra,CAR-RA,0.5109134615384615,0.004301306382244229,0.5109134615384615,0.004301306382244229,0.5110576923076924,0.04913499171916692,0.5110576923076924,0.04913499171916692,0.5110576923076924,0.04913499171916692,0.5319558858048711,0.05662531640089367
standard,power_1138_bus,power-1138-bus,infrastructure,1,True,local_similarity,cn,CN,0.702548076923077,0.03528318840291703,0.702548076923077,0.03528318840291703,0.6357211538461538,0.051459042030111736,0.6357211538461538,0.051459042030111736,0.6357211538461538,0.051459042030111736,0.720972333841381,0.04299114156306007
standard,power_1138_bus,power-1138-bus,infrastructure,1,True,quasi_local_path,fl,FL-l3,0.8125898407148406,0.0366536501006167,0.8127876814441567,0.03676901113963352,0.7539903846153846,0.05614295781554535,0.7539903846153846,0.05614295781554535,0.7539903846153846,0.05614295781554539,0.818371967715166,0.04321074896113296
standard,power_1138_bus,power-1138-bus,infrastructure,1,True,enhanced_local,fsw,FSW,0.702548076923077,0.03528318840291703,0.702548076923077,0.03528318840291703,0.6357211538461538,0.051459042030111736,0.6357211538461538,0.051459042030111736,0.6357211538461538,0.051459042030111736,0.720972333841381,0.04299114156306007
standard,power_1138_bus,power-1138-bus,infrastructure,1,True,local_similarity,hdi,HDI,0.702548076923077,0.03528318840291703,0.702548076923077,0.03528318840291703,0.6357211538461538,0.051459042030111736,0.6357211538461538,0.051459042030111736,0.6357211538461538,0.051459042030111736,0.720972333841381,0.04299114156306007
standard,power_1138_bus,power-1138-bus,infrastructure,1,True,local_similarity,hpi,HPI,0.702548076923077,0.03528318840291703,0.702548076923077,0.03528318840291703,0.6357211538461538,0.051459042030111736,0.6357211538461538,0.051459042030111736,0.6357211538461538,0.051459042030111736,0.720972333841381,0.04299114156306007
standard,power_1138_bus,power-1138-bus,infrastructure,1,True,enhanced_local,ia1,IA1,0.7025480769230769,0.035283188402917054,0.702548076923077,0.03528318840291703,0.6357211538461538,0.051459042030111736,0.6357211538461538,0.051459042030111736,0.6357211538461538,0.051459042030111736,0.720972333841381,0.04299114156306007
standard,power_1138_bus,power-1138-bus,infrastructure,1,True,enhanced_local,ia2,IA2,0.702548076923077,0.03528318840291703,0.702548076923077,0.03528318840291703,0.6357211538461538,0.051459042030111736,0.6357211538461538,0.051459042030111736,0.6357211538461538,0.051459042030111736,0.720972333841381,0.04299114156306007
standard,power_1138_bus,power-1138-bus,infrastructure,1,True,local_similarity,ja,JA,0.702548076923077,0.03528318840291703,0.702548076923077,0.03528318840291703,0.6357211538461538,0.051459042030111736,0.6357211538461538,0.051459042030111736,0.6357211538461538,0.051459042030111736,0.720972333841381,0.04299114156306007
standard,power_1138_bus,power-1138-bus,infrastructure,1,True,enhanced_local,lit,LIT-i2,0.5918990384615384,0.030447062623695603,0.5918990384615385,0.030447062623695606,0.5390384615384616,0.034081503235565455,0.5390384615384616,0.034081503235565455,0.5390384615384616,0.034081503235565455,0.6216831416141898,0.02134314293189487
standard,power_1138_bus,power-1138-bus,infrastructure,1,True,local_similarity,llhn,LLHN,0.702548076923077,0.03528318840291703,0.702548076923077,0.03528318840291703,0.6357211538461538,0.051459042030111736,0.6357211538461538,0.051459042030111736,0.6357211538461538,0.051459042030111736,0.720972333841381,0.04299114156306007
standard,power_1138_bus,power-1138-bus,infrastructure,1,True,local_bayesian,lnb_aa,LNB-AA,0.7025480769230769,0.035283188402917054,0.702548076923077,0.03528318840291703,0.6357211538461538,0.051459042030111736,0.6357211538461538,0.051459042030111736,0.6357211538461538,0.051459042030111736,0.720972333841381,0.04299114156306007
standard,power_1138_bus,power-1138-bus,infrastructure,1,True,local_bayesian,lnb_cn,LNB-CN,0.702548076923077,0.03528318840291703,0.702548076923077,0.03528318840291703,0.6357211538461538,0.051459042030111736,0.6357211538461538,0.051459042030111736,0.6357211538461538,0.051459042030111736,0.720972333841381,0.04299114156306007
standard,power_1138_bus,power-1138-bus,infrastructure,1,True,local_bayesian,lnb_ra,LNB-RA,0.7025480769230769,0.035283188402917054,0.702548076923077,0.03528318840291703,0.6357211538461538,0.051459042030111736,0.6357211538461538,0.051459042030111736,0.6357211538461538,0.051459042030111736,0.720972333841381,0.04299114156306007
standard,power_1138_bus,power-1138-bus,infrastructure,1,True,quasi_local_path,lpi,LPI-beta-0.001,0.8125898407148406,0.0366536501006167,0.8127876814441567,0.03676901113963352,0.7539903846153846,0.05614295781554535,0.7539903846153846,0.05614295781554535,0.7539903846153846,0.05614295781554539,0.818371967715166,0.04321074896113296
standard,power_1138_bus,power-1138-bus,infrastructure,1,True,quasi_local_walk,lrw,LRW-l3,0.7012713903275009,0.04006043139377223,0.709473667483358,0.04189308376254162,0.6417788461538462,0.045130699106585,0.6417788461538462,0.045130699106585,0.6417788461538462,0.045130699106585,0.7197413391104373,0.03947887240348414
standard,power_1138_bus,power-1138-bus,infrastructure,1,True,quasi_local_path,ora_cni,ORA-CNI-beta-0.001,0.8134572618604997,0.03645191810934667,0.812454084227071,0.03652846844621462,0.7539903846153846,0.05614295781554535,0.7539903846153846,0.05614295781554535,0.7539903846153846,0.05614295781554539,0.8185141071690547,0.043147909046201756
standard,power_1138_bus,power-1138-bus,infrastructure,1,True,degree_based,pa,PA,0.6653193825479148,0.04816799976732446,0.6773542263775887,0.06174728195771384,0.6263942307692307,0.07147378855268527,0.6263942307692307,0.07147378855268527,0.6263942307692307,0.07147378855268527,0.6590810192452764,0.06993621456803768
standard,power_1138_bus,power-1138-bus,infrastructure,1,True,quasi_local_walk,pfp,PFP-l3,0.8094707960241946,0.03831862331023066,0.8113558212370562,0.036927565110831215,0.7539903846153846,0.05614295781554535,0.7539903846153846,0.05614295781554535,0.7539903846153846,0.05614295781554539,0.8171234514100961,0.04446762839067805
standard,power_1138_bus,power-1138-bus,infrastructure,1,True,local_similarity,ra,RA,0.7025480769230769,0.035283188402917054,0.702548076923077,0.03528318840291703,0.6357211538461538,0.051459042030111736,0.6357211538461538,0.051459042030111736,0.6357211538461538,0.051459042030111736,0.720972333841381,0.04299114156306007
standard,power_1138_bus,power-1138-bus,infrastructure,1,True,enhanced_local,ra_cni,RA-CNI,0.7954230185661394,0.03528282081016108,0.7939689060188609,0.035321707792464394,0.7322115384615385,0.054772624999486014,0.7322115384615385,0.054772624999486014,0.7322115384615385,0.054772624999486014,0.8015315799003522,0.04226848295335782
standard,power_1138_bus,power-1138-bus,infrastructure,1,True,local_similarity,sa,SA,0.702548076923077,0.03528318840291703,0.702548076923077,0.03528318840291703,0.6357211538461538,0.051459042030111736,0.6357211538461538,0.051459042030111736,0.6357211538461538,0.051459042030111736,0.720972333841381,0.04299114156306007
standard,power_1138_bus,power-1138-bus,infrastructure,1,True,local_similarity,so,SO,0.702548076923077,0.03528318840291703,0.702548076923077,0.03528318840291703,0.6357211538461538,0.051459042030111736,0.6357211538461538,0.051459042030111736,0.6357211538461538,0.051459042030111736,0.720972333841381,0.04299114156306007
standard,power_1138_bus,power-1138-bus,infrastructure,1,True,quasi_local_walk,srw,SRW-l3,0.8114188673055786,0.035515664793876724,0.8115641815366125,0.036086089100581684,0.7539903846153846,0.05614295781554535,0.7539903846153846,0.05614295781554535,0.7539903846153846,0.05614295781554539,0.8179787882152434,0.04298800800436615
standard,power_1138_bus,power-1138-bus,infrastructure,5,False,local_similarity,aa,AA,0.5032882897899202,0.05974175922168438,0.7020960995284764,0.035739912058987376,0.464375,0.06898397685332441,0.464375,0.06898397685332441,0.4643750000000001,0.0689839768533244,0.5890504897699701,0.05820718560129964
standard,power_1138_bus,power-1138-bus,infrastructure,5,False,enhanced_local,car_aa,CAR-AA,0.18485576923076924,0.0071688439704070345,0.5109134615384615,0.004301306382244229,0.19322115384615385,0.03639045173957931,0.19322115384615385,0.03639045173957931,0.19322115384615385,0.03639045173957931,0.23340261906424184,0.046885704536023094
standard,power_1138_bus,power-1138-bus,infrastructure,5,False,enhanced_local,car_cn,CAR-CN,0.18485576923076924,0.0071688439704070345,0.5109134615384615,0.004301306382244229,0.19322115384615385,0.03639045173957931,0.19322115384615385,0.03639045173957931,0.19322115384615385,0.03639045173957931,0.23340261906424184,0.046885704536023094
standard,power_1138_bus,power-1138-bus,infrastructure,5,False,enhanced_local,car_ra,CAR-RA,0.18485576923076924,0.0071688439704070345,0.5109134615384615,0.004301306382244229,0.19322115384615385,0.03639045173957931,0.19322115384615385,0.03639045173957931,0.19322115384615385,0.03639045173957931,0.23340261906424184,0.046885704536023094
standard,power_1138_bus,power-1138-bus,infrastructure,5,False,local_similarity,cn,CN,0.49898228438228437,0.0642060900261383,0.7019520005085059,0.03588310179508007,0.464375,0.06898397685332441,0.464375,0.06898397685332441,0.4643750000000001,0.0689839768533244,0.5870752181688587,0.06047348692028078
standard,power_1138_bus,power-1138-bus,infrastructure,5,False,quasi_local_path,fl,FL-l3,0.6775221202666859,0.06963517831893051,0.8135281931860208,0.03805675455840523,0.6542307692307692,0.06362944897606015,0.6542307692307692,0.06362944897606015,0.6542307692307692,0.06362944897606015,0.7422065728013069,0.052817168551551455
standard,power_1138_bus,power-1138-bus,infrastructure,5,False,enhanced_local,fsw,FSW,0.4976143633305278,0.06738494805986729,0.7018973950628699,0.035978832025917326,0.464375,0.06898397685332441,0.464375,0.06898397685332441,0.4643750000000001,0.0689839768533244,0.587059587259151,0.06003440794195268
standard,power_1138_bus,power-1138-bus,infrastructure,5,False,local_similarity,hdi,HDI,0.4978246935082461,0.06713833499601063,0.7019115962463018,0.035969652518943726,0.464375,0.06898397685332441,0.464375,0.06898397685332441,0.4643750000000001,0.0689839768533244,0.5871222155626055,0.059965353955575736
standard,power_1138_bus,power-1138-bus,infrastructure,5,False,local_similarity,hpi,HPI,0.5005543929802082,0.06260215046343712,0.7019712335891273,0.035863500468374006,0.464375,0.06898397685332441,0.464375,0.06898397685332441,0.4643750000000001,0.0689839768533244,0.5881383523107363,0.059130621951912016
standard,power_1138_bus,power-1138-bus,infrastructure,5,False,enhanced_local,ia1,IA1,0.5032882897899202,0.05974175922168438,0.7020960995284764,0.035739912058987376,0.464375,0.06898397685332441,0.464375,0.06898397685332441,0.4643750000000001,0.0689839768533244,0.5890504897699701,0.05820718560129964
standard,power_1138_bus,power-1138-bus,infrastructure,5,False,enhanced_local,ia2,IA2,0.5032882897899202,0.05974175922168438,0.7020960995284764,0.035739912058987376,0.464375,0.06898397685332441,0.464375,0.06898397685332441,0.4643750000000001,0.0689839768533244,0.5890504897699701,0.05820718560129964
standard,power_1138_bus,power-1138-bus,infrastructure,5,False,local_similarity,ja,JA,0.4981379206367621,0.06628492255718231,0.7019073097725592,0.03596168664308842,0.464375,0.06898397685332441,0.464375,0.06898397685332441,0.4643750000000001,0.0689839768533244,0.5872896434475272,0.059833218312090375
standard,power_1138_bus,power-1138-bus,infrastructure,5,False,enhanced_local,lit,LIT-i2,0.31536620497558,0.055465458369237525,0.5915523587740384,0.030762535533664984,0.3022596153846154,0.05951706571494069,0.3022596153846154,0.05951706571494069,0.3022596153846154,0.05951706571494069,0.41736931101459157,0.06543535216702144
standard,power_1138_bus,power-1138-bus,infrastructure,5,False,local_similarity,llhn,LLHN,0.49883602485774753,0.06518700477221288,0.7019076079419378,0.035954376388910095,0.464375,0.06898397685332441,0.464375,0.06898397685332441,0.4643750000000001,0.0689839768533244,0.58744632621022,0.059707789048949876
standard,power_1138_bus,power-1138-bus,infrastructure,5,False,local_bayesian,lnb_aa,LNB-AA,0.503419756783072,0.059661094466242244,0.7020863339034763,0.03575329858461096,0.464375,0.06898397685332441,0.464375,0.06898397685332441,0.4643750000000001,0.0689839768533244,0.5889982893201409,0.058237536335872586
standard,power_1138_bus,power-1138-bus,infrastructure,5,False,local_bayesian,lnb_cn,LNB-CN,0.5022960817099726,0.0612364663099596,0.7020277401534764,0.03583379216630765,0.464375,0.06898397685332441,0.464375,0.06898397685332441,0.4643750000000001,0.0689839768533244,0.5885891042132494,0.05858598676637163
standard,power_1138_bus,power-1138-bus,infrastructure,5,False,local_bayesian,lnb_ra,LNB-RA,0.5032803425740926,0.05975227351681896,0.702076866447855,0.03575945540758201,0.464375,0.06898397685332441,0.464375,0.06898397685332441,0.4643750000000001,0.0689839768533244,0.5889571363225734,0.05828481294078871
standard,power_1138_bus,power-1138-bus,infrastructure,5,False,quasi_local_path,lpi,LPI-beta-0.001,0.6775221202666859,0.06963517831893051,0.8135281931860208,0.03805675455840523,0.6542307692307692,0.06362944897606015,0.6542307692307692,0.06362944897606015,0.6542307692307692,0.06362944897606015,0.7422065728013069,0.052817168551551455
standard,power_1138_bus,power-1138-bus,infrastructure,5,False,quasi_local_walk,lrw,LRW-l3,0.5080705756967829,0.06772406879826301,0.7133066429363906,0.04282188934201443,0.4797596153846154,0.07765137499878018,0.4797596153846154,0.07765137499878018,0.4797596153846154,0.07765137499878018,0.5945426518833726,0.06569869618189708
standard,power_1138_bus,power-1138-bus,infrastructure,5,False,quasi_local_path,ora_cni,ORA-CNI-beta-0.001,0.6799869907574482,0.06978474810206493,0.8134950201090977,0.03797808451845362,0.6542307692307692,0.06362944897606015,0.6542307692307692,0.06362944897606015,0.6542307692307692,0.06362944897606015,0.7428404840814691,0.05225883657459743
standard,power_1138_bus,power-1138-bus,infrastructure,5,False,degree_based,pa,PA,0.3210613909001839,0.022575864254282336,0.6859533260909764,0.03566791875784098,0.34269230769230774,0.01129884408197394,0.34269230769230774,0.01129884408197394,0.34269230769230774,0.01129884408197394,0.37225396750203216,0.01565027513736534
standard,power_1138_bus,power-1138-bus,infrastructure,5,False,quasi_local_walk,pfp,PFP-l3,0.6817951157887869,0.06413742902301403,0.8136023668639053,0.03764849066823804,0.6542307692307692,0.06362944897606015,0.6542307692307692,0.06362944897606015,0.6542307692307692,0.06362944897606015,0.7436214523338985,0.050216402842680974
standard,power_1138_bus,power-1138-bus,infrastructure,5,False,local_similarity,ra,RA,0.5032882897899202,0.05974175922168438,0.7020960995284764,0.035739912058987376,0.464375,0.06898397685332441,0.464375,0.06898397685332441,0.4643750000000001,0.0689839768533244,0.5890504897699701,0.05820718560129964
standard,power_1138_bus,power-1138-bus,infrastructure,5,False,enhanced_local,ra_cni,RA-CNI,0.6511382633307738,0.06809263043468443,0.7949385378143491,0.036998161510820256,0.619951923076923,0.058908946356209906,0.619951923076923,0.058908946356209906,0.619951923076923,0.058908946356209906,0.7164073688865245,0.04935698010832387
standard,power_1138_bus,power-1138-bus,infrastructure,5,False,local_similarity,sa,SA,0.49978952346290056,0.06393630536932773,0.7019318729197485,0.03592440108746254,0.464375,0.06898397685332441,0.464375,0.06898397685332441,0.4643750000000001,0.0689839768533244,0.5878688966638139,0.05931328099881933
standard,power_1138_bus,power-1138-bus,infrastructure,5,False,local_similarity,so,SO,0.4981379206367621,0.06628492255718231,0.7019073097725592,0.03596168664308842,0.464375,0.06898397685332441,0.464375,0.06898397685332441,0.4643750000000001,0.0689839768533244,0.5872896434475272,0.059833218312090375
standard,power_1138_bus,power-1138-bus,infrastructure,5,False,quasi_local_walk,srw,SRW-l3,0.6851026975615426,0.062380790014196816,0.8137932068232248,0.037589175600584356,0.6542307692307692,0.06362944897606015,0.6542307692307692,0.06362944897606015,0.6542307692307692,0.06362944897606015,0.7447682985182311,0.04943573068303121
standard,power_1138_bus,power-1138-bus,infrastructure,10,False,local_similarity,aa,AA,0.44196531529079824,0.06881236300337996,0.7009915218195266,0.03551104360323403,0.4394230769230769,0.06507389582259222,0.4394230769230769,0.06507389582259222,0.4394230769230769,0.06507389582259222,0.5641464826881678,0.05454677617793998
standard,power_1138_bus,power-1138-bus,infrastructure,10,False,enhanced_local,car_aa,CAR-AA,0.11075174825174824,0.007820557058625865,0.5109134615384615,0.004301306382244229,0.0966826923076923,0.046268075290099284,0.0966826923076923,0.046268075290099284,0.0966826923076923,0.046268075290099284,0.150991252267265,0.04994305115617284
standard,power_1138_bus,power-1138-bus,infrastructure,10,False,enhanced_local,car_cn,CAR-CN,0.11075174825174824,0.007820557058625865,0.5109134615384615,0.004301306382244229,0.0966826923076923,0.046268075290099284,0.0966826923076923,0.046268075290099284,0.0966826923076923,0.046268075290099284,0.150991252267265,0.04994305115617284
standard,power_1138_bus,power-1138-bus,infrastructure,10,False,enhanced_local,car_ra,CAR-RA,0.11075174825174824,0.007820557058625865,0.5109134615384615,0.004301306382244229,0.0966826923076923,0.046268075290099284,0.0966826923076923,0.046268075290099284,0.0966826923076923,0.046268075290099284,0.150991252267265,0.04994305115617284
standard,power_1138_bus,power-1138-bus,infrastructure,10,False,local_similarity,cn,CN,0.43431394734297957,0.06986809140400654,0.7009585348095414,0.035516746354122754,0.4394230769230769,0.06507389582259222,0.4394230769230769,0.06507389582259222,0.4394230769230769,0.06507389582259222,0.5603650265476869,0.05646769508855089
standard,power_1138_bus,power-1138-bus,infrastructure,10,False,quasi_local_path,fl,FL-l3,0.6168721848968113,0.07655385689171375,0.8123060552653476,0.03764549021109646,0.6386057692307692,0.06300659152083982,0.6386057692307692,0.06300659152083982,0.6386057692307692,0.06300659152083982,0.7227437333362754,0.053570242533218244
standard,power_1138_bus,power-1138-bus,infrastructure,10,False,enhanced_local,fsw,FSW,0.4310785871984537,0.08003847302910803,0.7007627750554735,0.035703452850212675,0.4394230769230769,0.06507389582259222,0.4394230769230769,0.06507389582259222,0.4394230769230769,0.06507389582259222,0.5574835230962573,0.06043418365308829
standard,power_1138_bus,power-1138-bus,infrastructure,10,False,local_similarity,hdi,HDI,0.4292252747655313,0.08340735928323159,0.7007723170534395,0.03572821742544721,0.4394230769230769,0.06507389582259222,0.4394230769230769,0.06507389582259222,0.4394230769230769,0.06507389582259222,0.5558119377207303,0.06298217915940511
standard,power_1138_bus,power-1138-bus,infrastructure,10,False,local_similarity,hpi,HPI,0.44408721977652865,0.06537164168568335,0.7010877802561021,0.035461106863164484,0.4394230769230769,0.06507389582259222,0.4394230769230769,0.06507389582259222,0.4394230769230769,0.06507389582259222,0.5653824725091386,0.05529090700914186
standard,power_1138_bus,power-1138-bus,infrastructure,10,False,enhanced_local,ia1,IA1,0.44196531529079824,0.06881236300337996,0.7009915218195266,0.03551104360323403,0.4394230769230769,0.06507389582259222,0.4394230769230769,0.06507389582259222,0.4394230769230769,0.06507389582259222,0.5641464826881678,0.05454677617793998
standard,power_1138_bus,power-1138-bus,infrastructure,10,False,enhanced_local,ia2,IA2,0.44020701537992474,0.06931048092908086,0.7009549007257767,0.03550574694945239,0.4394230769230769,0.06507389582259222,0.4394230769230769,0.06507389582259222,0.4394230769230769,0.06507389582259222,0.5634119355114583,0.05437290621912344
standard,power_1138_bus,power-1138-bus,infrastructure,10,False,local_similarity,ja,JA,0.43192536603281234,0.07916366607999943,0.7008190019415681,0.03567059546230974,0.4394230769230769,0.06507389582259222,0.4394230769230769,0.06507389582259222,0.4394230769230769,0.06507389582259222,0.5570250500025875,0.06175541845271384
standard,power_1138_bus,power-1138-bus,infrastructure,10,False,enhanced_local,lit,LIT-i2,0.24453092046842045,0.0639309404289234,0.5912105618990384,0.0307415004630595,0.2430769230769231,0.06343362403263904,0.2430769230769231,0.06343362403263904,0.2430769230769231,0.06343362403263904,0.3626772610515212,0.06403584105020028
standard,power_1138_bus,power-1138-bus,infrastructure,10,False,local_similarity,llhn,LLHN,0.434633872507005,0.07607428563817918,0.7008850689950075,0.03563840343537263,0.4394230769230769,0.06507389582259222,0.4394230769230769,0.06507389582259222,0.4394230769230769,0.06507389582259222,0.5579336513745774,0.06120425436433901
standard,power_1138_bus,power-1138-bus,infrastructure,10,False,local_bayesian,lnb_aa,LNB-AA,0.44501310520173964,0.06878812967430352,0.7010549983820267,0.03557005776274939,0.4394230769230769,0.06507389582259222,0.4394230769230769,0.06507389582259222,0.4394230769230769,0.06507389582259222,0.56499977987792,0.05473161186644929
standard,power_1138_bus,power-1138-bus,infrastructure,10,False,local_bayesian,lnb_cn,LNB-CN,0.4446915034110009,0.06936480537471756,0.7010647640070266,0.035597646526968306,0.4394230769230769,0.06507389582259222,0.4394230769230769,0.06507389582259222,0.4394230769230769,0.06507389582259222,0.5642736449831411,0.05453236414093089
standard,power_1138_bus,power-1138-bus,infrastructure,10,False,local_bayesian,lnb_ra,LNB-RA,0.44267799625934706,0.06950847959242533,0.700991670904216,0.03554844348258835,0.4394230769230769,0.06507389582259222,0.4394230769230769,0.06507389582259222,0.4394230769230769,0.06507389582259222,0.5642064591834404,0.05492780267494547
standard,power_1138_bus,power-1138-bus,infrastructure,10,False,quasi_local_path,lpi,LPI-beta-0.001,0.6168721848968113,0.07655385689171375,0.8123060552653476,0.03764549021109646,0.6386057692307692,0.06300659152083982,0.6386057692307692,0.06300659152083982,0.6386057692307692,0.06300659152083982,0.7227437333362754,0.053570242533218244
standard,power_1138_bus,power-1138-bus,infrastructure,10,False,quasi_local_walk,lrw,LRW-l3,0.4398153299508774,0.07717227022656448,0.7126866187823595,0.04256006779465347,0.4610096153846154,0.07735818200329574,0.4610096153846154,0.07735818200329574,0.4610096153846154,0.07735818200329574,0.5708416036090803,0.06797991709592399
standard,power_1138_bus,power-1138-bus,infrastructure,10,False,quasi_local_path,ora_cni,ORA-CNI-beta-0.001,0.621003502324716,0.06338620777982612,0.8121911225268121,0.03723881144301952,0.6386057692307692,0.06300659152083982,0.6386057692307692,0.06300659152083982,0.6386057692307692,0.06300659152083982,0.7228602355860774,0.048128394954516124
standard,power_1138_bus,power-1138-bus,infrastructure,10,False,degree_based,pa,PA,0.20379575393876279,0.03043996511462069,0.6916619100175666,0.038309062339959385,0.24923076923076923,0.011181631919431828,0.24923076923076923,0.011181631919431828,0.24923076923076923,0.011181631919431828,0.2649622700099768,0.03607344850332328
standard,power_1138_bus,power-1138-bus,infrastructure,10,False,quasi_local_walk,pfp,PFP-l3,0.6253934877800675,0.06694193994037395,0.8123097823825814,0.03733154639062731,0.6386057692307692,0.06300659152083982,0.6386057692307692,0.06300659152083982,0.6386057692307692,0.06300659152083982,0.7250679408542544,0.049103644538978586
standard,power_1138_bus,power-1138-bus,infrastructure,10,False,local_similarity,ra,RA,0.4419653152907982,0.06881236300337998,0.7009915218195266,0.03551104360323403,0.4394230769230769,0.06507389582259222,0.4394230769230769,0.06507389582259222,0.4394230769230769,0.06507389582259222,0.5641464826881678,0.05454677617793998
standard,power_1138_bus,power-1138-bus,infrastructure,10,False,enhanced_local,ra_cni,RA-CNI,0.5912345780004037,0.060757740997398425,0.7937934061806583,0.035998798676098426,0.604326923076923,0.05613379680273839,0.604326923076923,0.05613379680273839,0.604326923076923,0.05613379680273839,0.6968273805728387,0.04343446376652385
standard,power_1138_bus,power-1138-bus,infrastructure,10,False,local_similarity,sa,SA,0.4382432052381994,0.07399326828863333,0.7009387053901628,0.03562592932463205,0.4394230769230769,0.06507389582259222,0.4394230769230769,0.06507389582259222,0.4394230769230769,0.06507389582259222,0.5608997793661441,0.05909263533735318
standard,power_1138_bus,power-1138-bus,infrastructure,10,False,local_similarity,so,SO,0.43192536603281234,0.07916366607999943,0.7008190019415681,0.03567059546230974,0.4394230769230769,0.06507389582259222,0.4394230769230769,0.06507389582259222,0.4394230769230769,0.06507389582259222,0.5570250500025875,0.06175541845271384
standard,power_1138_bus,power-1138-bus,infrastructure,10,False,quasi_local_walk,srw,SRW-l3,0.629385039311378,0.07016759146226743,0.8124542541142752,0.03743971220779176,0.6386057692307692,0.06300659152083982,0.6386057692307692,0.06300659152083982,0.6386057692307692,0.06300659152083982,0.7262020548545566,0.04923804167787857
standard,power_grid,power-grid,infrastructure,1,True,local_similarity,aa,AA,0.6811898486194138,0.013231003106432056,0.6812485176482228,0.013001361166711307,0.610625286093564,0.014625786521945029,0.610625286093564,0.014625786521945029,0.610625286093564,0.014625786521945029,0.6741608152095189,0.012716297754406811
standard,power_grid,power-grid,infrastructure,1,True,enhanced_local,car_aa,CAR-AA,0.5359782111141628,0.00553580128327212,0.5359782111141629,0.005535801283271983,0.5272049803167628,0.0030029608565397426,0.5272049803167628,0.0030029608565397426,0.5272049803167628,0.0030029608565397426,0.5666685365124391,0.0046976617872061055
standard,power_grid,power-grid,infrastructure,1,True,enhanced_local,car_cn,CAR-CN,0.5359782111141627,0.005535801283272078,0.5359782111141629,0.005535801283271983,0.5272049803167628,0.0030029608565397426,0.5272049803167628,0.0030029608565397426,0.5272049803167628,0.0030029608565397426,0.5666685365124391,0.0046976617872061055
standard,power_grid,power-grid,infrastructure,1,True,enhanced_local,car_ra,CAR-RA,0.5359782111141628,0.005535801283272134,0.5359782111141629,0.005535801283271983,0.5272049803167628,0.0030029608565397426,0.5272049803167628,0.0030029608565397426,0.5272049803167628,0.0030029608565397426,0.5666685365124391,0.0046976617872061055
standard,power_grid,power-grid,infrastructure,1,True,local_similarity,cn,CN,0.6805627168874393,0.013077185874001843,0.6811908547719483,0.012920994984677345,0.610625286093564,0.014625786521945029,0.610625286093564,0.014625786521945029,0.610625286093564,0.014625786521945029,0.6740619845064572,0.01274359674660624
standard,power_grid,power-grid,infrastructure,1,True,quasi_local_path,fl,FL-l3,0.7698922947811839,0.010355796488170489,0.7709223929989432,0.010700511397769594,0.6783301290854161,0.023749985010262337,0.6783301290854161,0.023749985010262337,0.6783301290854161,0.023749985010262337,0.7383937281401394,0.019370849937131195
standard,power_grid,power-grid,infrastructure,1,True,enhanced_local,fsw,FSW,0.6800965665115702,0.012672921591569759,0.6810226070940485,0.012854585670132548,0.610625286093564,0.014625786521945029,0.610625286093564,0.014625786521945029,0.610625286093564,0.014625786521945029,0.6739107792277078,0.012821582945627916
standard,power_grid,power-grid,infrastructure,1,True,local_similarity,hdi,HDI,0.6798917068169771,0.012821854081871501,0.6810133966570937,0.012849840343976758,0.610625286093564,0.014625786521945029,0.610625286093564,0.014625786521945029,0.610625286093564,0.014625786521945029,0.6738525287538302,0.012866220356230567
standard,power_grid,power-grid,infrastructure,1,True,local_similarity,hpi,HPI,0.6796705341644717,0.014078622387124089,0.681013235994198,0.013036104596330093,0.610625286093564,0.014625786521945029,0.610625286093564,0.014625786521945029,0.610625286093564,0.014625786521945029,0.6738175985036299,0.013203907452072543
standard,power_grid,power-grid,infrastructure,1,True,enhanced_local,ia1,IA1,0.681123934560253,0.01323890084190403,0.6812384775792201,0.013002026470459232,0.610625286093564,0.014625786521945029,0.610625286093564,0.014625786521945029,0.610625286093564,0.014625786521945029,0.6741392027756375,0.012706218963628172
standard,power_grid,power-grid,infrastructure,1,True,enhanced_local,ia2,IA2,0.6807162740465162,0.013404860353623777,0.6811791055779511,0.013029050321776453,0.610625286093564,0.014625786521945029,0.610625286093564,0.014625786521945029,0.610625286093564,0.014625786521945029,0.6739914129249406,0.012656173961145274
standard,power_grid,power-grid,infrastructure,1,True,local_similarity,ja,JA,0.6798853903410058,0.01327455388981672,0.6810032402459942,0.01290218184877998,0.610625286093564,0.014625786521945029,0.610625286093564,0.014625786521945029,0.610625286093564,0.014625786521945029,0.673810842214091,0.013122278020047165
standard,power_grid,power-grid,infrastructure,1,True,enhanced_local,lit,LIT-i2,0.5910268667549531,0.006937431089698193,0.5912908707561002,0.00660570966856615,0.5544117916323354,0.00602321245164818,0.5544117916323354,0.00602321245164818,0.5544117916323354,0.00602321245164818,0.6106267723855059,0.0038192716020480303
standard,power_grid,power-grid,infrastructure,1,True,local_similarity,llhn,LLHN,0.6792469948940384,0.013677921769002288,0.6809246288189674,0.012946189511615849,0.610625286093564,0.014625786521945029,0.610625286093564,0.014625786521945029,0.610625286093564,0.014625786521945029,0.6735720745929811,0.013337124852261658
standard,power_grid,power-grid,infrastructure,1,True,local_bayesian,lnb_aa,LNB-AA,0.681190136879948,0.013217872728327206,0.681228415349818,0.013018011157395018,0.610625286093564,0.014625786521945029,0.610625286093564,0.014625786521945029,0.610625286093564,0.014625786521945029,0.6741484927964019,0.012722238200074633
standard,power_grid,power-grid,infrastructure,1,True,local_bayesian,lnb_cn,LNB-CN,0.680959308651626,0.013224391908867145,0.681168219256601,0.012969250793549348,0.610625286093564,0.014625786521945029,0.610625286093564,0.014625786521945029,0.610625286093564,0.014625786521945029,0.6740842370958605,0.012662549025467084
standard,power_grid,power-grid,infrastructure,1,True,local_bayesian,lnb_ra,LNB-RA,0.6810443421875626,0.013228597630663697,0.6812083795326116,0.013013478775786772,0.610625286093564,0.014625786521945029,0.610625286093564,0.014625786521945029,0.610625286093564,0.014625786521945029,0.6741011533218487,0.0126829700012188
standard,power_grid,power-grid,infrastructure,1,True,quasi_local_path,lpi,LPI-beta-0.001,0.7698922947811839,0.010355796488170489,0.7709223929989432,0.010700511397769594,0.6783301290854161,0.023749985010262337,0.6783301290854161,0.023749985010262337,0.6783301290854161,0.023749985010262337,0.7383937281401394,0.019370849937131195
standard,power_grid,power-grid,infrastructure,1,True,quasi_local_walk,lrw,LRW-l3,0.6906562754971034,0.0027978880663491116,0.6910452800742162,0.0029736504325912454,0.6166749061613109,0.014002583001200419,0.6166749061613109,0.014002583001200419,0.6166749061613109,0.014002583001200419,0.6800944942820879,0.011353358976334986
standard,power_grid,power-grid,infrastructure,1,True,quasi_local_path,ora_cni,ORA-CNI-beta-0.001,0.7700491469762134,0.009139000489998323,0.7709595172918544,0.010380655363725878,0.6783301290854161,0.023749985010262337,0.6783301290854161,0.023749985010262337,0.6783301290854161,0.023749985010262337,0.7383287581463673,0.019155089512032604
standard,power_grid,power-grid,infrastructure,1,True,degree_based,pa,PA,0.6494461056650109,0.023629960137997973,0.6374921657498305,0.02110409691837663,0.5949189783026642,0.01674981158524144,0.5949189783026642,0.01674981158524144,0.5949189783026642,0.01674981158524144,0.6358573584084771,0.01887914022159
standard,power_grid,power-grid,infrastructure,1,True,quasi_local_walk,pfp,PFP-l3,0.769255908427667,0.010074311893584934,0.7709381199930143,0.010617905646602843,0.6783301290854161,0.023749985010262337,0.6783301290854161,0.023749985010262337,0.6783301290854161,0.023749985010262337,0.7376475289695799,0.019129800516301268
standard,power_grid,power-grid,infrastructure,1,True,local_similarity,ra,RA,0.681007633223702,0.013279383430396682,0.6812202118281065,0.01300880262657158,0.610625286093564,0.014625786521945029,0.610625286093564,0.014625786521945029,0.610625286093564,0.014625786521945029,0.6741022005268824,0.012693195363970403
standard,power_grid,power-grid,infrastructure,1,True,enhanced_local,ra_cni,RA-CNI,0.7594331589153438,0.008604773011949883,0.760136347858394,0.009530549945386156,0.6680545637645336,0.021677129102645656,0.6680545637645336,0.021677129102645656,0.6680545637645336,0.021677129102645656,0.729203168580656,0.017434716113368998
standard,power_grid,power-grid,infrastructure,1,True,local_similarity,sa,SA,0.6799194587406243,0.013747735939330211,0.681014137647544,0.012958571455335561,0.610625286093564,0.014625786521945029,0.610625286093564,0.014625786521945029,0.610625286093564,0.014625786521945029,0.6738169333151034,0.013255494585956516
standard,power_grid,power-grid,infrastructure,1,True,local_similarity,so,SO,0.6798853903410058,0.01327455388981672,0.6810032402459942,0.01290218184877998,0.610625286093564,0.014625786521945029,0.610625286093564,0.014625786521945029,0.610625286093564,0.014625786521945029,0.673810842214091,0.013122278020047165
standard,power_grid,power-grid,infrastructure,1,True,quasi_local_walk,srw,SRW-l3,0.7707283825985962,0.01056767097158248,0.771159173254168,0.010777306142703183,0.6783301290854161,0.023749985010262337,0.6783301290854161,0.023749985010262337,0.6783301290854161,0.023749985010262337,0.7384819683867189,0.0193821087969369
standard,power_grid,power-grid,infrastructure,5,False,local_similarity,aa,AA,0.4685966069950302,0.021915873288632343,0.6818764015943451,0.012761936561818303,0.4316762794104184,0.015739588896127133,0.4316762794104184,0.015739588896127133,0.4316762794104184,0.015739588896127126,0.524542049376848,0.015119413515420557
standard,power_grid,power-grid,infrastructure,5,False,enhanced_local,car_aa,CAR-AA,0.22663035185693797,0.009226335472120036,0.5359782111141629,0.005535801283271983,0.21465348347523575,0.021152727766920426,0.21465348347523575,0.021152727766920426,0.21465348347523575,0.021152727766920426,0.2828680315346494,0.024375974216999073
standard,power_grid,power-grid,infrastructure,5,False,enhanced_local,car_cn,CAR-CN,0.22663035185693797,0.009226335472120007,0.5359782111141629,0.005535801283271983,0.21465348347523575,0.021152727766920426,0.21465348347523575,0.021152727766920426,0.21465348347523575,0.021152727766920426,0.2828680315346494,0.024375974216999073
standard,power_grid,power-grid,infrastructure,5,False,enhanced_local,car_ra,CAR-RA,0.22663035185693797,0.009226335472120026,0.5359782111141629,0.005535801283271983,0.21465348347523575,0.021152727766920426,0.21465348347523575,0.021152727766920426,0.21465348347523575,0.021152727766920426,0.2828680315346494,0.024375974216999073
standard,power_grid,power-grid,infrastructure,5,False,local_similarity,cn,CN,0.4670959237232092,0.021892826103895667,0.6818433285074119,0.012745777544305694,0.4316762794104184,0.015739588896127133,0.4316762794104184,0.015739588896127133,0.4316762794104184,0.015739588896127126,0.5242297656205048,0.015515233252842726
standard,power_grid,power-grid,infrastructure,5,False,quasi_local_path,fl,FL-l3,0.6141570872306672,0.017317696285583967,0.771983704325156,0.011031332423933593,0.5803991577405474,0.01337544317283357,0.5803991577405474,0.01337544317283357,0.5803991577405474,0.01337544317283357,0.6579081214456933,0.011553634485204526
standard,power_grid,power-grid,infrastructure,5,False,enhanced_local,fsw,FSW,0.4667728588457766,0.022329492501226383,0.6818078535047405,0.012763693022348923,0.4316762794104184,0.015739588896127133,0.4316762794104184,0.015739588896127133,0.4316762794104184,0.015739588896127126,0.5240220952823444,0.015522397619104322
standard,power_grid,power-grid,infrastructure,5,False,local_similarity,hdi,HDI,0.465920600422734,0.02268606975172828,0.6817948760680921,0.012755526627189265,0.4316762794104184,0.015739588896127133,0.4316762794104184,0.015739588896127133,0.4316762794104184,0.015739588896127126,0.5233180337446416,0.016599465558414447
standard,power_grid,power-grid,infrastructure,5,False,local_similarity,hpi,HPI,0.465694070378722,0.023275378918200945,0.681788454800693,0.012788632737956333,0.4316762794104184,0.015739588896127133,0.4316762794104184,0.015739588896127133,0.4316762794104184,0.015739588896127126,0.5238255648382454,0.015499641629135816
standard,power_grid,power-grid,infrastructure,5,False,enhanced_local,ia1,IA1,0.4685213014486595,0.021929114171786696,0.6818740284871263,0.012762378857382026,0.4316762794104184,0.015739588896127133,0.4316762794104184,0.015739588896127133,0.4316762794104184,0.015739588896127126,0.5245178918970701,0.015115195932575482
standard,power_grid,power-grid,infrastructure,5,False,enhanced_local,ia2,IA2,0.4679203360201109,0.02213040443613804,0.6818541220316705,0.012768564263642215,0.4316762794104184,0.015739588896127133,0.4316762794104184,0.015739588896127133,0.4316762794104184,0.015739588896127126,0.5243194511090123,0.01514516954353186
standard,power_grid,power-grid,infrastructure,5,False,local_similarity,ja,JA,0.46643966477474147,0.02287800000397165,0.6818001466542377,0.012771987954583905,0.4316762794104184,0.015739588896127133,0.4316762794104184,0.015739588896127133,0.4316762794104184,0.015739588896127126,0.5238685462456212,0.01569417353643899
standard,power_grid,power-grid,infrastructure,5,False,enhanced_local,lit,LIT-i2,0.3188494999301536,0.010826568360742271,0.5917258795639789,0.006086044340647867,0.298687173853337,0.018921861866166997,0.298687173853337,0.018921861866166997,0.298687173853337,0.018921861866166997,0.38766863693501685,0.018924190978176686
standard,power_grid,power-grid,infrastructure,5,False,local_similarity,llhn,LLHN,0.46509000935135836,0.023569067212747555,0.6817614234834808,0.012785365899390907,0.4316762794104184,0.015739588896127133,0.4316762794104184,0.015739588896127133,0.4316762794104184,0.015739588896127126,0.5233210696464198,0.016117212763997094
standard,power_grid,power-grid,infrastructure,5,False,local_bayesian,lnb_aa,LNB-AA,0.46866794360579345,0.021660433489145692,0.6818734764149191,0.012751731645025549,0.4316762794104184,0.015739588896127133,0.4316762794104184,0.015739588896127133,0.4316762794104184,0.015739588896127126,0.5245359820285417,0.015045853260707657
standard,power_grid,power-grid,infrastructure,5,False,local_bayesian,lnb_cn,LNB-CN,0.4683742868546313,0.021252361997659286,0.6818614371962756,0.012723645379497687,0.4316762794104184,0.015739588896127133,0.4316762794104184,0.015739588896127133,0.4316762794104184,0.015739588896127126,0.5244428583087263,0.01504171532041847
standard,power_grid,power-grid,infrastructure,5,False,local_bayesian,lnb_ra,LNB-RA,0.4684835017888435,0.02168592902511348,0.6818672786909682,0.012752217440356092,0.4316762794104184,0.015739588896127133,0.4316762794104184,0.015739588896127133,0.4316762794104184,0.015739588896127126,0.524479836824713,0.015050192868665973
standard,power_grid,power-grid,infrastructure,5,False,quasi_local_path,lpi,LPI-beta-0.001,0.6141570872306672,0.017317696285583967,0.771983704325156,0.011031332423933593,0.5803991577405474,0.01337544317283357,0.5803991577405474,0.01337544317283357,0.5803991577405474,0.01337544317283357,0.6579081214456933,0.011553634485204526
standard,power_grid,power-grid,infrastructure,5,False,quasi_local_walk,lrw,LRW-l3,0.47966878601299695,0.011285906808449521,0.6918630984702292,0.004771395808926247,0.4443834111507828,0.010562419402927426,0.4443834111507828,0.010562419402927426,0.4443834111507828,0.010562419402927426,0.5347480797083761,0.0113313896160353
standard,power_grid,power-grid,infrastructure,5,False,quasi_local_path,ora_cni,ORA-CNI-beta-0.001,0.6151804476476451,0.016566828417186184,0.7719648424576222,0.011005517778253374,0.5803991577405474,0.01337544317283357,0.5803991577405474,0.01337544317283357,0.5803991577405474,0.01337544317283357,0.6579293305500749,0.01135626227791727
standard,power_grid,power-grid,infrastructure,5,False,degree_based,pa,PA,0.31766279114593976,0.024933579457562072,0.6411716378921339,0.02087708272725474,0.32706948640483385,0.02560643521767714,0.32706948640483385,0.02560643521767714,0.32706948640483385,0.025606435217677123,0.37665658819296,0.025115253891702553
standard,power_grid,power-grid,infrastructure,5,False,quasi_local_walk,pfp,PFP-l3,0.6140572404467078,0.016742815142461644,0.7719766271082584,0.011017540214662102,0.5803991577405474,0.01337544317283357,0.5803991577405474,0.01337544317283357,0.5803991577405474,0.01337544317283357,0.6570891853442232,0.010768127431087522
standard,power_grid,power-grid,infrastructure,5,False,local_similarity,ra,RA,0.4683759416920699,0.021994988653075177,0.6818692800566488,0.012764774995488917,0.4316762794104184,0.015739588896127133,0.4316762794104184,0.015739588896127133,0.4316762794104184,0.015739588896127126,0.5244728721737418,0.015125923441944843
standard,power_grid,power-grid,infrastructure,5,False,enhanced_local,ra_cni,RA-CNI,0.5977717825205587,0.015670571012054907,0.7611544202692424,0.010203325051182587,0.5622667765265953,0.00825044691033185,0.5622667765265953,0.00825044691033185,0.5622667765265953,0.00825044691033185,0.6422254243907826,0.00731090728008047
standard,power_grid,power-grid,infrastructure,5,False,local_similarity,sa,SA,0.4664425791738984,0.023161855441470886,0.6817955719063096,0.012781327930666171,0.4316762794104184,0.015739588896127133,0.4316762794104184,0.015739588896127133,0.4316762794104184,0.015739588896127126,0.5239308613924951,0.015574391846321162
standard,power_grid,power-grid,infrastructure,5,False,local_similarity,so,SO,0.46643966477474147,0.02287800000397165,0.6818001466542377,0.012771987954583905,0.4316762794104184,0.015739588896127133,0.4316762794104184,0.015739588896127133,0.4316762794104184,0.015739588896127126,0.5238685462456212,0.01569417353643899
standard,power_grid,power-grid,infrastructure,5,False,quasi_local_walk,srw,SRW-l3,0.616252357165769,0.017855902624713187,0.7720462117530595,0.011062685725440613,0.5803991577405474,0.01337544317283357,0.5803991577405474,0.01337544317283357,0.5803991577405474,0.01337544317283357,0.6581543119195818,0.011620867376564677
standard,power_grid,power-grid,infrastructure,10,False,local_similarity,aa,AA,0.41594804479874803,0.021669220449253786,0.6818057857961545,0.012581495976726255,0.4002325368488511,0.01905732201220275,0.4002325368488511,0.01905732201220275,0.40023253684885096,0.01905732201220272,0.49704546299299934,0.01777150381904002
standard,power_grid,power-grid,infrastructure,10,False,enhanced_local,car_aa,CAR-AA,0.15611212419171555,0.009688275347590836,0.5359489181848699,0.005483280980620989,0.14935274192071776,0.019963497242313225,0.14935274192071776,0.019963497242313225,0.14935274192071776,0.019963497242313225,0.2231887481298669,0.023067017171579326
standard,power_grid,power-grid,infrastructure,10,False,enhanced_local,car_cn,CAR-CN,0.15589977778332625,0.00931954220763738,0.5359486427027762,0.005482788385519271,0.14935274192071776,0.019963497242313225,0.14935274192071776,0.019963497242313225,0.14935274192071776,0.019963497242313225,0.22323384538640106,0.023148721174650676
standard,power_grid,power-grid,infrastructure,10,False,enhanced_local,car_ra,CAR-RA,0.15611212419171555,0.009688275347590846,0.5359489181848699,0.005483280980620989,0.14935274192071776,0.019963497242313225,0.14935274192071776,0.019963497242313225,0.14935274192071776,0.019963497242313225,0.2231887481298669,0.023067017171579326
standard,power_grid,power-grid,infrastructure,10,False,local_similarity,cn,CN,0.41481307918107646,0.022796127756627916,0.6818076753901112,0.012603973532233076,0.4002325368488511,0.01905732201220275,0.4002325368488511,0.01905732201220275,0.40023253684885096,0.01905732201220272,0.49702968981364953,0.01867647317875278
standard,power_grid,power-grid,infrastructure,10,False,quasi_local_path,fl,FL-l3,0.5721430157408864,0.018501850120426523,0.772092574878242,0.011060483152098505,0.5634679117458574,0.01724774832627508,0.5634679117458574,0.01724774832627508,0.5634679117458574,0.01724774832627508,0.6424681993813823,0.015106499305427757
standard,power_grid,power-grid,infrastructure,10,False,enhanced_local,fsw,FSW,0.41324021288401935,0.024764612313949996,0.6817655512828059,0.012602615448407295,0.4002325368488511,0.01905732201220275,0.4002325368488511,0.01905732201220275,0.40023253684885096,0.01905732201220272,0.4957394063332963,0.019534441817945707
standard,power_grid,power-grid,infrastructure,10,False,local_similarity,hdi,HDI,0.4122360119332029,0.025120995614297235,0.6817591549458563,0.01260328942863534,0.4002325368488511,0.01905732201220275,0.4002325368488511,0.01905732201220275,0.40023253684885096,0.01905732201220272,0.4948814948383088,0.020768870713431243
standard,power_grid,power-grid,infrastructure,10,False,local_similarity,hpi,HPI,0.41364053765299935,0.02319933301456857,0.6817704098229775,0.012600814036260647,0.4002325368488511,0.01905732201220275,0.4002325368488511,0.01905732201220275,0.40023253684885096,0.01905732201220272,0.49665691745825136,0.01847779503332817
standard,power_grid,power-grid,infrastructure,10,False,enhanced_local,ia1,IA1,0.41594132404404294,0.021788324384987307,0.6818043243144614,0.012582412439999862,0.4002325368488511,0.01905732201220275,0.4002325368488511,0.01905732201220275,0.40023253684885096,0.01905732201220272,0.4970379748313877,0.017793761626532085
standard,power_grid,power-grid,infrastructure,10,False,enhanced_local,ia2,IA2,0.4135014728914207,0.019853348636140612,0.6817808958708562,0.01256128706590969,0.4002325368488511,0.01905732201220275,0.4002325368488511,0.01905732201220275,0.40023253684885096,0.01905732201220272,0.4961876010826658,0.01697959877170678
standard,power_grid,power-grid,infrastructure,10,False,local_similarity,ja,JA,0.41314355698877303,0.02506350606680418,0.6817627986779092,0.012607193212483245,0.4002325368488511,0.01905732201220275,0.4002325368488511,0.01905732201220275,0.40023253684885096,0.01905732201220272,0.49599995716183987,0.019306374791967302
standard,power_grid,power-grid,infrastructure,10,False,enhanced_local,lit,LIT-i2,0.2547046460172494,0.010773349596138534,0.5916897067844742,0.006008194081452718,0.24668680765357504,0.016730602714801236,0.24668680765357504,0.016730602714801236,0.24668680765357504,0.016730602714801236,0.3412489251062654,0.0162557543161987
standard,power_grid,power-grid,infrastructure,10,False,local_similarity,llhn,LLHN,0.41162311922985245,0.02445711135660697,0.6817323172555528,0.012598340065727274,0.4002325368488511,0.01905732201220275,0.4002325368488511,0.01905732201220275,0.40023253684885096,0.01905732201220272,0.49544824313363184,0.019441859739842745
standard,power_grid,power-grid,infrastructure,10,False,local_bayesian,lnb_aa,LNB-AA,0.4158235644048471,0.02139886158791926,0.6818000311427367,0.012571755851458151,0.4002325368488511,0.01905732201220275,0.4002325368488511,0.01905732201220275,0.40023253684885096,0.01905732201220272,0.4969952573709249,0.017705386668822976
standard,power_grid,power-grid,infrastructure,10,False,local_bayesian,lnb_cn,LNB-CN,0.41553752738873617,0.022407751931573083,0.6817956334014179,0.01256528037577723,0.4002325368488511,0.01905732201220275,0.4002325368488511,0.01905732201220275,0.40023253684885096,0.01905732201220272,0.4967071456032256,0.018287082401357818
standard,power_grid,power-grid,infrastructure,10,False,local_bayesian,lnb_ra,LNB-RA,0.41547454015728275,0.021022634467950538,0.6817940181815348,0.012567217079579905,0.4002325368488511,0.01905732201220275,0.4002325368488511,0.01905732201220275,0.40023253684885096,0.01905732201220272,0.49690128319756494,0.01757538214492479
standard,power_grid,power-grid,infrastructure,10,False,quasi_local_path,lpi,LPI-beta-0.001,0.5721430157408864,0.018501850120426523,0.772092574878242,0.011060483152098505,0.5634679117458574,0.01724774832627508,0.5634679117458574,0.01724774832627508,0.5634679117458574,0.01724774832627508,0.6424681993813823,0.015106499305427757
standard,power_grid,power-grid,infrastructure,10,False,quasi_local_walk,lrw,LRW-l3,0.42318063198802314,0.01268726886192615,0.6919555222303044,0.0046490106043871465,0.41898745765815254,0.007780829388601622,0.41898745765815254,0.007780829388601622,0.41898745765815254,0.00778082938860162,0.509975882374951,0.008699609639370578
standard,power_grid,power-grid,infrastructure,10,False,quasi_local_path,ora_cni,ORA-CNI-beta-0.001,0.5714469009470136,0.017856646597370518,0.7720066005026204,0.01102548144799166,0.5634679117458574,0.01724774832627508,0.5634679117458574,0.01724774832627508,0.5634679117458574,0.01724774832627508,0.6419441900185573,0.014592208090139586
standard,power_grid,power-grid,infrastructure,10,False,degree_based,pa,PA,0.20664025043012663,0.025994684724003833,0.642287897580635,0.022374322361408093,0.24666300466904695,0.019709449874341946,0.24666300466904695,0.019709449874341946,0.24666300466904695,0.019709449874341946,0.2881988548192372,0.02555912199609191
standard,power_grid,power-grid,infrastructure,10,False,quasi_local_walk,pfp,PFP-l3,0.5667857068288287,0.01794295170945331,0.7719905488578599,0.011065389692624026,0.5634679117458574,0.01724774832627508,0.5634679117458574,0.01724774832627508,0.5634679117458574,0.01724774832627508,0.63942038112839,0.014252205560264698
standard,power_grid,power-grid,infrastructure,10,False,local_similarity,ra,RA,0.4155807003703048,0.021135641286849922,0.6817997772670326,0.012574680325374975,0.4002325368488511,0.01905732201220275,0.4002325368488511,0.01905732201220275,0.40023253684885096,0.01905732201220272,0.4969481229552974,0.017579403718069996
standard,power_grid,power-grid,infrastructure,10,False,enhanced_local,ra_cni,RA-CNI,0.5528783618178815,0.01716420170099643,0.7612059480255324,0.010177059100647532,0.5435191797125333,0.013501706883481478,0.5435191797125333,0.013501706883481478,0.5435191797125333,0.013501706883481478,0.6248471684176685,0.011679727391080787
standard,power_grid,power-grid,infrastructure,10,False,local_similarity,sa,SA,0.41401147969964625,0.025044702505265082,0.6817668135974903,0.012614784931795821,0.4002325368488511,0.01905732201220275,0.4002325368488511,0.01905732201220275,0.40023253684885096,0.01905732201220272,0.4963211832664699,0.01911958985679371
standard,power_grid,power-grid,infrastructure,10,False,local_similarity,so,SO,0.41314355698877303,0.02506350606680418,0.6817627986779092,0.012607193212483245,0.4002325368488511,0.01905732201220275,0.4002325368488511,0.01905732201220275,0.40023253684885096,0.01905732201220272,0.49599995716183987,0.019306374791967302
standard,power_grid,power-grid,infrastructure,10,False,quasi_local_walk,srw,SRW-l3,0.5729171679621311,0.019920458588283025,0.7720744944438875,0.0110974807240284,0.5634679117458574,0.01724774832627508,0.5634679117458574,0.01724774832627508,0.5634679117458574,0.01724774832627508,0.6422462810235411,0.015173454101827074
standard,socfb_middlebury45,socfb-Middlebury45,social,1,True,local_similarity,aa,AA,0.9506373318527558,0.0007077706963614404,0.9538780313361069,0.0008697838540287935,0.890315043284527,0.0017361985484666512,0.890315043284527,0.0017361985484666512,0.890315043284527,0.0017361985484666512,0.8996092520233898,0.0015440049484685835
standard,socfb_middlebury45,socfb-Middlebury45,social,1,True,enhanced_local,car_aa,CAR-AA,0.9397982928556553,0.0008330430525068497,0.9417083769716552,0.0009657337622986684,0.8864232858686799,0.0018080247281301591,0.8864232858686799,0.0018080247281301591,0.8864232858686799,0.0018080247281301591,0.8961819901130937,0.0016201598594728387
standard,socfb_middlebury45,socfb-Middlebury45,social,1,True,enhanced_local,car_cn,CAR-CN,0.9381759297250204,0.0007790987163971612,0.9408998691810831,0.0009556414489951758,0.8855017646677841,0.0019858266172262896,0.8855017646677841,0.0019858266172262896,0.8855017646677841,0.0019858266172262653,0.8952604091538973,0.001764863525387624
standard,socfb_middlebury45,socfb-Middlebury45,social,1,True,enhanced_local,car_ra,CAR-RA,0.9434023869774025,0.0008248841678217364,0.9442866263188145,0.0009198642637808659,0.891606808901377,0.0013943340315805354,0.891606808901377,0.0013943340315805354,0.8916068089013771,0.001394334031580547,0.9011161481556715,0.0012599265208422623
standard,socfb_middlebury45,socfb-Middlebury45,social,1,True,local_similarity,cn,CN,0.943500265387285,0.0006333398938401857,0.9509111910170509,0.0008113190287791555,0.8851232887844567,0.0014554305095705585,0.8851232887844567,0.0014554305095705585,0.8851232887844567,0.0014554305095706085,0.8947856364199156,0.0012796072695994889
standard,socfb_middlebury45,socfb-Middlebury45,social,1,True,quasi_local_path,fl,FL-l3,0.9469642542201833,0.0005209710087945599,0.9503248520172667,0.0006984899646244157,0.8812562162929314,0.0020667260053115126,0.8812562162929314,0.0020667260053115126,0.8812562162929314,0.002066726005311541,0.8912454410767369,0.001826598838329279
standard,socfb_middlebury45,socfb-Middlebury45,social,1,True,enhanced_local,fsw,FSW,0.9529007079422576,0.0011815400542603868,0.9547623300940273,0.000980647841536144,0.8905865469877158,0.0026159653104369926,0.8905865469877158,0.0026159653104369926,0.890586546987716,0.002615965310436977,0.9001655454292585,0.002315660770972921
standard,socfb_middlebury45,socfb-Middlebury45,social,1,True,local_similarity,hdi,HDI,0.9465236057090178,0.001378644989418561,0.9499987066610244,0.0010898951934042204,0.8834201247997147,0.0021148583783942815,0.8834201247997147,0.0021148583783942815,0.8834201247997147,0.0021148583783942524,0.8932366054608967,0.0018853766801474152
standard,socfb_middlebury45,socfb-Middlebury45,social,1,True,local_similarity,hpi,HPI,0.9234630819862625,0.002060774790675666,0.9428195440909615,0.001296340856774738,0.8782283967020812,0.0012456774025518076,0.8782283967020812,0.0012456774025518076,0.8782283967020812,0.0012456774025518295,0.8835104568951395,0.001471861890731138
standard,socfb_middlebury45,socfb-Middlebury45,social,1,True,enhanced_local,ia1,IA1,0.95559393214387,0.0009401902217072609,0.9575332649331155,0.00096909228104581,0.8956631208577835,0.0020817328771543775,0.8956631208577835,0.0020817328771543775,0.8956631208577834,0.002081732877154368,0.9047962041980467,0.001869915826571654
standard,socfb_middlebury45,socfb-Middlebury45,social,1,True,enhanced_local,ia2,IA2,0.9543983077191516,0.0010033417463629073,0.9562329432227008,0.0010593848420681975,0.8935897161805079,0.0019342352920987923,0.8935897161805079,0.0019342352920987923,0.8935897161805079,0.0019342352920987923,0.9029029683256773,0.0017568946442262183
standard,socfb_middlebury45,socfb-Middlebury45,social,1,True,local_similarity,ja,JA,0.9513295630634356,0.0012708072651160525,0.9540835125040644,0.0009902194481268948,0.890216300879298,0.0018071346217765217,0.890216300879298,0.0018071346217765217,0.890216300879298,0.0018071346217765217,0.8996150551818329,0.0015604298626540314
standard,socfb_middlebury45,socfb-Middlebury45,social,1,True,enhanced_local,lit,LIT-i2,0.9503963138409409,0.0011283124073998177,0.951942769099863,0.0010494873454214152,0.8858637833707421,0.002408318036600705,0.8858637833707421,0.002408318036600705,0.8858637833707421,0.0024083180366007138,0.8958255165467459,0.0021551883226975516
standard,socfb_middlebury45,socfb-Middlebury45,social,1,True,local_similarity,llhn,LLHN,0.8764245927239737,0.0021407665801400472,0.9171629681044109,0.0016289021298698293,0.8500975119839813,0.0020735196079187225,0.8500975119839813,0.0020735196079187225,0.8500975119839815,0.002073519607918662,0.8535662874534659,0.0019933183623123585
standard,socfb_middlebury45,socfb-Middlebury45,social,1,True,local_bayesian,lnb_aa,LNB-AA,0.9512146720371183,0.0007785798994250574,0.9542807580217895,0.0009079120482197773,0.8907182054461471,0.0019502249029305452,0.8907182054461471,0.0019502249029305452,0.8907182054461471,0.001950224902930564,0.900020737752256,0.0017427657328896618
standard,socfb_middlebury45,socfb-Middlebury45,social,1,True,local_bayesian,lnb_cn,LNB-CN,0.9487950781710339,0.0006976168408272719,0.9522347340647928,0.0008583105525750731,0.8873283458272937,0.001878891186790093,0.8873283458272937,0.001878891186790093,0.8873283458272937,0.001878891186790093,0.8968266685015628,0.0016740389631222398
standard,socfb_middlebury45,socfb-Middlebury45,social,1,True,local_bayesian,lnb_ra,LNB-RA,0.9542061058258706,0.001188686661930446,0.9566444681400015,0.0011489555135502216,0.8946182000837444,0.0022374334318957033,0.8946182000837444,0.0022374334318957033,0.8946182000837444,0.0022374334318957033,0.90373276779323,0.0020403794079432674
standard,socfb_middlebury45,socfb-Middlebury45,social,1,True,quasi_local_path,lpi,LPI-beta-0.001,0.9467272601170965,0.000516758567143736,0.9502320335800217,0.0006983208325608201,0.8812644440368841,0.0020586902809294058,0.8812644440368841,0.0020586902809294058,0.8812644440368841,0.002058690280929434,0.8912239256608224,0.0018185774656005625
standard,socfb_middlebury45,socfb-Middlebury45,social,1,True,quasi_local_walk,lrw,LRW-l3,0.9318202147275791,0.0010197811671464332,0.9386583006402622,0.0008159599907308222,0.8663227449159248,0.001547572405888284,0.8663227449159248,0.001547572405888284,0.8663227449159248,0.001547572405888284,0.8766586473051895,0.0014071187327561348
standard,socfb_middlebury45,socfb-Middlebury45,social,1,True,quasi_local_path,ora_cni,ORA-CNI-beta-0.001,0.9176875283155731,0.0009363450451412612,0.9278135962400464,0.0006555901840484687,0.8538000113178444,0.0011715163915607528,0.8538000113178444,0.0011715163915607528,0.8538000113178444,0.0011715163915607528,0.8642731613326811,0.0010729561722801228
standard,socfb_middlebury45,socfb-Middlebury45,social,1,True,degree_based,pa,PA,0.7736583336438158,0.0013789525655664534,0.7921160296288854,0.00130890583487586,0.7155069397484684,0.0016182859077320379,0.7155069397484684,0.0016182859077320379,0.7155069397484682,0.0016182859077320502,0.7289004411507658,0.0015393997679633644
standard,socfb_middlebury45,socfb-Middlebury45,social,1,True,quasi_local_walk,pfp,PFP-l3,0.9181404715493571,0.002466114279895209,0.9348234775639359,0.0015254488969208607,0.8639531583809943,0.0022612369554727953,0.8639531583809943,0.0022612369554727953,0.8639531583809943,0.0022612369554727884,0.8723759583934264,0.0022926732744357695
standard,socfb_middlebury45,socfb-Middlebury45,social,1,True,local_similarity,ra,RA,0.9549315498055039,0.0010925142360599894,0.9573022154587324,0.0010807025460049314,0.8957207225122928,0.0021728002947211085,0.8957207225122928,0.0021728002947211085,0.8957207225122928,0.0021728002947211085,0.904761252656661,0.0019608304307793417
standard,socfb_middlebury45,socfb-Middlebury45,social,1,True,enhanced_local,ra_cni,RA-CNI,0.9176871519877411,0.0009363495096198862,0.9278133293442072,0.0006555928985277005,0.8538000113178444,0.0011715163915607528,0.8538000113178444,0.0011715163915607528,0.8538000113178444,0.0011715163915607528,0.8642731270959725,0.0010729558018720735
standard,socfb_middlebury45,socfb-Middlebury45,social,1,True,local_similarity,sa,SA,0.9520030877049048,0.00119371838680003,0.9547605699593934,0.0009771465840114463,0.890701751312213,0.0017373476099186694,0.890701751312213,0.0017373476099186694,0.890701751312213,0.0017373476099186694,0.9000674934390547,0.0014890104825358147
standard,socfb_middlebury45,socfb-Middlebury45,social,1,True,local_similarity,so,SO,0.9513295630634356,0.0012708072651160525,0.9540835125040644,0.0009902194481268948,0.890216300879298,0.0018071346217765217,0.890216300879298,0.0018071346217765217,0.890216300879298,0.0018071346217765217,0.8996150551818329,0.0015604298626540314
standard,socfb_middlebury45,socfb-Middlebury45,social,1,True,quasi_local_walk,srw,SRW-l3,0.9514148095183808,0.0009788946922131404,0.9554067386339689,0.000937237260229134,0.8905042888422781,0.0019519406258782129,0.8905042888422781,0.0019519406258782129,0.8905042888422781,0.0019519406258781925,0.8996724750580294,0.0017740682802072445
standard,socfb_middlebury45,socfb-Middlebury45,social,5,False,local_similarity,aa,AA,0.829034923386353,0.0019559377391447064,0.9539352417393483,0.000616732750971663,0.7568188060142503,0.0015409969091913745,0.7568188060142503,0.0015409969091913745,0.7568188060142503,0.0015409969091913917,0.7739093386161516,0.0015076057661233136
standard,socfb_middlebury45,socfb-Middlebury45,social,5,False,enhanced_local,car_aa,CAR-AA,0.8192908759864086,0.002550996514590707,0.9417125194464898,0.0009447742400941293,0.7559384279335235,0.001100823661916533,0.7559384279335235,0.001100823661916533,0.7559384279335235,0.001100823661916524,0.7733006935276359,0.001137421784186839
standard,socfb_middlebury45,socfb-Middlebury45,social,5,False,enhanced_local,car_cn,CAR-CN,0.8141378491413651,0.0024124213246154392,0.9408801897083947,0.0009443825890677824,0.7527624855955244,0.0017567146187882905,0.7527624855955244,0.0017567146187882905,0.7527624855955244,0.001756714618788288,0.7701207259025196,0.0016315052344572998
standard,socfb_middlebury45,socfb-Middlebury45,social,5,False,enhanced_local,car_ra,CAR-RA,0.8323604685568957,0.0023837431986952727,0.9443262086279466,0.0009020240763606634,0.7686339509244641,0.0019269764726366856,0.7686339509244641,0.0019269764726366856,0.7686339509244642,0.0019269764726367264,0.7856625109978643,0.0018903825703759673
standard,socfb_middlebury45,socfb-Middlebury45,social,5,False,local_similarity,cn,CN,0.8100431844579269,0.001938880739552536,0.9509431627198073,0.0005881803455757078,0.7488871860370321,0.0019940156754248563,0.7488871860370321,0.0019940156754248563,0.7488871860370321,0.0019940156754249057,0.7661938370909087,0.0019107045291526618
standard,socfb_middlebury45,socfb-Middlebury45,social,5,False,quasi_local_path,fl,FL-l3,0.81539368946266,0.001901719728789767,0.9503500840733684,0.00048632189981835157,0.746649234604531,0.0019586221293601725,0.746649234604531,0.0019586221293601725,0.746649234604531,0.00195862212936015,0.7639053795785291,0.001931716873520882
standard,socfb_middlebury45,socfb-Middlebury45,social,5,False,enhanced_local,fsw,FSW,0.8390920933397414,0.0021802090765009655,0.954777091977338,0.0007175868781333653,0.7652111647591323,0.0016286946707174416,0.7652111647591323,0.0016286946707174416,0.7652111647591323,0.0016286946707174416,0.7825385488907951,0.0015326178164327474
standard,socfb_middlebury45,socfb-Middlebury45,social,5,False,local_similarity,hdi,HDI,0.8171088942676527,0.0025118281628289376,0.9500541046131419,0.0007811407704645386,0.7470030231940871,0.0024443285938798086,0.7470030231940871,0.0024443285938798086,0.747003023194087,0.0024443285938798194,0.7644286499576596,0.002272868521876517
standard,socfb_middlebury45,socfb-Middlebury45,social,5,False,local_similarity,hpi,HPI,0.7352963091181943,0.003703375109706483,0.943351086981999,0.0011703550893558219,0.7215873562630192,0.0037945681188388054,0.7215873562630192,0.0037945681188388054,0.7215873562630192,0.0037945681188388375,0.7261954453353969,0.0035706806967951985
standard,socfb_middlebury45,socfb-Middlebury45,social,5,False,enhanced_local,ia1,IA1,0.8464064997680059,0.002333136432924346,0.9576256814173691,0.0007248212350386831,0.7726573569824516,0.001937817217969679,0.7726573569824516,0.001937817217969679,0.7726573569824516,0.001937817217969679,0.7894151064200979,0.0019140930652832035
standard,socfb_middlebury45,socfb-Middlebury45,social,5,False,enhanced_local,ia2,IA2,0.8430831961344973,0.002655007735853229,0.9563104478923877,0.0008291233590120567,0.7702136943495109,0.0022916929250365167,0.7702136943495109,0.0022916929250365167,0.7702136943495109,0.0022916929250365167,0.7870714096180172,0.002211405119328855
standard,socfb_middlebury45,socfb-Middlebury45,social,5,False,local_similarity,ja,JA,0.8326615820648634,0.0025514123986267677,0.9542039288019357,0.0008538357905357936,0.7625042217665492,0.002553662485620569,0.7625042217665492,0.002553662485620569,0.7625042217665492,0.002553662485620569,0.7791491735538473,0.002274568475943894
standard,socfb_middlebury45,socfb-Middlebury45,social,5,False,enhanced_local,lit,LIT-i2,0.8320085238220114,0.002230375694074482,0.9519412511886891,0.0007381789436386045,0.7569422181116261,0.002443674263029194,0.7569422181116261,0.002443674263029194,0.7569422181116261,0.0024436742630292657,0.7747977326097112,0.002252818621303607
standard,socfb_middlebury45,socfb-Middlebury45,social,5,False,local_similarity,llhn,LLHN,0.6058806726268379,0.005209965206224502,0.9180342465790309,0.001484566974615328,0.6351377502114074,0.004181894098098558,0.6351377502114074,0.004181894098098558,0.6351377502114074,0.004181894098098558,0.6336164908083501,0.0042508642477990894
standard,socfb_middlebury45,socfb-Middlebury45,social,5,False,local_bayesian,lnb_aa,LNB-AA,0.8311063564227341,0.002180306954714781,0.9543723092206722,0.0006366346958709361,0.758900448251769,0.0023301330936314575,0.758900448251769,0.0023301330936314575,0.758900448251769,0.0023301330936314453,0.775921335228594,0.0022483739611450747
standard,socfb_middlebury45,socfb-Middlebury45,social,5,False,local_bayesian,lnb_cn,LNB-CN,0.8232650334662548,0.00215245001780966,0.9523045501652204,0.000615734005921528,0.7521700883694293,0.0021257511162611703,0.7521700883694293,0.0021257511162611703,0.7521700883694293,0.002125751116261168,0.7693644135890466,0.002051204323124577
standard,socfb_middlebury45,socfb-Middlebury45,social,5,False,local_bayesian,lnb_ra,LNB-RA,0.8413058684728831,0.002396350480111228,0.9568136508354226,0.0007415715674874445,0.7689877547461952,0.0027621920132918014,0.7689877547461952,0.0027621920132918014,0.7689877547461952,0.0027621920132917853,0.785621627003404,0.0026196612386039267
standard,socfb_middlebury45,socfb-Middlebury45,social,5,False,quasi_local_path,lpi,LPI-beta-0.001,0.814395090382592,0.0019269523085100354,0.9502531868794126,0.0004863786684466808,0.7457359469019649,0.0018795675971733088,0.7457359469019649,0.0018795675971733088,0.7457359469019649,0.0018795675971732889,0.7629722739415833,0.0018656011263889134
standard,socfb_middlebury45,socfb-Middlebury45,social,5,False,quasi_local_walk,lrw,LRW-l3,0.7672477377604829,0.0028687661649972477,0.9387174450297066,0.0005550535870366729,0.7056829782658053,0.002276546990374869,0.7056829782658053,0.002276546990374869,0.7056829782658053,0.002276546990374869,0.7233095536808912,0.002334761563871378
standard,socfb_middlebury45,socfb-Middlebury45,social,5,False,quasi_local_path,ora_cni,ORA-CNI-beta-0.001,0.724439379156252,0.0026086317976875164,0.927923685961115,0.0005447625952426141,0.6744337484638098,0.00201119215576633,0.6744337484638098,0.00201119215576633,0.6744337484638098,0.00201119215576633,0.6915703173654364,0.0020452426734355734
standard,socfb_middlebury45,socfb-Middlebury45,social,5,False,degree_based,pa,PA,0.43614556446527064,0.0018015721526220623,0.792128325108885,0.0010773691125711589,0.4413891861400828,0.0013602184965469004,0.4413891861400828,0.0013602184965469004,0.4413891861400828,0.0013602184965468816,0.45744152761023704,0.001488022685066407
standard,socfb_middlebury45,socfb-Middlebury45,social,5,False,quasi_local_walk,pfp,PFP-l3,0.7127971893682676,0.004966307472562606,0.934786151749915,0.0010781372861688756,0.6911526737893174,0.0029786456063904125,0.6911526737893174,0.0029786456063904125,0.6911526737893174,0.0029786456063904125,0.7011789000744126,0.003192559977929387
standard,socfb_middlebury45,socfb-Middlebury45,social,5,False,local_similarity,ra,RA,0.843683752549458,0.0022044809184271967,0.9574509919143198,0.0007029582304304033,0.7710776172808254,0.002484668762695178,0.7710776172808254,0.002484668762695178,0.7710776172808254,0.002484668762695178,0.7876319257431488,0.0023512683880531934
standard,socfb_middlebury45,socfb-Middlebury45,social,5,False,enhanced_local,ra_cni,RA-CNI,0.7244382777414324,0.0026086329965202574,0.9279234014648099,0.0005447647304444441,0.6744337484638098,0.00201119215576633,0.6744337484638098,0.00201119215576633,0.6744337484638098,0.00201119215576633,0.6915702147455646,0.002045245509354637
standard,socfb_middlebury45,socfb-Middlebury45,social,5,False,local_similarity,sa,SA,0.8346354267928311,0.002824723600825062,0.9549445726055186,0.0009435440396913326,0.7637713159987888,0.0026623031325992666,0.7637713159987888,0.0026623031325992666,0.7637713159987888,0.002662303132599207,0.7803536218703495,0.0023402783746316234
standard,socfb_middlebury45,socfb-Middlebury45,social,5,False,local_similarity,so,SO,0.8326615820648634,0.0025514123986267677,0.9542039288019357,0.0008538357905357936,0.7625042217665492,0.002553662485620569,0.7625042217665492,0.002553662485620569,0.7625042217665492,0.002553662485620569,0.7791491735538473,0.002274568475943894
standard,socfb_middlebury45,socfb-Middlebury45,social,5,False,quasi_local_walk,srw,SRW-l3,0.8270482226409331,0.0024488023160525816,0.9555006848940272,0.0005715683162734537,0.7561030000757073,0.002189212899761898,0.7561030000757073,0.002189212899761898,0.7561030000757073,0.002189212899761898,0.7727869124355518,0.002130576143134796
standard,socfb_middlebury45,socfb-Middlebury45,social,10,False,local_similarity,aa,AA,0.7351240015259812,0.0019420648426086886,0.9538293804971423,0.0006340993011505142,0.6765235781646405,0.0018502200997206274,0.6765235781646405,0.0018502200997206274,0.6765235781646405,0.0018502200997206274,0.696796938241871,0.001722021315762589
standard,socfb_middlebury45,socfb-Middlebury45,social,10,False,enhanced_local,car_aa,CAR-AA,0.7292481822233865,0.002558748567116915,0.9416186726213592,0.0009753590877431496,0.6773381420790805,0.001527912421017906,0.6773381420790805,0.001527912421017906,0.6773381420790805,0.001527912421017906,0.6978376147549141,0.0015625465283563439
standard,socfb_middlebury45,socfb-Middlebury45,social,10,False,enhanced_local,car_cn,CAR-CN,0.7220189369212979,0.0023831787156062506,0.9407838151367415,0.0009932185716663437,0.6724014422256566,0.0017828433079708692,0.6724014422256566,0.0017828433079708692,0.6724014422256566,0.0017828433079708692,0.6929058787413176,0.001675814733102384
standard,socfb_middlebury45,socfb-Middlebury45,social,10,False,enhanced_local,car_ra,CAR-RA,0.7487673807419821,0.0025587501055607735,0.9442344191510298,0.0009180743398483966,0.6936703556534817,0.001447273980600044,0.6936703556534817,0.001447273980600044,0.6936703556534817,0.001447273980600044,0.7139935442336891,0.0014964693720721234
standard,socfb_middlebury45,socfb-Middlebury45,social,10,False,local_similarity,cn,CN,0.7108389554672607,0.0019323692177252382,0.9508322063062937,0.0006351875541961418,0.6667736240659538,0.002295313721450712,0.6667736240659538,0.002295313721450712,0.6667736240659538,0.002295313721450712,0.6871584845768846,0.002136727738647067
standard,socfb_middlebury45,socfb-Middlebury45,social,10,False,quasi_local_path,fl,FL-l3,0.7161083792038305,0.0018687626663220478,0.9502355238494318,0.0005428713288976175,0.66336730591276,0.001838310856468999,0.66336730591276,0.001838310856468999,0.66336730591276,0.001838310856468999,0.683716783045831,0.0017112071968295463
standard,socfb_middlebury45,socfb-Middlebury45,social,10,False,enhanced_local,fsw,FSW,0.7520321670558255,0.002993784397933359,0.954693697152327,0.0007026454593928813,0.6899184492367695,0.0030941226297882024,0.6899184492367695,0.0030941226297882024,0.6899184492367695,0.0030941226297882024,0.7105838058618754,0.002890221920326291
standard,socfb_middlebury45,socfb-Middlebury45,social,10,False,local_similarity,hdi,HDI,0.7194492130954442,0.0034173943498167123,0.949993722920867,0.0007090685493624297,0.6661071757903141,0.0027351903115065057,0.6661071757903141,0.0027351903115065057,0.6661071757903141,0.0027351903115065057,0.6864706741220601,0.0027065153446409916
standard,socfb_middlebury45,socfb-Middlebury45,social,10,False,local_similarity,hpi,HPI,0.5949377304702391,0.002726968979560606,0.943238975000684,0.0008260962427196104,0.6219238492255952,0.0027058845847843776,0.6219238492255952,0.0027058845847843776,0.6219238492255952,0.0027058845847843776,0.6233523940502449,0.002517804885930168
standard,socfb_middlebury45,socfb-Middlebury45,social,10,False,enhanced_local,ia1,IA1,0.7610390899725891,0.002413230170792519,0.9575286207937246,0.0006555551621570529,0.6977266591475686,0.0018844131284488689,0.6977266591475686,0.0018844131284488689,0.6977266591475686,0.0018844131284488689,0.7178313908780417,0.0018245733120547667
standard,socfb_middlebury45,socfb-Middlebury45,social,10,False,enhanced_local,ia2,IA2,0.7567809333891616,0.0026769661269028895,0.9562249815648475,0.0007299715145538441,0.6948551545060778,0.0020350047440329446,0.6948551545060778,0.0020350047440329446,0.6948551545060778,0.0020350047440329446,0.7150289877996258,0.001986409938357998
standard,socfb_middlebury45,socfb-Middlebury45,social,10,False,local_similarity,ja,JA,0.7407550318824947,0.0032509042791201994,0.9541280514530012,0.000748703073209127,0.6847596290685114,0.00267861672308791,0.6847596290685114,0.00267861672308791,0.6847596290685114,0.00267861672308791,0.7044112622932377,0.002563754468844688
standard,socfb_middlebury45,socfb-Middlebury45,social,10,False,enhanced_local,lit,LIT-i2,0.7430584601876808,0.003171948950414554,0.9518567162366909,0.0007541839802137306,0.6822665952329562,0.0030063284931155275,0.6822665952329562,0.0030063284931155275,0.6822665952329562,0.0030063284931155275,0.7032801442818137,0.0028554315988607564
standard,socfb_middlebury45,socfb-Middlebury45,social,10,False,local_similarity,llhn,LLHN,0.4406815862798118,0.0028975965542535043,0.9180724264189074,0.0010349720774886966,0.5033117429325534,0.003876419073363298,0.5033117429325534,0.003876419073363298,0.5033117429325534,0.003876419073363298,0.4971002710182084,0.0035802558685587983
standard,socfb_middlebury45,socfb-Middlebury45,social,10,False,local_bayesian,lnb_aa,LNB-AA,0.7381494471454776,0.002213131175643468,0.9542677294574569,0.0006341487426678077,0.6792552111589372,0.0026121506861432157,0.6792552111589372,0.0026121506861432157,0.6792552111589372,0.0026121506861432157,0.6994618751791555,0.0024359229454544227
standard,socfb_middlebury45,socfb-Middlebury45,social,10,False,local_bayesian,lnb_cn,LNB-CN,0.7270855286293052,0.0021855664265179606,0.9521966268296918,0.000642238445697246,0.6710356248822764,0.0025605483985741114,0.6710356248822764,0.0025605483985741114,0.6710356248822764,0.0025605483985741114,0.6913026111535248,0.00240121279242716
standard,socfb_middlebury45,socfb-Middlebury45,social,10,False,local_bayesian,lnb_ra,LNB-RA,0.7530034587710972,0.0023549974645566524,0.9567108500455295,0.0006454099481167898,0.6924690823573847,0.002614826580292045,0.6924690823573847,0.002614826580292045,0.6924690823573847,0.002614826580292045,0.7123061193916024,0.0024248614244504977
standard,socfb_middlebury45,socfb-Middlebury45,social,10,False,quasi_local_path,lpi,LPI-beta-0.001,0.7144199379841019,0.0018537113214421193,0.950136810196541,0.000543388922401305,0.6617464295223273,0.001998330073815017,0.6617464295223273,0.001998330073815017,0.6617464295223273,0.001998330073815017,0.6820635382775759,0.001861966034207469
standard,socfb_middlebury45,socfb-Middlebury45,social,10,False,quasi_local_walk,lrw,LRW-l3,0.6485588607092247,0.002340711851610728,0.9385354899940828,0.00044139089626884153,0.6122726141761358,0.002050664368280089,0.6122726141761358,0.002050664368280089,0.6122726141761358,0.002050664368280089,0.6320017386072303,0.0018958240577045566
standard,socfb_middlebury45,socfb-Middlebury45,social,10,False,quasi_local_path,ora_cni,ORA-CNI-beta-0.001,0.5908719445698829,0.0024282217283001814,0.9277226984238881,0.0004950766520039339,0.5719974686968479,0.0016011657437488395,0.5719974686968479,0.0016011657437488395,0.5719974686968479,0.0016011657437488395,0.5904325599409141,0.0015393802686357405
standard,socfb_middlebury45,socfb-Middlebury45,social,10,False,degree_based,pa,PA,0.29032060921957703,0.0014982695875066434,0.7917408816075009,0.0010694667126351343,0.3252782760974428,0.0033065139688574427,0.3252782760974428,0.0033065139688574427,0.3252782760974428,0.0033065139688574427,0.33974787947283797,0.0030876712157229306
standard,socfb_middlebury45,socfb-Middlebury45,social,10,False,quasi_local_walk,pfp,PFP-l3,0.5668483230130629,0.0049012065731690755,0.9346970170030339,0.0008080282551093468,0.5876467808771537,0.002721160782268816,0.5876467808771537,0.002721160782268816,0.5876467808771537,0.002721160782268816,0.5951937151278192,0.003096370806447495
standard,socfb_middlebury45,socfb-Middlebury45,social,10,False,local_similarity,ra,RA,0.7563158166485555,0.0020906488504348897,0.9573532217502942,0.000626211936094964,0.6950608409965446,0.0023253157592403196,0.6950608409965446,0.0023253157592403196,0.6950608409965446,0.0023253157592403196,0.7148222111826559,0.0021157926233393797
standard,socfb_middlebury45,socfb-Middlebury45,social,10,False,enhanced_local,ra_cni,RA-CNI,0.5908705111185832,0.0024281884585273523,0.9277224130642656,0.0004950759347172599,0.5719974686968479,0.0016011657437488395,0.5719974686968479,0.0016011657437488395,0.5719974686968479,0.0016011657437488395,0.590432417367279,0.0015393762147685257
standard,socfb_middlebury45,socfb-Middlebury45,social,10,False,local_similarity,sa,SA,0.7428899626687948,0.0033926074857450286,0.9548539213389905,0.0007912006629804337,0.6867918970569807,0.0025028268542008516,0.6867918970569807,0.0025028268542008516,0.6867918970569807,0.0025028268542008516,0.7062453419407406,0.0024125045179244397
standard,socfb_middlebury45,socfb-Middlebury45,social,10,False,local_similarity,so,SO,0.7407550318824947,0.0032509042791201994,0.9541280514530012,0.000748703073209127,0.6847596290685114,0.00267861672308791,0.6847596290685114,0.00267861672308791,0.6847596290685114,0.00267861672308791,0.7044112622932377,0.002563754468844688
standard,socfb_middlebury45,socfb-Middlebury45,social,10,False,quasi_local_walk,srw,SRW-l3,0.7303176372672465,0.002155819854981196,0.9553765595343311,0.000498565034928326,0.67463940855184,0.0017862653121899516,0.67463940855184,0.0017862653121899516,0.67463940855184,0.0017862653121899516,0.6942839560511966,0.0015953804960998472
