family_difficulty_rank,network,family_count,mean_family_performance,median_family_performance,std_family_performance,best_family,best_family_performance,worst_family,worst_family_performance,family_performance_range
1,power-grid,6,0.6978240641275986,0.6886294973908266,0.06000742468199715,quasi_local_path,0.7789923861900008,degree_based,0.6106058476570578,0.16838653853294294
2,ca-HepTh,6,0.9191762177409534,0.9399018294631318,0.05767294600887586,quasi_local_path,0.9696835205628995,degree_based,0.8123232853707274,0.15736023519217213
3,email-Eu-core,6,0.923832392122517,0.9396497982612072,0.0335807549871581,local_bayesian,0.95194028371176,degree_based,0.8636620627123873,0.08827822099937266
4,ca-GrQc,6,0.9467504559151575,0.9693241718444133,0.052274541706914465,quasi_local_path,0.9819399924454345,degree_based,0.8432241530212222,0.13871583942421228
5,ego-Facebook,6,0.9646266807183044,0.9913988760641081,0.061279377962950535,local_bayesian,0.9950167699211366,degree_based,0.8401621123918469,0.15485465752928973
