network,domain,source,raw_graph_type,clean_graph_type,raw_nodes,raw_edges,raw_undirected_nodes,raw_undirected_edges,raw_components,clean_nodes,clean_edges,removed_nodes,removed_edges,largest_component_node_ratio,largest_component_edge_ratio,density,average_degree,average_clustering,transitivity,degree_assortativity
ego-Facebook,social,SNAP,Graph,Graph,4039,88234,4039,88234,1,4039,88234,0,0,1.0,1.0,0.010819963503439287,43.69101262688784,0.6055467186200862,0.5191742775433075,0.06357722918564943
ca-GrQc,scientific collaboration,SNAP,Graph,Graph,5242,14496,5242,14484,355,4158,13422,1084,1062,0.7932086989698588,0.9266777133388566,0.0015530402828935425,6.455988455988456,0.5568782161697929,0.6288944756689877,0.6391861406753755
ca-HepTh,scientific collaboration,SNAP,Graph,Graph,9877,25998,9877,25973,429,8638,24806,1239,1167,0.8745570517363572,0.955068725214646,0.0006649831115038567,5.74345913405881,0.4815641520261653,0.281129264921973,0.2389153108042067
email-Eu-core,communication,SNAP,DiGraph,Graph,1005,25571,1005,16064,20,986,16064,19,0,0.981094527363184,1.0,0.033080384262929745,32.5841784989858,0.4070504475195386,0.26739242877040204,-0.025743368083088566
power-grid,infrastructure,Netzschleuder,Graph,Graph,4941,6594,4941,6594,1,4941,6594,0,0,1.0,1.0,0.0005403026973346214,2.66909532483303,0.08010361108159714,0.10315322452860086,0.0034569877442048825
