network_difficulty_rank,network,domain,network_difficulty_level,best_method,best_method_family,best_primary_metric,mean_average_precision,median_average_precision,worst_average_precision,range_average_precision,top1_top2_gap,best_worst_gap,fold_sensitivity_rank,mean_fold_std,mean_fold_range,mean_fold_cv,clean_nodes,clean_edges,density,average_degree,average_clustering,transitivity,degree_assortativity,difficulty_score
1,power-grid,infrastructure,high_difficulty,SRW-l3,quasi_local_walk,0.7794252168459441,0.6950170465735959,0.6886294973908267,0.5305355671518813,0.2488896496940628,0.00043283065594335035,0.2488896496940628,1,0.010108520801625226,0.02474324214321123,0.014606691742001687,4941,6594,0.0005403026973346214,2.66909532483303,0.08010361108159714,0.10315322452860086,0.0034569877442048825,1.0
2,email-Eu-core,communication,high_difficulty,SRW-l3,quasi_local_walk,0.9558735101550703,0.9200247298653936,0.9318291797089158,0.7705780236239825,0.18529548653108774,0.003933226443310289,0.18529548653108774,2,0.005608173145155597,0.013628591682854949,0.006151588267917912,986,16064,0.033080384262929745,32.5841784989858,0.4070504475195386,0.26739242877040204,-0.025743368083088566,2.0
3,ca-GrQc,scientific collaboration,medium_difficulty,SRW-l3,quasi_local_walk,0.9830800654985229,0.9582778661120658,0.9691051875113322,0.8432241530212222,0.13985591247730067,0.0011400730530883862,0.13985591247730067,3,0.0035186965176426804,0.008943749761850967,0.003760757331800441,4158,13422,0.0015530402828935425,6.455988455988456,0.5568782161697929,0.6288944756689877,0.6391861406753755,3.4285714285714284
4,ca-HepTh,scientific collaboration,medium_difficulty,SRW-l3,quasi_local_walk,0.9705663685553445,0.9280912322294276,0.9395708852806356,0.7413756896258117,0.22919067892953282,0.0008828479924449795,0.22919067892953282,4,0.003197982005247825,0.0071596171142101865,0.0034787484621236282,8638,24806,0.0006649831115038567,5.74345913405881,0.4815641520261653,0.281129264921973,0.2389153108042067,3.5714285714285716
5,ego-Facebook,social,low_difficulty,SRW-l3,quasi_local_walk,0.9952459932979121,0.9771257241828369,0.9913509028789955,0.8401621123918469,0.15508388090606517,0.00014974050244354054,0.15508388090606517,5,0.0006562296610841878,0.0016248116666865169,0.000708798036612437,4039,88234,0.010819963503439287,43.69101262688784,0.6055467186200862,0.5191742775433075,0.06357722918564943,5.0
