rank_mean_average_precision,method_family,mean_average_precision,std_average_precision,mean_roc_auc,std_roc_auc,mean_precision_at_positive_count,std_precision_at_positive_count,mean_f1_at_positive_count,std_f1_at_positive_count,mean_ndcg_at_positive_count,std_ndcg_at_positive_count,evaluated_networks
1,quasi_local_path,0.9330800679261438,0.0881079657263944,0.9341628266943548,0.08846944439553532,0.8901527810877423,0.1158846376211151,0.8901527810877423,0.1158846376211151,0.9078670175080694,0.09316584813403306,5
2,quasi_local_walk,0.9228069851961791,0.09782673329679298,0.9239745783383972,0.09851924030419415,0.8782655905593965,0.12210992737584771,0.8782655905593965,0.12210992737584772,0.8973180832203379,0.0989552989252457,5
3,local_bayesian,0.9092038285660518,0.1250122994501977,0.9095094516121984,0.12520247476675408,0.8653721969702575,0.14102135463706514,0.8653721969702575,0.14102135463706514,0.886047780293697,0.11671381828806934,5
4,local_similarity,0.8958954272855155,0.11927931854260806,0.9023030692079725,0.12190906939821783,0.8552788429647847,0.13716487980750167,0.8552788429647847,0.13716487980750167,0.8749189568356408,0.11306580058412392,5
5,enhanced_local,0.8876699715448984,0.12658498929757955,0.8883822609293842,0.12709144689097898,0.8420595772775339,0.13788727521818284,0.8420595772775339,0.13788727521818284,0.8636898858267731,0.117203926088984,5
6,degree_based,0.7939954922306484,0.10413443071487243,0.7754071881952246,0.11465053599883024,0.7053333444422157,0.09496461998966964,0.7053333444422157,0.09496461998966964,0.7341452134205564,0.08489201230604987,5
