network,domain,source,method,method_family,roc_auc_mean,roc_auc_std,average_precision_mean,average_precision_std,precision_at_positive_count_mean,recall_at_positive_count_mean,f1_at_positive_count_mean,ndcg_at_positive_count_mean,clean_nodes,clean_edges,density,average_degree,average_clustering,transitivity,degree_assortativity
ca-GrQc,scientific collaboration,SNAP,SRW-l3,quasi_local_walk,0.9825921938112347,0.0013407260619645765,0.9830800654985229,0.0013144059116103955,0.967404209390178,0.967404209390178,0.967404209390178,0.9726749921786958,4158,13422,0.0015530402828935425,6.455988455988456,0.5568782161697929,0.6288944756689877,0.6391861406753755
ca-HepTh,scientific collaboration,SNAP,SRW-l3,quasi_local_walk,0.9700066781894524,0.0021450118823466598,0.9705663685553445,0.002151720593035634,0.9452034054349463,0.9452034054349463,0.9452034054349463,0.9532058402506978,8638,24806,0.0006649831115038567,5.74345913405881,0.4815641520261653,0.281129264921973,0.2389153108042067
ego-Facebook,social,SNAP,SRW-l3,quasi_local_walk,0.9959520180986082,0.0001697994765894838,0.9952459932979121,0.000276760475297174,0.9756401629008782,0.9756401629008782,0.9756401629008782,0.9781994871246129,4039,88234,0.010819963503439287,43.69101262688784,0.6055467186200862,0.5191742775433075,0.06357722918564943
email-Eu-core,communication,SNAP,SRW-l3,quasi_local_walk,0.9584650650615867,0.0033687809145202655,0.9558735101550703,0.004837281451347948,0.8946879879998768,0.8946879879998768,0.8946879879998768,0.9070764649918829,986,16064,0.033080384262929745,32.5841784989858,0.4070504475195386,0.26739242877040204,-0.025743368083088566
power-grid,infrastructure,Netzschleuder,SRW-l3,quasi_local_walk,0.7789829977520522,0.009634547658247398,0.7794252168459441,0.009527940434657217,0.6934669962464525,0.6934669962464525,0.6934669962464525,0.751908788744602,4941,6594,0.0005403026973346214,2.66909532483303,0.08010361108159714,0.10315322452860086,0.0034569877442048825
